Initializing AI Engine...
AI Engine Ready.
 * Serving Flask app 'hazard_api'
 * Debug mode: off
[31m[1mWARNING: This is a development server. Do not use it in a production deployment. Use a production WSGI server instead.[0m
 * Running on http://127.0.0.1:5002
[33mPress CTRL+C to quit[0m
127.0.0.1 - - [01/Jun/2026 15:23:06] "POST /predict_area HTTP/1.1" 200 -
127.0.0.1 - - [01/Jun/2026 15:23:27] "POST /predict_area HTTP/1.1" 200 -
127.0.0.1 - - [01/Jun/2026 15:23:38] "POST /predict_area HTTP/1.1" 200 -

[AREA SCAN] Started Center (27.4943, 87.9635)

[AREA SCAN] Started North (27.5078, 87.9635)

[AREA SCAN] Started South (27.4808, 87.9635)

[AREA SCAN] Started East (27.4943, 87.9770)

[AREA SCAN] Started West (27.4943, 87.9500)
  TerraClimate: pr=219.9mm, soil=886.4mm
DIAGNOSTIC - SENSORS: {'LST': 14313.0, 'NDVI': 0.184775, 'NDMI': 0.3166138529777527, 'Aerosol': 0.1, 'rain_list': [8.8, 4.3, 5.4, 19.2, 4.8, 6.6, 3.8, 10.1, 30.5, 9.9, 4.9, 4.9, 7.6, 5.1], 'pr': 219.87339992487532, 'soil': 886.3776686607466, 'Slope': 19.678630738577656, 'Aspect': 149.31811612042915, 'TPI': -7.817034700315617}
  TerraClimate: pr=218.7mm, soil=885.8mm
DIAGNOSTIC - SENSORS: {'LST': 14330.0, 'NDVI': 0.19135, 'NDMI': 0.3199407458305359, 'Aerosol': 0.1, 'rain_list': [8.8, 4.3, 5.4, 19.2, 4.8, 6.6, 3.8, 10.1, 30.5, 9.9, 4.9, 4.9, 7.6, 5.1], 'pr': 218.70892760779145, 'soil': 885.8375212143176, 'Slope': 59.75209281957202, 'Aspect': 108.72024379565548, 'TPI': 38.75709779179806}
  TerraClimate: pr=221.2mm, soil=887.0mm
DIAGNOSTIC - SENSORS: {'LST': 14273.5, 'NDVI': 0.224975, 'NDMI': 0.2880639433860779, 'Aerosol': 0.1, 'rain_list': [8.8, 4.3, 5.4, 19.2, 4.8, 6.6, 3.8, 10.1, 30.5, 9.9, 4.9, 4.9, 7.6, 5.1], 'pr': 221.18925364318008, 'soil': 886.9880352752114, 'Slope': 52.650892284355756, 'Aspect': 251.2646917047228, 'TPI': 13.66561514195564}
  TerraClimate: pr=221.5mm, soil=895.9mm
DIAGNOSTIC - SENSORS: {'LST': 14327.0, 'NDVI': 0.458175, 'NDMI': 0.22332389652729034, 'Aerosol': 0.1, 'rain_list': [4.8, 10.9, 8.5, 20.5, 7.6, 8.8, 5.5, 6.4, 37.3, 13.3, 6.2, 6.9, 11.6, 6.6], 'pr': 221.46908083663482, 'soil': 895.9263483301843, 'Slope': 21.210294705621127, 'Aspect': 196.385852065382, 'TPI': 6.952681388012479}
  TerraClimate: pr=217.5mm, soil=873.9mm
DIAGNOSTIC - SENSORS: {'LST': 13891.0, 'NDVI': 0.061625, 'NDMI': 0.24874749779701233, 'Aerosol': 0.1, 'rain_list': [10.0, 4.1, 2.6, 11.5, 1.9, 2.2, 2.0, 8.1, 25.1, 7.8, 4.9, 2.9, 3.7, 3.1], 'pr': 217.49436007082633, 'soil': 873.9315973970497, 'Slope': 11.043313469229625, 'Aspect': 48.42863722793406, 'TPI': 2.6025236593059162}
DIAGNOSTIC - FINAL CALIBRATED PROB: 53.9%
Flat terrain detected. Running Storm Hunter Catchment Scan...
DIAGNOSTIC - FINAL CALIBRATED PROB: 71.9%
DIAGNOSTIC - FINAL CALIBRATED PROB: 31.8%
Flat terrain detected. Running Storm Hunter Catchment Scan...
  TerraClimate: pr=213.6mm, soil=834.2mm
DIAGNOSTIC - FINAL CALIBRATED PROB: 40.6%
  TerraClimate: pr=215.4mm, soil=842.3mm
DIAGNOSTIC - FINAL CALIBRATED PROB: 0.0%

[AREA SCAN] Started Center (28.3110, 84.2488)

[AREA SCAN] Started North (28.3245, 84.2488)

[AREA SCAN] Started South (28.2975, 84.2488)

[AREA SCAN] Started East (28.3110, 84.2623)

[AREA SCAN] Started West (28.3110, 84.2353)
  TerraClimate: pr=299.6mm, soil=1095.7mm
DIAGNOSTIC - SENSORS: {'LST': 14601.142857142857, 'NDVI': 0.708075, 'NDMI': 0.19215379655361176, 'Aerosol': 0.1, 'rain_list': [10.9, 16.9, 20.5, 24.0, 16.0, 13.6, 3.4, 2.6, 4.3, 11.2, 31.4, 7.6, 19.1, 35.2], 'pr': 299.6045294172602, 'soil': 1095.7480973287484, 'Slope': 20.740468816711058, 'Aspect': 160.12958571628133, 'TPI': -33.223974763406886}
DIAGNOSTIC - FINAL CALIBRATED PROB: 75.1%
  TerraClimate: pr=299.8mm, soil=1105.3mm
DIAGNOSTIC - SENSORS: {'LST': 14800.166666666666, 'NDVI': 0.71965, 'NDMI': 0.3139936923980713, 'Aerosol': 0.1, 'rain_list': [10.9, 16.9, 20.5, 24.0, 16.0, 13.6, 3.4, 2.6, 4.3, 11.2, 31.4, 7.6, 19.1, 35.2], 'pr': 299.78793045045654, 'soil': 1105.2629101887849, 'Slope': 13.224339221214919, 'Aspect': 69.85321655105487, 'TPI': -30.930599369085257}
  TerraClimate: pr=299.8mm, soil=1096.8mm
DIAGNOSTIC - SENSORS: {'LST': 14526.0, 'NDVI': 0.68205, 'NDMI': 0.27160128951072693, 'Aerosol': 0.1, 'rain_list': [11.8, 14.3, 30.1, 18.9, 19.8, 4.1, 0.9, 1.2, 6.3, 8.4, 29.8, 11.4, 24.2, 26.4], 'pr': 299.7887690541972, 'soil': 1096.7954360522465, 'Slope': 48.188517172392444, 'Aspect': 137.5993921214223, 'TPI': 56.44794952681377}
Flat terrain detected. Running Storm Hunter Catchment Scan...
DIAGNOSTIC - FINAL CALIBRATED PROB: 99.1%
  TerraClimate: pr=299.4mm, soil=1084.6mm
DIAGNOSTIC - SENSORS: {'LST': 14509.57142857143, 'NDVI': 0.67915, 'NDMI': 0.27869555354118347, 'Aerosol': 0.1, 'rain_list': [4.3, 12.6, 14.2, 15.3, 17.2, 3.3, 3.8, 13.5, 5.2, 11.2, 29.9, 9.7, 15.6, 18.8], 'pr': 299.39056154519784, 'soil': 1084.6474823253723, 'Slope': 23.51407179677733, 'Aspect': 165.31014565246784, 'TPI': -21.801261829652958}
DIAGNOSTIC - FINAL CALIBRATED PROB: 66.0%
  TerraClimate: pr=299.4mm, soil=1094.6mm
DIAGNOSTIC - SENSORS: {'LST': 14694.666666666666, 'NDVI': 0.649375, 'NDMI': 0.2693430781364441, 'Aerosol': 0.1, 'rain_list': [10.9, 16.9, 20.5, 24.0, 16.0, 13.6, 3.4, 2.6, 4.3, 11.2, 31.4, 7.6, 19.1, 35.2], 'pr': 299.40388815318045, 'soil': 1094.6075210179388, 'Slope': 23.975863561561383, 'Aspect': 308.22804552517607, 'TPI': 29.943217665615066}
DIAGNOSTIC - FINAL CALIBRATED PROB: 98.4%
  TerraClimate: pr=298.7mm, soil=1048.2mm
DIAGNOSTIC - FINAL CALIBRATED PROB: 93.0%

[AREA SCAN] Started Center (27.4264, 85.9178)

[AREA SCAN] Started North (27.4399, 85.9178)

[AREA SCAN] Started South (27.4129, 85.9178)

[AREA SCAN] Started East (27.4264, 85.9313)

[AREA SCAN] Started West (27.4264, 85.9043)
  TerraClimate: pr=541.2mm, soil=1082.9mm
DIAGNOSTIC - SENSORS: {'LST': 15150.333333333334, 'NDVI': 0.642625, 'NDMI': 0.21169355511665344, 'Aerosol': 0.1, 'rain_list': [16.8, 17.5, 16.7, 20.0, 28.4, 4.5, 2.0, 10.4, 10.9, 11.5, 27.5, 28.5, 16.7, 15.4], 'pr': 541.1795673850258, 'soil': 1082.9297593122076, 'Slope': 35.73645351779091, 'Aspect': 234.2016974825099, 'TPI': -6.987381703470078}
  TerraClimate: pr=544.5mm, soil=1074.1mm
DIAGNOSTIC - SENSORS: {'LST': 15126.0, 'NDVI': 0.457925, 'NDMI': 0.2404603213071823, 'Aerosol': 0.1, 'rain_list': [13.6, 21.9, 13.4, 27.6, 38.2, 6.9, 3.1, 5.5, 11.6, 10.9, 32.0, 25.1, 13.8, 6.9], 'pr': 544.4934189704577, 'soil': 1074.1185606661995, 'Slope': 26.985593833829892, 'Aspect': 296.4272191170715, 'TPI': 55.89589905362777}
DIAGNOSTIC - FINAL CALIBRATED PROB: 78.5%
DIAGNOSTIC - FINAL CALIBRATED PROB: 98.6%
  TerraClimate: pr=538.9mm, soil=1082.1mm
DIAGNOSTIC - SENSORS: {'LST': 15143.0, 'NDVI': 0.634575, 'NDMI': 0.3208480477333069, 'Aerosol': 0.1, 'rain_list': [13.6, 21.9, 13.4, 27.6, 38.2, 6.9, 3.1, 5.5, 11.6, 10.9, 32.0, 25.1, 13.8, 6.9], 'pr': 538.9459207350586, 'soil': 1082.0841766231488, 'Slope': 45.66524670162799, 'Aspect': 168.69635595057395, 'TPI': 1.1419558359621078}
DIAGNOSTIC - FINAL CALIBRATED PROB: 51.8%
  TerraClimate: pr=544.6mm, soil=1084.0mm
DIAGNOSTIC - SENSORS: {'LST': 15105.0, 'NDVI': 0.73425, 'NDMI': 0.29279738664627075, 'Aerosol': 0.1, 'rain_list': [13.6, 21.9, 13.4, 27.6, 38.2, 6.9, 3.1, 5.5, 11.6, 10.9, 32.0, 25.1, 13.8, 6.9], 'pr': 544.6272521558308, 'soil': 1084.020038155118, 'Slope': 28.404910974843197, 'Aspect': 70.77626963452927, 'TPI': 20.410094637223892}
  TerraClimate: pr=536.6mm, soil=1095.2mm
DIAGNOSTIC - SENSORS: {'LST': 15202.25, 'NDVI': 0.69655, 'NDMI': 0.2650602459907532, 'Aerosol': 0.1, 'rain_list': [16.8, 17.5, 16.7, 20.0, 28.4, 4.5, 2.0, 10.4, 10.9, 11.5, 27.5, 28.5, 16.7, 15.4], 'pr': 536.5625157379059, 'soil': 1095.2060360774358, 'Slope': 22.231621116028965, 'Aspect': 150.60975763376948, 'TPI': 15.656151419558341}
DIAGNOSTIC - FINAL CALIBRATED PROB: 59.3%
DIAGNOSTIC - FINAL CALIBRATED PROB: 52.4%

[AREA SCAN] Started Center (27.8028, 84.5806)

[AREA SCAN] Started North (27.8163, 84.5806)

[AREA SCAN] Started South (27.7893, 84.5806)

[AREA SCAN] Started East (27.8028, 84.5941)

[AREA SCAN] Started West (27.8028, 84.5671)
  TerraClimate: pr=277.1mm, soil=1392.9mm
DIAGNOSTIC - SENSORS: {'LST': 14867.0, 'NDVI': 0.433275, 'NDMI': 0.2499264031648636, 'Aerosol': 0.1, 'rain_list': [10.9, 17.1, 20.1, 14.1, 14.1, 5.6, 23.7, 25.6, 42.9, 28.6, 32.5, 19.8, 12.5, 26.2], 'pr': 277.1066845070387, 'soil': 1392.9068228851017, 'Slope': 37.27277972183074, 'Aspect': 178.62194093241104, 'TPI': 25.11987381703466}
DIAGNOSTIC - FINAL CALIBRATED PROB: 86.9%
  TerraClimate: pr=277.7mm, soil=1401.8mm
127.0.0.1 - - [01/Jun/2026 15:23:50] "POST /predict_area HTTP/1.1" 200 -
127.0.0.1 - - [01/Jun/2026 15:24:11] "POST /predict_area HTTP/1.1" 200 -
127.0.0.1 - - [01/Jun/2026 15:24:31] "POST /predict_area HTTP/1.1" 200 -
DIAGNOSTIC - SENSORS: {'LST': 14882.0, 'NDVI': 0.74735, 'NDMI': 0.30735695362091064, 'Aerosol': 0.1, 'rain_list': [10.9, 17.1, 20.1, 14.1, 14.1, 5.6, 23.7, 25.6, 42.9, 28.6, 32.5, 19.8, 12.5, 26.2], 'pr': 277.7459144869673, 'soil': 1401.8371639979428, 'Slope': 42.09071214911675, 'Aspect': 103.4723213047707, 'TPI': -4.050473186119916}
  TerraClimate: pr=278.4mm, soil=1410.8mm
DIAGNOSTIC - SENSORS: {'LST': 14916.0, 'NDVI': 0.29835, 'NDMI': 0.22001492977142334, 'Aerosol': 0.1, 'rain_list': [10.9, 17.1, 20.1, 14.1, 14.1, 5.6, 23.7, 25.6, 42.9, 28.6, 32.5, 19.8, 12.5, 26.2], 'pr': 278.3851444668962, 'soil': 1410.767505110786, 'Slope': 21.991720825450567, 'Aspect': 265.40191401996833, 'TPI': -2.3091482649841737}
DIAGNOSTIC - FINAL CALIBRATED PROB: 29.8%
DIAGNOSTIC - FINAL CALIBRATED PROB: 62.8%
  TerraClimate: pr=277.5mm, soil=1409.6mm
DIAGNOSTIC - SENSORS: {'LST': 14956.0, 'NDVI': 0.6366, 'NDMI': 0.3176013231277466, 'Aerosol': 0.1, 'rain_list': [10.9, 17.1, 20.1, 14.1, 14.1, 5.6, 23.7, 25.6, 42.9, 28.6, 32.5, 19.8, 12.5, 26.2], 'pr': 277.5079966973107, 'soil': 1409.6451755242417, 'Slope': 27.25488538210462, 'Aspect': 106.42829953114789, 'TPI': 17.47003154574122}
  TerraClimate: pr=278.0mm, soil=1394.7mm
DIAGNOSTIC - SENSORS: {'LST': 14878.5, 'NDVI': 0.5576, 'NDMI': 0.21713578701019287, 'Aerosol': 0.1, 'rain_list': [10.9, 17.1, 20.1, 14.1, 14.1, 5.6, 23.7, 25.6, 42.9, 28.6, 32.5, 19.8, 12.5, 26.2], 'pr': 277.9646065966516, 'soil': 1394.6601028980147, 'Slope': 28.12494071681192, 'Aspect': 178.0379395196247, 'TPI': 19.21766561514187}
DIAGNOSTIC - FINAL CALIBRATED PROB: 57.1%
DIAGNOSTIC - FINAL CALIBRATED PROB: 37.1%

[AREA SCAN] Started Center (28.8783, 80.5826)

[AREA SCAN] Started North (28.8918, 80.5826)

[AREA SCAN] Started South (28.8648, 80.5826)

[AREA SCAN] Started East (28.8783, 80.5961)

[AREA SCAN] Started West (28.8783, 80.5691)
  TerraClimate: pr=234.9mm, soil=2104.9mm
DIAGNOSTIC - SENSORS: {'LST': 14971.0, 'NDVI': 0.5873666666666667, 'NDMI': 0.32701849937438965, 'Aerosol': 0.1, 'rain_list': [6.6, 6.4, 2.9, 15.9, 7.7, 14.6, 10.9, 3.2, 12.4, 9.4, 5.3, 19.1, 63.4, 2.8], 'pr': 234.89135763153737, 'soil': 2104.8687419012635, 'Slope': 18.204824848437948, 'Aspect': 137.58860434918722, 'TPI': 20.29968454258676}
  TerraClimate: pr=236.1mm, soil=2070.2mm
DIAGNOSTIC - SENSORS: {'LST': 14993.5, 'NDVI': 0.4851666666666667, 'NDMI': 0.2663476765155792, 'Aerosol': 0.1, 'rain_list': [6.6, 6.4, 2.9, 15.9, 7.7, 14.6, 10.9, 3.2, 12.4, 9.4, 5.3, 19.1, 63.4, 2.8], 'pr': 236.13645954296678, 'soil': 2070.2449454689468, 'Slope': 9.621389935848459, 'Aspect': 258.98989797832064, 'TPI': 35.08517350157729}
Flat terrain detected. Running Storm Hunter Catchment Scan...
  TerraClimate: pr=235.5mm, soil=2102.0mm
DIAGNOSTIC - SENSORS: {'LST': 15058.0, 'NDVI': 0.6184666666666667, 'NDMI': 0.3112344741821289, 'Aerosol': 0.1, 'rain_list': [7.5, 3.1, 3.0, 5.7, 7.1, 10.3, 9.1, 4.8, 9.3, 7.8, 8.1, 19.3, 39.6, 4.9], 'pr': 235.51188991283104, 'soil': 2102.0007469540647, 'Slope': 1.8543341688414132, 'Aspect': 0, 'TPI': -0.3627760252365988}
Flat terrain detected. Running Storm Hunter Catchment Scan...
DIAGNOSTIC - FINAL CALIBRATED PROB: 6.8%
  TerraClimate: pr=235.1mm, soil=2086.3mm
DIAGNOSTIC - SENSORS: {'LST': 14971.0, 'NDVI': 0.38273333333333337, 'NDMI': 0.23264367878437042, 'Aerosol': 0.1, 'rain_list': [6.7, 3.6, 3.9, 28.4, 6.3, 13.4, 8.9, 9.8, 11.3, 8.5, 4.4, 15.4, 53.1, 2.9], 'pr': 235.13936525457356, 'soil': 2086.2779552318325, 'Slope': 26.895940951822375, 'Aspect': 188.38257667375444, 'TPI': 15.671924290220772}
  TerraClimate: pr=235.3mm, soil=2093.3mm
DIAGNOSTIC - SENSORS: {'LST': 15027.5, 'NDVI': 0.4892, 'NDMI': 0.3443509638309479, 'Aerosol': 0.1, 'rain_list': [7.5, 3.1, 3.0, 5.7, 7.1, 10.3, 9.1, 4.8, 9.3, 7.8, 8.1, 19.3, 39.6, 4.9], 'pr': 235.30639160201375, 'soil': 2093.3274764238276, 'Slope': 23.859902975239265, 'Aspect': 311.2069211724854, 'TPI': -10.242902208201883}
DIAGNOSTIC - FINAL CALIBRATED PROB: 0.0%
DIAGNOSTIC - FINAL CALIBRATED PROB: 25.8%
  TerraClimate: pr=239.8mm, soil=1969.3mm
DIAGNOSTIC - FINAL CALIBRATED PROB: 0.0%
  TerraClimate: pr=236.2mm, soil=1999.6mm
DIAGNOSTIC - FINAL CALIBRATED PROB: 96.8%

[AREA SCAN] Started Center (26.9379, 87.6549)

[AREA SCAN] Started North (26.9514, 87.6549)

[AREA SCAN] Started South (26.9244, 87.6549)

[AREA SCAN] Started East (26.9379, 87.6684)

[AREA SCAN] Started West (26.9379, 87.6414)
  TerraClimate: pr=89.6mm, soil=1168.2mm
DIAGNOSTIC - SENSORS: {'LST': 14691.8, 'NDVI': 0.735, 'NDMI': 0.33123424649238586, 'Aerosol': 0.1, 'rain_list': [2.7, 6.6, 12.2, 6.8, 1.7, 1.1, 0.0, 0.0, 1.5, 1.2, 6.1, 14.5, 31.8, 263.4], 'pr': 89.61813319820607, 'soil': 1168.2257979825895, 'Slope': 22.34816539111544, 'Aspect': 283.6655109321189, 'TPI': -6.605678233438539}
  TerraClimate: pr=89.5mm, soil=1167.6mm
DIAGNOSTIC - SENSORS: {'LST': 14797.09090909091, 'NDVI': 0.7186, 'NDMI': 0.3108740448951721, 'Aerosol': 0.1, 'rain_list': [2.7, 6.6, 12.2, 6.8, 1.7, 1.1, 0.0, 0.0, 1.5, 1.2, 6.1, 14.5, 31.8, 263.4], 'pr': 89.51938060153086, 'soil': 1167.6497946967854, 'Slope': 29.861577666282155, 'Aspect': 343.462675044324, 'TPI': -40.24290220820194}
  TerraClimate: pr=89.6mm, soil=1167.9mm
DIAGNOSTIC - SENSORS: {'LST': 14773.727272727272, 'NDVI': 0.779975, 'NDMI': 0.3724284768104553, 'Aerosol': 0.1, 'rain_list': [2.7, 6.6, 12.2, 6.8, 1.7, 1.1, 0.0, 0.0, 1.5, 1.2, 6.1, 14.5, 31.8, 263.4], 'pr': 89.55675892083315, 'soil': 1167.8678146320665, 'Slope': 8.465053628270327, 'Aspect': 102.56443081113605, 'TPI': -37.088328075709796}
DIAGNOSTIC - FINAL CALIBRATED PROB: 0.0%
Flat terrain detected. Running Storm Hunter Catchment Scan...
DIAGNOSTIC - FINAL CALIBRATED PROB: 85.3%
  TerraClimate: pr=89.8mm, soil=1173.8mm
DIAGNOSTIC - SENSORS: {'LST': 14808.3, 'NDVI': 0.8506, 'NDMI': 0.3002123236656189, 'Aerosol': 0.1, 'rain_list': [2.7, 6.6, 12.2, 6.8, 1.7, 1.1, 0.0, 0.0, 1.5, 1.2, 6.1, 14.5, 31.8, 263.4], 'pr': 89.8371519512602, 'soil': 1173.841657598482, 'Slope': 24.630970035145758, 'Aspect': 98.11884763482013, 'TPI': 3.829652996845425}
DIAGNOSTIC - FINAL CALIBRATED PROB: 63.6%
  TerraClimate: pr=89.0mm, soil=1155.9mm
DIAGNOSTIC - SENSORS: {'LST': 14763.545454545454, 'NDVI': 0.715675, 'NDMI': 0.27555909752845764, 'Aerosol': 0.1, 'rain_list': [2.7, 6.6, 12.2, 6.8, 1.7, 1.1, 0.0, 0.0, 1.5, 1.2, 6.1, 14.5, 31.8, 263.4], 'pr': 88.99597285997919, 'soil': 1155.9201286992372, 'Slope': 25.826423428264714, 'Aspect': 295.77296940370775, 'TPI': -2.400630914826479}
DIAGNOSTIC - FINAL CALIBRATED PROB: 0.1%
  TerraClimate: pr=87.7mm, soil=1125.2mm
DIAGNOSTIC - FINAL CALIBRATED PROB: 80.3%

[AREA SCAN] Started Center (28.2081, 83.9845)

[AREA SCAN] Started North (28.2216, 83.9845)

[AREA SCAN] Started South (28.1946, 83.9845)

[AREA SCAN] Started East (28.2081, 83.9980)

[AREA SCAN] Started West (28.2081, 83.9710)
  TerraClimate: pr=339.2mm, soil=1157.3mm
DIAGNOSTIC - SENSORS: {'LST': 15369.75, 'NDVI': 0.36605, 'NDMI': 0.11364596337080002, 'Aerosol': 0.1, 'rain_list': [0.0, 0.0, 0.6, 12.5, 36.4, 0.0, 0.2, 0.0, 0.3, 0.7, 1.6, 26.0, 69.6, 34.9], 'pr': 339.1617762579938, 'soil': 1157.258536910916, 'Slope': 2.29925749540581, 'Aspect': 113.77653790423129, 'TPI': 2.2271293375393952}
DIAGNOSTIC - FINAL CALIBRATED PROB: 40.1%
  TerraClimate: pr=340.6mm, soil=1165.1mm
DIAGNOSTIC - SENSORS: {'LST': 15350.833333333334, 'NDVI': 0.3429, 'NDMI': 0.07358916848897934, 'Aerosol': 0.1, 'rain_list': [0.0, 0.0, 0.6, 12.5, 36.4, 0.0, 0.2, 0.0, 0.3, 0.7, 1.6, 26.0, 69.6, 34.9], 'pr': 340.55727858475944, 'soil': 1165.0932987824174, 'Slope': 3.704791833671086, 'Aspect': 180, 'TPI': 1.8201892744478982}
  TerraClimate: pr=342.5mm, soil=1176.2mm
DIAGNOSTIC - SENSORS: {'LST': 15234.42857142857, 'NDVI': 0.407975, 'NDMI': 0.08860205858945847, 'Aerosol': 0.1, 'rain_list': [0.0, 0.0, 0.6, 12.5, 36.4, 0.0, 0.2, 0.0, 0.3, 0.7, 1.6, 26.0, 69.6, 34.9], 'pr': 342.5402877915567, 'soil': 1176.2152492379237, 'Slope': 5.247049580345335, 'Aspect': 270, 'TPI': 8.28075709779182}
  TerraClimate: pr=340.7mm, soil=1164.3mm
127.0.0.1 - - [01/Jun/2026 15:24:40] "POST /predict_area HTTP/1.1" 200 -
127.0.0.1 - - [01/Jun/2026 15:25:06] "POST /predict_area HTTP/1.1" 200 -
127.0.0.1 - - [01/Jun/2026 15:25:32] "POST /predict_area HTTP/1.1" 200 -
DIAGNOSTIC - SENSORS: {'LST': 15333.75, 'NDVI': 0.3968, 'NDMI': 0.07358916848897934, 'Aerosol': 0.1, 'rain_list': [0.0, 0.0, 0.6, 12.5, 36.4, 0.0, 0.2, 0.0, 0.3, 0.7, 1.6, 26.0, 69.6, 34.9], 'pr': 340.6690983842189, 'soil': 1164.252212068593, 'Slope': 4.744513795517869, 'Aspect': 192.78688381167944, 'TPI': -2.031545741324976}
DIAGNOSTIC - FINAL CALIBRATED PROB: 64.0%
DIAGNOSTIC - FINAL CALIBRATED PROB: 49.8%
DIAGNOSTIC - FINAL CALIBRATED PROB: 72.0%
  TerraClimate: pr=340.4mm, soil=1166.4mm
DIAGNOSTIC - SENSORS: {'LST': 15223.214285714286, 'NDVI': 0.4026, 'NDMI': 0.18188975751399994, 'Aerosol': 0.1, 'rain_list': [0.0, 0.0, 0.6, 12.5, 36.4, 0.0, 0.2, 0.0, 0.3, 0.7, 1.6, 26.0, 69.6, 34.9], 'pr': 340.43774847836914, 'soil': 1166.354042986573, 'Slope': 0.9274099368611016, 'Aspect': 180, 'TPI': 0.28075709779182034}
DIAGNOSTIC - FINAL CALIBRATED PROB: 37.1%

[AREA SCAN] Started Center (28.6127, 82.4721)

[AREA SCAN] Started North (28.6262, 82.4721)

[AREA SCAN] Started South (28.5992, 82.4721)

[AREA SCAN] Started East (28.6127, 82.4856)

[AREA SCAN] Started West (28.6127, 82.4586)
  TerraClimate: pr=314.2mm, soil=1128.0mm
DIAGNOSTIC - SENSORS: {'LST': 15200.0, 'NDVI': 0.52555, 'NDMI': 0.198478564620018, 'Aerosol': 0.1, 'rain_list': [1.8, 29.3, 13.2, 21.1, 33.7, 15.2, 2.4, 8.2, 6.7, 4.6, 6.1, 11.1, 25.2, 4.8], 'pr': 314.2202056640172, 'soil': 1128.0242192873845, 'Slope': 37.54394372689021, 'Aspect': 232.3510003908242, 'TPI': -13.684542586750695}
DIAGNOSTIC - FINAL CALIBRATED PROB: 78.1%
  TerraClimate: pr=316.9mm, soil=1144.4mm
DIAGNOSTIC - SENSORS: {'LST': 14776.0, 'NDVI': 0.4671, 'NDMI': 0.38087424635887146, 'Aerosol': 0.1, 'rain_list': [30.6, 18.5, 15.2, 22.5, 41.6, 41.3, 38.1, 19.7, 18.2, 38.4, 25.4, 59.9, 65.4, 12.9], 'pr': 316.9338524260624, 'soil': 1144.374839346756, 'Slope': 23.883670291171654, 'Aspect': 147.22806619715053, 'TPI': -21.589905362776108}
  TerraClimate: pr=310.5mm, soil=1134.9mm
DIAGNOSTIC - SENSORS: {'LST': 14845.0, 'NDVI': 0.48065, 'NDMI': 0.18608005344867706, 'Aerosol': 0.1, 'rain_list': [2.3, 3.3, 3.9, 18.9, 21.1, 11.2, 5.6, 7.6, 7.5, 8.7, 7.7, 10.3, 10.6, 6.1], 'pr': 310.5119974940748, 'soil': 1134.8646920191784, 'Slope': 17.576088684543226, 'Aspect': 224.31906500061473, 'TPI': 55.12933753943207}
DIAGNOSTIC - FINAL CALIBRATED PROB: 70.9%
Flat terrain detected. Running Storm Hunter Catchment Scan...
  TerraClimate: pr=313.2mm, soil=1138.9mm
DIAGNOSTIC - SENSORS: {'LST': 14807.0, 'NDVI': 0.567375, 'NDMI': 0.2015267163515091, 'Aerosol': 0.1, 'rain_list': [1.8, 29.3, 13.2, 21.1, 33.7, 15.2, 2.4, 8.2, 6.7, 4.6, 6.1, 11.1, 25.2, 4.8], 'pr': 313.1880356555436, 'soil': 1138.9126223882552, 'Slope': 38.41639225334292, 'Aspect': 248.44378501338406, 'TPI': 30.788643533122922}
DIAGNOSTIC - FINAL CALIBRATED PROB: 77.3%
  TerraClimate: pr=312.6mm, soil=1145.1mm
DIAGNOSTIC - SENSORS: {'LST': 14807.0, 'NDVI': 0.537525, 'NDMI': 0.21644234657287598, 'Aerosol': 0.1, 'rain_list': [1.8, 29.3, 13.2, 21.1, 33.7, 15.2, 2.4, 8.2, 6.7, 4.6, 6.1, 11.1, 25.2, 4.8], 'pr': 312.57861669430093, 'soil': 1145.1322874574175, 'Slope': 33.61287786759485, 'Aspect': 183.18045396047492, 'TPI': -30.889589905362755}
DIAGNOSTIC - FINAL CALIBRATED PROB: 84.3%
  TerraClimate: pr=297.8mm, soil=1088.1mm
DIAGNOSTIC - FINAL CALIBRATED PROB: 89.2%

[AREA SCAN] Started Center (28.0833, 85.4267)

[AREA SCAN] Started North (28.0968, 85.4267)

[AREA SCAN] Started South (28.0698, 85.4267)

[AREA SCAN] Started East (28.0833, 85.4402)

[AREA SCAN] Started West (28.0833, 85.4132)
  TerraClimate: pr=263.4mm, soil=834.4mm
DIAGNOSTIC - SENSORS: {'LST': 14265.363636363636, 'NDVI': -0.0047, 'NDMI': 0.6942903399467468, 'Aerosol': 0.1, 'rain_list': [0.0, 0.9, 4.5, 5.8, 6.7, 1.3, 8.0, 5.6, 6.2, 23.1, 16.3, 34.1, 23.4, 47.6], 'pr': 263.4369344359627, 'soil': 834.4083944798502, 'Slope': 24.451177819580213, 'Aspect': 255.5693335679759, 'TPI': 78.51104100946395}
  TerraClimate: pr=260.6mm, soil=826.9mm
DIAGNOSTIC - SENSORS: {'LST': 14078.3, 'NDVI': -0.027775, 'NDMI': 0.8254731893539429, 'Aerosol': 0.1, 'rain_list': [0.0, 0.9, 4.5, 5.8, 6.7, 1.3, 8.0, 5.6, 6.2, 23.1, 16.3, 34.1, 23.4, 47.6], 'pr': 260.5619956874299, 'soil': 826.922039768847, 'Slope': 25.96372362293175, 'Aspect': 37.07585634261611, 'TPI': 57.16403785489001}
  TerraClimate: pr=259.8mm, soil=830.4mm
DIAGNOSTIC - SENSORS: {'LST': 14254.222222222223, 'NDVI': 0.0486, 'NDMI': 0.5340707302093506, 'Aerosol': 0.1, 'rain_list': [0.0, 0.9, 4.5, 5.8, 6.7, 1.3, 8.0, 5.6, 6.2, 23.1, 16.3, 34.1, 23.4, 47.6], 'pr': 259.84892655299757, 'soil': 830.3998008228845, 'Slope': 11.414747245097738, 'Aspect': 344.17742170626576, 'TPI': -19}
DIAGNOSTIC - FINAL CALIBRATED PROB: 50.6%
DIAGNOSTIC - FINAL CALIBRATED PROB: 8.4%
Flat terrain detected. Running Storm Hunter Catchment Scan...
  TerraClimate: pr=270.6mm, soil=842.4mm
DIAGNOSTIC - SENSORS: {'LST': 14490.125, 'NDVI': 0.11455, 'NDMI': 0.24580048024654388, 'Aerosol': 0.1, 'rain_list': [0.0, 0.9, 4.5, 5.8, 6.7, 1.3, 8.0, 5.6, 6.2, 23.1, 16.3, 34.1, 23.4, 47.6], 'pr': 270.6129502018916, 'soil': 842.4255817937801, 'Slope': 23.076953894589753, 'Aspect': 322.9276358508588, 'TPI': 5.447949526814227}
DIAGNOSTIC - FINAL CALIBRATED PROB: 15.7%
  TerraClimate: pr=265.4mm, soil=839.6mm
DIAGNOSTIC - SENSORS: {'LST': 14256.545454545454, 'NDVI': 0.204275, 'NDMI': 0.18865549564361572, 'Aerosol': 0.1, 'rain_list': [0.0, 0.9, 4.5, 5.8, 6.7, 1.3, 8.0, 5.6, 6.2, 23.1, 16.3, 34.1, 23.4, 47.6], 'pr': 265.435915284552, 'soil': 839.6137504898445, 'Slope': 10.348529238036493, 'Aspect': 217.0758563426161, 'TPI': -18.813880126182994}
Flat terrain detected. Running Storm Hunter Catchment Scan...
  TerraClimate: pr=222.0mm, soil=773.9mm
DIAGNOSTIC - FINAL CALIBRATED PROB: 20.2%
  TerraClimate: pr=234.3mm, soil=804.3mm
DIAGNOSTIC - FINAL CALIBRATED PROB: 54.6%

[AREA SCAN] Started Center (28.9274, 80.7461)

[AREA SCAN] Started North (28.9409, 80.7461)

[AREA SCAN] Started South (28.9139, 80.7461)

[AREA SCAN] Started East (28.9274, 80.7596)

[AREA SCAN] Started West (28.9274, 80.7326)
  TerraClimate: pr=320.6mm, soil=1794.1mm
DIAGNOSTIC - SENSORS: {'LST': 15200.0, 'NDVI': 0.5933, 'NDMI': 0.2027890831232071, 'Aerosol': 0.1, 'rain_list': [11.4, 1.8, 1.5, 3.6, 3.3, 4.1, 10.2, 3.6, 21.2, 15.3, 14.9, 32.8, 182.1, 120.9], 'pr': 320.6477719542806, 'soil': 1794.0727376736986, 'Slope': 23.373687026993302, 'Aspect': 250.30006258576856, 'TPI': 34.914826498422826}
  TerraClimate: pr=321.1mm, soil=1798.4mm
DIAGNOSTIC - SENSORS: {'LST': 14863.5, 'NDVI': 0.601825, 'NDMI': 0.2641230523586273, 'Aerosol': 0.1, 'rain_list': [12.1, 1.1, 2.2, 4.5, 4.2, 3.8, 11.4, 7.3, 11.1, 18.3, 27.7, 27.9, 223.3, 94.8], 'pr': 321.1383268244064, 'soil': 1798.4182036013633, 'Slope': 28.60340626435699, 'Aspect': 210.5820008410196, 'TPI': -16.90220820189279}
  TerraClimate: pr=320.0mm, soil=1788.2mm
DIAGNOSTIC - SENSORS: {'LST': 14799.5, 'NDVI': 0.410125, 'NDMI': 0.1928410530090332, 'Aerosol': 0.1, 'rain_list': [11.4, 1.8, 1.5, 3.6, 3.3, 4.1, 10.2, 3.6, 21.2, 15.3, 14.9, 32.8, 182.1, 120.9], 'pr': 319.9922084282024, 'soil': 1788.2144821913303, 'Slope': 34.99311382795842, 'Aspect': 243.93665952786432, 'TPI': 15.782334384858132}
DIAGNOSTIC - FINAL CALIBRATED PROB: 99.1%
  TerraClimate: pr=321.9mm, soil=1808.8mm
DIAGNOSTIC - SENSORS: {'LST': 14839.5, 'NDVI': 0.5684, 'NDMI': 0.33754968643188477, 'Aerosol': 0.1, 'rain_list': [9.0, 1.6, 1.7, 3.9, 3.3, 6.1, 3.3, 6.4, 9.9, 19.1, 12.4, 30.6, 202.1, 121.4], 'pr': 321.9008485077388, 'soil': 1808.784888828106, 'Slope': 21.318864899330162, 'Aspect': 174.5618138256401, 'TPI': -38.85488958990527}
DIAGNOSTIC - FINAL CALIBRATED PROB: 92.5%
DIAGNOSTIC - FINAL CALIBRATED PROB: 98.5%
  TerraClimate: pr=319.8mm, soil=1783.6mm
DIAGNOSTIC - SENSORS: {'LST': 15200.0, 'NDVI': 0.43795, 'NDMI': 0.25401413440704346, 'Aerosol': 0.1, 'rain_list': [11.4, 1.8, 1.5, 3.6, 3.3, 4.1, 10.2, 3.6, 21.2, 15.3, 14.9, 32.8, 182.1, 120.9], 'pr': 319.75271727323883, 'soil': 1783.5640582776925, 'Slope': 17.057741875814248, 'Aspect': 285.2949457204544, 'TPI': -23.277602523659198}
DIAGNOSTIC - FINAL CALIBRATED PROB: 96.0%
Flat terrain detected. Running Storm Hunter Catchment Scan...
  TerraClimate: pr=313.3mm, soil=1707.9mm
127.0.0.1 - - [01/Jun/2026 15:25:55] "POST /predict_area HTTP/1.1" 200 -
127.0.0.1 - - [01/Jun/2026 15:26:03] "POST /predict_area HTTP/1.1" 200 -
127.0.0.1 - - [01/Jun/2026 15:26:21] "POST /predict_area HTTP/1.1" 200 -
127.0.0.1 - - [01/Jun/2026 15:26:39] "POST /predict_area HTTP/1.1" 200 -
DIAGNOSTIC - FINAL CALIBRATED PROB: 86.1%

[AREA SCAN] Started Center (28.2935, 82.4847)

[AREA SCAN] Started North (28.3070, 82.4847)

[AREA SCAN] Started South (28.2800, 82.4847)

[AREA SCAN] Started East (28.2935, 82.4982)

[AREA SCAN] Started West (28.2935, 82.4712)
  TerraClimate: pr=305.4mm, soil=1366.4mm
DIAGNOSTIC - SENSORS: {'LST': 14888.0, 'NDVI': 0.807475, 'NDMI': 0.32699868083000183, 'Aerosol': 0.1, 'rain_list': [4.9, 2.8, 0.9, 0.3, 0.2, 2.4, 1.8, 0.8, 39.1, 30.7, 15.8, 0.3, 2.9, 3.1], 'pr': 305.38781557184694, 'soil': 1366.437418987197, 'Slope': 34.23315058893305, 'Aspect': 220.42293948932556, 'TPI': -41.671924290220886}
  TerraClimate: pr=304.4mm, soil=1351.5mm
DIAGNOSTIC - SENSORS: {'LST': 14763.57142857143, 'NDVI': 0.6446, 'NDMI': 0.28543806076049805, 'Aerosol': 0.1, 'rain_list': [4.0, 6.4, 13.1, 2.8, 4.3, 4.2, 2.4, 1.1, 31.8, 36.2, 19.3, 1.4, 9.5, 2.3], 'pr': 304.37054095073205, 'soil': 1351.4609565833446, 'Slope': 26.579775677200274, 'Aspect': 36.01444443925906, 'TPI': -38.17981072555199}
  TerraClimate: pr=306.1mm, soil=1377.2mm
DIAGNOSTIC - SENSORS: {'LST': 14916.125, 'NDVI': 0.727825, 'NDMI': 0.28553420305252075, 'Aerosol': 0.1, 'rain_list': [6.1, 11.9, 22.4, 6.3, 0.9, 14.8, 4.2, 1.5, 38.7, 36.3, 21.1, 3.4, 6.0, 5.0], 'pr': 306.11796519162505, 'soil': 1377.1867036507742, 'Slope': 33.41089783687005, 'Aspect': 102.75948921149595, 'TPI': -28.895899053627772}
DIAGNOSTIC - FINAL CALIBRATED PROB: 86.4%
DIAGNOSTIC - FINAL CALIBRATED PROB: 84.5%
  TerraClimate: pr=304.5mm, soil=1360.3mm
DIAGNOSTIC - SENSORS: {'LST': 14838.25, 'NDVI': 0.758775, 'NDMI': 0.3212772011756897, 'Aerosol': 0.1, 'rain_list': [4.9, 2.8, 0.9, 0.3, 0.2, 2.4, 1.8, 0.8, 39.1, 30.7, 15.8, 0.3, 2.9, 3.1], 'pr': 304.467764230809, 'soil': 1360.2677653011356, 'Slope': 40.30595607899179, 'Aspect': 248.74035669645974, 'TPI': -5.041009463722503}
  TerraClimate: pr=306.7mm, soil=1375.4mm
DIAGNOSTIC - SENSORS: {'LST': 14918.0, 'NDVI': 0.7946, 'NDMI': 0.2858283519744873, 'Aerosol': 0.1, 'rain_list': [6.1, 11.9, 22.4, 6.3, 0.9, 14.8, 4.2, 1.5, 38.7, 36.3, 21.1, 3.4, 6.0, 5.0], 'pr': 306.7203037209364, 'soil': 1375.3727794980446, 'Slope': 2.132196133367012, 'Aspect': 150.41043437458686, 'TPI': -28.35646687697158}
DIAGNOSTIC - FINAL CALIBRATED PROB: 77.7%
DIAGNOSTIC - FINAL CALIBRATED PROB: 37.5%
DIAGNOSTIC - FINAL CALIBRATED PROB: 13.1%

[AREA SCAN] Started Center (28.6537, 81.4510)

[AREA SCAN] Started North (28.6672, 81.4510)

[AREA SCAN] Started South (28.6402, 81.4510)

[AREA SCAN] Started East (28.6537, 81.4645)

[AREA SCAN] Started West (28.6537, 81.4375)
  TerraClimate: pr=247.2mm, soil=1768.1mm
DIAGNOSTIC - SENSORS: {'LST': 15001.2, 'NDVI': 0.7498, 'NDMI': 0.34737375378608704, 'Aerosol': 0.1, 'rain_list': [3.5, 4.3, 5.9, 13.9, 17.3, 11.9, 9.0, 20.2, 30.1, 11.9, 31.7, 43.7, 6.4, 23.9], 'pr': 247.17144576772196, 'soil': 1768.1365098866574, 'Slope': 28.687562297481968, 'Aspect': 114.46638879001152, 'TPI': -5.9211356466877305}
  TerraClimate: pr=247.6mm, soil=1757.5mm
DIAGNOSTIC - SENSORS: {'LST': 15046.6, 'NDVI': 0.6852333333333332, 'NDMI': 0.3504635691642761, 'Aerosol': 0.1, 'rain_list': [3.5, 4.3, 5.9, 13.9, 17.3, 11.9, 9.0, 20.2, 30.1, 11.9, 31.7, 43.7, 6.4, 23.9], 'pr': 247.55838546185754, 'soil': 1757.4591721946529, 'Slope': 22.978088375015115, 'Aspect': 151.40939107633147, 'TPI': -30.99369085173504}
  TerraClimate: pr=247.9mm, soil=1748.8mm
DIAGNOSTIC - SENSORS: {'LST': 15051.6, 'NDVI': 0.8825333333333334, 'NDMI': 0.39400729537010193, 'Aerosol': 0.1, 'rain_list': [2.9, 5.9, 4.0, 7.5, 19.8, 20.9, 8.6, 28.0, 33.8, 14.8, 18.0, 45.2, 13.4, 18.5], 'pr': 247.87379008648904, 'soil': 1748.7557960927663, 'Slope': 14.854713406391808, 'Aspect': 295.2916091418941, 'TPI': 32.75394321766561}
DIAGNOSTIC - FINAL CALIBRATED PROB: 49.6%
DIAGNOSTIC - FINAL CALIBRATED PROB: 84.7%
Flat terrain detected. Running Storm Hunter Catchment Scan...
  TerraClimate: pr=248.5mm, soil=1764.3mm
DIAGNOSTIC - SENSORS: {'LST': 15035.25, 'NDVI': 0.7367666666666667, 'NDMI': 0.36107221245765686, 'Aerosol': 0.1, 'rain_list': [3.5, 4.3, 5.9, 13.9, 17.3, 11.9, 9.0, 20.2, 30.1, 11.9, 31.7, 43.7, 6.4, 23.9], 'pr': 248.52777917577143, 'soil': 1764.254385582225, 'Slope': 27.629918111067006, 'Aspect': 219.3646350606869, 'TPI': -22.233438485804413}
DIAGNOSTIC - FINAL CALIBRATED PROB: 63.6%
  TerraClimate: pr=245.6mm, soil=1743.9mm
DIAGNOSTIC - SENSORS: {'LST': 15010.25, 'NDVI': 0.6366333333333333, 'NDMI': 0.3863757252693176, 'Aerosol': 0.1, 'rain_list': [3.5, 4.3, 5.9, 13.9, 17.3, 11.9, 9.0, 20.2, 30.1, 11.9, 31.7, 43.7, 6.4, 23.9], 'pr': 245.61959803402974, 'soil': 1743.8687454195083, 'Slope': 6.383307193614431, 'Aspect': 81.68022129704535, 'TPI': -3.7255520504731976}
DIAGNOSTIC - FINAL CALIBRATED PROB: 45.1%
  TerraClimate: pr=239.0mm, soil=1688.2mm
DIAGNOSTIC - FINAL CALIBRATED PROB: 0.0%

[AREA SCAN] Started Center (29.3987, 81.2829)

[AREA SCAN] Started North (29.4122, 81.2829)

[AREA SCAN] Started South (29.3852, 81.2829)

[AREA SCAN] Started East (29.3987, 81.2964)

[AREA SCAN] Started West (29.3987, 81.2694)
  TerraClimate: pr=91.7mm, soil=1097.7mm
DIAGNOSTIC - SENSORS: {'LST': 14602.5, 'NDVI': 0.8161, 'NDMI': 0.29138320684432983, 'Aerosol': 0.1, 'rain_list': [0.3, 2.7, 1.5, 0.0, 0.0, 0.0, 0.0, 0.0, 0.0, 0.0, 1.1, 96.8, 147.0, 13.9], 'pr': 91.65737979388248, 'soil': 1097.688346352763, 'Slope': 23.283086013075877, 'Aspect': 34.147093966683244, 'TPI': -43.21766561514187}
  TerraClimate: pr=89.8mm, soil=1094.5mm
DIAGNOSTIC - SENSORS: {'LST': 14616.904761904761, 'NDVI': 0.775325, 'NDMI': 0.26622098684310913, 'Aerosol': 0.1, 'rain_list': [0.3, 2.7, 1.5, 0.0, 0.0, 0.0, 0.0, 0.0, 0.0, 0.0, 1.1, 96.8, 147.0, 13.9], 'pr': 89.80579594775756, 'soil': 1094.5350619429348, 'Slope': 15.573517061288957, 'Aspect': 90, 'TPI': -46.38485804416405}
  TerraClimate: pr=88.4mm, soil=1092.2mm
DIAGNOSTIC - SENSORS: {'LST': 14681.52380952381, 'NDVI': 0.744, 'NDMI': 0.3076222240924835, 'Aerosol': 0.1, 'rain_list': [0.0, 1.2, 0.0, 0.0, 0.0, 0.0, 0.0, 0.0, 0.0, 0.0, 1.1, 76.6, 125.7, 14.3], 'pr': 88.44303023700868, 'soil': 1092.2142446173, 'Slope': 22.342283980839163, 'Aspect': 59.20075409316328, 'TPI': -47.29652996845425}
  TerraClimate: pr=89.8mm, soil=1082.8mm
DIAGNOSTIC - SENSORS: {'LST': 14798.055555555555, 'NDVI': 0.6831, 'NDMI': 0.25503233075141907, 'Aerosol': 0.1, 'rain_list': [0.0, 1.2, 0.0, 0.0, 0.0, 0.0, 0.0, 0.0, 0.0, 0.0, 1.1, 76.6, 125.7, 14.3], 'pr': 89.7535072936168, 'soil': 1082.7629858956384, 'Slope': 24.38277050798134, 'Aspect': 180, 'TPI': -11.041009463722503}
DIAGNOSTIC - FINAL CALIBRATED PROB: 78.0%
DIAGNOSTIC - FINAL CALIBRATED PROB: 72.5%
Flat terrain detected. Running Storm Hunter Catchment Scan...
DIAGNOSTIC - FINAL CALIBRATED PROB: 55.7%
  TerraClimate: pr=89.8mm, soil=1102.9mm
DIAGNOSTIC - SENSORS: {'LST': 14577.42857142857, 'NDVI': 0.686, 'NDMI': 0.22040937840938568, 'Aerosol': 0.1, 'rain_list': [0.3, 2.7, 1.5, 0.0, 0.0, 0.0, 0.0, 0.0, 0.0, 0.0, 1.1, 96.8, 147.0, 13.9], 'pr': 89.84314498642952, 'soil': 1102.943687691003, 'Slope': 26.596354077243504, 'Aspect': 140.89150304021805, 'TPI': 1.0283911671922397}
DIAGNOSTIC - FINAL CALIBRATED PROB: 35.0%
  TerraClimate: pr=97.5mm, soil=1057.4mm
DIAGNOSTIC - FINAL CALIBRATED PROB: 75.4%

[AREA SCAN] Started Center (28.4024, 82.5080)

[AREA SCAN] Started North (28.4159, 82.5080)

[AREA SCAN] Started South (28.3889, 82.5080)

[AREA SCAN] Started East (28.4024, 82.5215)

[AREA SCAN] Started West (28.4024, 82.4945)
  TerraClimate: pr=262.3mm, soil=1237.5mm
DIAGNOSTIC - SENSORS: {'LST': 15043.57142857143, 'NDVI': 0.67335, 'NDMI': 0.3296305239200592, 'Aerosol': 0.1, 'rain_list': [2.8, 2.4, 2.8, 3.0, 1.9, 5.1, 24.4, 9.0, 27.0, 74.1, 2.2, 1.7, 11.7, 12.8], 'pr': 262.2934073439094, 'soil': 1237.4598262088864, 'Slope': 35.77762184982995, 'Aspect': 264.8448186039056, 'TPI': -33.87066246056793}
  TerraClimate: pr=262.3mm, soil=1239.2mm
DIAGNOSTIC - SENSORS: {'LST': 15029.42857142857, 'NDVI': 0.66575, 'NDMI': 0.35630497336387634, 'Aerosol': 0.1, 'rain_list': [2.8, 2.4, 2.8, 3.0, 1.9, 5.1, 24.4, 9.0, 27.0, 74.1, 2.2, 1.7, 11.7, 12.8], 'pr': 262.32444661493133, 'soil': 1239.1574117590087, 'Slope': 34.21124986727234, 'Aspect': 180, 'TPI': 15.031545741324862}
127.0.0.1 - - [01/Jun/2026 15:26:48] "POST /predict_area HTTP/1.1" 200 -
127.0.0.1 - - [01/Jun/2026 15:26:58] "POST /predict_area HTTP/1.1" 200 -
127.0.0.1 - - [01/Jun/2026 15:27:19] "POST /predict_area HTTP/1.1" 200 -
DIAGNOSTIC - FINAL CALIBRATED PROB: 94.5%
DIAGNOSTIC - FINAL CALIBRATED PROB: 65.6%
  TerraClimate: pr=262.4mm, soil=1244.9mm
DIAGNOSTIC - SENSORS: {'LST': 14991.2, 'NDVI': 0.6502, 'NDMI': 0.3221125900745392, 'Aerosol': 0.1, 'rain_list': [3.5, 3.4, 4.9, 8.3, 4.6, 8.5, 12.0, 10.6, 19.6, 69.3, 2.2, 1.6, 24.9, 8.7], 'pr': 262.4068287234525, 'soil': 1244.889483625188, 'Slope': 29.270539535309837, 'Aspect': 99.97894820051371, 'TPI': 12.186119873817006}
  TerraClimate: pr=262.4mm, soil=1235.7mm
DIAGNOSTIC - SENSORS: {'LST': 14964.857142857143, 'NDVI': 0.744725, 'NDMI': 0.32755449414253235, 'Aerosol': 0.1, 'rain_list': [2.8, 2.4, 2.8, 3.0, 1.9, 5.1, 24.4, 9.0, 27.0, 74.1, 2.2, 1.7, 11.7, 12.8], 'pr': 262.42228296247777, 'soil': 1235.672100065218, 'Slope': 24.32413772759916, 'Aspect': 312.8766586577972, 'TPI': -19.776025236593114}
  TerraClimate: pr=262.1mm, soil=1222.6mm
DIAGNOSTIC - SENSORS: {'LST': 14961.42857142857, 'NDVI': 0.6618, 'NDMI': 0.37663644552230835, 'Aerosol': 0.1, 'rain_list': [2.8, 2.4, 2.8, 3.0, 1.9, 5.1, 24.4, 9.0, 27.0, 74.1, 2.2, 1.7, 11.7, 12.8], 'pr': 262.0665645848231, 'soil': 1222.600511376287, 'Slope': 39.57720173037604, 'Aspect': 138.0881603027245, 'TPI': -33.07570977917976}
DIAGNOSTIC - FINAL CALIBRATED PROB: 58.4%
DIAGNOSTIC - FINAL CALIBRATED PROB: 86.6%
DIAGNOSTIC - FINAL CALIBRATED PROB: 32.7%

[AREA SCAN] Started Center (28.4024, 82.5080)

[AREA SCAN] Started North (28.4159, 82.5080)

[AREA SCAN] Started South (28.3889, 82.5080)

[AREA SCAN] Started East (28.4024, 82.5215)

[AREA SCAN] Started West (28.4024, 82.4945)
  TerraClimate: pr=328.6mm, soil=1225.6mm
DIAGNOSTIC - SENSORS: {'LST': 14984.857142857143, 'NDVI': 0.5966666666666667, 'NDMI': 0.21526001393795013, 'Aerosol': 0.1, 'rain_list': [2.6, 1.3, 0.4, 7.5, 20.0, 38.8, 29.1, 2.4, 1.2, 2.1, 3.5, 3.4, 4.9, 8.3], 'pr': 328.6112241604755, 'soil': 1225.556179537345, 'Slope': 29.270539535309837, 'Aspect': 99.97894820051371, 'TPI': 12.186119873817006}
DIAGNOSTIC - FINAL CALIBRATED PROB: 26.7%
  TerraClimate: pr=329.3mm, soil=1219.4mm
DIAGNOSTIC - SENSORS: {'LST': 15086.111111111111, 'NDVI': 0.6264333333333333, 'NDMI': 0.309440553188324, 'Aerosol': 0.1, 'rain_list': [2.0, 2.8, 0.5, 11.8, 18.2, 18.1, 22.5, 3.1, 2.4, 4.3, 2.8, 2.4, 2.8, 3.0], 'pr': 329.3213815062508, 'soil': 1219.3941784322953, 'Slope': 35.77762184982995, 'Aspect': 264.8448186039056, 'TPI': -33.87066246056793}
DIAGNOSTIC - FINAL CALIBRATED PROB: 74.2%
  TerraClimate: pr=330.7mm, soil=1207.1mm
DIAGNOSTIC - SENSORS: {'LST': 15025.222222222223, 'NDVI': 0.6058666666666667, 'NDMI': 0.37663644552230835, 'Aerosol': 0.1, 'rain_list': [2.0, 2.8, 0.5, 11.8, 18.2, 18.1, 22.5, 3.1, 2.4, 4.3, 2.8, 2.4, 2.8, 3.0], 'pr': 330.7416961978013, 'soil': 1207.0701762221986, 'Slope': 39.57720173037604, 'Aspect': 138.0881603027245, 'TPI': -33.07570977917976}
DIAGNOSTIC - FINAL CALIBRATED PROB: 84.0%
  TerraClimate: pr=328.6mm, soil=1217.9mm
DIAGNOSTIC - SENSORS: {'LST': 15013.111111111111, 'NDVI': 0.7075, 'NDMI': 0.32755449414253235, 'Aerosol': 0.1, 'rain_list': [2.0, 2.8, 0.5, 11.8, 18.2, 18.1, 22.5, 3.1, 2.4, 4.3, 2.8, 2.4, 2.8, 3.0], 'pr': 328.63359127232275, 'soil': 1217.885990161137, 'Slope': 24.32413772759916, 'Aspect': 312.8766586577972, 'TPI': -19.776025236593114}
  TerraClimate: pr=329.2mm, soil=1219.8mm
DIAGNOSTIC - SENSORS: {'LST': 15079.111111111111, 'NDVI': 0.6081666666666667, 'NDMI': 0.20545797049999237, 'Aerosol': 0.1, 'rain_list': [2.0, 2.8, 0.5, 11.8, 18.2, 18.1, 22.5, 3.1, 2.4, 4.3, 2.8, 2.4, 2.8, 3.0], 'pr': 329.23177469326004, 'soil': 1219.7765764709372, 'Slope': 34.21124986727234, 'Aspect': 180, 'TPI': 15.031545741324862}
DIAGNOSTIC - FINAL CALIBRATED PROB: 24.9%
DIAGNOSTIC - FINAL CALIBRATED PROB: 0.3%

[AREA SCAN] Started Center (27.7228, 85.1716)

[AREA SCAN] Started North (27.7363, 85.1716)

[AREA SCAN] Started South (27.7093, 85.1716)

[AREA SCAN] Started East (27.7228, 85.1851)

[AREA SCAN] Started West (27.7228, 85.1581)
  TerraClimate: pr=56.3mm, soil=931.8mm
DIAGNOSTIC - SENSORS: {'LST': 14962.833333333334, 'NDVI': 0.70765, 'NDMI': 0.2875536382198334, 'Aerosol': 0.1, 'rain_list': [11.2, 27.1, 19.4, 20.8, 7.2, 0.3, 0.3, 43.9, 14.7, 0.0, 10.2, 17.5, 31.6, 52.2], 'pr': 56.31915205730889, 'soil': 931.761988886019, 'Slope': 20.308816514046274, 'Aspect': 23.284779339208505, 'TPI': -24.725552050473198}
  TerraClimate: pr=56.1mm, soil=927.5mm
DIAGNOSTIC - SENSORS: {'LST': 14939.714285714286, 'NDVI': 0.8125, 'NDMI': 0.33608362078666687, 'Aerosol': 0.1, 'rain_list': [11.2, 27.1, 19.4, 20.8, 7.2, 0.3, 0.3, 43.9, 14.7, 0.0, 10.2, 17.5, 31.6, 52.2], 'pr': 56.13806338185719, 'soil': 927.5260499837731, 'Slope': 19.231012514456502, 'Aspect': 208.1546651556832, 'TPI': 3.7034700315457485}
Flat terrain detected. Running Storm Hunter Catchment Scan...
DIAGNOSTIC - FINAL CALIBRATED PROB: 12.4%
  TerraClimate: pr=56.1mm, soil=926.4mm
DIAGNOSTIC - SENSORS: {'LST': 14949.833333333334, 'NDVI': 0.752875, 'NDMI': 0.33061936497688293, 'Aerosol': 0.1, 'rain_list': [11.2, 27.1, 19.4, 20.8, 7.2, 0.3, 0.3, 43.9, 14.7, 0.0, 10.2, 17.5, 31.6, 52.2], 'pr': 56.05535996391797, 'soil': 926.4296613710577, 'Slope': 33.3159072841831, 'Aspect': 343.84577092194945, 'TPI': 15.772870662460491}
  TerraClimate: pr=56.6mm, soil=937.8mm
DIAGNOSTIC - SENSORS: {'LST': 14872.4, 'NDVI': 0.72735, 'NDMI': 0.2306143045425415, 'Aerosol': 0.1, 'rain_list': [6.1, 17.7, 13.3, 13.3, 10.4, 0.6, 3.2, 22.4, 11.5, 5.1, 8.3, 18.6, 25.1, 29.7], 'pr': 56.576393463456355, 'soil': 937.7792439683466, 'Slope': 16.30712580761805, 'Aspect': 270, 'TPI': 40.64353312302842}
  TerraClimate: pr=56.8mm, soil=941.1mm
DIAGNOSTIC - SENSORS: {'LST': 14960.42857142857, 'NDVI': 0.738125, 'NDMI': 0.31854286789894104, 'Aerosol': 0.1, 'rain_list': [11.2, 27.1, 19.4, 20.8, 7.2, 0.3, 0.3, 43.9, 14.7, 0.0, 10.2, 17.5, 31.6, 52.2], 'pr': 56.779872258875585, 'soil': 941.0794428616184, 'Slope': 20.437915133428326, 'Aspect': 197.12373748417454, 'TPI': -8.025236593059958}
DIAGNOSTIC - FINAL CALIBRATED PROB: 0.0%
DIAGNOSTIC - FINAL CALIBRATED PROB: 0.0%
Flat terrain detected. Running Storm Hunter Catchment Scan...
  TerraClimate: pr=54.8mm, soil=896.8mm
DIAGNOSTIC - FINAL CALIBRATED PROB: 0.0%
  TerraClimate: pr=57.2mm, soil=947.1mm
DIAGNOSTIC - FINAL CALIBRATED PROB: 0.0%

[AREA SCAN] Started Center (27.6870, 85.2352)

[AREA SCAN] Started North (27.7005, 85.2352)

[AREA SCAN] Started South (27.6735, 85.2352)

[AREA SCAN] Started East (27.6870, 85.2487)

[AREA SCAN] Started West (27.6870, 85.2217)
  TerraClimate: pr=55.2mm, soil=910.8mm
DIAGNOSTIC - SENSORS: {'LST': 14911.2, 'NDVI': 0.4313, 'NDMI': 0.0840618684887886, 'Aerosol': 0.1, 'rain_list': [6.0, 9.7, 8.8, 7.7, 3.6, 2.8, 15.4, 10.6, 2.6, 2.8, 19.7, 27.9, 31.3, 15.7], 'pr': 55.19361499680126, 'soil': 910.8115045802228, 'Slope': 12.928769692364249, 'Aspect': 9.164531514077709, 'TPI': 6.252365930599353}
  TerraClimate: pr=55.0mm, soil=906.7mm
DIAGNOSTIC - SENSORS: {'LST': 14997.285714285714, 'NDVI': 0.5471, 'NDMI': 0.16306716203689575, 'Aerosol': 0.1, 'rain_list': [6.0, 9.7, 8.8, 7.7, 3.6, 2.8, 15.4, 10.6, 2.6, 2.8, 19.7, 27.9, 31.3, 15.7], 'pr': 55.01757236603848, 'soil': 906.6872670959259, 'Slope': 3.273098068336477, 'Aspect': 106.44289563890585, 'TPI': -0.9242902208202395}
Flat terrain detected. Running Storm Hunter Catchment Scan...
  TerraClimate: pr=55.6mm, soil=919.6mm
DIAGNOSTIC - SENSORS: {'LST': 14923.25, 'NDVI': 0.443225, 'NDMI': 0.15550114214420319, 'Aerosol': 0.1, 'rain_list': [6.0, 9.7, 8.8, 7.7, 3.6, 2.8, 15.4, 10.6, 2.6, 2.8, 19.7, 27.9, 31.3, 15.7], 'pr': 55.629342502098936, 'soil': 919.6351976034945, 'Slope': 6.547730093994243, 'Aspect': 350.8354684859223, 'TPI': 3.0725552050473652}
  TerraClimate: pr=55.4mm, soil=916.6mm
DIAGNOSTIC - SENSORS: {'LST': 14709.0, 'NDVI': 0.617925, 'NDMI': 0.1615300476551056, 'Aerosol': 0.1, 'rain_list': [6.0, 9.7, 8.8, 7.7, 3.6, 2.8, 15.4, 10.6, 2.6, 2.8, 19.7, 27.9, 31.3, 15.7], 'pr': 55.43888787561688, 'soil': 916.5576332100318, 'Slope': 6.931457463931651, 'Aspect': 36.97165932530199, 'TPI': -19.52365930599376}
DIAGNOSTIC - FINAL CALIBRATED PROB: 0.0%
DIAGNOSTIC - FINAL CALIBRATED PROB: 0.0%
DIAGNOSTIC - FINAL CALIBRATED PROB: 0.3%
  TerraClimate: pr=54.9mm, soil=904.8mm
127.0.0.1 - - [01/Jun/2026 15:27:36] "POST /predict_area HTTP/1.1" 200 -
127.0.0.1 - - [01/Jun/2026 15:27:56] "POST /predict_area HTTP/1.1" 200 -
127.0.0.1 - - [01/Jun/2026 15:28:16] "POST /predict_area HTTP/1.1" 200 -
127.0.0.1 - - [01/Jun/2026 15:28:26] "POST /predict_area HTTP/1.1" 200 -
DIAGNOSTIC - SENSORS: {'LST': 14993.5, 'NDVI': 0.48685, 'NDMI': 0.15493671596050262, 'Aerosol': 0.1, 'rain_list': [6.0, 9.7, 8.8, 7.7, 3.6, 2.8, 15.4, 10.6, 2.6, 2.8, 19.7, 27.9, 31.3, 15.7], 'pr': 54.895394368634854, 'soil': 904.7708257503066, 'Slope': 2.9704228276213844, 'Aspect': 20.628112152911246, 'TPI': 4.264984227129389}
DIAGNOSTIC - FINAL CALIBRATED PROB: 0.1%
  TerraClimate: pr=56.0mm, soil=924.0mm
DIAGNOSTIC - FINAL CALIBRATED PROB: 0.0%

[AREA SCAN] Started Center (27.7003, 84.0655)

[AREA SCAN] Started North (27.7138, 84.0655)

[AREA SCAN] Started South (27.6868, 84.0655)

[AREA SCAN] Started East (27.7003, 84.0790)

[AREA SCAN] Started West (27.7003, 84.0520)
  TerraClimate: pr=281.1mm, soil=1544.9mm
DIAGNOSTIC - SENSORS: {'LST': 15056.0, 'NDVI': 0.8676, 'NDMI': 0.3615167737007141, 'Aerosol': 0.1, 'rain_list': [6.5, 13.9, 35.8, 14.4, 6.0, 6.1, 28.1, 14.8, 17.6, 10.8, 3.1, 16.3, 7.7, 35.7], 'pr': 281.0713590929952, 'soil': 1544.8872773444375, 'Slope': 17.059415957230236, 'Aspect': 212.43146531855868, 'TPI': 29.690851735015826}
  TerraClimate: pr=281.2mm, soil=1555.5mm
DIAGNOSTIC - SENSORS: {'LST': 15134.666666666666, 'NDVI': 0.76345, 'NDMI': 0.27620184421539307, 'Aerosol': 0.1, 'rain_list': [3.0, 25.4, 38.7, 24.5, 12.1, 4.5, 32.1, 22.3, 33.9, 26.0, 4.0, 10.7, 26.7, 18.6], 'pr': 281.2325871633888, 'soil': 1555.4976818116702, 'Slope': 18.721739029775772, 'Aspect': 256.18279145914346, 'TPI': 20.70977917981071}
  TerraClimate: pr=281.2mm, soil=1554.5mm
DIAGNOSTIC - SENSORS: {'LST': 15108.666666666666, 'NDVI': 0.787975, 'NDMI': 0.3237997889518738, 'Aerosol': 0.1, 'rain_list': [6.5, 13.9, 35.8, 14.4, 6.0, 6.1, 28.1, 14.8, 17.6, 10.8, 3.1, 16.3, 7.7, 35.7], 'pr': 281.1689750981966, 'soil': 1554.4682730984644, 'Slope': 12.139307168842453, 'Aspect': 301.78955684421265, 'TPI': 6.684542586750808}
Flat terrain detected. Running Storm Hunter Catchment Scan...
Flat terrain detected. Running Storm Hunter Catchment Scan...
Flat terrain detected. Running Storm Hunter Catchment Scan...
  TerraClimate: pr=281.3mm, soil=1556.9mm
DIAGNOSTIC - SENSORS: {'LST': 15156.5, 'NDVI': 0.7954, 'NDMI': 0.3075622022151947, 'Aerosol': 0.1, 'rain_list': [3.0, 25.4, 38.7, 24.5, 12.1, 4.5, 32.1, 22.3, 33.9, 26.0, 4.0, 10.7, 26.7, 18.6], 'pr': 281.3195236524848, 'soil': 1556.904540386385, 'Slope': 18.178564285151094, 'Aspect': 189.6155549739313, 'TPI': 1.9810725552050599}
  TerraClimate: pr=281.3mm, soil=1563.1mm
DIAGNOSTIC - SENSORS: {'LST': 15298.0, 'NDVI': 0.7656, 'NDMI': 0.32307693362236023, 'Aerosol': 0.1, 'rain_list': [3.0, 25.4, 38.7, 24.5, 12.1, 4.5, 32.1, 22.3, 33.9, 26.0, 4.0, 10.7, 26.7, 18.6], 'pr': 281.34829640778844, 'soil': 1563.1132151226625, 'Slope': 7.519474792454804, 'Aspect': 284.19793255834605, 'TPI': -7.712933753943219}
Flat terrain detected. Running Storm Hunter Catchment Scan...
DIAGNOSTIC - FINAL CALIBRATED PROB: 13.2%
  TerraClimate: pr=280.3mm, soil=1499.8mm
DIAGNOSTIC - FINAL CALIBRATED PROB: 97.3%
  TerraClimate: pr=280.2mm, soil=1507.8mm
DIAGNOSTIC - FINAL CALIBRATED PROB: 88.1%
  TerraClimate: pr=280.0mm, soil=1501.7mm
DIAGNOSTIC - FINAL CALIBRATED PROB: 18.7%
  TerraClimate: pr=280.2mm, soil=1508.7mm
DIAGNOSTIC - FINAL CALIBRATED PROB: 86.6%

[AREA SCAN] Started Center (27.8640, 84.9145)

[AREA SCAN] Started North (27.8775, 84.9145)

[AREA SCAN] Started South (27.8505, 84.9145)

[AREA SCAN] Started East (27.8640, 84.9280)

[AREA SCAN] Started West (27.8640, 84.9010)
  TerraClimate: pr=274.8mm, soil=1182.2mm
DIAGNOSTIC - SENSORS: {'LST': 14930.25, 'NDVI': 0.7005, 'NDMI': 0.22273889183998108, 'Aerosol': 0.1, 'rain_list': [3.6, 11.4, 5.6, 6.2, 2.1, 16.5, 25.8, 8.8, 9.1, 23.3, 17.9, 12.1, 18.4, 21.5], 'pr': 274.833139883869, 'soil': 1182.2360956846355, 'Slope': 14.547552962990412, 'Aspect': 200.658858715779, 'TPI': 24.009463722397413}
  TerraClimate: pr=274.8mm, soil=1173.7mm
DIAGNOSTIC - SENSORS: {'LST': 14888.666666666666, 'NDVI': 0.5877333333333333, 'NDMI': 0.32261431217193604, 'Aerosol': 0.1, 'rain_list': [3.6, 11.4, 5.6, 6.2, 2.1, 16.5, 25.8, 8.8, 9.1, 23.3, 17.9, 12.1, 18.4, 21.5], 'pr': 274.82638686924844, 'soil': 1173.6798763303307, 'Slope': 28.878375923792625, 'Aspect': 310.2186277062633, 'TPI': -16.050473186119916}
  TerraClimate: pr=272.2mm, soil=1171.2mm
DIAGNOSTIC - SENSORS: {'LST': 14991.4, 'NDVI': 0.7722, 'NDMI': 0.34651538729667664, 'Aerosol': 0.1, 'rain_list': [3.9, 6.9, 4.9, 2.1, 2.1, 4.2, 17.9, 19.8, 8.7, 9.1, 11.8, 9.5, 21.8, 7.1], 'pr': 272.2132453900192, 'soil': 1171.233668659876, 'Slope': 38.84892107418287, 'Aspect': 242.46681367112933, 'TPI': -42.89274447949538}
  TerraClimate: pr=274.8mm, soil=1188.4mm
DIAGNOSTIC - SENSORS: {'LST': 14967.333333333334, 'NDVI': 0.6171, 'NDMI': 0.2861378788948059, 'Aerosol': 0.1, 'rain_list': [3.9, 6.9, 4.9, 2.1, 2.1, 4.2, 17.9, 19.8, 8.7, 9.1, 11.8, 9.5, 21.8, 7.1], 'pr': 274.83797705329545, 'soil': 1188.3648966708174, 'Slope': 16.90644982606456, 'Aspect': 285.44381852609973, 'TPI': 8.668769716088264}
  TerraClimate: pr=276.1mm, soil=1187.7mm
DIAGNOSTIC - SENSORS: {'LST': 14921.25, 'NDVI': 0.5761333333333333, 'NDMI': 0.2801358103752136, 'Aerosol': 0.1, 'rain_list': [22.4, 24.4, 2.4, 0.8, 20.5, 27.4, 7.5, 42.7, 20.0, 25.6, 35.4, 22.7, 28.4, 43.6], 'pr': 276.1430871307942, 'soil': 1187.7373091970162, 'Slope': 15.381727268629788, 'Aspect': 266.62661743346496, 'TPI': -13.943217665615066}
Flat terrain detected. Running Storm Hunter Catchment Scan...
DIAGNOSTIC - FINAL CALIBRATED PROB: 94.6%
Flat terrain detected. Running Storm Hunter Catchment Scan...
DIAGNOSTIC - FINAL CALIBRATED PROB: 84.3%
Flat terrain detected. Running Storm Hunter Catchment Scan...
  TerraClimate: pr=266.7mm, soil=1118.2mm
  TerraClimate: pr=266.8mm, soil=1175.3mm
DIAGNOSTIC - FINAL CALIBRATED PROB: 77.3%
DIAGNOSTIC - FINAL CALIBRATED PROB: 78.6%
  TerraClimate: pr=267.0mm, soil=1182.2mm
DIAGNOSTIC - FINAL CALIBRATED PROB: 41.2%

[AREA SCAN] Started Center (27.6768, 84.4359)

[AREA SCAN] Started North (27.6903, 84.4359)

[AREA SCAN] Started South (27.6633, 84.4359)

[AREA SCAN] Started East (27.6768, 84.4494)

[AREA SCAN] Started West (27.6768, 84.4224)
  TerraClimate: pr=327.8mm, soil=1550.7mm
DIAGNOSTIC - SENSORS: {'LST': 15433.0, 'NDVI': 0.60525, 'NDMI': 0.32842203974723816, 'Aerosol': 0.1, 'rain_list': [3.3, 0.0, 0.2, 4.7, 0.0, 0.3, 3.3, 2.9, 6.1, 0.1, 1.7, 1.3, 4.0, 5.9], 'pr': 327.8044066237097, 'soil': 1550.7132785400868, 'Slope': 2.2893500941670495, 'Aspect': 113.88594034230822, 'TPI': -1.4794952681388054}
DIAGNOSTIC - FINAL CALIBRATED PROB: 3.7%
  TerraClimate: pr=327.2mm, soil=1541.0mm
DIAGNOSTIC - SENSORS: {'LST': 15200.0, 'NDVI': 0.517125, 'NDMI': 0.3316975235939026, 'Aerosol': 0.1, 'rain_list': [3.3, 0.0, 0.2, 4.7, 0.0, 0.3, 3.3, 2.9, 6.1, 0.1, 1.7, 1.3, 4.0, 5.9], 'pr': 327.2163522940812, 'soil': 1541.0155203906647, 'Slope': 2.0937180859720588, 'Aspect': 270, 'TPI': -1.7570977917981168}
  TerraClimate: pr=326.3mm, soil=1543.3mm
DIAGNOSTIC - SENSORS: {'LST': 15411.0, 'NDVI': 0.5889, 'NDMI': 0.31926122307777405, 'Aerosol': 0.1, 'rain_list': [3.3, 0.0, 0.2, 4.7, 0.0, 0.3, 3.3, 2.9, 6.1, 0.1, 1.7, 1.3, 4.0, 5.9], 'pr': 326.26047623508106, 'soil': 1543.3302417223485, 'Slope': 1.3986965857811609, 'Aspect': 228.4725217397879, 'TPI': 1.0851735015772874}
DIAGNOSTIC - FINAL CALIBRATED PROB: 1.3%
DIAGNOSTIC - FINAL CALIBRATED PROB: 2.0%
  TerraClimate: pr=325.8mm, soil=1533.3mm
DIAGNOSTIC - SENSORS: {'LST': 15358.0, 'NDVI': 0.499625, 'NDMI': 0.25992318987846375, 'Aerosol': 0.1, 'rain_list': [3.3, 0.0, 0.2, 4.7, 0.0, 0.3, 3.3, 2.9, 6.1, 0.1, 1.7, 1.3, 4.0, 5.9], 'pr': 325.8290856775925, 'soil': 1533.2531111931469, 'Slope': 1.3987922646273636, 'Aspect': 48.47599369619843, 'TPI': -0.8391167192428952}
  TerraClimate: pr=326.8mm, soil=1542.0mm
DIAGNOSTIC - SENSORS: {'LST': 15481.0, 'NDVI': 0.4646, 'NDMI': 0.28379887342453003, 'Aerosol': 0.1, 'rain_list': [3.3, 0.0, 0.2, 4.7, 0.0, 0.3, 3.3, 2.9, 6.1, 0.1, 1.7, 1.3, 4.0, 5.9], 'pr': 326.8167461506512, 'soil': 1541.983194866618, 'Slope': 3.704791833671086, 'Aspect': 180, 'TPI': -0.608832807570991}
DIAGNOSTIC - FINAL CALIBRATED PROB: 2.5%
DIAGNOSTIC - FINAL CALIBRATED PROB: 14.6%

[AREA SCAN] Started Center (26.7528, 87.1576)
127.0.0.1 - - [01/Jun/2026 15:28:36] "POST /predict_area HTTP/1.1" 200 -
127.0.0.1 - - [01/Jun/2026 15:28:43] "POST /predict_area HTTP/1.1" 200 -
127.0.0.1 - - [01/Jun/2026 15:28:58] "POST /predict_area HTTP/1.1" 200 -

[AREA SCAN] Started North (26.7663, 87.1576)

[AREA SCAN] Started South (26.7393, 87.1576)

[AREA SCAN] Started East (26.7528, 87.1711)

[AREA SCAN] Started West (26.7528, 87.1441)
  TerraClimate: pr=191.1mm, soil=1499.0mm
DIAGNOSTIC - SENSORS: {'LST': 15055.666666666666, 'NDVI': 0.6064, 'NDMI': 0.22389757633209229, 'Aerosol': 0.1, 'rain_list': [0.2, 0.0, 15.8, 29.9, 9.9, 6.3, 7.6, 29.1, 17.7, 3.3, 17.9, 27.0, 13.1, 1.3], 'pr': 191.10556086381087, 'soil': 1499.021968851461, 'Slope': 1.0385597863454918, 'Aspect': 90, 'TPI': -1.1955835962145045}
  TerraClimate: pr=193.2mm, soil=1511.3mm
DIAGNOSTIC - SENSORS: {'LST': 15005.4, 'NDVI': 0.5546, 'NDMI': 0.32378891110420227, 'Aerosol': 0.1, 'rain_list': [0.2, 0.0, 15.8, 29.9, 9.9, 6.3, 7.6, 29.1, 17.7, 3.3, 17.9, 27.0, 13.1, 1.3], 'pr': 193.2464058832187, 'soil': 1511.281970352806, 'Slope': 1.854334168853263, 'Aspect': 180, 'TPI': -1.6466876971608855}
DIAGNOSTIC - FINAL CALIBRATED PROB: 13.0%
DIAGNOSTIC - FINAL CALIBRATED PROB: 0.3%
  TerraClimate: pr=192.4mm, soil=1499.0mm
DIAGNOSTIC - SENSORS: {'LST': 15051.4, 'NDVI': 0.610325, 'NDMI': 0.3009772002696991, 'Aerosol': 0.1, 'rain_list': [0.2, 0.0, 15.8, 29.9, 9.9, 6.3, 7.6, 29.1, 17.7, 3.3, 17.9, 27.0, 13.1, 1.3], 'pr': 192.35044915394886, 'soil': 1498.9919509828067, 'Slope': 0.9274099368729609, 'Aspect': 180, 'TPI': -0.7917981072555165}
  TerraClimate: pr=191.7mm, soil=1490.2mm
DIAGNOSTIC - SENSORS: {'LST': 15064.666666666666, 'NDVI': 0.561725, 'NDMI': 0.24543794989585876, 'Aerosol': 0.1, 'rain_list': [0.2, 0.0, 15.8, 29.9, 9.9, 6.3, 7.6, 29.1, 17.7, 3.3, 17.9, 27.0, 13.1, 1.3], 'pr': 191.70738343697292, 'soil': 1490.1708886930478, 'Slope': 2.7830097322845044, 'Aspect': 48.239853286590375, 'TPI': 0.09463722397475749}
DIAGNOSTIC - FINAL CALIBRATED PROB: 0.4%
DIAGNOSTIC - FINAL CALIBRATED PROB: 9.8%
  TerraClimate: pr=193.2mm, soil=1498.9mm
DIAGNOSTIC - SENSORS: {'LST': 15065.6, 'NDVI': 0.68265, 'NDMI': 0.3440497815608978, 'Aerosol': 0.1, 'rain_list': [0.3, 0.1, 11.4, 29.5, 15.5, 2.5, 3.2, 27.0, 19.1, 6.4, 18.5, 17.4, 10.7, 1.0], 'pr': 193.16705248048453, 'soil': 1498.8636207445961, 'Slope': 1.3922352308585395, 'Aspect': 131.76348691611642, 'TPI': 1.4637223974763458}
DIAGNOSTIC - FINAL CALIBRATED PROB: 0.2%

[AREA SCAN] Started Center (28.2081, 83.9845)

[AREA SCAN] Started North (28.2216, 83.9845)

[AREA SCAN] Started South (28.1946, 83.9845)

[AREA SCAN] Started East (28.2081, 83.9980)

[AREA SCAN] Started West (28.2081, 83.9710)
  TerraClimate: pr=426.4mm, soil=1242.4mm
DIAGNOSTIC - SENSORS: {'LST': 15423.0, 'NDVI': 0.398075, 'NDMI': 0.1073533147573471, 'Aerosol': 0.1, 'rain_list': [35.4, 27.1, 16.1, 9.7, 43.7, 115.7, 2.6, 31.7, 129.2, 8.0, 205.8, 39.5, 2.4, 5.5], 'pr': 426.3883650842298, 'soil': 1242.37581098513, 'Slope': 3.704791833671086, 'Aspect': 180, 'TPI': 1.8201892744478982}
DIAGNOSTIC - FINAL CALIBRATED PROB: 69.5%
  TerraClimate: pr=428.2mm, soil=1252.5mm
DIAGNOSTIC - SENSORS: {'LST': 15332.0, 'NDVI': 0.57315, 'NDMI': 0.15731148421764374, 'Aerosol': 0.1, 'rain_list': [35.4, 27.1, 16.1, 9.7, 43.7, 115.7, 2.6, 31.7, 129.2, 8.0, 205.8, 39.5, 2.4, 5.5], 'pr': 428.20099475002263, 'soil': 1252.5276496405256, 'Slope': 5.247049580345335, 'Aspect': 270, 'TPI': 8.28075709779182}
  TerraClimate: pr=425.1mm, soil=1235.2mm
DIAGNOSTIC - SENSORS: {'LST': 15524.0, 'NDVI': 0.371675, 'NDMI': 0.3794093430042267, 'Aerosol': 0.1, 'rain_list': [35.4, 27.1, 16.1, 9.7, 43.7, 115.7, 2.6, 31.7, 129.2, 8.0, 205.8, 39.5, 2.4, 5.5], 'pr': 425.1151474499319, 'soil': 1235.226231567524, 'Slope': 2.29925749540581, 'Aspect': 113.77653790423129, 'TPI': 2.2271293375393952}
  TerraClimate: pr=426.9mm, soil=1241.9mm
DIAGNOSTIC - SENSORS: {'LST': 15390.5, 'NDVI': 0.478675, 'NDMI': 0.12593001127243042, 'Aerosol': 0.1, 'rain_list': [35.4, 27.1, 16.1, 9.7, 43.7, 115.7, 2.6, 31.7, 129.2, 8.0, 205.8, 39.5, 2.4, 5.5], 'pr': 426.9319334977488, 'soil': 1241.9389491424204, 'Slope': 4.744513795517869, 'Aspect': 192.78688381167944, 'TPI': -2.031545741324976}
  TerraClimate: pr=425.7mm, soil=1243.1mm
DIAGNOSTIC - SENSORS: {'LST': 15330.5, 'NDVI': 0.467, 'NDMI': 0.10818779468536377, 'Aerosol': 0.1, 'rain_list': [35.4, 27.1, 16.1, 9.7, 43.7, 115.7, 2.6, 31.7, 129.2, 8.0, 205.8, 39.5, 2.4, 5.5], 'pr': 425.6986052254871, 'soil': 1243.0914290391113, 'Slope': 0.9274099368611016, 'Aspect': 180, 'TPI': 0.28075709779182034}
DIAGNOSTIC - FINAL CALIBRATED PROB: 1.2%
DIAGNOSTIC - FINAL CALIBRATED PROB: 49.5%
DIAGNOSTIC - FINAL CALIBRATED PROB: 67.1%
DIAGNOSTIC - FINAL CALIBRATED PROB: 56.6%

[AREA SCAN] Started Center (27.9355, 84.2233)

[AREA SCAN] Started North (27.9490, 84.2233)

[AREA SCAN] Started South (27.9220, 84.2233)

[AREA SCAN] Started East (27.9355, 84.2368)

[AREA SCAN] Started West (27.9355, 84.2098)
  TerraClimate: pr=305.0mm, soil=1364.3mm
DIAGNOSTIC - SENSORS: {'LST': 14935.6, 'NDVI': 0.743675, 'NDMI': 0.2658342719078064, 'Aerosol': 0.1, 'rain_list': [5.5, 2.1, 0.5, 9.0, 21.5, 14.7, 14.1, 19.9, 15.3, 0.9, 4.9, 3.0, 16.1, 8.8], 'pr': 305.0258155495393, 'soil': 1364.3228476343584, 'Slope': 9.539622584614676, 'Aspect': 78.89251908431112, 'TPI': -52.839116719242895}
Flat terrain detected. Running Storm Hunter Catchment Scan...
  TerraClimate: pr=305.1mm, soil=1365.2mm
DIAGNOSTIC - SENSORS: {'LST': 14934.777777777777, 'NDVI': 0.757225, 'NDMI': 0.2623557448387146, 'Aerosol': 0.1, 'rain_list': [5.5, 2.1, 0.5, 9.0, 21.5, 14.7, 14.1, 19.9, 15.3, 0.9, 4.9, 3.0, 16.1, 8.8], 'pr': 305.1370600172876, 'soil': 1365.1628438328064, 'Slope': 38.00317578602872, 'Aspect': 299.815508855142, 'TPI': 64.589905362776}
  TerraClimate: pr=305.1mm, soil=1370.7mm
DIAGNOSTIC - SENSORS: {'LST': 14951.777777777777, 'NDVI': 0.7439, 'NDMI': 0.2330610305070877, 'Aerosol': 0.1, 'rain_list': [5.5, 2.1, 0.5, 9.0, 21.5, 14.7, 14.1, 19.9, 15.3, 0.9, 4.9, 3.0, 16.1, 8.8], 'pr': 305.1457830395069, 'soil': 1370.6656930710571, 'Slope': 6.852533292341072, 'Aspect': 293.8355143666714, 'TPI': -55.930599369085144}
DIAGNOSTIC - FINAL CALIBRATED PROB: 97.1%
DIAGNOSTIC - FINAL CALIBRATED PROB: 19.6%
  TerraClimate: pr=304.8mm, soil=1351.6mm
DIAGNOSTIC - SENSORS: {'LST': 14924.777777777777, 'NDVI': 0.81475, 'NDMI': 0.3491181433200836, 'Aerosol': 0.1, 'rain_list': [5.5, 2.1, 0.5, 9.0, 21.5, 14.7, 14.1, 19.9, 15.3, 0.9, 4.9, 3.0, 16.1, 8.8], 'pr': 304.78588056960393, 'soil': 1351.6371567609558, 'Slope': 6.368190687381713, 'Aspect': 150.48941077330903, 'TPI': -73.33753943217664}
  TerraClimate: pr=304.8mm, soil=1363.0mm
DIAGNOSTIC - SENSORS: {'LST': 14914.90909090909, 'NDVI': 0.7343, 'NDMI': 0.21658986806869507, 'Aerosol': 0.1, 'rain_list': [5.5, 2.1, 0.5, 9.0, 21.5, 14.7, 14.1, 19.9, 15.3, 0.9, 4.9, 3.0, 16.1, 8.8], 'pr': 304.84988365487106, 'soil': 1362.994402942246, 'Slope': 39.83168542956486, 'Aspect': 346.0167966722034, 'TPI': -27.95899053627761}
DIAGNOSTIC - FINAL CALIBRATED PROB: 90.5%
DIAGNOSTIC - FINAL CALIBRATED PROB: 18.6%
  TerraClimate: pr=303.5mm, soil=1314.9mm
DIAGNOSTIC - FINAL CALIBRATED PROB: 70.1%

[AREA SCAN] Started Center (29.7416, 80.8477)

[AREA SCAN] Started North (29.7551, 80.8477)

[AREA SCAN] Started South (29.7281, 80.8477)

[AREA SCAN] Started East (29.7416, 80.8612)

[AREA SCAN] Started West (29.7416, 80.8342)
  TerraClimate: pr=201.0mm, soil=1119.7mm
DIAGNOSTIC - SENSORS: {'LST': 14743.7, 'NDVI': 0.6350333333333333, 'NDMI': 0.23794712126255035, 'Aerosol': 0.1, 'rain_list': [3.3, 3.6, 0.9, 2.4, 14.1, 14.1, 8.5, 22.4, 7.0, 10.5, 8.9, 0.5, 10.2, 2.7], 'pr': 200.983840283055, 'soil': 1119.6834297246915, 'Slope': 45.07083795374276, 'Aspect': 222.02965065459114, 'TPI': 34.700315457413126}
  TerraClimate: pr=197.1mm, soil=1115.7mm
DIAGNOSTIC - SENSORS: {'LST': 14621.5, 'NDVI': 0.4319333333333333, 'NDMI': 0.3029480278491974, 'Aerosol': 0.1, 'rain_list': [3.3, 3.6, 0.9, 2.4, 14.1, 14.1, 8.5, 22.4, 7.0, 10.5, 8.9, 0.5, 10.2, 2.7], 'pr': 197.10956376844007, 'soil': 1115.7139289016325, 'Slope': 45.86095372894417, 'Aspect': 128.9275999201926, 'TPI': -83.17665615141959}
  TerraClimate: pr=200.5mm, soil=1123.5mm
127.0.0.1 - - [01/Jun/2026 15:29:06] "POST /predict_area HTTP/1.1" 200 -
127.0.0.1 - - [01/Jun/2026 15:29:27] "POST /predict_area HTTP/1.1" 200 -
127.0.0.1 - - [01/Jun/2026 15:29:33] "POST /predict_area HTTP/1.1" 200 -
DIAGNOSTIC - SENSORS: {'LST': 14771.75, 'NDVI': 0.5020666666666667, 'NDMI': 0.16432978212833405, 'Aerosol': 0.1, 'rain_list': [4.6, 2.9, 0.1, 1.1, 24.8, 23.2, 17.0, 14.6, 10.6, 12.3, 10.0, 0.6, 14.0, 2.3], 'pr': 200.4504893931129, 'soil': 1123.4576089029908, 'Slope': 41.88469365179026, 'Aspect': 196.91902423851033, 'TPI': -12.706624605678144}
  TerraClimate: pr=197.5mm, soil=1110.0mm
DIAGNOSTIC - SENSORS: {'LST': 14718.5, 'NDVI': 0.7354333333333333, 'NDMI': 0.28779396414756775, 'Aerosol': 0.1, 'rain_list': [4.6, 2.9, 0.1, 1.1, 24.8, 23.2, 17.0, 14.6, 10.6, 12.3, 10.0, 0.6, 14.0, 2.3], 'pr': 197.50380176293098, 'soil': 1110.0404742614146, 'Slope': 34.39499621493471, 'Aspect': 194.18980796437478, 'TPI': -61.533123028391174}
  TerraClimate: pr=199.2mm, soil=1117.9mm
DIAGNOSTIC - SENSORS: {'LST': 14739.125, 'NDVI': 0.5184666666666667, 'NDMI': 0.26779904961586, 'Aerosol': 0.1, 'rain_list': [7.1, 4.6, 3.0, 3.7, 15.7, 14.9, 16.5, 10.8, 6.2, 13.8, 3.1, 1.8, 15.2, 5.1], 'pr': 199.22648849706619, 'soil': 1117.9075878002743, 'Slope': 31.88815622518957, 'Aspect': 8.617114996222499, 'TPI': 39.94006309148244}
DIAGNOSTIC - FINAL CALIBRATED PROB: 0.1%
DIAGNOSTIC - FINAL CALIBRATED PROB: 72.3%
DIAGNOSTIC - FINAL CALIBRATED PROB: 96.4%
DIAGNOSTIC - FINAL CALIBRATED PROB: 0.5%
DIAGNOSTIC - FINAL CALIBRATED PROB: 1.7%

[AREA SCAN] Started Center (27.7468, 84.7599)

[AREA SCAN] Started North (27.7603, 84.7599)

[AREA SCAN] Started South (27.7333, 84.7599)

[AREA SCAN] Started East (27.7468, 84.7734)

[AREA SCAN] Started West (27.7468, 84.7464)
  TerraClimate: pr=448.4mm, soil=1342.4mm
DIAGNOSTIC - SENSORS: {'LST': 15054.416666666666, 'NDVI': 0.5083, 'NDMI': 0.2641741931438446, 'Aerosol': 0.1, 'rain_list': [2.5, 1.5, 3.7, 7.0, 9.1, 2.6, 24.5, 14.2, 17.1, 21.7, 13.0, 16.9, 15.7, 40.2], 'pr': 448.41154850157625, 'soil': 1342.4498566830314, 'Slope': 35.46974783919969, 'Aspect': 1.4710421821622017, 'TPI': -24.785488958990527}
  TerraClimate: pr=450.4mm, soil=1357.2mm
DIAGNOSTIC - SENSORS: {'LST': 14994.181818181818, 'NDVI': 0.5404, 'NDMI': 0.1653098464012146, 'Aerosol': 0.1, 'rain_list': [2.5, 1.5, 3.7, 7.0, 9.1, 2.6, 24.5, 14.2, 17.1, 21.7, 13.0, 16.9, 15.7, 40.2], 'pr': 450.42626832661443, 'soil': 1357.1868756555332, 'Slope': 29.2612133170011, 'Aspect': 305.29887441270785, 'TPI': 43.170347003154575}
DIAGNOSTIC - FINAL CALIBRATED PROB: 88.9%
DIAGNOSTIC - FINAL CALIBRATED PROB: 97.9%
  TerraClimate: pr=449.3mm, soil=1349.2mm
DIAGNOSTIC - SENSORS: {'LST': 15057.09090909091, 'NDVI': 0.62365, 'NDMI': 0.19088496267795563, 'Aerosol': 0.1, 'rain_list': [2.5, 1.5, 3.7, 7.0, 9.1, 2.6, 24.5, 14.2, 17.1, 21.7, 13.0, 16.9, 15.7, 40.2], 'pr': 449.332260136073, 'soil': 1349.1845622520914, 'Slope': 19.588645228965753, 'Aspect': 309.5571027905986, 'TPI': 15.760252365930569}
Flat terrain detected. Running Storm Hunter Catchment Scan...
  TerraClimate: pr=445.8mm, soil=1338.5mm
DIAGNOSTIC - SENSORS: {'LST': 15150.666666666666, 'NDVI': 0.558125, 'NDMI': 0.2619578540325165, 'Aerosol': 0.1, 'rain_list': [2.5, 1.5, 3.7, 7.0, 9.1, 2.6, 24.5, 14.2, 17.1, 21.7, 13.0, 16.9, 15.7, 40.2], 'pr': 445.84668117331285, 'soil': 1338.4921068348935, 'Slope': 37.056738579450155, 'Aspect': 337.19374994142396, 'TPI': -10.369085173501617}
  TerraClimate: pr=451.1mm, soil=1354.5mm
DIAGNOSTIC - SENSORS: {'LST': 14992.5, 'NDVI': 0.5994, 'NDMI': 0.16885897517204285, 'Aerosol': 0.1, 'rain_list': [2.5, 1.5, 3.7, 7.0, 9.1, 2.6, 24.5, 14.2, 17.1, 21.7, 13.0, 16.9, 15.7, 40.2], 'pr': 451.0750496174533, 'soil': 1354.5307899606917, 'Slope': 26.78516268677604, 'Aspect': 173.76039736697618, 'TPI': -16.709779179810766}
DIAGNOSTIC - FINAL CALIBRATED PROB: 89.4%
DIAGNOSTIC - FINAL CALIBRATED PROB: 87.5%
  TerraClimate: pr=433.6mm, soil=1301.1mm
DIAGNOSTIC - FINAL CALIBRATED PROB: 92.2%

[AREA SCAN] Started Center (29.0414, 81.8577)

[AREA SCAN] Started North (29.0549, 81.8577)

[AREA SCAN] Started South (29.0279, 81.8577)

[AREA SCAN] Started East (29.0414, 81.8712)

[AREA SCAN] Started West (29.0414, 81.8442)
  TerraClimate: pr=68.9mm, soil=1113.4mm
DIAGNOSTIC - SENSORS: {'LST': 14364.133333333333, 'NDVI': 0.391975, 'NDMI': 0.1551036685705185, 'Aerosol': 0.1, 'rain_list': [2.5, 1.7, 0.8, 0.0, 0.0, 0.1, 0.2, 0.0, 0.0, 0.1, 4.8, 74.4, 83.9, 4.2], 'pr': 68.90484739936626, 'soil': 1113.430173965604, 'Slope': 29.458553240222656, 'Aspect': 27.319086447154774, 'TPI': 45.03154574132486}
  TerraClimate: pr=68.3mm, soil=1106.3mm
DIAGNOSTIC - SENSORS: {'LST': 14373.8125, 'NDVI': 0.6838, 'NDMI': 0.26595377922058105, 'Aerosol': 0.1, 'rain_list': [2.5, 1.7, 0.8, 0.0, 0.0, 0.1, 0.2, 0.0, 0.0, 0.1, 4.8, 74.4, 83.9, 4.2], 'pr': 68.33245663459948, 'soil': 1106.2951117642833, 'Slope': 25.315689241671315, 'Aspect': 281.84866665488795, 'TPI': 63.34700315457394}
  TerraClimate: pr=68.8mm, soil=1108.7mm
DIAGNOSTIC - SENSORS: {'LST': 14346.5, 'NDVI': 0.75535, 'NDMI': 0.2160852700471878, 'Aerosol': 0.1, 'rain_list': [2.1, 2.2, 0.9, 0.2, 0.4, 0.7, 1.1, 0.8, 0.5, 1.0, 3.6, 66.7, 73.8, 4.5], 'pr': 68.76569100028773, 'soil': 1108.7367614827488, 'Slope': 37.65106340636823, 'Aspect': 59.76439277679033, 'TPI': -40.13564668769732}
  TerraClimate: pr=69.3mm, soil=1118.5mm
DIAGNOSTIC - SENSORS: {'LST': 14399.875, 'NDVI': 0.62995, 'NDMI': 0.2507530152797699, 'Aerosol': 0.1, 'rain_list': [2.1, 2.2, 0.9, 0.2, 0.4, 0.7, 1.1, 0.8, 0.5, 1.0, 3.6, 66.7, 73.8, 4.5], 'pr': 69.31369794562828, 'soil': 1118.5266469665476, 'Slope': 23.523180438190266, 'Aspect': 194.78449403353406, 'TPI': 33.77287066246072}
  TerraClimate: pr=69.1mm, soil=1120.1mm
DIAGNOSTIC - SENSORS: {'LST': 14448.0, 'NDVI': 0.4951, 'NDMI': 0.25211337208747864, 'Aerosol': 0.1, 'rain_list': [2.5, 1.7, 0.8, 0.0, 0.0, 0.1, 0.2, 0.0, 0.0, 0.1, 4.8, 74.4, 83.9, 4.2], 'pr': 69.10702155531239, 'soil': 1120.0720467869078, 'Slope': 38.85606000301973, 'Aspect': 285.1419938262968, 'TPI': -15.574132492113677}
DIAGNOSTIC - FINAL CALIBRATED PROB: 0.0%
DIAGNOSTIC - FINAL CALIBRATED PROB: 0.0%
DIAGNOSTIC - FINAL CALIBRATED PROB: 1.4%
DIAGNOSTIC - FINAL CALIBRATED PROB: 87.3%
DIAGNOSTIC - FINAL CALIBRATED PROB: 2.3%

[AREA SCAN] Started Center (27.9014, 84.2274)

[AREA SCAN] Started North (27.9149, 84.2274)

[AREA SCAN] Started South (27.8879, 84.2274)

[AREA SCAN] Started East (27.9014, 84.2409)

[AREA SCAN] Started West (27.9014, 84.2139)
  TerraClimate: pr=570.9mm, soil=1424.0mm
DIAGNOSTIC - SENSORS: {'LST': 15078.5, 'NDVI': 0.5019, 'NDMI': 0.2632870078086853, 'Aerosol': 0.1, 'rain_list': [7.6, 26.5, 1.6, 3.9, 37.4, 38.0, 95.4, 57.3, 20.3, 18.7, 11.8, 13.6, 17.9, 9.6], 'pr': 570.8685410592011, 'soil': 1424.0342088678156, 'Slope': 24.270279346916507, 'Aspect': 226.98968432687417, 'TPI': 19.97791798107255}
  TerraClimate: pr=571.3mm, soil=1423.3mm
DIAGNOSTIC - SENSORS: {'LST': 15078.5, 'NDVI': 0.551875, 'NDMI': 0.2572341561317444, 'Aerosol': 0.1, 'rain_list': [7.6, 26.5, 1.6, 3.9, 37.4, 38.0, 95.4, 57.3, 20.3, 18.7, 11.8, 13.6, 17.9, 9.6], 'pr': 571.295154584931, 'soil': 1423.3283562340991, 'Slope': 18.59603475627202, 'Aspect': 344.20463746366005, 'TPI': -39.867507886435305}
  TerraClimate: pr=569.1mm, soil=1415.6mm
DIAGNOSTIC - SENSORS: {'LST': 15200.0, 'NDVI': 0.616825, 'NDMI': 0.2875120937824249, 'Aerosol': 0.1, 'rain_list': [7.6, 26.5, 1.6, 3.9, 37.4, 38.0, 95.4, 57.3, 20.3, 18.7, 11.8, 13.6, 17.9, 9.6], 'pr': 569.1186277125429, 'soil': 1415.5915858243163, 'Slope': 24.81677042568179, 'Aspect': 11.424750487449074, 'TPI': -9.725552050473198}
  TerraClimate: pr=570.2mm, soil=1425.1mm
DIAGNOSTIC - SENSORS: {'LST': 15072.333333333334, 'NDVI': 0.631075, 'NDMI': 0.3227461576461792, 'Aerosol': 0.1, 'rain_list': [7.6, 26.5, 1.6, 3.9, 37.4, 38.0, 95.4, 57.3, 20.3, 18.7, 11.8, 13.6, 17.9, 9.6], 'pr': 570.2480122945034, 'soil': 1425.0609036077672, 'Slope': 23.925871871239618, 'Aspect': 51.66560772028736, 'TPI': 3.167192429022066}
DIAGNOSTIC - FINAL CALIBRATED PROB: 42.5%
Flat terrain detected. Running Storm Hunter Catchment Scan...
  TerraClimate: pr=572.6mm, soil=1432.5mm
127.0.0.1 - - [01/Jun/2026 15:29:50] "POST /predict_area HTTP/1.1" 200 -
127.0.0.1 - - [01/Jun/2026 15:29:58] "POST /predict_area HTTP/1.1" 200 -
127.0.0.1 - - [01/Jun/2026 15:30:15] "POST /predict_area HTTP/1.1" 200 -
127.0.0.1 - - [01/Jun/2026 15:30:32] "POST /predict_area HTTP/1.1" 200 -
DIAGNOSTIC - SENSORS: {'LST': 15092.0, 'NDVI': 0.6965, 'NDMI': 0.34014394879341125, 'Aerosol': 0.1, 'rain_list': [7.6, 26.5, 1.6, 3.9, 37.4, 38.0, 95.4, 57.3, 20.3, 18.7, 11.8, 13.6, 17.9, 9.6], 'pr': 572.6184544058589, 'soil': 1432.476831911313, 'Slope': 24.099240808780305, 'Aspect': 244.26089283457185, 'TPI': 46.07886435331227}
DIAGNOSTIC - FINAL CALIBRATED PROB: 63.4%
DIAGNOSTIC - FINAL CALIBRATED PROB: 44.1%
DIAGNOSTIC - FINAL CALIBRATED PROB: 43.6%
  TerraClimate: pr=561.0mm, soil=1374.1mm
DIAGNOSTIC - FINAL CALIBRATED PROB: 74.9%

[AREA SCAN] Started Center (29.1588, 81.6696)

[AREA SCAN] Started North (29.1723, 81.6696)

[AREA SCAN] Started South (29.1453, 81.6696)

[AREA SCAN] Started East (29.1588, 81.6831)

[AREA SCAN] Started West (29.1588, 81.6561)
  TerraClimate: pr=192.1mm, soil=1038.3mm
DIAGNOSTIC - SENSORS: {'LST': 14735.0, 'NDVI': 0.8013666666666667, 'NDMI': 0.2646256387233734, 'Aerosol': 0.1, 'rain_list': [6.7, 7.3, 42.3, 21.8, 6.4, 7.3, 9.3, 3.2, 19.9, 6.7, 6.5, 14.8, 53.3, 2.7], 'pr': 192.12518159588805, 'soil': 1038.2599838520464, 'Slope': 43.7651751617478, 'Aspect': 307.47650741973484, 'TPI': 28.558359621451018}
  TerraClimate: pr=195.1mm, soil=1046.1mm
DIAGNOSTIC - SENSORS: {'LST': 14775.8, 'NDVI': 0.616, 'NDMI': 0.1857042759656906, 'Aerosol': 0.1, 'rain_list': [4.1, 4.5, 11.3, 25.0, 11.9, 10.8, 10.0, 3.7, 29.6, 4.2, 4.1, 10.6, 68.3, 3.7], 'pr': 195.05706053794557, 'soil': 1046.0528356568334, 'Slope': 34.068946612522424, 'Aspect': 191.06082082734645, 'TPI': -69.21766561514187}
  TerraClimate: pr=193.6mm, soil=1039.9mm
DIAGNOSTIC - SENSORS: {'LST': 14661.9375, 'NDVI': 0.6997333333333333, 'NDMI': 0.2923116087913513, 'Aerosol': 0.1, 'rain_list': [9.2, 9.9, 22.3, 6.8, 4.2, 20.7, 10.6, 7.2, 23.6, 10.5, 9.1, 12.9, 75.9, 18.5], 'pr': 193.64719116199126, 'soil': 1039.861795784689, 'Slope': 32.43574134358966, 'Aspect': 118.94576190959206, 'TPI': -17.372239747634012}
DIAGNOSTIC - FINAL CALIBRATED PROB: 89.8%
  TerraClimate: pr=193.6mm, soil=1042.2mm
DIAGNOSTIC - SENSORS: {'LST': 14699.466666666667, 'NDVI': 0.6816, 'NDMI': 0.2124035507440567, 'Aerosol': 0.1, 'rain_list': [4.1, 4.5, 11.3, 25.0, 11.9, 10.8, 10.0, 3.7, 29.6, 4.2, 4.1, 10.6, 68.3, 3.7], 'pr': 193.59112106691677, 'soil': 1042.15640975444, 'Slope': 45.46717670305251, 'Aspect': 335.1999727797131, 'TPI': -22.97791798107255}
DIAGNOSTIC - FINAL CALIBRATED PROB: 1.5%
DIAGNOSTIC - FINAL CALIBRATED PROB: 74.7%
  TerraClimate: pr=193.5mm, soil=1044.9mm
DIAGNOSTIC - SENSORS: {'LST': 14788.0, 'NDVI': 0.7736, 'NDMI': 0.31285202503204346, 'Aerosol': 0.1, 'rain_list': [4.1, 4.5, 11.3, 25.0, 11.9, 10.8, 10.0, 3.7, 29.6, 4.2, 4.1, 10.6, 68.3, 3.7], 'pr': 193.52360809529657, 'soil': 1044.9193122894458, 'Slope': 40.18871338685365, 'Aspect': 241.37451138628194, 'TPI': 26.766561514195473}
DIAGNOSTIC - FINAL CALIBRATED PROB: 96.9%
DIAGNOSTIC - FINAL CALIBRATED PROB: 95.4%

[AREA SCAN] Started Center (29.4577, 81.2132)

[AREA SCAN] Started North (29.4712, 81.2132)

[AREA SCAN] Started South (29.4442, 81.2132)

[AREA SCAN] Started East (29.4577, 81.2267)

[AREA SCAN] Started West (29.4577, 81.1997)
  TerraClimate: pr=98.6mm, soil=1058.8mm
DIAGNOSTIC - SENSORS: {'LST': 14605.5, 'NDVI': 0.6537, 'NDMI': 0.242562934756279, 'Aerosol': 0.1, 'rain_list': [0.4, 2.0, 1.3, 0.1, 0.0, 0.0, 0.2, 0.0, 0.0, 0.0, 1.8, 139.9, 160.6, 12.7], 'pr': 98.60323825975567, 'soil': 1058.8205470944295, 'Slope': 48.63057396815663, 'Aspect': 246.47365769181044, 'TPI': 6.921135646687617}
  TerraClimate: pr=98.6mm, soil=1051.6mm
DIAGNOSTIC - SENSORS: {'LST': 14519.052631578947, 'NDVI': 0.606, 'NDMI': 0.2688713073730469, 'Aerosol': 0.1, 'rain_list': [0.4, 2.0, 1.3, 0.1, 0.0, 0.0, 0.2, 0.0, 0.0, 0.0, 1.8, 139.9, 160.6, 12.7], 'pr': 98.64114453819144, 'soil': 1051.6427114645714, 'Slope': 41.05044755287329, 'Aspect': 165.15413225835388, 'TPI': -22.479495268138635}
DIAGNOSTIC - FINAL CALIBRATED PROB: 96.2%
  TerraClimate: pr=98.5mm, soil=1073.2mm
DIAGNOSTIC - SENSORS: {'LST': 14871.6, 'NDVI': 0.7469, 'NDMI': 0.20092521607875824, 'Aerosol': 0.1, 'rain_list': [0.4, 2.0, 1.3, 0.1, 0.0, 0.0, 0.2, 0.0, 0.0, 0.0, 1.8, 139.9, 160.6, 12.7], 'pr': 98.52742570288413, 'soil': 1073.1762183541423, 'Slope': 18.04990942397507, 'Aspect': 173.44928698090573, 'TPI': -5.220820189274491}
DIAGNOSTIC - FINAL CALIBRATED PROB: 82.0%
  TerraClimate: pr=96.7mm, soil=1056.4mm
DIAGNOSTIC - SENSORS: {'LST': 14545.125, 'NDVI': 0.747825, 'NDMI': 0.19956757128238678, 'Aerosol': 0.1, 'rain_list': [0.4, 2.0, 1.3, 0.1, 0.0, 0.0, 0.2, 0.0, 0.0, 0.0, 1.8, 139.9, 160.6, 12.7], 'pr': 96.67995454063548, 'soil': 1056.3917691623055, 'Slope': 36.07602378097478, 'Aspect': 212.40267009583823, 'TPI': 70.57097791798105}
Flat terrain detected. Running Storm Hunter Catchment Scan...
  TerraClimate: pr=100.1mm, soil=1060.7mm
DIAGNOSTIC - SENSORS: {'LST': 14682.285714285714, 'NDVI': 0.7873, 'NDMI': 0.25815504789352417, 'Aerosol': 0.1, 'rain_list': [0.0, 1.5, 0.4, 0.0, 0.0, 0.0, 0.3, 0.0, 0.0, 0.0, 1.1, 124.3, 153.6, 8.8], 'pr': 100.06835248614861, 'soil': 1060.6707354289574, 'Slope': 33.74031465637745, 'Aspect': 157.06565488395293, 'TPI': 35.89589905362777}
DIAGNOSTIC - FINAL CALIBRATED PROB: 99.4%
DIAGNOSTIC - FINAL CALIBRATED PROB: 99.0%
  TerraClimate: pr=106.2mm, soil=1033.3mm
DIAGNOSTIC - FINAL CALIBRATED PROB: 96.7%

[AREA SCAN] Started Center (27.7003, 84.0655)

[AREA SCAN] Started North (27.7138, 84.0655)

[AREA SCAN] Started South (27.6868, 84.0655)

[AREA SCAN] Started East (27.7003, 84.0790)

[AREA SCAN] Started West (27.7003, 84.0520)
  TerraClimate: pr=264.3mm, soil=1560.0mm
DIAGNOSTIC - SENSORS: {'LST': 15079.0, 'NDVI': 0.611975, 'NDMI': 0.24004638195037842, 'Aerosol': 0.1, 'rain_list': [1.7, 13.8, 8.2, 7.4, 32.8, 16.5, 32.6, 6.8, 7.3, 3.4, 3.9, 6.1, 2.6, 5.1], 'pr': 264.3490363755678, 'soil': 1560.0405645004462, 'Slope': 12.139307168842453, 'Aspect': 301.78955684421265, 'TPI': 6.684542586750808}
  TerraClimate: pr=264.6mm, soil=1561.0mm
DIAGNOSTIC - SENSORS: {'LST': 15035.0, 'NDVI': 0.687625, 'NDMI': 0.3147221505641937, 'Aerosol': 0.1, 'rain_list': [0.0, 11.7, 8.3, 12.4, 34.9, 19.7, 41.9, 7.3, 0.3, 8.2, 0.3, 6.6, 1.1, 9.0], 'pr': 264.62457345507266, 'soil': 1560.9699913460527, 'Slope': 18.721739029775772, 'Aspect': 256.18279145914346, 'TPI': 20.70977917981071}
  TerraClimate: pr=265.0mm, soil=1562.2mm
DIAGNOSTIC - SENSORS: {'LST': 15051.0, 'NDVI': 0.7378, 'NDMI': 0.30796563625335693, 'Aerosol': 0.1, 'rain_list': [0.0, 11.7, 8.3, 12.4, 34.9, 19.7, 41.9, 7.3, 0.3, 8.2, 0.3, 6.6, 1.1, 9.0], 'pr': 265.00114079706276, 'soil': 1562.2402080350487, 'Slope': 18.178564285151094, 'Aspect': 189.6155549739313, 'TPI': 1.9810725552050599}
  TerraClimate: pr=265.4mm, soil=1568.3mm
DIAGNOSTIC - SENSORS: {'LST': 15079.5, 'NDVI': 0.8277, 'NDMI': 0.37522080540657043, 'Aerosol': 0.1, 'rain_list': [0.0, 11.7, 8.3, 12.4, 34.9, 19.7, 41.9, 7.3, 0.3, 8.2, 0.3, 6.6, 1.1, 9.0], 'pr': 265.4341914638341, 'soil': 1568.2767350998267, 'Slope': 7.519474792454804, 'Aspect': 284.19793255834605, 'TPI': -7.712933753943219}
  TerraClimate: pr=263.5mm, soil=1550.8mm
DIAGNOSTIC - SENSORS: {'LST': 15009.333333333334, 'NDVI': 0.85825, 'NDMI': 0.3612167239189148, 'Aerosol': 0.1, 'rain_list': [1.7, 13.8, 8.2, 7.4, 32.8, 16.5, 32.6, 6.8, 7.3, 3.4, 3.9, 6.1, 2.6, 5.1], 'pr': 263.49656335343576, 'soil': 1550.7898324458183, 'Slope': 17.059415957230236, 'Aspect': 212.43146531855868, 'TPI': 29.690851735015826}
Flat terrain detected. Running Storm Hunter Catchment Scan...
Flat terrain detected. Running Storm Hunter Catchment Scan...
DIAGNOSTIC - FINAL CALIBRATED PROB: 0.0%
Flat terrain detected. Running Storm Hunter Catchment Scan...
Flat terrain detected. Running Storm Hunter Catchment Scan...
  TerraClimate: pr=261.3mm, soil=1523.9mm
DIAGNOSTIC - FINAL CALIBRATED PROB: 0.0%
  TerraClimate: pr=257.8mm, soil=1499.8mm
DIAGNOSTIC - FINAL CALIBRATED PROB: 0.2%
  TerraClimate: pr=258.8mm, soil=1508.5mm
DIAGNOSTIC - FINAL CALIBRATED PROB: 0.0%
  TerraClimate: pr=259.2mm, soil=1509.7mm
DIAGNOSTIC - FINAL CALIBRATED PROB: 90.5%

[AREA SCAN] Started Center (29.6867, 81.2785)

[AREA SCAN] Started North (29.7002, 81.2785)

[AREA SCAN] Started South (29.6732, 81.2785)

[AREA SCAN] Started East (29.6867, 81.2920)
127.0.0.1 - - [01/Jun/2026 15:30:46] "POST /predict_area HTTP/1.1" 200 -
127.0.0.1 - - [01/Jun/2026 15:31:06] "POST /predict_area HTTP/1.1" 200 -
127.0.0.1 - - [01/Jun/2026 15:31:25] "POST /predict_area HTTP/1.1" 200 -

[AREA SCAN] Started West (29.6867, 81.2650)
  TerraClimate: pr=153.7mm, soil=793.3mm
DIAGNOSTIC - SENSORS: {'LST': 14752.714285714286, 'NDVI': 0.48835, 'NDMI': 0.5037593841552734, 'Aerosol': 0.1, 'rain_list': [2.6, 7.3, 2.7, 1.5, 0.6, 8.6, 9.2, 2.9, 3.4, 28.3, 46.4, 31.0, 61.7, 36.3], 'pr': 153.65738097223124, 'soil': 793.3244427792594, 'Slope': 43.621636337149845, 'Aspect': 148.13553450019418, 'TPI': 57.126182965299904}
DIAGNOSTIC - FINAL CALIBRATED PROB: 97.7%
  TerraClimate: pr=154.3mm, soil=794.5mm
DIAGNOSTIC - SENSORS: {'LST': 14725.92857142857, 'NDVI': 0.5209, 'NDMI': 0.5144243836402893, 'Aerosol': 0.1, 'rain_list': [4.9, 26.6, 4.0, 0.9, 3.0, 8.8, 26.4, 31.1, 19.5, 34.1, 41.5, 19.5, 64.8, 26.3], 'pr': 154.29322574755113, 'soil': 794.4508108878757, 'Slope': 16.99058632659437, 'Aspect': 222.1231246117747, 'TPI': -50.87697160883272}
  TerraClimate: pr=152.4mm, soil=791.1mm
DIAGNOSTIC - SENSORS: {'LST': 14682.5, 'NDVI': 0.513725, 'NDMI': 0.49245357513427734, 'Aerosol': 0.1, 'rain_list': [4.9, 26.6, 4.0, 0.9, 3.0, 8.8, 26.4, 31.1, 19.5, 34.1, 41.5, 19.5, 64.8, 26.3], 'pr': 152.38569142159164, 'soil': 791.0717065620267, 'Slope': 32.338654986615914, 'Aspect': 65.85212793725616, 'TPI': -39.29652996845425}
  TerraClimate: pr=155.3mm, soil=797.7mm
DIAGNOSTIC - SENSORS: {'LST': 14673.785714285714, 'NDVI': 0.42555, 'NDMI': 0.4987170696258545, 'Aerosol': 0.1, 'rain_list': [6.1, 24.9, 5.6, 0.1, 0.7, 2.6, 11.0, 18.5, 19.4, 32.2, 46.1, 23.8, 75.7, 37.1], 'pr': 155.31187025478096, 'soil': 797.7437467728656, 'Slope': 36.87205141877956, 'Aspect': 24.981503933438006, 'TPI': 33.56466876971626}
  TerraClimate: pr=151.5mm, soil=787.4mm
DIAGNOSTIC - SENSORS: {'LST': 14824.42857142857, 'NDVI': 0.47255, 'NDMI': 0.5007932186126709, 'Aerosol': 0.1, 'rain_list': [5.4, 5.2, 1.1, 2.1, 4.6, 5.2, 10.1, 7.4, 3.3, 30.8, 42.6, 31.7, 51.4, 29.8], 'pr': 151.4572622454336, 'soil': 787.447708745201, 'Slope': 24.45542570688304, 'Aspect': 184.70030028734595, 'TPI': 45.00315457413262}
DIAGNOSTIC - FINAL CALIBRATED PROB: 89.8%
DIAGNOSTIC - FINAL CALIBRATED PROB: 91.2%
Flat terrain detected. Running Storm Hunter Catchment Scan...
DIAGNOSTIC - FINAL CALIBRATED PROB: 19.6%
  TerraClimate: pr=148.7mm, soil=784.6mm
DIAGNOSTIC - FINAL CALIBRATED PROB: 81.6%

[AREA SCAN] Started Center (28.0613, 84.0473)

[AREA SCAN] Started North (28.0748, 84.0473)

[AREA SCAN] Started South (28.0478, 84.0473)

[AREA SCAN] Started East (28.0613, 84.0608)

[AREA SCAN] Started West (28.0613, 84.0338)
  TerraClimate: pr=441.2mm, soil=1322.3mm
DIAGNOSTIC - SENSORS: {'LST': 15155.285714285714, 'NDVI': 0.627625, 'NDMI': 0.2463454306125641, 'Aerosol': 0.1, 'rain_list': [18.9, 11.5, 17.5, 7.7, 23.6, 13.1, 7.4, 10.8, 21.7, 1.3, 9.0, 20.3, 37.1, 158.5], 'pr': 441.2341323313723, 'soil': 1322.3307382684914, 'Slope': 5.078190464133264, 'Aspect': 204.3814183702474, 'TPI': -9.630914826498383}
  TerraClimate: pr=440.4mm, soil=1315.5mm
DIAGNOSTIC - SENSORS: {'LST': 15170.666666666666, 'NDVI': 0.68865, 'NDMI': 0.2668881416320801, 'Aerosol': 0.1, 'rain_list': [14.4, 9.8, 15.3, 5.9, 26.6, 27.4, 14.1, 10.4, 18.1, 1.0, 7.5, 24.8, 54.6, 207.1], 'pr': 440.3902331298971, 'soil': 1315.495175082452, 'Slope': 33.429627752436716, 'Aspect': 11.216953775192469, 'TPI': 53.113564668769754}
  TerraClimate: pr=440.8mm, soil=1317.3mm
DIAGNOSTIC - SENSORS: {'LST': 15068.25, 'NDVI': 0.70615, 'NDMI': 0.22931361198425293, 'Aerosol': 0.1, 'rain_list': [12.2, 9.4, 12.7, 5.0, 28.3, 43.4, 34.6, 22.4, 16.2, 11.0, 13.4, 34.8, 45.9, 122.9], 'pr': 440.83860010543515, 'soil': 1317.314994623691, 'Slope': 12.622847099368009, 'Aspect': 244.29694676476285, 'TPI': 16.747634069400647}
DIAGNOSTIC - FINAL CALIBRATED PROB: 61.5%
  TerraClimate: pr=440.6mm, soil=1316.3mm
DIAGNOSTIC - SENSORS: {'LST': 15131.222222222223, 'NDVI': 0.7952, 'NDMI': 0.27851220965385437, 'Aerosol': 0.1, 'rain_list': [14.4, 9.8, 15.3, 5.9, 26.6, 27.4, 14.1, 10.4, 18.1, 1.0, 7.5, 24.8, 54.6, 207.1], 'pr': 440.585998992456, 'soil': 1316.2897441779226, 'Slope': 30.243124931021686, 'Aspect': 58.16058051882607, 'TPI': -23.785488958990527}
DIAGNOSTIC - FINAL CALIBRATED PROB: 97.1%
Flat terrain detected. Running Storm Hunter Catchment Scan...
DIAGNOSTIC - FINAL CALIBRATED PROB: 87.3%
  TerraClimate: pr=439.3mm, soil=1304.2mm
DIAGNOSTIC - SENSORS: {'LST': 15164.625, 'NDVI': 0.761825, 'NDMI': 0.3101879954338074, 'Aerosol': 0.1, 'rain_list': [14.4, 9.8, 15.3, 5.9, 26.6, 27.4, 14.1, 10.4, 18.1, 1.0, 7.5, 24.8, 54.6, 207.1], 'pr': 439.2897323146237, 'soil': 1304.2077559967877, 'Slope': 19.56883323637128, 'Aspect': 335.6131248479462, 'TPI': -21.593059936908503}
Flat terrain detected. Running Storm Hunter Catchment Scan...
  TerraClimate: pr=435.0mm, soil=1270.9mm
DIAGNOSTIC - FINAL CALIBRATED PROB: 96.0%
  TerraClimate: pr=433.6mm, soil=1251.3mm
DIAGNOSTIC - FINAL CALIBRATED PROB: 83.8%

[AREA SCAN] Started Center (29.6033, 80.7018)

[AREA SCAN] Started North (29.6168, 80.7018)

[AREA SCAN] Started South (29.5898, 80.7018)

[AREA SCAN] Started East (29.6033, 80.7153)

[AREA SCAN] Started West (29.6033, 80.6883)
  TerraClimate: pr=172.4mm, soil=674.2mm
DIAGNOSTIC - SENSORS: {'LST': 15007.761904761905, 'NDVI': 0.4232, 'NDMI': 0.04358452185988426, 'Aerosol': 0.1, 'rain_list': [0.2, 0.4, 1.6, 1.9, 0.9, 2.5, 1.6, 0.0, 0.0, 0.0, 0.0, 0.5, 25.3, 37.4], 'pr': 172.42748441855701, 'soil': 674.190994105902, 'Slope': 20.51464792353512, 'Aspect': 185.71122360423135, 'TPI': -17.22712933753951}
  TerraClimate: pr=170.3mm, soil=668.8mm
DIAGNOSTIC - SENSORS: {'LST': 15061.166666666666, 'NDVI': 0.5247, 'NDMI': 0.09477841109037399, 'Aerosol': 0.1, 'rain_list': [0.2, 0.4, 1.6, 1.9, 0.9, 2.5, 1.6, 0.0, 0.0, 0.0, 0.0, 0.5, 25.3, 37.4], 'pr': 170.3309681197483, 'soil': 668.7774679071814, 'Slope': 16.738463169195043, 'Aspect': 14.336962953725111, 'TPI': -60.87066246056793}
DIAGNOSTIC - FINAL CALIBRATED PROB: 59.5%
  TerraClimate: pr=174.3mm, soil=675.6mm
DIAGNOSTIC - SENSORS: {'LST': 15071.421052631578, 'NDVI': 0.494775, 'NDMI': 0.05731814354658127, 'Aerosol': 0.1, 'rain_list': [0.2, 0.4, 1.6, 1.9, 0.9, 2.5, 1.6, 0.0, 0.0, 0.0, 0.0, 0.5, 25.3, 37.4], 'pr': 174.29489844028808, 'soil': 675.6049415126321, 'Slope': 20.07139532232313, 'Aspect': 66.50099336863424, 'TPI': 6.003154574132395}
Flat terrain detected. Running Storm Hunter Catchment Scan...
  TerraClimate: pr=173.8mm, soil=677.7mm
DIAGNOSTIC - SENSORS: {'LST': 15061.444444444445, 'NDVI': 0.55315, 'NDMI': 0.1085854172706604, 'Aerosol': 0.1, 'rain_list': [0.2, 0.4, 1.6, 1.9, 0.9, 2.5, 1.6, 0.0, 0.0, 0.0, 0.0, 0.5, 25.3, 37.4], 'pr': 173.79888981702408, 'soil': 677.7321728975414, 'Slope': 25.97534246071781, 'Aspect': 344.48443832632177, 'TPI': 16.283911671924216}
  TerraClimate: pr=171.1mm, soil=673.2mm
DIAGNOSTIC - SENSORS: {'LST': 15037.631578947368, 'NDVI': 0.413875, 'NDMI': 0.027935221791267395, 'Aerosol': 0.1, 'rain_list': [0.9, 0.3, 0.9, 1.4, 1.9, 4.5, 0.7, 0.0, 0.3, 0.0, 0.0, 1.5, 24.2, 37.1], 'pr': 171.09361726017752, 'soil': 673.1810316725231, 'Slope': 2.13276868061727, 'Aspect': 90, 'TPI': 18.517350157728742}
DIAGNOSTIC - FINAL CALIBRATED PROB: 84.4%
DIAGNOSTIC - FINAL CALIBRATED PROB: 60.1%
DIAGNOSTIC - FINAL CALIBRATED PROB: 6.7%
  TerraClimate: pr=156.1mm, soil=645.9mm
DIAGNOSTIC - FINAL CALIBRATED PROB: 39.9%

[AREA SCAN] Started Center (27.6768, 84.4359)

[AREA SCAN] Started North (27.6903, 84.4359)

[AREA SCAN] Started South (27.6633, 84.4359)

[AREA SCAN] Started East (27.6768, 84.4494)

[AREA SCAN] Started West (27.6768, 84.4224)
  TerraClimate: pr=326.8mm, soil=1542.0mm
DIAGNOSTIC - SENSORS: {'LST': 15476.0, 'NDVI': 0.428925, 'NDMI': 0.14394807815551758, 'Aerosol': 0.1, 'rain_list': [2.9, 6.1, 0.1, 1.7, 1.3, 4.0, 5.9, 4.9, 0.4, 11.8, 34.2, 2.6, 11.6, 14.8], 'pr': 326.8167461506512, 'soil': 1541.983194866618, 'Slope': 3.704791833671086, 'Aspect': 180, 'TPI': -0.608832807570991}
  TerraClimate: pr=327.8mm, soil=1550.7mm
DIAGNOSTIC - SENSORS: {'LST': 15433.5, 'NDVI': 0.54195, 'NDMI': 0.16502343118190765, 'Aerosol': 0.1, 'rain_list': [2.9, 6.1, 0.1, 1.7, 1.3, 4.0, 5.9, 4.9, 0.4, 11.8, 34.2, 2.6, 11.6, 14.8], 'pr': 327.8044066237097, 'soil': 1550.7132785400868, 'Slope': 2.2893500941670495, 'Aspect': 113.88594034230822, 'TPI': -1.4794952681388054}
127.0.0.1 - - [01/Jun/2026 15:31:31] "POST /predict_area HTTP/1.1" 200 -
127.0.0.1 - - [01/Jun/2026 15:31:48] "POST /predict_area HTTP/1.1" 200 -
127.0.0.1 - - [01/Jun/2026 15:32:04] "POST /predict_area HTTP/1.1" 200 -
  TerraClimate: pr=325.8mm, soil=1533.3mm
DIAGNOSTIC - SENSORS: {'LST': 15395.0, 'NDVI': 0.49175, 'NDMI': 0.17893797159194946, 'Aerosol': 0.1, 'rain_list': [2.9, 6.1, 0.1, 1.7, 1.3, 4.0, 5.9, 4.9, 0.4, 11.8, 34.2, 2.6, 11.6, 14.8], 'pr': 325.8290856775925, 'soil': 1533.2531111931469, 'Slope': 1.3987922646273636, 'Aspect': 48.47599369619843, 'TPI': -0.8391167192428952}
  TerraClimate: pr=327.2mm, soil=1541.0mm
DIAGNOSTIC - SENSORS: {'LST': 15475.0, 'NDVI': 0.4858, 'NDMI': 0.15710723400115967, 'Aerosol': 0.1, 'rain_list': [2.9, 6.1, 0.1, 1.7, 1.3, 4.0, 5.9, 4.9, 0.4, 11.8, 34.2, 2.6, 11.6, 14.8], 'pr': 327.2163522940812, 'soil': 1541.0155203906647, 'Slope': 2.0937180859720588, 'Aspect': 270, 'TPI': -1.7570977917981168}
  TerraClimate: pr=326.3mm, soil=1543.3mm
DIAGNOSTIC - SENSORS: {'LST': 15411.0, 'NDVI': 0.580125, 'NDMI': 0.15508955717086792, 'Aerosol': 0.1, 'rain_list': [2.9, 6.1, 0.1, 1.7, 1.3, 4.0, 5.9, 4.9, 0.4, 11.8, 34.2, 2.6, 11.6, 14.8], 'pr': 326.26047623508106, 'soil': 1543.3302417223485, 'Slope': 1.3986965857811609, 'Aspect': 228.4725217397879, 'TPI': 1.0851735015772874}
DIAGNOSTIC - FINAL CALIBRATED PROB: 18.3%
DIAGNOSTIC - FINAL CALIBRATED PROB: 8.2%
DIAGNOSTIC - FINAL CALIBRATED PROB: 5.7%
DIAGNOSTIC - FINAL CALIBRATED PROB: 4.4%
DIAGNOSTIC - FINAL CALIBRATED PROB: 3.7%

[AREA SCAN] Started Center (28.3102, 83.7188)

[AREA SCAN] Started North (28.3237, 83.7188)

[AREA SCAN] Started South (28.2967, 83.7188)

[AREA SCAN] Started East (28.3102, 83.7323)

[AREA SCAN] Started West (28.3102, 83.7053)
  TerraClimate: pr=275.1mm, soil=1188.6mm
DIAGNOSTIC - SENSORS: {'LST': 14975.777777777777, 'NDVI': 0.8732, 'NDMI': 0.30448275804519653, 'Aerosol': 0.1, 'rain_list': [10.8, 24.9, 13.6, 2.8, 5.4, 3.0, 7.9, 1.9, 1.7, 26.3, 38.5, 4.3, 4.6, 29.1], 'pr': 275.10913075538866, 'soil': 1188.615201729635, 'Slope': 30.156756025375984, 'Aspect': 192.79716518801777, 'TPI': 20.580441640378467}
  TerraClimate: pr=274.0mm, soil=1170.6mm
DIAGNOSTIC - SENSORS: {'LST': 14795.75, 'NDVI': 0.6937, 'NDMI': 0.33963602781295776, 'Aerosol': 0.1, 'rain_list': [13.1, 7.0, 3.7, 1.5, 4.3, 5.5, 3.1, 2.7, 6.4, 39.0, 49.8, 8.6, 13.4, 54.1], 'pr': 273.966603210144, 'soil': 1170.5740157309233, 'Slope': 34.6146850958816, 'Aspect': 20.26414134858333, 'TPI': -6.498422712933916}
  TerraClimate: pr=274.5mm, soil=1179.6mm
DIAGNOSTIC - SENSORS: {'LST': 14840.0, 'NDVI': 0.71765, 'NDMI': 0.29543834924697876, 'Aerosol': 0.1, 'rain_list': [13.1, 7.0, 3.7, 1.5, 4.3, 5.5, 3.1, 2.7, 6.4, 39.0, 49.8, 8.6, 13.4, 54.1], 'pr': 274.53786698276633, 'soil': 1179.594608730279, 'Slope': 30.800448266064514, 'Aspect': 233.3157583971922, 'TPI': -33.646687697160814}
  TerraClimate: pr=274.7mm, soil=1178.7mm
DIAGNOSTIC - SENSORS: {'LST': 14702.6, 'NDVI': 0.642175, 'NDMI': 0.31417372822761536, 'Aerosol': 0.1, 'rain_list': [13.1, 7.0, 3.7, 1.5, 4.3, 5.5, 3.1, 2.7, 6.4, 39.0, 49.8, 8.6, 13.4, 54.1], 'pr': 274.65280597123103, 'soil': 1178.6544066197944, 'Slope': 16.517993948874857, 'Aspect': 10.719753212605456, 'TPI': 18.839116719243066}
  TerraClimate: pr=274.4mm, soil=1180.5mm
DIAGNOSTIC - SENSORS: {'LST': 14786.555555555555, 'NDVI': 0.86855, 'NDMI': 0.31046849489212036, 'Aerosol': 0.1, 'rain_list': [10.8, 24.9, 13.6, 2.8, 5.4, 3.0, 7.9, 1.9, 1.7, 26.3, 38.5, 4.3, 4.6, 29.1], 'pr': 274.43265547444213, 'soil': 1180.455239952939, 'Slope': 15.444351753931963, 'Aspect': 266.64099392666867, 'TPI': -37.34069400630915}
DIAGNOSTIC - FINAL CALIBRATED PROB: 70.9%
Flat terrain detected. Running Storm Hunter Catchment Scan...
DIAGNOSTIC - FINAL CALIBRATED PROB: 85.1%
DIAGNOSTIC - FINAL CALIBRATED PROB: 96.2%
Flat terrain detected. Running Storm Hunter Catchment Scan...
  TerraClimate: pr=271.0mm, soil=1126.3mm
DIAGNOSTIC - FINAL CALIBRATED PROB: 84.1%
  TerraClimate: pr=271.2mm, soil=1124.6mm
DIAGNOSTIC - FINAL CALIBRATED PROB: 61.8%

[AREA SCAN] Started Center (27.2212, 87.7943)

[AREA SCAN] Started North (27.2347, 87.7943)

[AREA SCAN] Started South (27.2077, 87.7943)

[AREA SCAN] Started East (27.2212, 87.8078)

[AREA SCAN] Started West (27.2212, 87.7808)
  TerraClimate: pr=166.1mm, soil=1105.7mm
DIAGNOSTIC - SENSORS: {'LST': 14929.0, 'NDVI': 0.9101, 'NDMI': 0.3441964387893677, 'Aerosol': 0.1, 'rain_list': [0.0, 8.0, 1.6, 3.2, 2.6, 0.9, 1.5, 24.8, 9.9, 12.9, 49.9, 40.6, 31.9, 6.9], 'pr': 166.14186274310114, 'soil': 1105.6567633682319, 'Slope': 18.717651020223993, 'Aspect': 319.85540292356836, 'TPI': -13.239747634069317}
  TerraClimate: pr=168.7mm, soil=1121.3mm
DIAGNOSTIC - SENSORS: {'LST': 14843.75, 'NDVI': 0.6912666666666667, 'NDMI': 0.3415991961956024, 'Aerosol': 0.1, 'rain_list': [0.0, 8.0, 1.6, 3.2, 2.6, 0.9, 1.5, 24.8, 9.9, 12.9, 49.9, 40.6, 31.9, 6.9], 'pr': 168.68238333198846, 'soil': 1121.293924435122, 'Slope': 20.295250354227313, 'Aspect': 336.8123185556572, 'TPI': 23.20504731861206}
  TerraClimate: pr=165.2mm, soil=1098.2mm
DIAGNOSTIC - SENSORS: {'LST': 14968.6, 'NDVI': 0.7653333333333333, 'NDMI': 0.29591104388237, 'Aerosol': 0.1, 'rain_list': [10.5, 30.2, 4.6, 24.0, 3.0, 1.8, 1.0, 6.3, 6.1, 14.9, 30.0, 9.9, 25.3, 6.4], 'pr': 165.1992817090228, 'soil': 1098.180388726815, 'Slope': 25.939982155537322, 'Aspect': 164.81170653710143, 'TPI': -14.189274447949629}
  TerraClimate: pr=166.7mm, soil=1106.3mm
DIAGNOSTIC - SENSORS: {'LST': 15038.0, 'NDVI': 0.8841, 'NDMI': 0.3336263597011566, 'Aerosol': 0.1, 'rain_list': [10.5, 30.2, 4.6, 24.0, 3.0, 1.8, 1.0, 6.3, 6.1, 14.9, 30.0, 9.9, 25.3, 6.4], 'pr': 166.73085584401193, 'soil': 1106.2718676298553, 'Slope': 30.631899857828504, 'Aspect': 338.35194504014686, 'TPI': -18.570977917981054}
DIAGNOSTIC - FINAL CALIBRATED PROB: 17.5%
DIAGNOSTIC - FINAL CALIBRATED PROB: 0.0%
DIAGNOSTIC - FINAL CALIBRATED PROB: 0.2%
Flat terrain detected. Running Storm Hunter Catchment Scan...
  TerraClimate: pr=166.4mm, soil=1105.9mm
DIAGNOSTIC - SENSORS: {'LST': 14942.0, 'NDVI': 0.8967333333333334, 'NDMI': 0.344341903924942, 'Aerosol': 0.1, 'rain_list': [10.5, 30.2, 4.6, 24.0, 3.0, 1.8, 1.0, 6.3, 6.1, 14.9, 30.0, 9.9, 25.3, 6.4], 'pr': 166.36031558334486, 'soil': 1105.884900629585, 'Slope': 29.522016865385645, 'Aspect': 329.04644947674063, 'TPI': -19.27760252365931}
DIAGNOSTIC - FINAL CALIBRATED PROB: 0.1%
  TerraClimate: pr=160.4mm, soil=1059.2mm
DIAGNOSTIC - FINAL CALIBRATED PROB: 0.2%

[AREA SCAN] Started Center (28.8443, 81.7101)

[AREA SCAN] Started North (28.8578, 81.7101)

[AREA SCAN] Started South (28.8308, 81.7101)

[AREA SCAN] Started East (28.8443, 81.7236)

[AREA SCAN] Started West (28.8443, 81.6966)
  TerraClimate: pr=290.0mm, soil=1450.0mm
DIAGNOSTIC - SENSORS: {'LST': 14935.8, 'NDVI': 0.7071, 'NDMI': 0.27996665239334106, 'Aerosol': 0.1, 'rain_list': [3.1, 17.4, 4.1, 53.5, 70.1, 3.0, 8.1, 1.0, 15.4, 6.3, 5.2, 17.2, 14.1, 7.9], 'pr': 289.9884440964592, 'soil': 1449.951237370319, 'Slope': 13.136921721679409, 'Aspect': 33.66182913923987, 'TPI': 16.447949526813773}
  TerraClimate: pr=294.1mm, soil=1465.7mm
DIAGNOSTIC - SENSORS: {'LST': 14928.42857142857, 'NDVI': 0.821, 'NDMI': 0.35206449031829834, 'Aerosol': 0.1, 'rain_list': [3.1, 17.4, 4.1, 53.5, 70.1, 3.0, 8.1, 1.0, 15.4, 6.3, 5.2, 17.2, 14.1, 7.9], 'pr': 294.0898492176955, 'soil': 1465.6846396960239, 'Slope': 15.166218047029897, 'Aspect': 107.37354659584274, 'TPI': 23.570977917981054}
  TerraClimate: pr=292.2mm, soil=1464.3mm
DIAGNOSTIC - SENSORS: {'LST': 14949.333333333334, 'NDVI': 0.850975, 'NDMI': 0.3488255739212036, 'Aerosol': 0.1, 'rain_list': [1.4, 5.3, 3.6, 58.4, 93.8, 7.7, 4.3, 1.1, 2.2, 5.7, 5.4, 12.1, 17.2, 3.4], 'pr': 292.24723277847, 'soil': 1464.2711570135923, 'Slope': 16.60616797238857, 'Aspect': 209.71852720339254, 'TPI': -31.854889589905383}
  TerraClimate: pr=291.2mm, soil=1457.8mm
DIAGNOSTIC - SENSORS: {'LST': 14939.0, 'NDVI': 0.787775, 'NDMI': 0.3432679772377014, 'Aerosol': 0.1, 'rain_list': [1.4, 5.3, 3.6, 58.4, 93.8, 7.7, 4.3, 1.1, 2.2, 5.7, 5.4, 12.1, 17.2, 3.4], 'pr': 291.2289864283241, 'soil': 1457.7663922949052, 'Slope': 25.021914399748955, 'Aspect': 326.3381708607601, 'TPI': 4.220820189274491}
  TerraClimate: pr=287.9mm, soil=1448.6mm
127.0.0.1 - - [01/Jun/2026 15:32:22] "POST /predict_area HTTP/1.1" 200 -
127.0.0.1 - - [01/Jun/2026 15:32:39] "POST /predict_area HTTP/1.1" 200 -
127.0.0.1 - - [01/Jun/2026 15:32:55] "POST /predict_area HTTP/1.1" 200 -
127.0.0.1 - - [01/Jun/2026 15:33:02] "POST /predict_area HTTP/1.1" 200 -
DIAGNOSTIC - SENSORS: {'LST': 14929.0, 'NDVI': 0.8424, 'NDMI': 0.32501155138015747, 'Aerosol': 0.1, 'rain_list': [1.4, 5.3, 3.6, 58.4, 93.8, 7.7, 4.3, 1.1, 2.2, 5.7, 5.4, 12.1, 17.2, 3.4], 'pr': 287.92293224952317, 'soil': 1448.5915414411702, 'Slope': 23.400313279704168, 'Aspect': 259.22014999785154, 'TPI': 5.656151419558455}
Flat terrain detected. Running Storm Hunter Catchment Scan...
DIAGNOSTIC - FINAL CALIBRATED PROB: 0.0%
Flat terrain detected. Running Storm Hunter Catchment Scan...
Flat terrain detected. Running Storm Hunter Catchment Scan...
DIAGNOSTIC - FINAL CALIBRATED PROB: 0.1%
  TerraClimate: pr=273.8mm, soil=1395.8mm
DIAGNOSTIC - FINAL CALIBRATED PROB: 5.4%
  TerraClimate: pr=275.4mm, soil=1396.6mm
DIAGNOSTIC - FINAL CALIBRATED PROB: 51.5%
  TerraClimate: pr=271.6mm, soil=1382.0mm
DIAGNOSTIC - FINAL CALIBRATED PROB: 97.2%

[AREA SCAN] Started Center (27.9762, 83.9536)

[AREA SCAN] Started North (27.9897, 83.9536)

[AREA SCAN] Started South (27.9627, 83.9536)

[AREA SCAN] Started East (27.9762, 83.9671)

[AREA SCAN] Started West (27.9762, 83.9401)
  TerraClimate: pr=447.3mm, soil=1377.5mm
DIAGNOSTIC - SENSORS: {'LST': 14991.2, 'NDVI': 0.46275, 'NDMI': 0.20581114292144775, 'Aerosol': 0.1, 'rain_list': [0.2, 0.0, 0.4, 0.3, 2.1, 0.8, 1.2, 0.1, 2.0, 0.3, 13.5, 53.0, 44.2, 112.7], 'pr': 447.3064983738873, 'soil': 1377.4694865516246, 'Slope': 31.608487260792078, 'Aspect': 181.7067872465492, 'TPI': 2.441640378548982}
  TerraClimate: pr=447.4mm, soil=1378.2mm
DIAGNOSTIC - SENSORS: {'LST': 15015.8, 'NDVI': 0.585475, 'NDMI': 0.24026258289813995, 'Aerosol': 0.1, 'rain_list': [0.2, 0.0, 0.4, 0.3, 2.1, 0.8, 1.2, 0.1, 2.0, 0.3, 13.5, 53.0, 44.2, 112.7], 'pr': 447.4067920345653, 'soil': 1378.2393277931233, 'Slope': 33.01748620819891, 'Aspect': 355.14586408856843, 'TPI': -8.488958990536275}
  TerraClimate: pr=448.4mm, soil=1389.6mm
DIAGNOSTIC - SENSORS: {'LST': 15046.285714285714, 'NDVI': 0.48235, 'NDMI': 0.2114335596561432, 'Aerosol': 0.1, 'rain_list': [0.2, 0.0, 0.4, 0.3, 2.1, 0.8, 1.2, 0.1, 2.0, 0.3, 13.5, 53.0, 44.2, 112.7], 'pr': 448.4448977831848, 'soil': 1389.623938397008, 'Slope': 25.68026094057073, 'Aspect': 66.17249069115991, 'TPI': -4.52365930599376}
DIAGNOSTIC - FINAL CALIBRATED PROB: 98.2%
  TerraClimate: pr=447.2mm, soil=1376.3mm
DIAGNOSTIC - SENSORS: {'LST': 15010.57142857143, 'NDVI': 0.619525, 'NDMI': 0.21351701021194458, 'Aerosol': 0.1, 'rain_list': [0.2, 0.0, 0.4, 0.3, 2.1, 0.8, 1.2, 0.1, 2.0, 0.3, 13.5, 53.0, 44.2, 112.7], 'pr': 447.156634283219, 'soil': 1376.3191490643278, 'Slope': 19.389146099967196, 'Aspect': 137.38565579963281, 'TPI': 22.25867507886437}
DIAGNOSTIC - FINAL CALIBRATED PROB: 89.1%
DIAGNOSTIC - FINAL CALIBRATED PROB: 94.6%
Flat terrain detected. Running Storm Hunter Catchment Scan...
  TerraClimate: pr=446.7mm, soil=1371.4mm
DIAGNOSTIC - SENSORS: {'LST': 14977.333333333334, 'NDVI': 0.43325, 'NDMI': 0.16803176701068878, 'Aerosol': 0.1, 'rain_list': [10.9, 4.9, 5.7, 11.1, 26.6, 16.2, 1.6, 0.9, 10.5, 7.9, 14.4, 48.6, 54.6, 110.9], 'pr': 446.7372986692387, 'soil': 1371.3922606289354, 'Slope': 28.281903781389516, 'Aspect': 131.4455274311017, 'TPI': -37.927444794952635}
DIAGNOSTIC - FINAL CALIBRATED PROB: 91.2%
  TerraClimate: pr=441.9mm, soil=1321.7mm
DIAGNOSTIC - FINAL CALIBRATED PROB: 99.1%

[AREA SCAN] Started Center (29.3603, 81.3241)

[AREA SCAN] Started North (29.3738, 81.3241)

[AREA SCAN] Started South (29.3468, 81.3241)

[AREA SCAN] Started East (29.3603, 81.3376)

[AREA SCAN] Started West (29.3603, 81.3106)
  TerraClimate: pr=121.4mm, soil=1122.9mm
DIAGNOSTIC - SENSORS: {'LST': 14877.5, 'NDVI': 0.8003, 'NDMI': 0.28550148010253906, 'Aerosol': 0.1, 'rain_list': [0.1, 0.1, 0.0, 3.7, 1.6, 0.0, 4.9, 5.1, 45.1, 97.9, 28.5, 57.7, 33.3, 1.3], 'pr': 121.35009401348566, 'soil': 1122.9242131399642, 'Slope': 16.699928483487792, 'Aspect': 53.59238642140064, 'TPI': 28.996845425867605}
  TerraClimate: pr=118.5mm, soil=1117.3mm
DIAGNOSTIC - SENSORS: {'LST': 14897.8, 'NDVI': 0.733575, 'NDMI': 0.2767188549041748, 'Aerosol': 0.1, 'rain_list': [0.1, 0.1, 0.0, 3.7, 1.6, 0.0, 4.9, 5.1, 45.1, 97.9, 28.5, 57.7, 33.3, 1.3], 'pr': 118.49266568423363, 'soil': 1117.3420634072463, 'Slope': 31.978615039799493, 'Aspect': 143.48958094177124, 'TPI': -8.514195583596234}
Flat terrain detected. Running Storm Hunter Catchment Scan...
  TerraClimate: pr=118.9mm, soil=1112.2mm
DIAGNOSTIC - SENSORS: {'LST': 14906.333333333334, 'NDVI': 0.7762, 'NDMI': 0.2812887132167816, 'Aerosol': 0.1, 'rain_list': [1.2, 0.1, 0.9, 0.9, 2.7, 0.0, 3.3, 2.4, 44.3, 83.6, 28.5, 63.4, 29.4, 0.9], 'pr': 118.94144654612337, 'soil': 1112.210230753727, 'Slope': 38.853774118430344, 'Aspect': 221.96868452332203, 'TPI': 41.93690851735005}
DIAGNOSTIC - FINAL CALIBRATED PROB: 19.3%
DIAGNOSTIC - FINAL CALIBRATED PROB: 98.4%
  TerraClimate: pr=121.5mm, soil=1131.7mm
DIAGNOSTIC - SENSORS: {'LST': 14928.222222222223, 'NDVI': 0.767125, 'NDMI': 0.29992377758026123, 'Aerosol': 0.1, 'rain_list': [0.1, 0.1, 0.0, 3.7, 1.6, 0.0, 4.9, 5.1, 45.1, 97.9, 28.5, 57.7, 33.3, 1.3], 'pr': 121.49196516751329, 'soil': 1131.7357995305335, 'Slope': 67.21561320474619, 'Aspect': 303.41925650515907, 'TPI': -4.548895899053605}
  TerraClimate: pr=120.0mm, soil=1120.3mm
DIAGNOSTIC - SENSORS: {'LST': 14910.555555555555, 'NDVI': 0.781425, 'NDMI': 0.28428760170936584, 'Aerosol': 0.1, 'rain_list': [0.1, 0.1, 0.0, 3.7, 1.6, 0.0, 4.9, 5.1, 45.1, 97.9, 28.5, 57.7, 33.3, 1.3], 'pr': 119.99314174753951, 'soil': 1120.2733292486278, 'Slope': 32.07527842982628, 'Aspect': 132.18966804564513, 'TPI': 17.100946372239832}
DIAGNOSTIC - FINAL CALIBRATED PROB: 77.3%
DIAGNOSTIC - FINAL CALIBRATED PROB: 18.4%
  TerraClimate: pr=122.8mm, soil=1090.4mm
DIAGNOSTIC - FINAL CALIBRATED PROB: 7.2%

[AREA SCAN] Started Center (28.2532, 82.9106)

[AREA SCAN] Started North (28.2667, 82.9106)

[AREA SCAN] Started South (28.2397, 82.9106)

[AREA SCAN] Started East (28.2532, 82.9241)

[AREA SCAN] Started West (28.2532, 82.8971)
  TerraClimate: pr=318.9mm, soil=979.0mm
DIAGNOSTIC - SENSORS: {'LST': 14958.666666666666, 'NDVI': 0.4809, 'NDMI': 0.11410041153430939, 'Aerosol': 0.1, 'rain_list': [1.8, 3.4, 0.0, 2.2, 27.9, 16.4, 0.7, 1.5, 0.3, 3.5, 4.0, 4.0, 12.2, 47.0], 'pr': 318.8781296545898, 'soil': 978.9662292441357, 'Slope': 42.745076041205905, 'Aspect': 135.89856735390435, 'TPI': 7.201892744479437}
  TerraClimate: pr=319.1mm, soil=987.7mm
DIAGNOSTIC - SENSORS: {'LST': 15092.307692307691, 'NDVI': 0.4944, 'NDMI': 0.12051612883806229, 'Aerosol': 0.1, 'rain_list': [0.1, 0.0, 0.0, 1.3, 29.7, 14.8, 1.8, 0.8, 0.2, 0.5, 4.9, 0.9, 7.6, 44.9], 'pr': 319.07025479888114, 'soil': 987.6696070872159, 'Slope': 24.666662595483917, 'Aspect': 23.585012283895132, 'TPI': 2.0883280757097964}
  TerraClimate: pr=318.6mm, soil=974.9mm
DIAGNOSTIC - SENSORS: {'LST': 14947.636363636364, 'NDVI': 0.706925, 'NDMI': 0.18916967511177063, 'Aerosol': 0.1, 'rain_list': [0.8, 0.3, 0.0, 1.9, 29.2, 12.1, 0.9, 0.9, 0.0, 1.0, 6.5, 2.1, 12.0, 44.1], 'pr': 318.59871778434064, 'soil': 974.8623315696409, 'Slope': 30.231910557762077, 'Aspect': 180, 'TPI': -6.495268138801293}
  TerraClimate: pr=319.2mm, soil=983.8mm
DIAGNOSTIC - SENSORS: {'LST': 15077.083333333334, 'NDVI': 0.478675, 'NDMI': 0.11410041153430939, 'Aerosol': 0.1, 'rain_list': [0.0, 0.0, 0.0, 0.6, 32.1, 14.9, 2.6, 1.9, 0.0, 0.0, 4.9, 1.6, 6.2, 47.3], 'pr': 319.204405908823, 'soil': 983.7697498183888, 'Slope': 40.51085250039408, 'Aspect': 133.00501320605954, 'TPI': -31.813880126182994}
DIAGNOSTIC - FINAL CALIBRATED PROB: 83.7%
DIAGNOSTIC - FINAL CALIBRATED PROB: 77.1%
DIAGNOSTIC - FINAL CALIBRATED PROB: 88.9%
  TerraClimate: pr=318.7mm, soil=972.7mm
DIAGNOSTIC - SENSORS: {'LST': 14849.916666666666, 'NDVI': 0.59645, 'NDMI': 0.2257152944803238, 'Aerosol': 0.1, 'rain_list': [1.8, 3.4, 0.0, 2.2, 27.9, 16.4, 0.7, 1.5, 0.3, 3.5, 4.0, 4.0, 12.2, 47.0], 'pr': 318.7408974086675, 'soil': 972.7495307847913, 'Slope': 31.00682756982368, 'Aspect': 165.83929159701563, 'TPI': 20.132492113564695}
DIAGNOSTIC - FINAL CALIBRATED PROB: 86.5%
DIAGNOSTIC - FINAL CALIBRATED PROB: 94.9%

[AREA SCAN] Started Center (29.2500, 82.2167)

[AREA SCAN] Started North (29.2635, 82.2167)

[AREA SCAN] Started South (29.2365, 82.2167)
127.0.0.1 - - [01/Jun/2026 15:33:18] "POST /predict_area HTTP/1.1" 200 -
127.0.0.1 - - [01/Jun/2026 15:33:35] "POST /predict_area HTTP/1.1" 200 -
127.0.0.1 - - [01/Jun/2026 15:33:51] "POST /predict_area HTTP/1.1" 200 -

[AREA SCAN] Started East (29.2500, 82.2302)

[AREA SCAN] Started West (29.2500, 82.2032)
  TerraClimate: pr=183.9mm, soil=798.6mm
DIAGNOSTIC - SENSORS: {'LST': 15014.666666666666, 'NDVI': 0.6492, 'NDMI': 0.27137941122055054, 'Aerosol': 0.1, 'rain_list': [1.3, 2.2, 23.5, 45.0, 79.5, 53.3, 33.5, 12.9, 15.8, 7.1, 2.8, 1.3, 4.4, 5.9], 'pr': 183.88711707808628, 'soil': 798.5619069616001, 'Slope': 20.76506960437944, 'Aspect': 123.71132984086817, 'TPI': 36.44794952681377}
  TerraClimate: pr=184.5mm, soil=805.3mm
DIAGNOSTIC - SENSORS: {'LST': 14935.833333333334, 'NDVI': 0.6172, 'NDMI': 0.1903989613056183, 'Aerosol': 0.1, 'rain_list': [1.3, 2.2, 23.5, 45.0, 79.5, 53.3, 33.5, 12.9, 15.8, 7.1, 2.8, 1.3, 4.4, 5.9], 'pr': 184.54674282882095, 'soil': 805.3126667067935, 'Slope': 39.306000249418524, 'Aspect': 322.27294022566554, 'TPI': 15.608832807571162}
  TerraClimate: pr=180.4mm, soil=793.3mm
DIAGNOSTIC - SENSORS: {'LST': 15097.75, 'NDVI': 0.5593, 'NDMI': 0.15789473056793213, 'Aerosol': 0.1, 'rain_list': [1.3, 2.2, 23.5, 45.0, 79.5, 53.3, 33.5, 12.9, 15.8, 7.1, 2.8, 1.3, 4.4, 5.9], 'pr': 180.35330584061475, 'soil': 793.2852180202228, 'Slope': 17.003340823541873, 'Aspect': 342.33780832086256, 'TPI': -38.87697160883272}
  TerraClimate: pr=184.2mm, soil=801.3mm
DIAGNOSTIC - SENSORS: {'LST': 14990.916666666666, 'NDVI': 0.5896, 'NDMI': 0.2292373776435852, 'Aerosol': 0.1, 'rain_list': [1.3, 2.2, 23.5, 45.0, 79.5, 53.3, 33.5, 12.9, 15.8, 7.1, 2.8, 1.3, 4.4, 5.9], 'pr': 184.16663467434233, 'soil': 801.2623722528281, 'Slope': 23.6433169567779, 'Aspect': 337.5784990708787, 'TPI': -0.9463722397476886}
DIAGNOSTIC - FINAL CALIBRATED PROB: 41.7%
DIAGNOSTIC - FINAL CALIBRATED PROB: 0.0%
Flat terrain detected. Running Storm Hunter Catchment Scan...
DIAGNOSTIC - FINAL CALIBRATED PROB: 0.0%
  TerraClimate: pr=189.5mm, soil=812.4mm
DIAGNOSTIC - SENSORS: {'LST': 14745.0, 'NDVI': 0.5698333333333333, 'NDMI': 0.20471464097499847, 'Aerosol': 0.1, 'rain_list': [7.7, 19.5, 27.1, 51.9, 81.8, 52.6, 38.1, 28.0, 39.2, 8.4, 17.5, 6.2, 8.1, 10.7], 'pr': 189.50529504155963, 'soil': 812.4303881784726, 'Slope': 42.47713629771957, 'Aspect': 43.541097129235396, 'TPI': 31.094637223974587}
DIAGNOSTIC - FINAL CALIBRATED PROB: 1.1%
  TerraClimate: pr=160.9mm, soil=761.9mm
DIAGNOSTIC - FINAL CALIBRATED PROB: 1.1%

[AREA SCAN] Started Center (27.7647, 83.4702)

[AREA SCAN] Started North (27.7782, 83.4702)

[AREA SCAN] Started South (27.7512, 83.4702)

[AREA SCAN] Started East (27.7647, 83.4837)

[AREA SCAN] Started West (27.7647, 83.4567)
  TerraClimate: pr=540.6mm, soil=1561.9mm
DIAGNOSTIC - SENSORS: {'LST': 15200.0, 'NDVI': 0.459575, 'NDMI': 0.24519005417823792, 'Aerosol': 0.1, 'rain_list': [5.9, 19.8, 3.3, 3.0, 9.9, 16.1, 19.8, 16.2, 56.6, 13.3, 6.5, 13.1, 93.3, 58.8], 'pr': 540.642165888804, 'soil': 1561.8897814782943, 'Slope': 41.92101221689109, 'Aspect': 223.85211275439127, 'TPI': -10.738170347003233}
  TerraClimate: pr=541.2mm, soil=1580.3mm
DIAGNOSTIC - SENSORS: {'LST': 15157.0, 'NDVI': 0.601475, 'NDMI': 0.4468249976634979, 'Aerosol': 0.1, 'rain_list': [17.0, 24.3, 3.5, 2.4, 13.6, 20.9, 38.2, 29.8, 74.1, 9.5, 6.2, 16.9, 63.1, 34.8], 'pr': 541.214967713189, 'soil': 1580.3177343236714, 'Slope': 9.259497024733161, 'Aspect': 153.33377369808701, 'TPI': -19.514195583596234}
  TerraClimate: pr=541.0mm, soil=1574.2mm
DIAGNOSTIC - SENSORS: {'LST': 15146.0, 'NDVI': 0.6255, 'NDMI': 0.2933081090450287, 'Aerosol': 0.1, 'rain_list': [13.8, 25.2, 2.2, 1.7, 13.6, 21.7, 30.5, 26.8, 60.4, 6.6, 6.5, 11.9, 72.6, 35.6], 'pr': 541.0240337717275, 'soil': 1574.175083375214, 'Slope': 18.18595275007962, 'Aspect': 46.380547500902175, 'TPI': -11.895899053627772}
  TerraClimate: pr=543.5mm, soil=1569.4mm
DIAGNOSTIC - SENSORS: {'LST': 15113.0, 'NDVI': 0.6766, 'NDMI': 0.3035372793674469, 'Aerosol': 0.1, 'rain_list': [5.9, 19.8, 3.3, 3.0, 9.9, 16.1, 19.8, 16.2, 56.6, 13.3, 6.5, 13.1, 93.3, 58.8], 'pr': 543.4768708430258, 'soil': 1569.4222305952476, 'Slope': 36.03805758971262, 'Aspect': 42.757620484561606, 'TPI': 17.198738170347042}
  TerraClimate: pr=539.3mm, soil=1577.6mm
DIAGNOSTIC - SENSORS: {'LST': 15156.0, 'NDVI': 0.5838, 'NDMI': 0.2883313298225403, 'Aerosol': 0.1, 'rain_list': [17.0, 24.3, 3.5, 2.4, 13.6, 20.9, 38.2, 29.8, 74.1, 9.5, 6.2, 16.9, 63.1, 34.8], 'pr': 539.2635297447473, 'soil': 1577.5864051285769, 'Slope': 21.92320252164673, 'Aspect': 270, 'TPI': 10.324921135646719}
DIAGNOSTIC - FINAL CALIBRATED PROB: 82.8%
DIAGNOSTIC - FINAL CALIBRATED PROB: 72.5%
Flat terrain detected. Running Storm Hunter Catchment Scan...
DIAGNOSTIC - FINAL CALIBRATED PROB: 93.8%
Flat terrain detected. Running Storm Hunter Catchment Scan...
  TerraClimate: pr=539.3mm, soil=1518.9mm
DIAGNOSTIC - FINAL CALIBRATED PROB: 88.5%
  TerraClimate: pr=546.3mm, soil=1530.9mm
DIAGNOSTIC - FINAL CALIBRATED PROB: 83.6%

[AREA SCAN] Started Center (29.1461, 81.8545)

[AREA SCAN] Started North (29.1596, 81.8545)

[AREA SCAN] Started South (29.1326, 81.8545)

[AREA SCAN] Started East (29.1461, 81.8680)

[AREA SCAN] Started West (29.1461, 81.8410)
  TerraClimate: pr=114.9mm, soil=1079.3mm
DIAGNOSTIC - SENSORS: {'LST': 14572.666666666666, 'NDVI': 0.78535, 'NDMI': 0.453276664018631, 'Aerosol': 0.1, 'rain_list': [3.3, 0.4, 0.7, 2.6, 0.9, 15.7, 19.0, 1.0, 3.7, 25.6, 67.9, 64.9, 31.3, 55.1], 'pr': 114.93954868416562, 'soil': 1079.2550057329208, 'Slope': 14.436335098757432, 'Aspect': 35.168554550833505, 'TPI': -26.157728706624766}
  TerraClimate: pr=115.3mm, soil=1084.4mm
DIAGNOSTIC - SENSORS: {'LST': 14645.666666666666, 'NDVI': 0.809575, 'NDMI': 0.2582959532737732, 'Aerosol': 0.1, 'rain_list': [3.3, 0.4, 0.7, 2.6, 0.9, 15.7, 19.0, 1.0, 3.7, 25.6, 67.9, 64.9, 31.3, 55.1], 'pr': 115.32708583826016, 'soil': 1084.3522087435408, 'Slope': 29.313929862141872, 'Aspect': 316.11611063594813, 'TPI': 7.933753943217653}
  TerraClimate: pr=114.6mm, soil=1074.2mm
DIAGNOSTIC - SENSORS: {'LST': 14507.875, 'NDVI': 0.634125, 'NDMI': 0.2982456088066101, 'Aerosol': 0.1, 'rain_list': [5.2, 1.1, 1.6, 1.3, 1.5, 15.7, 7.9, 1.7, 11.6, 25.8, 81.2, 66.6, 31.1, 44.9], 'pr': 114.55201153007064, 'soil': 1074.1578027222952, 'Slope': 30.40657897365782, 'Aspect': 36.8756495328551, 'TPI': 6.596214511041126}
  TerraClimate: pr=116.3mm, soil=1085.3mm
DIAGNOSTIC - SENSORS: {'LST': 14547.75, 'NDVI': 0.860425, 'NDMI': 0.31387901306152344, 'Aerosol': 0.1, 'rain_list': [1.9, 2.8, 5.2, 0.7, 1.0, 14.2, 6.8, 1.3, 9.4, 28.1, 89.3, 75.1, 29.5, 37.6], 'pr': 116.3305851658336, 'soil': 1085.3399646342882, 'Slope': 25.424473102250374, 'Aspect': 243.72374394954466, 'TPI': 15.848580441640479}
Flat terrain detected. Running Storm Hunter Catchment Scan...
DIAGNOSTIC - FINAL CALIBRATED PROB: 45.2%
DIAGNOSTIC - FINAL CALIBRATED PROB: 7.2%
DIAGNOSTIC - FINAL CALIBRATED PROB: 0.2%
  TerraClimate: pr=113.5mm, soil=1073.2mm
DIAGNOSTIC - SENSORS: {'LST': 14672.3, 'NDVI': 0.744375, 'NDMI': 0.2586697041988373, 'Aerosol': 0.1, 'rain_list': [3.3, 0.4, 0.7, 2.6, 0.9, 15.7, 19.0, 1.0, 3.7, 25.6, 67.9, 64.9, 31.3, 55.1], 'pr': 113.54851220249762, 'soil': 1073.1700468315535, 'Slope': 33.09399407184911, 'Aspect': 6.5326272500111875, 'TPI': 7.337539432176754}
DIAGNOSTIC - FINAL CALIBRATED PROB: 12.8%
  TerraClimate: pr=106.8mm, soil=1030.3mm
DIAGNOSTIC - FINAL CALIBRATED PROB: 81.1%

[AREA SCAN] Started Center (28.3901, 83.1171)

[AREA SCAN] Started North (28.4036, 83.1171)

[AREA SCAN] Started South (28.3766, 83.1171)

[AREA SCAN] Started East (28.3901, 83.1306)

[AREA SCAN] Started West (28.3901, 83.1036)
  TerraClimate: pr=267.1mm, soil=1180.2mm
DIAGNOSTIC - SENSORS: {'LST': 14931.142857142857, 'NDVI': 0.7777, 'NDMI': 0.31101542711257935, 'Aerosol': 0.1, 'rain_list': [12.3, 18.9, 28.0, 5.8, 6.6, 31.8, 29.3, 30.8, 27.0, 18.0, 7.9, 2.9, 31.9, 28.5], 'pr': 267.12536056170785, 'soil': 1180.161260735017, 'Slope': 31.541485966317705, 'Aspect': 248.33221951554444, 'TPI': 21.630914826498383}
  TerraClimate: pr=266.8mm, soil=1171.9mm
127.0.0.1 - - [01/Jun/2026 15:34:09] "POST /predict_area HTTP/1.1" 200 -
127.0.0.1 - - [01/Jun/2026 15:34:17] "POST /predict_area HTTP/1.1" 200 -
127.0.0.1 - - [01/Jun/2026 15:34:32] "POST /predict_area HTTP/1.1" 200 -
DIAGNOSTIC - SENSORS: {'LST': 14841.375, 'NDVI': 0.815575, 'NDMI': 0.3873436152935028, 'Aerosol': 0.1, 'rain_list': [12.3, 18.9, 28.0, 5.8, 6.6, 31.8, 29.3, 30.8, 27.0, 18.0, 7.9, 2.9, 31.9, 28.5], 'pr': 266.8430566282771, 'soil': 1171.916146806995, 'Slope': 37.613698915886246, 'Aspect': 214.97678662205956, 'TPI': 52.98422712933757}
  TerraClimate: pr=267.2mm, soil=1178.6mm
DIAGNOSTIC - SENSORS: {'LST': 14826.75, 'NDVI': 0.831225, 'NDMI': 0.3206711709499359, 'Aerosol': 0.1, 'rain_list': [12.3, 18.9, 28.0, 5.8, 6.6, 31.8, 29.3, 30.8, 27.0, 18.0, 7.9, 2.9, 31.9, 28.5], 'pr': 267.23626100056606, 'soil': 1178.639942543024, 'Slope': 14.556107445438323, 'Aspect': 20.751920994489417, 'TPI': 3.41640378548891}
DIAGNOSTIC - FINAL CALIBRATED PROB: 57.2%
  TerraClimate: pr=267.0mm, soil=1181.5mm
DIAGNOSTIC - SENSORS: {'LST': 14941.57142857143, 'NDVI': 0.739925, 'NDMI': 0.34176504611968994, 'Aerosol': 0.1, 'rain_list': [39.7, 21.2, 22.5, 6.1, 8.5, 20.7, 38.1, 27.8, 55.9, 27.9, 9.1, 5.7, 16.3, 22.8], 'pr': 267.02796104584104, 'soil': 1181.4973749732014, 'Slope': 38.83693885486783, 'Aspect': 216.45934889234414, 'TPI': -17.214511041009473}
DIAGNOSTIC - FINAL CALIBRATED PROB: 98.7%
Flat terrain detected. Running Storm Hunter Catchment Scan...
  TerraClimate: pr=267.5mm, soil=1191.7mm
DIAGNOSTIC - SENSORS: {'LST': 14917.142857142857, 'NDVI': 0.70965, 'NDMI': 0.35314860939979553, 'Aerosol': 0.1, 'rain_list': [39.7, 21.2, 22.5, 6.1, 8.5, 20.7, 38.1, 27.8, 55.9, 27.9, 9.1, 5.7, 16.3, 22.8], 'pr': 267.52058606851074, 'soil': 1191.7044202342454, 'Slope': 40.4646458016426, 'Aspect': 37.15163269706589, 'TPI': 30.662460567823246}
DIAGNOSTIC - FINAL CALIBRATED PROB: 42.6%
DIAGNOSTIC - FINAL CALIBRATED PROB: 23.1%
  TerraClimate: pr=265.4mm, soil=1141.7mm
DIAGNOSTIC - FINAL CALIBRATED PROB: 94.7%

[AREA SCAN] Started Center (26.5919, 87.1053)

[AREA SCAN] Started North (26.6054, 87.1053)

[AREA SCAN] Started South (26.5784, 87.1053)

[AREA SCAN] Started East (26.5919, 87.1188)

[AREA SCAN] Started West (26.5919, 87.0918)
  TerraClimate: pr=89.8mm, soil=1434.7mm
DIAGNOSTIC - SENSORS: {'LST': 15174.1, 'NDVI': 0.742075, 'NDMI': 0.34969109296798706, 'Aerosol': 0.1, 'rain_list': [1.1, 3.5, 2.9, 0.5, 0.3, 0.0, 0.0, 0.0, 0.0, 0.9, 2.1, 24.3, 113.0, 33.5], 'pr': 89.77738593747945, 'soil': 1434.7329424935742, 'Slope': 1.0370966499740313, 'Aspect': 90, 'TPI': -2.223974763406943}
  TerraClimate: pr=90.0mm, soil=1433.0mm
DIAGNOSTIC - SENSORS: {'LST': 15206.9, 'NDVI': 0.709575, 'NDMI': 0.2982228100299835, 'Aerosol': 0.1, 'rain_list': [1.1, 3.5, 2.9, 0.5, 0.3, 0.0, 0.0, 0.0, 0.0, 0.9, 2.1, 24.3, 113.0, 33.5], 'pr': 89.98454805094313, 'soil': 1433.0326808462737, 'Slope': 1.8543341688295631, 'Aspect': 180, 'TPI': 0.1293375394321714}
DIAGNOSTIC - FINAL CALIBRATED PROB: 26.6%
  TerraClimate: pr=90.1mm, soil=1447.0mm
DIAGNOSTIC - SENSORS: {'LST': 15185.6, 'NDVI': 0.77655, 'NDMI': 0.3220980167388916, 'Aerosol': 0.1, 'rain_list': [1.1, 3.5, 2.9, 0.5, 0.3, 0.0, 0.0, 0.0, 0.0, 0.9, 2.1, 24.3, 113.0, 33.5], 'pr': 90.08161693583475, 'soil': 1446.9608376625076, 'Slope': 2.124233566604448, 'Aspect': 330.7912382932648, 'TPI': 1.1608832807571048}
DIAGNOSTIC - FINAL CALIBRATED PROB: 1.9%
  TerraClimate: pr=89.6mm, soil=1436.3mm
DIAGNOSTIC - SENSORS: {'LST': 15168.6, 'NDVI': 0.746825, 'NDMI': 0.32661595940589905, 'Aerosol': 0.1, 'rain_list': [1.1, 3.5, 2.9, 0.5, 0.3, 0.0, 0.0, 0.0, 0.0, 0.9, 2.1, 24.3, 113.0, 33.5], 'pr': 89.58152357565912, 'soil': 1436.340462596477, 'Slope': 2.2711339407911773, 'Aspect': 245.91017126138226, 'TPI': -0.48895899053627545}
DIAGNOSTIC - FINAL CALIBRATED PROB: 0.0%
  TerraClimate: pr=89.6mm, soil=1428.6mm
DIAGNOSTIC - SENSORS: {'LST': 15173.8, 'NDVI': 0.73365, 'NDMI': 0.35600611567497253, 'Aerosol': 0.1, 'rain_list': [1.1, 3.5, 2.9, 0.5, 0.3, 0.0, 0.0, 0.0, 0.0, 0.9, 2.1, 24.3, 113.0, 33.5], 'pr': 89.62527043830178, 'soil': 1428.6189949091058, 'Slope': 3.24379576722923, 'Aspect': 73.40396153237793, 'TPI': -1.1324921135646662}
DIAGNOSTIC - FINAL CALIBRATED PROB: 0.0%
DIAGNOSTIC - FINAL CALIBRATED PROB: 30.3%

[AREA SCAN] Started Center (27.3832, 86.9815)

[AREA SCAN] Started North (27.3967, 86.9815)

[AREA SCAN] Started South (27.3697, 86.9815)

[AREA SCAN] Started East (27.3832, 86.9950)

[AREA SCAN] Started West (27.3832, 86.9680)
  TerraClimate: pr=305.9mm, soil=1054.3mm
DIAGNOSTIC - SENSORS: {'LST': 14543.333333333334, 'NDVI': 0.314375, 'NDMI': 0.22754061222076416, 'Aerosol': 0.1, 'rain_list': [4.4, 3.5, 2.2, 1.5, 3.6, 35.2, 24.5, 80.9, 34.2, 57.1, 57.6, 9.8, 6.2, 21.2], 'pr': 305.9177697674686, 'soil': 1054.2769761166744, 'Slope': 9.68423009301901, 'Aspect': 48.39305108502831, 'TPI': -80.97791798107255}
  TerraClimate: pr=307.5mm, soil=1032.4mm
DIAGNOSTIC - SENSORS: {'LST': 14650.333333333334, 'NDVI': 0.466025, 'NDMI': 0.2397468388080597, 'Aerosol': 0.1, 'rain_list': [2.9, 6.7, 2.9, 1.0, 4.3, 41.2, 18.9, 58.9, 32.4, 35.0, 50.3, 10.0, 4.7, 19.0], 'pr': 307.4594567573409, 'soil': 1032.3881017080255, 'Slope': 28.51869588183989, 'Aspect': 17.57712285125167, 'TPI': -69.4069400630915}
  TerraClimate: pr=305.6mm, soil=1038.1mm
DIAGNOSTIC - SENSORS: {'LST': 14601.25, 'NDVI': 0.1595, 'NDMI': 0.1984521895647049, 'Aerosol': 0.1, 'rain_list': [13.6, 15.3, 29.7, 20.8, 31.2, 83.0, 17.6, 28.8, 22.6, 28.4, 35.7, 22.9, 25.3, 47.8], 'pr': 305.6119179486511, 'soil': 1038.0991717587879, 'Slope': 60.763091451456106, 'Aspect': 90, 'TPI': -15.599369085173521}
Flat terrain detected. Running Storm Hunter Catchment Scan...
DIAGNOSTIC - FINAL CALIBRATED PROB: 85.7%
  TerraClimate: pr=306.9mm, soil=1039.7mm
DIAGNOSTIC - SENSORS: {'LST': 14496.0, 'NDVI': 0.27625, 'NDMI': 0.1402178406715393, 'Aerosol': 0.1, 'rain_list': [13.6, 15.3, 29.7, 20.8, 31.2, 83.0, 17.6, 28.8, 22.6, 28.4, 35.7, 22.9, 25.3, 47.8], 'pr': 306.94556109405005, 'soil': 1039.6843931775759, 'Slope': 32.92349399189363, 'Aspect': 0, 'TPI': -56.03785488958988}
DIAGNOSTIC - FINAL CALIBRATED PROB: 73.9%
DIAGNOSTIC - FINAL CALIBRATED PROB: 61.4%
  TerraClimate: pr=307.7mm, soil=1040.6mm
DIAGNOSTIC - SENSORS: {'LST': 14429.666666666666, 'NDVI': 0.33655, 'NDMI': 0.2106562703847885, 'Aerosol': 0.1, 'rain_list': [13.6, 15.3, 29.7, 20.8, 31.2, 83.0, 17.6, 28.8, 22.6, 28.4, 35.7, 22.9, 25.3, 47.8], 'pr': 307.7172616736327, 'soil': 1040.6016672563776, 'Slope': 25.00984458435909, 'Aspect': 69.69654590002662, 'TPI': 42.28706624605684}
DIAGNOSTIC - FINAL CALIBRATED PROB: 97.7%
  TerraClimate: pr=304.1mm, soil=997.4mm
DIAGNOSTIC - FINAL CALIBRATED PROB: 98.6%

[AREA SCAN] Started Center (28.2667, 83.5833)

[AREA SCAN] Started North (28.2802, 83.5833)

[AREA SCAN] Started South (28.2532, 83.5833)

[AREA SCAN] Started East (28.2667, 83.5968)

[AREA SCAN] Started West (28.2667, 83.5698)
  TerraClimate: pr=442.5mm, soil=1212.4mm
DIAGNOSTIC - SENSORS: {'LST': 15020.076923076924, 'NDVI': 0.695025, 'NDMI': 0.16182838380336761, 'Aerosol': 0.1, 'rain_list': [1.1, 0.4, 3.3, 5.6, 5.6, 2.2, 1.1, 1.3, 6.5, 9.1, 54.8, 70.4, 137.7, 58.2], 'pr': 442.51577411032486, 'soil': 1212.443270093298, 'Slope': 22.548355679348642, 'Aspect': 333.7296532917282, 'TPI': 37.43217665615134}
DIAGNOSTIC - FINAL CALIBRATED PROB: 97.4%
  TerraClimate: pr=442.7mm, soil=1205.5mm
DIAGNOSTIC - SENSORS: {'LST': 15090.727272727272, 'NDVI': 0.686125, 'NDMI': 0.22545979917049408, 'Aerosol': 0.1, 'rain_list': [1.1, 0.4, 3.3, 5.6, 5.6, 2.2, 1.1, 1.3, 6.5, 9.1, 54.8, 70.4, 137.7, 58.2], 'pr': 442.69265835160996, 'soil': 1205.5174139258613, 'Slope': 41.16613683624387, 'Aspect': 157.76814529122464, 'TPI': 7.835962145110443}
  TerraClimate: pr=441.7mm, soil=1203.9mm
DIAGNOSTIC - SENSORS: {'LST': 15129.0, 'NDVI': 0.473775, 'NDMI': 0.1091364175081253, 'Aerosol': 0.1, 'rain_list': [1.1, 0.4, 3.3, 5.6, 5.6, 2.2, 1.1, 1.3, 6.5, 9.1, 54.8, 70.4, 137.7, 58.2], 'pr': 441.73037616568007, 'soil': 1203.9241119867108, 'Slope': 3.4853858093310577, 'Aspect': 142.87689919122522, 'TPI': -1.0189274447949401}
  TerraClimate: pr=442.2mm, soil=1204.7mm
127.0.0.1 - - [01/Jun/2026 15:34:39] "POST /predict_area HTTP/1.1" 200 -
127.0.0.1 - - [01/Jun/2026 15:34:54] "POST /predict_area HTTP/1.1" 200 -
127.0.0.1 - - [01/Jun/2026 15:35:01] "POST /predict_area HTTP/1.1" 200 -
DIAGNOSTIC - SENSORS: {'LST': 15102.90909090909, 'NDVI': 0.64555, 'NDMI': 0.18187539279460907, 'Aerosol': 0.1, 'rain_list': [1.1, 0.4, 3.3, 5.6, 5.6, 2.2, 1.1, 1.3, 6.5, 9.1, 54.8, 70.4, 137.7, 58.2], 'pr': 442.18269313786834, 'soil': 1204.673037322164, 'Slope': 23.295622397901617, 'Aspect': 199.96737215587737, 'TPI': -2.9621451104101197}
  TerraClimate: pr=441.7mm, soil=1193.8mm
DIAGNOSTIC - SENSORS: {'LST': 15079.615384615385, 'NDVI': 0.5886, 'NDMI': 0.14794732630252838, 'Aerosol': 0.1, 'rain_list': [1.7, 0.8, 3.7, 11.4, 4.8, 10.4, 5.3, 2.2, 1.2, 10.1, 59.2, 78.9, 146.2, 67.5], 'pr': 441.7163797764292, 'soil': 1193.7947114425795, 'Slope': 28.96841650721102, 'Aspect': 95.0327151041862, 'TPI': -17.50788643533133}
DIAGNOSTIC - FINAL CALIBRATED PROB: 92.4%
DIAGNOSTIC - FINAL CALIBRATED PROB: 92.5%
DIAGNOSTIC - FINAL CALIBRATED PROB: 93.0%
DIAGNOSTIC - FINAL CALIBRATED PROB: 96.5%

[AREA SCAN] Started Center (28.6906, 83.5884)

[AREA SCAN] Started North (28.7041, 83.5884)

[AREA SCAN] Started South (28.6771, 83.5884)

[AREA SCAN] Started East (28.6906, 83.6019)

[AREA SCAN] Started West (28.6906, 83.5749)
  TerraClimate: pr=192.4mm, soil=894.5mm
DIAGNOSTIC - SENSORS: {'LST': 14598.666666666666, 'NDVI': 0.7028, 'NDMI': 0.2859857380390167, 'Aerosol': 0.1, 'rain_list': [7.6, 3.3, 2.5, 2.9, 0.5, 9.7, 35.6, 50.8, 6.5, 11.6, 23.3, 40.2, 14.2, 59.6], 'pr': 192.35599167066897, 'soil': 894.4716506512896, 'Slope': 24.718196758989333, 'Aspect': 126.71323622142282, 'TPI': -8.056782334384934}
  TerraClimate: pr=188.0mm, soil=869.1mm
DIAGNOSTIC - SENSORS: {'LST': 14363.5, 'NDVI': 0.616575, 'NDMI': 0.2869793474674225, 'Aerosol': 0.1, 'rain_list': [13.3, 17.1, 5.9, 35.1, 2.4, 2.6, 12.8, 39.7, 8.0, 2.4, 18.3, 33.1, 9.5, 32.2], 'pr': 188.04657816422167, 'soil': 869.1176841322128, 'Slope': 52.979109467856276, 'Aspect': 195.33377607919778, 'TPI': 55.65930599369085}
  TerraClimate: pr=190.6mm, soil=884.0mm
DIAGNOSTIC - SENSORS: {'LST': 14546.111111111111, 'NDVI': 0.6607, 'NDMI': 0.2811306416988373, 'Aerosol': 0.1, 'rain_list': [13.3, 17.1, 5.9, 35.1, 2.4, 2.6, 12.8, 39.7, 8.0, 2.4, 18.3, 33.1, 9.5, 32.2], 'pr': 190.57386636837614, 'soil': 883.9944311681813, 'Slope': 14.207605992644602, 'Aspect': 108.64410428540687, 'TPI': 60.38485804416405}
  TerraClimate: pr=190.9mm, soil=884.4mm
DIAGNOSTIC - SENSORS: {'LST': 14299.222222222223, 'NDVI': 0.435325, 'NDMI': 0.19012044370174408, 'Aerosol': 0.1, 'rain_list': [13.3, 17.1, 5.9, 35.1, 2.4, 2.6, 12.8, 39.7, 8.0, 2.4, 18.3, 33.1, 9.5, 32.2], 'pr': 190.91148305188253, 'soil': 884.3875402279856, 'Slope': 45.939878167253944, 'Aspect': 100.83506868993929, 'TPI': 3.8075709779182034}
DIAGNOSTIC - FINAL CALIBRATED PROB: 68.8%
  TerraClimate: pr=190.2mm, soil=883.4mm
DIAGNOSTIC - SENSORS: {'LST': 14661.1, 'NDVI': 0.674225, 'NDMI': 0.3337743878364563, 'Aerosol': 0.1, 'rain_list': [13.3, 17.1, 5.9, 35.1, 2.4, 2.6, 12.8, 39.7, 8.0, 2.4, 18.3, 33.1, 9.5, 32.2], 'pr': 190.22208892531492, 'soil': 883.4449117254079, 'Slope': 25.43488818837634, 'Aspect': 207.75040407517747, 'TPI': 18.753943217665437}
Flat terrain detected. Running Storm Hunter Catchment Scan...
DIAGNOSTIC - FINAL CALIBRATED PROB: 99.2%
DIAGNOSTIC - FINAL CALIBRATED PROB: 21.0%
DIAGNOSTIC - FINAL CALIBRATED PROB: 79.6%
  TerraClimate: pr=178.0mm, soil=810.0mm
DIAGNOSTIC - FINAL CALIBRATED PROB: 98.5%

[AREA SCAN] Started Center (28.3764, 83.0222)

[AREA SCAN] Started North (28.3899, 83.0222)

[AREA SCAN] Started South (28.3629, 83.0222)

[AREA SCAN] Started East (28.3764, 83.0357)

[AREA SCAN] Started West (28.3764, 83.0087)
  TerraClimate: pr=120.6mm, soil=1018.2mm
DIAGNOSTIC - SENSORS: {'LST': 14535.3, 'NDVI': 0.77925, 'NDMI': 0.3032870292663574, 'Aerosol': 0.1, 'rain_list': [0.7, 0.1, 1.1, 9.5, 2.9, 3.6, 1.4, 0.2, 0.6, 0.4, 0.0, 2.1, 61.5, 87.2], 'pr': 120.64658338918531, 'soil': 1018.1945161604258, 'Slope': 39.56191175227386, 'Aspect': 11.562118885805518, 'TPI': 38.71924290220841}
  TerraClimate: pr=120.3mm, soil=1006.3mm
DIAGNOSTIC - SENSORS: {'LST': 14642.818181818182, 'NDVI': 0.81215, 'NDMI': 0.3622559607028961, 'Aerosol': 0.1, 'rain_list': [2.9, 4.2, 4.5, 16.4, 3.7, 3.0, 3.6, 2.0, 4.1, 1.4, 0.1, 6.1, 68.6, 92.6], 'pr': 120.27542647175929, 'soil': 1006.2540021766699, 'Slope': 35.81223909228768, 'Aspect': 75.71278714340579, 'TPI': -25.722397476340802}
  TerraClimate: pr=119.7mm, soil=1016.9mm
DIAGNOSTIC - SENSORS: {'LST': 14667.90909090909, 'NDVI': 0.829025, 'NDMI': 0.34102070331573486, 'Aerosol': 0.1, 'rain_list': [2.9, 4.2, 4.5, 16.4, 3.7, 3.0, 3.6, 2.0, 4.1, 1.4, 0.1, 6.1, 68.6, 92.6], 'pr': 119.71754683060651, 'soil': 1016.8859793696996, 'Slope': 40.25999891081847, 'Aspect': 102.13788336604085, 'TPI': -18.618296529968347}
DIAGNOSTIC - FINAL CALIBRATED PROB: 86.6%
DIAGNOSTIC - FINAL CALIBRATED PROB: 87.1%
DIAGNOSTIC - FINAL CALIBRATED PROB: 87.7%
  TerraClimate: pr=120.9mm, soil=1026.6mm
DIAGNOSTIC - SENSORS: {'LST': 14538.7, 'NDVI': 0.75215, 'NDMI': 0.32250839471817017, 'Aerosol': 0.1, 'rain_list': [0.7, 0.1, 1.1, 9.5, 2.9, 3.6, 1.4, 0.2, 0.6, 0.4, 0.0, 2.1, 61.5, 87.2], 'pr': 120.91477688280908, 'soil': 1026.6099423145051, 'Slope': 37.771139265268545, 'Aspect': 108.26201944681465, 'TPI': 24.29337539432163}
  TerraClimate: pr=121.5mm, soil=1019.3mm
DIAGNOSTIC - SENSORS: {'LST': 14484.777777777777, 'NDVI': 0.65005, 'NDMI': 0.29636937379837036, 'Aerosol': 0.1, 'rain_list': [0.7, 0.1, 1.1, 9.5, 2.9, 3.6, 1.4, 0.2, 0.6, 0.4, 0.0, 2.1, 61.5, 87.2], 'pr': 121.54536641498164, 'soil': 1019.3254464939961, 'Slope': 38.118411273601616, 'Aspect': 116.99354996952545, 'TPI': -31.92429022082024}
DIAGNOSTIC - FINAL CALIBRATED PROB: 83.1%
DIAGNOSTIC - FINAL CALIBRATED PROB: 78.9%

[AREA SCAN] Started Center (26.9320, 87.8467)

[AREA SCAN] Started North (26.9455, 87.8467)

[AREA SCAN] Started South (26.9185, 87.8467)

[AREA SCAN] Started East (26.9320, 87.8602)

[AREA SCAN] Started West (26.9320, 87.8332)
  TerraClimate: pr=90.4mm, soil=1174.8mm
DIAGNOSTIC - SENSORS: {'LST': 14916.75, 'NDVI': 0.832325, 'NDMI': 0.3009527325630188, 'Aerosol': 0.1, 'rain_list': [4.1, 9.8, 6.9, 1.3, 1.9, 0.0, 0.0, 2.5, 0.9, 6.7, 14.1, 36.5, 254.4, 23.9], 'pr': 90.41396290741788, 'soil': 1174.75589708731, 'Slope': 23.294872213814244, 'Aspect': 167.82770405524843, 'TPI': 17.129337539432072}
  TerraClimate: pr=91.1mm, soil=1184.3mm
DIAGNOSTIC - SENSORS: {'LST': 14891.2, 'NDVI': 0.8892, 'NDMI': 0.3042530119419098, 'Aerosol': 0.1, 'rain_list': [1.7, 0.8, 2.1, 0.6, 0.7, 0.6, 0.6, 2.3, 1.0, 6.7, 10.9, 22.3, 180.9, 13.9], 'pr': 91.090912150185, 'soil': 1184.2803206426552, 'Slope': 12.520456188088492, 'Aspect': 244.06374912756394, 'TPI': 3.9085173501578083}
  TerraClimate: pr=90.5mm, soil=1175.3mm
DIAGNOSTIC - SENSORS: {'LST': 14900.0, 'NDVI': 0.904175, 'NDMI': 0.31280869245529175, 'Aerosol': 0.1, 'rain_list': [1.7, 0.8, 2.1, 0.6, 0.7, 0.6, 0.6, 2.3, 1.0, 6.7, 10.9, 22.3, 180.9, 13.9], 'pr': 90.5215140281236, 'soil': 1175.3410712331154, 'Slope': 9.66347338045277, 'Aspect': 48.28155504656127, 'TPI': 2.186119873817006}
Flat terrain detected. Running Storm Hunter Catchment Scan...
Flat terrain detected. Running Storm Hunter Catchment Scan...
DIAGNOSTIC - FINAL CALIBRATED PROB: 66.4%
  TerraClimate: pr=90.5mm, soil=1175.1mm
DIAGNOSTIC - SENSORS: {'LST': 14884.444444444445, 'NDVI': 0.871575, 'NDMI': 0.3580051362514496, 'Aerosol': 0.1, 'rain_list': [4.1, 9.8, 6.9, 1.3, 1.9, 0.0, 0.0, 2.5, 0.9, 6.7, 14.1, 36.5, 254.4, 23.9], 'pr': 90.47029920873992, 'soil': 1175.06241687797, 'Slope': 17.02703128609794, 'Aspect': 212.24893851172354, 'TPI': -6.839116719242838}
Flat terrain detected. Running Storm Hunter Catchment Scan...
  TerraClimate: pr=89.9mm, soil=1165.8mm
DIAGNOSTIC - SENSORS: {'LST': 14874.75, 'NDVI': 0.8429, 'NDMI': 0.32324036955833435, 'Aerosol': 0.1, 'rain_list': [3.0, 3.4, 1.7, 0.7, 0.2, 0.2, 0.1, 0.8, 1.2, 4.5, 2.8, 21.4, 186.1, 11.4], 'pr': 89.85011906858522, 'soil': 1165.8468679388188, 'Slope': 6.484591234053082, 'Aspect': 253.45086356271207, 'TPI': 4.96214511041012}
DIAGNOSTIC - FINAL CALIBRATED PROB: 0.0%
  TerraClimate: pr=87.8mm, soil=1134.4mm
DIAGNOSTIC - FINAL CALIBRATED PROB: 22.8%
  TerraClimate: pr=88.2mm, soil=1140.3mm
DIAGNOSTIC - FINAL CALIBRATED PROB: 0.0%
127.0.0.1 - - [01/Jun/2026 15:35:21] "POST /predict_area HTTP/1.1" 200 -
127.0.0.1 - - [01/Jun/2026 15:35:24] "OPTIONS /predict HTTP/1.1" 200 -
127.0.0.1 - - [01/Jun/2026 15:35:28] "POST /predict_area HTTP/1.1" 200 -
127.0.0.1 - - [01/Jun/2026 15:35:30] "POST /predict HTTP/1.1" 200 -
127.0.0.1 - - [01/Jun/2026 15:35:37] "POST /predict_area HTTP/1.1" 200 -
127.0.0.1 - - [01/Jun/2026 15:35:48] "OPTIONS /predict_area HTTP/1.1" 200 -
  TerraClimate: pr=87.8mm, soil=1136.0mm
DIAGNOSTIC - FINAL CALIBRATED PROB: 0.1%

[AREA SCAN] Started Center (28.8460, 82.5207)

[AREA SCAN] Started North (28.8595, 82.5207)

[AREA SCAN] Started South (28.8325, 82.5207)

[AREA SCAN] Started East (28.8460, 82.5342)

[AREA SCAN] Started West (28.8460, 82.5072)
Predicting for 27.708317, 85.3205817 with Temporal Sequence Injection...
  TerraClimate: pr=261.9mm, soil=1002.9mm
DIAGNOSTIC - SENSORS: {'LST': 14499.8, 'NDVI': 0.6557666666666667, 'NDMI': 0.31665197014808655, 'Aerosol': 0.1, 'rain_list': [11.6, 7.5, 8.8, 13.8, 26.6, 27.5, 17.6, 38.8, 28.7, 25.5, 45.8, 23.5, 19.6, 18.1], 'pr': 261.8529820821614, 'soil': 1002.8819141453994, 'Slope': 53.339190054513594, 'Aspect': 314.3331357855589, 'TPI': -68.21135646687708}
  TerraClimate: pr=265.8mm, soil=1012.4mm
DIAGNOSTIC - SENSORS: {'LST': 14425.555555555555, 'NDVI': 0.4681, 'NDMI': 0.32757627964019775, 'Aerosol': 0.1, 'rain_list': [11.6, 7.5, 8.8, 13.8, 26.6, 27.5, 17.6, 38.8, 28.7, 25.5, 45.8, 23.5, 19.6, 18.1], 'pr': 265.8334807135369, 'soil': 1012.4299179990526, 'Slope': 39.53492812158914, 'Aspect': 208.0444187778182, 'TPI': 25.274447949526802}
  TerraClimate: pr=263.4mm, soil=1010.3mm
DIAGNOSTIC - SENSORS: {'LST': 14668.222222222223, 'NDVI': 0.8135666666666667, 'NDMI': 0.3533729612827301, 'Aerosol': 0.1, 'rain_list': [12.6, 11.9, 6.3, 12.1, 20.4, 15.0, 12.8, 12.7, 20.8, 16.1, 30.9, 20.5, 7.3, 9.4], 'pr': 263.39971290407846, 'soil': 1010.3480907822749, 'Slope': 55.580371704509915, 'Aspect': 282.8172988781129, 'TPI': 30.763406940063305}
  TerraClimate: pr=260.1mm, soil=1001.3mm
DIAGNOSTIC - SENSORS: {'LST': 14663.42857142857, 'NDVI': 0.8091, 'NDMI': 0.31255486607551575, 'Aerosol': 0.1, 'rain_list': [13.2, 13.9, 3.6, 5.9, 14.8, 18.6, 14.8, 28.5, 31.7, 18.7, 35.3, 17.5, 7.8, 6.1], 'pr': 260.0900252210882, 'soil': 1001.2763839645717, 'Slope': 27.91104811752623, 'Aspect': 119.27133181173926, 'TPI': -30.99369085173521}
DIAGNOSTIC - FINAL CALIBRATED PROB: 89.4%
DIAGNOSTIC - FINAL CALIBRATED PROB: 3.2%
DIAGNOSTIC - FINAL CALIBRATED PROB: 89.1%
DIAGNOSTIC - FINAL CALIBRATED PROB: 76.6%
  TerraClimate: pr=262.5mm, soil=1005.9mm
DIAGNOSTIC - SENSORS: {'LST': 14419.625, 'NDVI': 0.549, 'NDMI': 0.35138460993766785, 'Aerosol': 0.1, 'rain_list': [11.6, 7.5, 8.8, 13.8, 26.6, 27.5, 17.6, 38.8, 28.7, 25.5, 45.8, 23.5, 19.6, 18.1], 'pr': 262.48313167627526, 'soil': 1005.9236898122722, 'Slope': 36.078701231464194, 'Aspect': 285.46179759182735, 'TPI': 37.1924290220818}
DIAGNOSTIC - FINAL CALIBRATED PROB: 77.3%

[AREA SCAN] Started Center (28.3132, 84.8984)

[AREA SCAN] Started North (28.3267, 84.8984)

[AREA SCAN] Started South (28.2997, 84.8984)

[AREA SCAN] Started East (28.3132, 84.9119)

[AREA SCAN] Started West (28.3132, 84.8849)
  TerraClimate: pr=91.0mm, soil=613.0mm
DIAGNOSTIC - SENSORS: {'LST': 15058.09090909091, 'NDVI': 0.2674, 'NDMI': 0.05105514079332352, 'Aerosol': 0.1, 'rain_list': [6.9, 3.2, 3.3, 7.5, 5.4, 6.1, 7.1, 12.6, 8.3, 5.8, 9.6, 13.4, 5.5, 8.0], 'pr': 91.0, 'soil': 613.0, 'Slope': 2.290138191531543, 'Aspect': 113.87719975218963, 'TPI': -1.1324921135646946}
DIAGNOSTIC - FINAL CALIBRATED PROB: 0.0%
  TerraClimate: pr=307.6mm, soil=958.5mm
DIAGNOSTIC - SENSORS: {'LST': 14539.5, 'NDVI': 0.409825, 'NDMI': 0.12731333076953888, 'Aerosol': 0.1, 'rain_list': [7.4, 6.8, 2.2, 7.4, 8.0, 2.6, 11.5, 39.3, 21.9, 73.0, 32.4, 21.9, 38.2, 37.0], 'pr': 307.6460246189471, 'soil': 958.4705303509671, 'Slope': 40.347769367415, 'Aspect': 72.24834898281495, 'TPI': -66.56782334384843}
  TerraClimate: pr=300.9mm, soil=947.2mm
DIAGNOSTIC - SENSORS: {'LST': 14850.875, 'NDVI': 0.4681, 'NDMI': 0.08925081789493561, 'Aerosol': 0.1, 'rain_list': [4.1, 5.6, 1.7, 5.0, 3.2, 1.3, 9.9, 27.6, 21.4, 64.8, 33.7, 23.1, 36.4, 25.9], 'pr': 300.905710157554, 'soil': 947.2065740654912, 'Slope': 39.86726333062296, 'Aspect': 277.79794021154635, 'TPI': -18.656151419558455}
  TerraClimate: pr=301.2mm, soil=945.0mm
DIAGNOSTIC - SENSORS: {'LST': 14752.0, 'NDVI': 0.530525, 'NDMI': 0.13217568397521973, 'Aerosol': 0.1, 'rain_list': [4.1, 5.6, 1.7, 5.0, 3.2, 1.3, 9.9, 27.6, 21.4, 64.8, 33.7, 23.1, 36.4, 25.9], 'pr': 301.1858380681168, 'soil': 945.007140807496, 'Slope': 29.400883499173837, 'Aspect': 48.64401218480473, 'TPI': 28.138801261829713}
DIAGNOSTIC - FINAL CALIBRATED PROB: 39.4%
DIAGNOSTIC - FINAL CALIBRATED PROB: 59.1%
DIAGNOSTIC - FINAL CALIBRATED PROB: 95.8%
  TerraClimate: pr=304.9mm, soil=953.9mm
DIAGNOSTIC - SENSORS: {'LST': 14732.625, 'NDVI': 0.5165, 'NDMI': 0.1473492681980133, 'Aerosol': 0.1, 'rain_list': [4.1, 5.6, 1.7, 5.0, 3.2, 1.3, 9.9, 27.6, 21.4, 64.8, 33.7, 23.1, 36.4, 25.9], 'pr': 304.89997057912024, 'soil': 953.8815111235511, 'Slope': 60.17863499216812, 'Aspect': 66.48493486276998, 'TPI': 40.93375394321765}
DIAGNOSTIC - FINAL CALIBRATED PROB: 86.5%
  TerraClimate: pr=307.6mm, soil=960.2mm
DIAGNOSTIC - SENSORS: {'LST': 14939.57142857143, 'NDVI': 0.541925, 'NDMI': 0.16314606368541718, 'Aerosol': 0.1, 'rain_list': [4.1, 5.6, 1.7, 5.0, 3.2, 1.3, 9.9, 27.6, 21.4, 64.8, 33.7, 23.1, 36.4, 25.9], 'pr': 307.55292237269464, 'soil': 960.2203470635918, 'Slope': 29.285251696441968, 'Aspect': 133.846458382797, 'TPI': -7.848580441640479}
DIAGNOSTIC - FINAL CALIBRATED PROB: 82.8%

[AREA SCAN] Started Center (28.9274, 80.7461)

[AREA SCAN] Started North (28.9409, 80.7461)

[AREA SCAN] Started South (28.9139, 80.7461)

[AREA SCAN] Started East (28.9274, 80.7596)

[AREA SCAN] Started West (28.9274, 80.7326)
  TerraClimate: pr=128.0mm, soil=1749.4mm
DIAGNOSTIC - SENSORS: {'LST': 14853.76923076923, 'NDVI': 0.7209, 'NDMI': 0.305155873298645, 'Aerosol': 0.1, 'rain_list': [0.9, 0.9, 2.4, 3.7, 0.0, 0.8, 0.0, 0.0, 0.1, 0.0, 0.0, 0.0, 8.1, 104.7], 'pr': 127.95688084429142, 'soil': 1749.3938911812775, 'Slope': 21.318864899330162, 'Aspect': 174.5618138256401, 'TPI': -38.85488958990527}
  TerraClimate: pr=129.6mm, soil=1737.8mm
DIAGNOSTIC - SENSORS: {'LST': 14901.714285714286, 'NDVI': 0.731875, 'NDMI': 0.28870293498039246, 'Aerosol': 0.1, 'rain_list': [1.6, 1.5, 1.3, 3.4, 0.1, 1.1, 0.1, 0.0, 0.4, 0.0, 0.0, 0.0, 9.8, 86.8], 'pr': 129.61655554953973, 'soil': 1737.8323597775925, 'Slope': 28.60340626435699, 'Aspect': 210.5820008410196, 'TPI': -16.90220820189279}
DIAGNOSTIC - FINAL CALIBRATED PROB: 54.8%
DIAGNOSTIC - FINAL CALIBRATED PROB: 98.2%
  TerraClimate: pr=128.8mm, soil=1731.7mm
DIAGNOSTIC - SENSORS: {'LST': 14900.5, 'NDVI': 0.60365, 'NDMI': 0.28540170192718506, 'Aerosol': 0.1, 'rain_list': [0.5, 1.2, 4.0, 4.2, 0.3, 1.7, 0.0, 0.1, 0.1, 0.0, 0.0, 0.0, 3.2, 116.6], 'pr': 128.79427700067583, 'soil': 1731.703292846823, 'Slope': 23.373687026993302, 'Aspect': 250.30006258576856, 'TPI': 34.914826498422826}
DIAGNOSTIC - FINAL CALIBRATED PROB: 0.0%
  TerraClimate: pr=129.4mm, soil=1719.1mm
DIAGNOSTIC - SENSORS: {'LST': 14874.09090909091, 'NDVI': 0.684025, 'NDMI': 0.2699069380760193, 'Aerosol': 0.1, 'rain_list': [0.5, 1.2, 4.0, 4.2, 0.3, 1.7, 0.0, 0.1, 0.1, 0.0, 0.0, 0.0, 3.2, 116.6], 'pr': 129.39241711237906, 'soil': 1719.0671511793537, 'Slope': 17.057741875814248, 'Aspect': 285.2949457204544, 'TPI': -23.277602523659198}
  TerraClimate: pr=127.7mm, soil=1723.5mm
DIAGNOSTIC - SENSORS: {'LST': 14870.8, 'NDVI': 0.708475, 'NDMI': 0.2779783308506012, 'Aerosol': 0.1, 'rain_list': [0.5, 1.2, 4.0, 4.2, 0.3, 1.7, 0.0, 0.1, 0.1, 0.0, 0.0, 0.0, 3.2, 116.6], 'pr': 127.73610688688764, 'soil': 1723.4828979606946, 'Slope': 34.99311382795842, 'Aspect': 243.93665952786432, 'TPI': 15.782334384858132}
Flat terrain detected. Running Storm Hunter Catchment Scan...
DIAGNOSTIC - FINAL CALIBRATED PROB: 93.4%

[AREA SCAN] Started Center (27.7083, 85.3206)

[AREA SCAN] Started North (27.7218, 85.3206)

[AREA SCAN] Started South (27.6948, 85.3206)

[AREA SCAN] Started East (27.7083, 85.3341)

[AREA SCAN] Started West (27.7083, 85.3071)
  TerraClimate: pr=91.0mm, soil=613.0mm
DIAGNOSTIC - SENSORS: {'LST': 15042.5, 'NDVI': 0.31623333333333337, 'NDMI': -0.0024891102220863104, 'Aerosol': 0.1, 'rain_list': [6.9, 3.2, 3.3, 7.5, 5.4, 6.1, 7.1, 12.6, 8.3, 5.8, 9.6, 13.4, 5.5, 8.0], 'pr': 91.0, 'soil': 613.0, 'Slope': 0.9274099368729609, 'Aspect': 0, 'TPI': -1.558359621451018}
  TerraClimate: pr=91.0mm, soil=613.0mm
127.0.0.1 - - [01/Jun/2026 15:35:55] "POST /predict_area HTTP/1.1" 200 -
127.0.0.1 - - [01/Jun/2026 15:35:56] "POST /predict_area HTTP/1.1" 200 -
127.0.0.1 - - [01/Jun/2026 15:36:02] "POST /predict_area HTTP/1.1" 200 -
127.0.0.1 - - [01/Jun/2026 15:36:17] "POST /predict_area HTTP/1.1" 200 -
DIAGNOSTIC - SENSORS: {'LST': 15064.9, 'NDVI': 0.2674, 'NDMI': 0.05105514079332352, 'Aerosol': 0.1, 'rain_list': [6.9, 3.2, 3.3, 7.5, 5.4, 6.1, 7.1, 12.6, 8.3, 5.8, 9.6, 13.4, 5.5, 8.0], 'pr': 91.0, 'soil': 613.0, 'Slope': 2.290138191531543, 'Aspect': 113.87719975218963, 'TPI': -1.1324921135646946}
DIAGNOSTIC - FINAL CALIBRATED PROB: 0.0%
DIAGNOSTIC - FINAL CALIBRATED PROB: 0.0%
  TerraClimate: pr=91.0mm, soil=613.0mm
DIAGNOSTIC - SENSORS: {'LST': 15071.0, 'NDVI': 0.22323333333333334, 'NDMI': -0.03710057958960533, 'Aerosol': 0.1, 'rain_list': [6.9, 3.2, 3.3, 7.5, 5.4, 6.1, 7.1, 12.6, 8.3, 5.8, 9.6, 13.4, 5.5, 8.0], 'pr': 91.0, 'soil': 613.0, 'Slope': 1.0475097198863121, 'Aspect': 270, 'TPI': -3.006309148265018}
DIAGNOSTIC - FINAL CALIBRATED PROB: 0.0%
  TerraClimate: pr=127.9mm, soil=1618.2mm
DIAGNOSTIC - FINAL CALIBRATED PROB: 2.5%

[AREA SCAN] Started Center (28.9458, 81.6368)

[AREA SCAN] Started North (28.9593, 81.6368)

[AREA SCAN] Started South (28.9323, 81.6368)

[AREA SCAN] Started East (28.9458, 81.6503)

[AREA SCAN] Started West (28.9458, 81.6233)
  TerraClimate: pr=91.0mm, soil=613.0mm
DIAGNOSTIC - SENSORS: {'LST': 15067.444444444445, 'NDVI': 0.2125, 'NDMI': -0.010192525573074818, 'Aerosol': 0.1, 'rain_list': [4.6, 3.5, 4.7, 7.4, 3.2, 2.5, 1.9, 10.5, 8.2, 3.3, 3.6, 11.0, 6.0, 2.9], 'pr': 91.0, 'soil': 613.0, 'Slope': 1.0475097197791567, 'Aspect': 270, 'TPI': 4}
  TerraClimate: pr=91.0mm, soil=613.0mm
DIAGNOSTIC - SENSORS: {'LST': 15043.0, 'NDVI': 0.26636666666666664, 'NDMI': -0.01224489789456129, 'Aerosol': 0.1, 'rain_list': [6.9, 3.2, 3.3, 7.5, 5.4, 6.1, 7.1, 12.6, 8.3, 5.8, 9.6, 13.4, 5.5, 8.0], 'pr': 91.0, 'soil': 613.0, 'Slope': 2.1293268242760504, 'Aspect': 209.45318728723717, 'TPI': -1.813880126182994}
DIAGNOSTIC - FINAL CALIBRATED PROB: 0.0%
DIAGNOSTIC - FINAL CALIBRATED PROB: 0.0%
  TerraClimate: pr=283.8mm, soil=1249.9mm
DIAGNOSTIC - SENSORS: {'LST': 15145.875, 'NDVI': 0.6004, 'NDMI': 0.1187548041343689, 'Aerosol': 0.1, 'rain_list': [14.7, 6.1, 2.9, 5.2, 1.3, 4.7, 0.1, 0.8, 4.5, 5.3, 1.1, 0.0, 6.6, 10.9], 'pr': 283.80488846646216, 'soil': 1249.9072348918182, 'Slope': 55.35585512247813, 'Aspect': 122.47349521810577, 'TPI': 17.71293375394316}
  TerraClimate: pr=281.3mm, soil=1240.9mm
DIAGNOSTIC - SENSORS: {'LST': 15066.5625, 'NDVI': 0.5596, 'NDMI': 0.14575214684009552, 'Aerosol': 0.1, 'rain_list': [14.7, 6.1, 2.9, 5.2, 1.3, 4.7, 0.1, 0.8, 4.5, 5.3, 1.1, 0.0, 6.6, 10.9], 'pr': 281.25451003014246, 'soil': 1240.8957430806815, 'Slope': 27.44269148970067, 'Aspect': 25.3107120938866, 'TPI': -20.003154574132395}
  TerraClimate: pr=288.9mm, soil=1267.9mm
DIAGNOSTIC - SENSORS: {'LST': 15236.5625, 'NDVI': 0.4439, 'NDMI': 0.07183907926082611, 'Aerosol': 0.1, 'rain_list': [11.8, 2.9, 3.5, 1.9, 1.9, 0.7, 0.0, 0.1, 0.1, 2.6, 0.3, 0.0, 4.2, 9.6], 'pr': 288.9056453391015, 'soil': 1267.930218514091, 'Slope': 22.676488285669976, 'Aspect': 117.70459979211992, 'TPI': 19.347003154574168}
  TerraClimate: pr=283.9mm, soil=1243.1mm
DIAGNOSTIC - SENSORS: {'LST': 15154.70588235294, 'NDVI': 0.5427333333333333, 'NDMI': 0.15671031177043915, 'Aerosol': 0.1, 'rain_list': [14.7, 6.1, 2.9, 5.2, 1.3, 4.7, 0.1, 0.8, 4.5, 5.3, 1.1, 0.0, 6.6, 10.9], 'pr': 283.9015382229272, 'soil': 1243.1199882130027, 'Slope': 25.437197530535016, 'Aspect': 38.48331303894104, 'TPI': 5.558359621451018}
DIAGNOSTIC - FINAL CALIBRATED PROB: 93.3%
DIAGNOSTIC - FINAL CALIBRATED PROB: 81.8%
DIAGNOSTIC - FINAL CALIBRATED PROB: 51.9%
  TerraClimate: pr=283.7mm, soil=1253.9mm
DIAGNOSTIC - SENSORS: {'LST': 15145.6875, 'NDVI': 0.4455, 'NDMI': -0.004969629924744368, 'Aerosol': 0.1, 'rain_list': [14.7, 6.1, 2.9, 5.2, 1.3, 4.7, 0.1, 0.8, 4.5, 5.3, 1.1, 0.0, 6.6, 10.9], 'pr': 283.7473250085675, 'soil': 1253.94963916376, 'Slope': 1.8543341688295631, 'Aspect': 180, 'TPI': 23.085173501577174}
DIAGNOSTIC - FINAL CALIBRATED PROB: 73.7%
DIAGNOSTIC - FINAL CALIBRATED PROB: 4.7%

[AREA SCAN] Started Center (29.2500, 82.2167)

[AREA SCAN] Started North (29.2635, 82.2167)

[AREA SCAN] Started South (29.2365, 82.2167)

[AREA SCAN] Started East (29.2500, 82.2302)

[AREA SCAN] Started West (29.2500, 82.2032)
  TerraClimate: pr=53.9mm, soil=893.5mm
DIAGNOSTIC - SENSORS: {'LST': 14843.052631578947, 'NDVI': 0.6735, 'NDMI': 0.19556684792041779, 'Aerosol': 0.1, 'rain_list': [0.0, 0.1, 0.0, 0.0, 0.4, 0.3, 0.6, 0.0, 0.0, 0.0, 3.5, 45.4, 68.5, 3.2], 'pr': 53.940731819620055, 'soil': 893.4724221839555, 'Slope': 17.003340823541873, 'Aspect': 342.33780832086256, 'TPI': -38.87697160883272}
  TerraClimate: pr=54.3mm, soil=893.4mm
DIAGNOSTIC - SENSORS: {'LST': 14771.263157894737, 'NDVI': 0.71765, 'NDMI': 0.15899281203746796, 'Aerosol': 0.1, 'rain_list': [0.0, 0.1, 0.0, 0.0, 0.4, 0.3, 0.6, 0.0, 0.0, 0.0, 3.5, 45.4, 68.5, 3.2], 'pr': 54.26241318638035, 'soil': 893.3509387604637, 'Slope': 20.76506960437944, 'Aspect': 123.71132984086817, 'TPI': 36.44794952681377}
  TerraClimate: pr=55.2mm, soil=901.8mm
DIAGNOSTIC - SENSORS: {'LST': 14531.842105263158, 'NDVI': 0.752425, 'NDMI': 0.16243194043636322, 'Aerosol': 0.1, 'rain_list': [0.0, 2.0, 0.0, 0.7, 0.4, 0.2, 0.2, 0.0, 0.5, 0.4, 6.8, 53.1, 77.4, 5.0], 'pr': 55.20279881233844, 'soil': 901.8159742414482, 'Slope': 42.47713629771957, 'Aspect': 43.541097129235396, 'TPI': 31.094637223974587}
Flat terrain detected. Running Storm Hunter Catchment Scan...
  TerraClimate: pr=54.8mm, soil=902.4mm
DIAGNOSTIC - SENSORS: {'LST': 14700.888888888889, 'NDVI': 0.751625, 'NDMI': 0.1447049379348755, 'Aerosol': 0.1, 'rain_list': [0.0, 0.1, 0.0, 0.0, 0.4, 0.3, 0.6, 0.0, 0.0, 0.0, 3.5, 45.4, 68.5, 3.2], 'pr': 54.77370097982227, 'soil': 902.4377136287902, 'Slope': 39.306000249418524, 'Aspect': 322.27294022566554, 'TPI': 15.608832807571162}
  TerraClimate: pr=54.5mm, soil=896.9mm
DIAGNOSTIC - SENSORS: {'LST': 14750.111111111111, 'NDVI': 0.667475, 'NDMI': 0.15662650763988495, 'Aerosol': 0.1, 'rain_list': [0.0, 0.1, 0.0, 0.0, 0.4, 0.3, 0.6, 0.0, 0.0, 0.0, 3.5, 45.4, 68.5, 3.2], 'pr': 54.46659306658612, 'soil': 896.9489022079113, 'Slope': 23.6433169567779, 'Aspect': 337.5784990708787, 'TPI': -0.9463722397476886}
DIAGNOSTIC - FINAL CALIBRATED PROB: 53.8%
DIAGNOSTIC - FINAL CALIBRATED PROB: 5.4%
DIAGNOSTIC - FINAL CALIBRATED PROB: 0.1%
DIAGNOSTIC - FINAL CALIBRATED PROB: 0.0%
  TerraClimate: pr=52.3mm, soil=893.2mm
DIAGNOSTIC - FINAL CALIBRATED PROB: 0.1%

[AREA SCAN] Started Center (26.8129, 85.2595)

[AREA SCAN] Started North (26.8264, 85.2595)

[AREA SCAN] Started South (26.7994, 85.2595)

[AREA SCAN] Started East (26.8129, 85.2730)

[AREA SCAN] Started West (26.8129, 85.2460)
  TerraClimate: pr=389.1mm, soil=1730.2mm
DIAGNOSTIC - SENSORS: {'LST': 15295.666666666666, 'NDVI': 0.286225, 'NDMI': 0.08010336011648178, 'Aerosol': 0.1, 'rain_list': [27.1, 40.6, 22.5, 7.0, 18.8, 7.7, 17.9, 27.4, 8.9, 3.9, 29.4, 21.7, 46.4, 118.9], 'pr': 389.1235236413072, 'soil': 1730.190119939402, 'Slope': 0, 'Aspect': 0, 'TPI': 0.943217665615137}
  TerraClimate: pr=396.1mm, soil=1716.3mm
DIAGNOSTIC - SENSORS: {'LST': 15281.666666666666, 'NDVI': 0.36795, 'NDMI': 0.15142732858657837, 'Aerosol': 0.1, 'rain_list': [27.1, 40.6, 22.5, 7.0, 18.8, 7.7, 17.9, 27.4, 8.9, 3.9, 29.4, 21.7, 46.4, 118.9], 'pr': 396.0538477244328, 'soil': 1716.2712850906512, 'Slope': 1.0392335544228173, 'Aspect': 90, 'TPI': 4.9936908517350105}
  TerraClimate: pr=389.2mm, soil=1725.1mm
DIAGNOSTIC - SENSORS: {'LST': 15296.666666666666, 'NDVI': 0.347, 'NDMI': 0.11033479124307632, 'Aerosol': 0.1, 'rain_list': [23.0, 41.9, 28.1, 7.4, 19.6, 5.9, 24.0, 26.6, 10.3, 3.2, 25.8, 27.6, 54.2, 118.0], 'pr': 389.2271434280383, 'soil': 1725.111754726014, 'Slope': 1.3926446631040332, 'Aspect': 48.25155887609271, 'TPI': 0.9022082018927478}
  TerraClimate: pr=385.7mm, soil=1737.1mm
DIAGNOSTIC - SENSORS: {'LST': 15287.333333333334, 'NDVI': 0.380375, 'NDMI': 0.11324816942214966, 'Aerosol': 0.1, 'rain_list': [27.1, 40.6, 22.5, 7.0, 18.8, 7.7, 17.9, 27.4, 8.9, 3.9, 29.4, 21.7, 46.4, 118.9], 'pr': 385.65836159974583, 'soil': 1737.1495373637742, 'Slope': 0.9274099368729609, 'Aspect': 180, 'TPI': -1.6466876971608855}
  TerraClimate: pr=389.0mm, soil=1735.9mm
127.0.0.1 - - [01/Jun/2026 15:36:23] "POST /predict_area HTTP/1.1" 200 -
127.0.0.1 - - [01/Jun/2026 15:36:30] "POST /predict_area HTTP/1.1" 200 -
127.0.0.1 - - [01/Jun/2026 15:36:48] "POST /predict_area HTTP/1.1" 200 -
127.0.0.1 - - [01/Jun/2026 15:36:53] "OPTIONS /predict_area HTTP/1.1" 200 -
DIAGNOSTIC - SENSORS: {'LST': 15397.5, 'NDVI': 0.25775, 'NDMI': 0.11413881927728653, 'Aerosol': 0.1, 'rain_list': [27.1, 40.6, 22.5, 7.0, 18.8, 7.7, 17.9, 27.4, 8.9, 3.9, 29.4, 21.7, 46.4, 118.9], 'pr': 389.0064332823012, 'soil': 1735.9286726305302, 'Slope': 2.0775344548804635, 'Aspect': 270, 'TPI': -0.8012618296530007}
DIAGNOSTIC - FINAL CALIBRATED PROB: 51.2%
DIAGNOSTIC - FINAL CALIBRATED PROB: 50.6%
DIAGNOSTIC - FINAL CALIBRATED PROB: 72.2%
DIAGNOSTIC - FINAL CALIBRATED PROB: 71.0%
DIAGNOSTIC - FINAL CALIBRATED PROB: 64.0%

[AREA SCAN] Started Center (26.4152, 88.0072)

[AREA SCAN] Started North (26.4287, 88.0072)

[AREA SCAN] Started South (26.4017, 88.0072)

[AREA SCAN] Started East (26.4152, 88.0207)

[AREA SCAN] Started West (26.4152, 87.9937)
  TerraClimate: pr=349.5mm, soil=1691.6mm
DIAGNOSTIC - SENSORS: {'LST': 15179.0, 'NDVI': 0.58235, 'NDMI': 0.22617971897125244, 'Aerosol': 0.1, 'rain_list': [5.5, 33.5, 25.9, 14.4, 5.1, 18.5, 24.2, 38.9, 28.0, 31.0, 59.6, 6.8, 33.7, 26.3], 'pr': 349.47009019436194, 'soil': 1691.6412549583483, 'Slope': 0.9274099368611016, 'Aspect': 0, 'TPI': -3.6687697160883346}
  TerraClimate: pr=351.8mm, soil=1699.4mm
DIAGNOSTIC - SENSORS: {'LST': 15194.0, 'NDVI': 0.3788, 'NDMI': 0.24725274741649628, 'Aerosol': 0.1, 'rain_list': [5.5, 33.5, 25.9, 14.4, 5.1, 18.5, 24.2, 38.9, 28.0, 31.0, 59.6, 6.8, 33.7, 26.3], 'pr': 351.77463011465744, 'soil': 1699.4467816014421, 'Slope': 4.241335623628427, 'Aspect': 330.82296967308554, 'TPI': 0.3343848580441602}
  TerraClimate: pr=347.2mm, soil=1683.8mm
DIAGNOSTIC - SENSORS: {'LST': 15184.0, 'NDVI': 0.53945, 'NDMI': 0.19003993272781372, 'Aerosol': 0.1, 'rain_list': [5.5, 33.5, 25.9, 14.4, 5.1, 18.5, 24.2, 38.9, 28.0, 31.0, 59.6, 6.8, 33.7, 26.3], 'pr': 347.1579066697459, 'soil': 1683.8123263029293, 'Slope': 2.778099748740061, 'Aspect': 228.14923327522206, 'TPI': -0.6908517350157695}
  TerraClimate: pr=348.9mm, soil=1689.9mm
DIAGNOSTIC - SENSORS: {'LST': 15182.333333333334, 'NDVI': 0.48245, 'NDMI': 0.250049352645874, 'Aerosol': 0.1, 'rain_list': [5.5, 33.5, 25.9, 14.4, 5.1, 18.5, 24.2, 38.9, 28.0, 31.0, 59.6, 6.8, 33.7, 26.3], 'pr': 348.91177474830204, 'soil': 1689.9318905796947, 'Slope': 1.389955854002086, 'Aspect': 48.152523839219434, 'TPI': 0.05362776025236826}
  TerraClimate: pr=350.2mm, soil=1693.7mm
DIAGNOSTIC - SENSORS: {'LST': 15194.333333333334, 'NDVI': 0.433825, 'NDMI': 0.19350074231624603, 'Aerosol': 0.1, 'rain_list': [5.5, 33.5, 25.9, 14.4, 5.1, 18.5, 24.2, 38.9, 28.0, 31.0, 59.6, 6.8, 33.7, 26.3], 'pr': 350.15053714424755, 'soil': 1693.7245427948324, 'Slope': 1.389955854002086, 'Aspect': 228.15252383921944, 'TPI': 2.416403785488953}
DIAGNOSTIC - FINAL CALIBRATED PROB: 73.5%
DIAGNOSTIC - FINAL CALIBRATED PROB: 34.2%
DIAGNOSTIC - FINAL CALIBRATED PROB: 51.0%
DIAGNOSTIC - FINAL CALIBRATED PROB: 62.5%
DIAGNOSTIC - FINAL CALIBRATED PROB: 53.8%

[AREA SCAN] Started Center (27.9582, 83.6574)

[AREA SCAN] Started North (27.9717, 83.6574)

[AREA SCAN] Started South (27.9447, 83.6574)

[AREA SCAN] Started East (27.9582, 83.6709)

[AREA SCAN] Started West (27.9582, 83.6439)
  TerraClimate: pr=451.3mm, soil=1423.3mm
DIAGNOSTIC - SENSORS: {'LST': 15180.666666666666, 'NDVI': 0.532825, 'NDMI': 0.23729507625102997, 'Aerosol': 0.1, 'rain_list': [0.5, 0.5, 1.6, 12.2, 3.4, 2.7, 1.1, 3.4, 15.4, 11.7, 58.9, 46.8, 150.6, 63.2], 'pr': 451.3476928612728, 'soil': 1423.250404372075, 'Slope': 23.509311045857142, 'Aspect': 345.3598760787831, 'TPI': -4.753943217665665}
  TerraClimate: pr=450.6mm, soil=1409.7mm
DIAGNOSTIC - SENSORS: {'LST': 15128.818181818182, 'NDVI': 0.6424, 'NDMI': 0.21684296429157257, 'Aerosol': 0.1, 'rain_list': [0.2, 0.4, 0.3, 12.0, 1.4, 8.6, 3.2, 2.1, 15.2, 16.5, 49.6, 45.9, 130.0, 63.0], 'pr': 450.56976509612264, 'soil': 1409.6751717852687, 'Slope': 34.71460890708463, 'Aspect': 210.1721727845398, 'TPI': 54.88012618296534}
  TerraClimate: pr=450.4mm, soil=1404.7mm
DIAGNOSTIC - SENSORS: {'LST': 15055.90909090909, 'NDVI': 0.6516, 'NDMI': 0.31412509083747864, 'Aerosol': 0.1, 'rain_list': [1.2, 1.2, 0.6, 13.0, 2.1, 17.3, 5.2, 2.7, 10.0, 10.2, 50.5, 45.4, 142.7, 64.2], 'pr': 450.37108783858673, 'soil': 1404.6831883326047, 'Slope': 35.38472571679092, 'Aspect': 121.61435184944489, 'TPI': 14.731861198738216}
DIAGNOSTIC - FINAL CALIBRATED PROB: 71.2%
  TerraClimate: pr=450.7mm, soil=1410.9mm
DIAGNOSTIC - SENSORS: {'LST': 15129.7, 'NDVI': 0.596075, 'NDMI': 0.19368861615657806, 'Aerosol': 0.1, 'rain_list': [0.5, 0.5, 1.6, 12.2, 3.4, 2.7, 1.1, 3.4, 15.4, 11.7, 58.9, 46.8, 150.6, 63.2], 'pr': 450.69662284614884, 'soil': 1410.8722603457625, 'Slope': 9.263001102125482, 'Aspect': 153.28988844763728, 'TPI': 62.0441640378549}
DIAGNOSTIC - FINAL CALIBRATED PROB: 99.5%
DIAGNOSTIC - FINAL CALIBRATED PROB: 89.4%
Flat terrain detected. Running Storm Hunter Catchment Scan...
  TerraClimate: pr=450.8mm, soil=1411.6mm
DIAGNOSTIC - SENSORS: {'LST': 15130.727272727272, 'NDVI': 0.569, 'NDMI': 0.18331776559352875, 'Aerosol': 0.1, 'rain_list': [0.5, 0.5, 1.6, 12.2, 3.4, 2.7, 1.1, 3.4, 15.4, 11.7, 58.9, 46.8, 150.6, 63.2], 'pr': 450.77542841813477, 'soil': 1411.6159062697052, 'Slope': 45.1232310391138, 'Aspect': 177.90846976737672, 'TPI': -62.97791798107255}
DIAGNOSTIC - FINAL CALIBRATED PROB: 93.8%
  TerraClimate: pr=449.3mm, soil=1374.7mm
DIAGNOSTIC - FINAL CALIBRATED PROB: 99.7%

[AREA SCAN] Started Center (27.9904, 82.9128)

[AREA SCAN] Started North (28.0039, 82.9128)

[AREA SCAN] Started South (27.9769, 82.9128)

[AREA SCAN] Started East (27.9904, 82.9263)

[AREA SCAN] Started West (27.9904, 82.8993)
  TerraClimate: pr=137.0mm, soil=1335.5mm
DIAGNOSTIC - SENSORS: {'LST': 14898.25, 'NDVI': 0.6776, 'NDMI': 0.30686330795288086, 'Aerosol': 0.1, 'rain_list': [1.9, 0.6, 6.0, 6.8, 2.5, 2.8, 0.8, 0.2, 0.2, 1.2, 0.3, 8.7, 104.4, 104.0], 'pr': 137.01558013637077, 'soil': 1335.5073637514506, 'Slope': 30.34253223452042, 'Aspect': 354.6088311034522, 'TPI': -36.86435331230291}
DIAGNOSTIC - FINAL CALIBRATED PROB: 95.6%

[AREA SCAN] Started Center (27.8293, 85.5761)

[AREA SCAN] Started North (27.8428, 85.5761)

[AREA SCAN] Started South (27.8158, 85.5761)

[AREA SCAN] Started East (27.8293, 85.5896)

[AREA SCAN] Started West (27.8293, 85.5626)
  TerraClimate: pr=135.4mm, soil=1329.8mm
DIAGNOSTIC - SENSORS: {'LST': 14856.666666666666, 'NDVI': 0.75035, 'NDMI': 0.34352853894233704, 'Aerosol': 0.1, 'rain_list': [1.9, 0.6, 6.0, 6.8, 2.5, 2.8, 0.8, 0.2, 0.2, 1.2, 0.3, 8.7, 104.4, 104.0], 'pr': 135.41157377848018, 'soil': 1329.8043874874843, 'Slope': 42.21537528733929, 'Aspect': 53.926756497934335, 'TPI': 24.86435331230291}
  TerraClimate: pr=136.6mm, soil=1342.2mm
DIAGNOSTIC - SENSORS: {'LST': 14883.666666666666, 'NDVI': 0.66925, 'NDMI': 0.3703002333641052, 'Aerosol': 0.1, 'rain_list': [6.1, 6.5, 15.7, 11.7, 2.2, 3.8, 1.6, 2.1, 1.3, 1.7, 5.4, 39.7, 105.7, 106.3], 'pr': 136.63890426261818, 'soil': 1342.1871636874887, 'Slope': 26.47859648474742, 'Aspect': 224.3603322670491, 'TPI': 20.883280757097737}
  TerraClimate: pr=136.1mm, soil=1320.9mm
DIAGNOSTIC - SENSORS: {'LST': 14883.0, 'NDVI': 0.84715, 'NDMI': 0.41401273012161255, 'Aerosol': 0.1, 'rain_list': [6.1, 6.5, 15.7, 11.7, 2.2, 3.8, 1.6, 2.1, 1.3, 1.7, 5.4, 39.7, 105.7, 106.3], 'pr': 136.06367605179187, 'soil': 1320.8962323975582, 'Slope': 38.50095148399751, 'Aspect': 28.948479355642814, 'TPI': 15.425867507886323}
DIAGNOSTIC - FINAL CALIBRATED PROB: 93.0%
DIAGNOSTIC - FINAL CALIBRATED PROB: 86.1%
DIAGNOSTIC - FINAL CALIBRATED PROB: 79.6%
  TerraClimate: pr=136.4mm, soil=1333.3mm
DIAGNOSTIC - SENSORS: {'LST': 14892.75, 'NDVI': 0.73545, 'NDMI': 0.29174408316612244, 'Aerosol': 0.1, 'rain_list': [1.9, 0.6, 6.0, 6.8, 2.5, 2.8, 0.8, 0.2, 0.2, 1.2, 0.3, 8.7, 104.4, 104.0], 'pr': 136.39739501506128, 'soil': 1333.2869378764922, 'Slope': 27.191106822149603, 'Aspect': 12.362998205851529, 'TPI': -24.192429022082024}
  TerraClimate: pr=269.1mm, soil=888.9mm
127.0.0.1 - - [01/Jun/2026 15:36:57] "POST /predict_area HTTP/1.1" 200 -
127.0.0.1 - - [01/Jun/2026 15:37:04] "POST /predict_area HTTP/1.1" 200 -
127.0.0.1 - - [01/Jun/2026 15:37:08] "POST /predict_area HTTP/1.1" 200 -
127.0.0.1 - - [01/Jun/2026 15:37:25] "POST /predict_area HTTP/1.1" 200 -
127.0.0.1 - - [01/Jun/2026 15:37:26] "OPTIONS /predict_area HTTP/1.1" 200 -
DIAGNOSTIC - SENSORS: {'LST': 15030.875, 'NDVI': 0.531425, 'NDMI': 0.22283205389976501, 'Aerosol': 0.1, 'rain_list': [2.3, 6.3, 0.9, 4.4, 17.1, 13.4, 7.4, 17.1, 34.0, 9.2, 7.2, 2.0, 4.2, 20.0], 'pr': 269.07050647035413, 'soil': 888.9435560796296, 'Slope': 13.672582670547962, 'Aspect': 142.98893560039576, 'TPI': -6.271293375394293}
  TerraClimate: pr=269.9mm, soil=890.9mm
DIAGNOSTIC - SENSORS: {'LST': 14985.125, 'NDVI': 0.6853, 'NDMI': 0.3315858542919159, 'Aerosol': 0.1, 'rain_list': [1.1, 5.3, 1.6, 1.4, 9.0, 20.6, 9.0, 20.1, 17.0, 10.3, 5.5, 8.9, 3.5, 17.0], 'pr': 269.9109010037468, 'soil': 890.9047365198741, 'Slope': 13.167510191981412, 'Aspect': 128.51652979663973, 'TPI': -19.542586750788587}
  TerraClimate: pr=268.6mm, soil=887.8mm
DIAGNOSTIC - SENSORS: {'LST': 14975.111111111111, 'NDVI': 0.729275, 'NDMI': 0.2578890025615692, 'Aerosol': 0.1, 'rain_list': [1.0, 2.6, 1.6, 1.0, 13.5, 15.9, 5.9, 9.2, 25.7, 10.3, 4.5, 4.1, 1.8, 12.1], 'pr': 268.57390970062215, 'soil': 887.7846767285758, 'Slope': 18.62662411822309, 'Aspect': 292.59515214098224, 'TPI': 4.968454258675138}
  TerraClimate: pr=273.3mm, soil=895.4mm
DIAGNOSTIC - SENSORS: {'LST': 15032.375, 'NDVI': 0.577675, 'NDMI': 0.21617348492145538, 'Aerosol': 0.1, 'rain_list': [2.3, 6.3, 0.9, 4.4, 17.1, 13.4, 7.4, 17.1, 34.0, 9.2, 7.2, 2.0, 4.2, 20.0], 'pr': 273.26846169658774, 'soil': 895.3826424643994, 'Slope': 2.2920284987269857, 'Aspect': 113.85626171450879, 'TPI': -9.917981072555222}
DIAGNOSTIC - FINAL CALIBRATED PROB: 90.1%

[AREA SCAN] Started Center (29.5383, 81.6178)

[AREA SCAN] Started North (29.5518, 81.6178)

[AREA SCAN] Started South (29.5248, 81.6178)

[AREA SCAN] Started East (29.5383, 81.6313)

[AREA SCAN] Started West (29.5383, 81.6043)
  TerraClimate: pr=264.9mm, soil=882.5mm
DIAGNOSTIC - SENSORS: {'LST': 14957.181818181818, 'NDVI': 0.639375, 'NDMI': 0.24035759270191193, 'Aerosol': 0.1, 'rain_list': [1.0, 2.6, 1.6, 1.0, 13.5, 15.9, 5.9, 9.2, 25.7, 10.3, 4.5, 4.1, 1.8, 12.1], 'pr': 264.8725512441218, 'soil': 882.5044696948614, 'Slope': 24.323332586109387, 'Aspect': 145.4569161716923, 'TPI': 14.078864353312383}
Flat terrain detected. Running Storm Hunter Catchment Scan...
Flat terrain detected. Running Storm Hunter Catchment Scan...
DIAGNOSTIC - FINAL CALIBRATED PROB: 13.3%
Flat terrain detected. Running Storm Hunter Catchment Scan...
DIAGNOSTIC - FINAL CALIBRATED PROB: 56.9%
  TerraClimate: pr=126.2mm, soil=698.3mm
DIAGNOSTIC - SENSORS: {'LST': 14885.846153846154, 'NDVI': 0.545575, 'NDMI': 0.155833438038826, 'Aerosol': 0.1, 'rain_list': [5.0, 2.4, 0.9, 5.4, 2.4, 6.9, 3.7, 0.7, 2.5, 6.3, 4.4, 8.4, 8.8, 52.0], 'pr': 126.18768145166474, 'soil': 698.266844806993, 'Slope': 56.97427489987646, 'Aspect': 75.37170986190984, 'TPI': 28.378548895899257}
  TerraClimate: pr=124.9mm, soil=694.7mm
DIAGNOSTIC - SENSORS: {'LST': 14892.0, 'NDVI': 0.6683, 'NDMI': 0.25060659646987915, 'Aerosol': 0.1, 'rain_list': [5.0, 2.4, 0.9, 5.4, 2.4, 6.9, 3.7, 0.7, 2.5, 6.3, 4.4, 8.4, 8.8, 52.0], 'pr': 124.93728861352953, 'soil': 694.7294363387127, 'Slope': 42.38063261318443, 'Aspect': 311.024118509462, 'TPI': 12.873817034700096}
  TerraClimate: pr=125.0mm, soil=696.3mm
DIAGNOSTIC - SENSORS: {'LST': 14733.846153846154, 'NDVI': 0.5328, 'NDMI': 0.2460176944732666, 'Aerosol': 0.1, 'rain_list': [5.0, 2.4, 0.9, 5.4, 2.4, 6.9, 3.7, 0.7, 2.5, 6.3, 4.4, 8.4, 8.8, 52.0], 'pr': 124.99488401673594, 'soil': 696.2776958744952, 'Slope': 38.56553254105323, 'Aspect': 133.6543104900839, 'TPI': -4.4227129337541555}
DIAGNOSTIC - FINAL CALIBRATED PROB: 76.8%
  TerraClimate: pr=125.7mm, soil=696.8mm
DIAGNOSTIC - SENSORS: {'LST': 14894.142857142857, 'NDVI': 0.6481, 'NDMI': 0.2398243099451065, 'Aerosol': 0.1, 'rain_list': [3.0, 0.5, 0.1, 0.0, 0.0, 0.3, 0.7, 0.0, 1.9, 6.2, 7.5, 3.5, 5.6, 56.3], 'pr': 125.67485099350057, 'soil': 696.8159857325669, 'Slope': 28.347582813524127, 'Aspect': 144.10709593422348, 'TPI': -11.656151419558228}
DIAGNOSTIC - FINAL CALIBRATED PROB: 96.2%
DIAGNOSTIC - FINAL CALIBRATED PROB: 82.7%
DIAGNOSTIC - FINAL CALIBRATED PROB: 82.6%
  TerraClimate: pr=126.6mm, soil=697.6mm
DIAGNOSTIC - SENSORS: {'LST': 15010.8, 'NDVI': 0.520575, 'NDMI': 0.1577991247177124, 'Aerosol': 0.1, 'rain_list': [3.0, 0.5, 0.1, 0.0, 0.0, 0.3, 0.7, 0.0, 1.9, 6.2, 7.5, 3.5, 5.6, 56.3], 'pr': 126.62680476097088, 'soil': 697.5695915338673, 'Slope': 65.23232168779384, 'Aspect': 204.33050899941242, 'TPI': 44.283911671924216}
DIAGNOSTIC - FINAL CALIBRATED PROB: 98.7%

[AREA SCAN] Started Center (27.8296, 82.3544)

[AREA SCAN] Started North (27.8431, 82.3544)

[AREA SCAN] Started South (27.8161, 82.3544)

[AREA SCAN] Started East (27.8296, 82.3679)

[AREA SCAN] Started West (27.8296, 82.3409)
  TerraClimate: pr=244.6mm, soil=851.4mm
  TerraClimate: pr=248.7mm, soil=855.4mm
DIAGNOSTIC - FINAL CALIBRATED PROB: 74.2%
DIAGNOSTIC - FINAL CALIBRATED PROB: 82.9%
  TerraClimate: pr=378.5mm, soil=1830.5mm
DIAGNOSTIC - SENSORS: {'LST': 15200.0, 'NDVI': 0.81595, 'NDMI': 0.3703860938549042, 'Aerosol': 0.1, 'rain_list': [0.9, 7.4, 17.5, 11.5, 4.4, 8.1, 10.4, 33.9, 0.8, 1.9, 24.5, 0.7, 6.9, 1.4], 'pr': 378.519288825266, 'soil': 1830.5224751299424, 'Slope': 19.379037741721422, 'Aspect': 42.57922920737474, 'TPI': 18.6813880126183}
  TerraClimate: pr=244.1mm, soil=850.1mm
DIAGNOSTIC - FINAL CALIBRATED PROB: 55.4%
  TerraClimate: pr=377.0mm, soil=1854.0mm
DIAGNOSTIC - SENSORS: {'LST': 15200.0, 'NDVI': 0.6716, 'NDMI': 0.31160277128219604, 'Aerosol': 0.1, 'rain_list': [0.0, 7.0, 13.5, 3.4, 1.7, 4.9, 10.8, 28.3, 0.5, 3.7, 20.3, 0.7, 4.9, 1.9], 'pr': 377.0110451731904, 'soil': 1854.01512945273, 'Slope': 28.15200174620443, 'Aspect': 45.9113575887938, 'TPI': -6.116719242902207}
  TerraClimate: pr=377.8mm, soil=1842.3mm
DIAGNOSTIC - SENSORS: {'LST': 15200.0, 'NDVI': 0.699725, 'NDMI': 0.2800000011920929, 'Aerosol': 0.1, 'rain_list': [0.0, 7.0, 13.5, 3.4, 1.7, 4.9, 10.8, 28.3, 0.5, 3.7, 20.3, 0.7, 4.9, 1.9], 'pr': 377.7651669992283, 'soil': 1842.268802291335, 'Slope': 7.683503734979092, 'Aspect': 147.13088327862408, 'TPI': -16.00630914826496}
DIAGNOSTIC - FINAL CALIBRATED PROB: 30.4%
Flat terrain detected. Running Storm Hunter Catchment Scan...
DIAGNOSTIC - FINAL CALIBRATED PROB: 28.8%
  TerraClimate: pr=379.4mm, soil=1838.0mm
DIAGNOSTIC - SENSORS: {'LST': 15200.0, 'NDVI': 0.81805, 'NDMI': 0.3795167803764343, 'Aerosol': 0.1, 'rain_list': [0.7, 7.9, 15.3, 9.0, 1.8, 12.4, 12.0, 33.1, 0.5, 2.0, 22.2, 1.4, 9.0, 1.7], 'pr': 379.4019129364209, 'soil': 1838.007065905135, 'Slope': 25.396242901934304, 'Aspect': 207.56015691367696, 'TPI': 36.03154574132492}
DIAGNOSTIC - FINAL CALIBRATED PROB: 15.4%
  TerraClimate: pr=376.6mm, soil=1845.2mm
DIAGNOSTIC - SENSORS: {'LST': 15200.0, 'NDVI': 0.6253, 'NDMI': 0.28069794178009033, 'Aerosol': 0.1, 'rain_list': [0.0, 7.0, 13.5, 3.4, 1.7, 4.9, 10.8, 28.3, 0.5, 3.7, 20.3, 0.7, 4.9, 1.9], 'pr': 376.63405864620415, 'soil': 1845.2139665439402, 'Slope': 14.231064915628496, 'Aspect': 16.780344548791984, 'TPI': -5.429022082018946}
Flat terrain detected. Running Storm Hunter Catchment Scan...
  TerraClimate: pr=388.2mm, soil=1758.1mm
DIAGNOSTIC - FINAL CALIBRATED PROB: 13.7%
  TerraClimate: pr=385.7mm, soil=1777.3mm
DIAGNOSTIC - FINAL CALIBRATED PROB: 36.7%

[AREA SCAN] Started Center (28.4957, 83.9461)

[AREA SCAN] Started North (28.5092, 83.9461)

[AREA SCAN] Started South (28.4822, 83.9461)

[AREA SCAN] Started East (28.4957, 83.9596)

[AREA SCAN] Started West (28.4957, 83.9326)

[AREA SCAN] Started Center (27.8293, 85.5761)

[AREA SCAN] Started North (27.8428, 85.5761)

[AREA SCAN] Started South (27.8158, 85.5761)

[AREA SCAN] Started East (27.8293, 85.5896)

[AREA SCAN] Started West (27.8293, 85.5626)
  TerraClimate: pr=415.5mm, soil=1027.4mm
DIAGNOSTIC - SENSORS: {'LST': 13981.333333333334, 'NDVI': -0.011425, 'NDMI': 0.7512378692626953, 'Aerosol': 0.1, 'rain_list': [0.1, 0.0, 0.3, 4.2, 1.5, 7.3, 0.7, 0.0, 0.0, 2.4, 19.0, 47.5, 59.6, 103.6], 'pr': 415.45404517066146, 'soil': 1027.3924481855288, 'Slope': 45.2847955087936, 'Aspect': 284.85906032851574, 'TPI': 9.397476340694084}
  TerraClimate: pr=348.2mm, soil=900.7mm
127.0.0.1 - - [01/Jun/2026 15:37:47] "POST /predict_area HTTP/1.1" 200 -
127.0.0.1 - - [01/Jun/2026 15:37:52] "POST /predict_area HTTP/1.1" 200 -
127.0.0.1 - - [01/Jun/2026 15:38:03] "POST /predict_area HTTP/1.1" 200 -
DIAGNOSTIC - SENSORS: {'LST': 15191.09090909091, 'NDVI': 0.536775, 'NDMI': 0.16770772635936737, 'Aerosol': 0.1, 'rain_list': [2.8, 0.3, 0.3, 1.7, 6.6, 4.7, 2.5, 7.0, 3.0, 1.6, 2.1, 9.1, 4.0, 3.2], 'pr': 348.21043420699493, 'soil': 900.6643506772841, 'Slope': 13.672582670547962, 'Aspect': 142.98893560039576, 'TPI': -6.271293375394293}
DIAGNOSTIC - FINAL CALIBRATED PROB: 0.6%
  TerraClimate: pr=415.8mm, soil=1037.5mm
DIAGNOSTIC - SENSORS: {'LST': 13676.2, 'NDVI': -0.0007, 'NDMI': 0.39240211248397827, 'Aerosol': 0.1, 'rain_list': [0.1, 0.0, 0.3, 4.2, 1.5, 7.3, 0.7, 0.0, 0.0, 2.4, 19.0, 47.5, 59.6, 103.6], 'pr': 415.8174763359778, 'soil': 1037.4927430994985, 'Slope': 12.059391142745993, 'Aspect': 189.9279438824311, 'TPI': 6.817034700315162}
  TerraClimate: pr=411.5mm, soil=1017.4mm
DIAGNOSTIC - SENSORS: {'LST': 13749.857142857143, 'NDVI': -0.02705, 'NDMI': 0.7820076942443848, 'Aerosol': 0.1, 'rain_list': [0.1, 0.0, 0.3, 4.2, 1.5, 7.3, 0.7, 0.0, 0.0, 2.4, 19.0, 47.5, 59.6, 103.6], 'pr': 411.5010431857344, 'soil': 1017.410608045031, 'Slope': 54.490087748402104, 'Aspect': 330.03306275867845, 'TPI': 89.6813880126183}
  TerraClimate: pr=353.8mm, soil=906.6mm
DIAGNOSTIC - SENSORS: {'LST': 15175.09090909091, 'NDVI': 0.596625, 'NDMI': 0.25780153274536133, 'Aerosol': 0.1, 'rain_list': [2.8, 0.3, 0.3, 1.7, 6.6, 4.7, 2.5, 7.0, 3.0, 1.6, 2.1, 9.1, 4.0, 3.2], 'pr': 353.7537250635723, 'soil': 906.6057335659739, 'Slope': 2.2920284987269857, 'Aspect': 113.85626171450879, 'TPI': -9.917981072555222}
  TerraClimate: pr=342.7mm, soil=894.7mm
DIAGNOSTIC - SENSORS: {'LST': 15208.90909090909, 'NDVI': 0.52385, 'NDMI': 0.11156685650348663, 'Aerosol': 0.1, 'rain_list': [2.5, 0.2, 0.4, 1.2, 1.6, 2.6, 1.8, 5.3, 0.8, 5.0, 0.7, 11.1, 6.4, 5.3], 'pr': 342.6671433504191, 'soil': 894.7229677885957, 'Slope': 24.323332586109387, 'Aspect': 145.4569161716923, 'TPI': 14.078864353312383}
Flat terrain detected. Running Storm Hunter Catchment Scan...
Flat terrain detected. Running Storm Hunter Catchment Scan...
DIAGNOSTIC - FINAL CALIBRATED PROB: 98.5%
DIAGNOSTIC - FINAL CALIBRATED PROB: 4.2%
DIAGNOSTIC - FINAL CALIBRATED PROB: 91.8%
  TerraClimate: pr=346.9mm, soil=899.6mm
DIAGNOSTIC - SENSORS: {'LST': 15186.0, 'NDVI': 0.621675, 'NDMI': 0.23363858461380005, 'Aerosol': 0.1, 'rain_list': [2.5, 0.2, 0.4, 1.2, 1.6, 2.6, 1.8, 5.3, 0.8, 5.0, 0.7, 11.1, 6.4, 5.3], 'pr': 346.9341605163324, 'soil': 899.5500919068436, 'Slope': 18.62662411822309, 'Aspect': 292.59515214098224, 'TPI': 4.968454258675138}
  TerraClimate: pr=414.8mm, soil=1026.9mm
DIAGNOSTIC - SENSORS: {'LST': 13693.25, 'NDVI': -0.0482, 'NDMI': 0.7167651653289795, 'Aerosol': 0.1, 'rain_list': [0.4, 0.1, 0.5, 3.7, 3.2, 4.1, 0.7, 0.0, 0.4, 4.0, 15.5, 50.7, 65.0, 122.6], 'pr': 414.83142699607276, 'soil': 1026.8529845542912, 'Slope': 51.85404639791246, 'Aspect': 118.06098226999596, 'TPI': 82.23343848580407}
  TerraClimate: pr=413.9mm, soil=1026.1mm
DIAGNOSTIC - SENSORS: {'LST': 13541.0, 'NDVI': -0.0455, 'NDMI': 0.5470629930496216, 'Aerosol': 0.1, 'rain_list': [0.1, 0.0, 0.3, 4.2, 1.5, 7.3, 0.7, 0.0, 0.0, 2.4, 19.0, 47.5, 59.6, 103.6], 'pr': 413.92580056030727, 'soil': 1026.0683101815823, 'Slope': 56.70440086291712, 'Aspect': 66.83570052532754, 'TPI': -71.81072555205083}
Flat terrain detected. Running Storm Hunter Catchment Scan...
DIAGNOSTIC - FINAL CALIBRATED PROB: 98.4%
DIAGNOSTIC - FINAL CALIBRATED PROB: 33.0%
  TerraClimate: pr=350.4mm, soil=902.6mm
DIAGNOSTIC - SENSORS: {'LST': 15191.75, 'NDVI': 0.621, 'NDMI': 0.16169601678848267, 'Aerosol': 0.1, 'rain_list': [2.3, 0.3, 0.4, 0.6, 0.4, 2.5, 0.5, 1.9, 0.4, 1.9, 10.5, 9.6, 4.4, 3.1], 'pr': 350.37028199119305, 'soil': 902.5500193657215, 'Slope': 13.167510191981412, 'Aspect': 128.51652979663973, 'TPI': -19.542586750788587}
Flat terrain detected. Running Storm Hunter Catchment Scan...
  TerraClimate: pr=400.7mm, soil=987.7mm
  TerraClimate: pr=317.3mm, soil=868.0mm
DIAGNOSTIC - FINAL CALIBRATED PROB: 11.1%

[AREA SCAN] Started Center (29.3603, 81.3241)

[AREA SCAN] Started North (29.3738, 81.3241)

[AREA SCAN] Started South (29.3468, 81.3241)

[AREA SCAN] Started East (29.3603, 81.3376)

[AREA SCAN] Started West (29.3603, 81.3106)
DIAGNOSTIC - FINAL CALIBRATED PROB: 85.8%
  TerraClimate: pr=315.6mm, soil=866.3mm
DIAGNOSTIC - FINAL CALIBRATED PROB: 66.9%
  TerraClimate: pr=124.3mm, soil=536.3mm
DIAGNOSTIC - SENSORS: {'LST': 15125.666666666666, 'NDVI': 0.4710666666666667, 'NDMI': 0.032782845199108124, 'Aerosol': 0.1, 'rain_list': [0.2, 3.9, 0.0, 0.0, 0.0, 0.0, 0.3, 0.8, 2.1, 0.2, 1.4, 5.1, 3.8, 0.8], 'pr': 124.32874517945694, 'soil': 536.2526924317131, 'Slope': 16.699928483487792, 'Aspect': 53.59238642140064, 'TPI': 28.996845425867605}
  TerraClimate: pr=123.1mm, soil=532.9mm
DIAGNOSTIC - SENSORS: {'LST': 15161.47619047619, 'NDVI': 0.3366, 'NDMI': -0.09684101492166519, 'Aerosol': 0.1, 'rain_list': [0.2, 3.9, 0.0, 0.0, 0.0, 0.0, 0.3, 0.8, 2.1, 0.2, 1.4, 5.1, 3.8, 0.8], 'pr': 123.10161120493821, 'soil': 532.8520958603417, 'Slope': 32.07527842982628, 'Aspect': 132.18966804564513, 'TPI': 17.100946372239832}
  TerraClimate: pr=317.9mm, soil=868.1mm
DIAGNOSTIC - FINAL CALIBRATED PROB: 80.8%
DIAGNOSTIC - FINAL CALIBRATED PROB: 0.1%
Flat terrain detected. Running Storm Hunter Catchment Scan...
  TerraClimate: pr=121.2mm, soil=526.4mm
DIAGNOSTIC - SENSORS: {'LST': 15204.52380952381, 'NDVI': 0.3237, 'NDMI': -0.042561065405607224, 'Aerosol': 0.1, 'rain_list': [1.9, 6.9, 0.0, 0.0, 0.0, 0.7, 0.6, 3.0, 7.4, 5.6, 2.5, 21.1, 16.8, 2.3], 'pr': 121.24426620370116, 'soil': 526.4494910849808, 'Slope': 38.853774118430344, 'Aspect': 221.96868452332203, 'TPI': 41.93690851735005}
  TerraClimate: pr=125.7mm, soil=542.0mm
DIAGNOSTIC - SENSORS: {'LST': 15163.95, 'NDVI': 0.4778333333333333, 'NDMI': 0.022889114916324615, 'Aerosol': 0.1, 'rain_list': [0.2, 3.9, 0.0, 0.0, 0.0, 0.0, 0.3, 0.8, 2.1, 0.2, 1.4, 5.1, 3.8, 0.8], 'pr': 125.74445594059289, 'soil': 541.9593439620368, 'Slope': 67.21561320474619, 'Aspect': 303.41925650515907, 'TPI': -4.548895899053605}
DIAGNOSTIC - FINAL CALIBRATED PROB: 97.2%
DIAGNOSTIC - FINAL CALIBRATED PROB: 97.0%
  TerraClimate: pr=121.7mm, soil=529.1mm
DIAGNOSTIC - SENSORS: {'LST': 15233.142857142857, 'NDVI': 0.3951, 'NDMI': -0.00021612276032101363, 'Aerosol': 0.1, 'rain_list': [0.2, 3.9, 0.0, 0.0, 0.0, 0.0, 0.3, 0.8, 2.1, 0.2, 1.4, 5.1, 3.8, 0.8], 'pr': 121.74468421388383, 'soil': 529.0918208054597, 'Slope': 31.978615039799493, 'Aspect': 143.48958094177124, 'TPI': -8.514195583596234}
DIAGNOSTIC - FINAL CALIBRATED PROB: 89.4%
  TerraClimate: pr=121.8mm, soil=522.4mm
DIAGNOSTIC - FINAL CALIBRATED PROB: 1.0%

[AREA SCAN] Started Center (28.0063, 85.5339)

[AREA SCAN] Started North (28.0198, 85.5339)

[AREA SCAN] Started South (27.9928, 85.5339)

[AREA SCAN] Started East (28.0063, 85.5474)

[AREA SCAN] Started West (28.0063, 85.5204)
  TerraClimate: pr=377.0mm, soil=827.1mm
DIAGNOSTIC - SENSORS: {'LST': 14171.0, 'NDVI': 0.2509, 'NDMI': 0.1985475718975067, 'Aerosol': 0.1, 'rain_list': [27.3, 13.6, 4.5, 5.5, 10.7, 26.5, 57.2, 40.5, 3.9, 24.3, 7.6, 6.5, 16.8, 15.2], 'pr': 377.0319386325609, 'soil': 827.1322092037617, 'Slope': 37.157982458312155, 'Aspect': 277.36296928921513, 'TPI': -47.71293375394316}
  TerraClimate: pr=368.9mm, soil=819.8mm
DIAGNOSTIC - SENSORS: {'LST': 14233.666666666666, 'NDVI': 0.157825, 'NDMI': 0.1996058225631714, 'Aerosol': 0.1, 'rain_list': [27.3, 13.6, 4.5, 5.5, 10.7, 26.5, 57.2, 40.5, 3.9, 24.3, 7.6, 6.5, 16.8, 15.2], 'pr': 368.8551135564865, 'soil': 819.822750213146, 'Slope': 41.1705493310054, 'Aspect': 218.97377926246128, 'TPI': -27.747634069400647}
  TerraClimate: pr=370.8mm, soil=822.1mm
DIAGNOSTIC - SENSORS: {'LST': 14219.0, 'NDVI': 0.45035, 'NDMI': 0.2407366782426834, 'Aerosol': 0.1, 'rain_list': [27.3, 13.6, 4.5, 5.5, 10.7, 26.5, 57.2, 40.5, 3.9, 24.3, 7.6, 6.5, 16.8, 15.2], 'pr': 370.8345571473186, 'soil': 822.0641350675305, 'Slope': 1.0503930579219318, 'Aspect': 90, 'TPI': -36.23974763406932}
DIAGNOSTIC - FINAL CALIBRATED PROB: 7.2%
DIAGNOSTIC - FINAL CALIBRATED PROB: 27.6%
DIAGNOSTIC - FINAL CALIBRATED PROB: 61.9%
  TerraClimate: pr=362.2mm, soil=815.0mm
127.0.0.1 - - [01/Jun/2026 15:38:14] "POST /predict_area HTTP/1.1" 200 -
127.0.0.1 - - [01/Jun/2026 15:38:17] "OPTIONS /predict_area HTTP/1.1" 200 -
127.0.0.1 - - [01/Jun/2026 15:38:35] "POST /predict_area HTTP/1.1" 200 -
127.0.0.1 - - [01/Jun/2026 15:38:37] "POST /predict_area HTTP/1.1" 200 -
DIAGNOSTIC - SENSORS: {'LST': 14257.0, 'NDVI': 0.24465, 'NDMI': 0.21239826083183289, 'Aerosol': 0.1, 'rain_list': [27.3, 13.6, 4.5, 5.5, 10.7, 26.5, 57.2, 40.5, 3.9, 24.3, 7.6, 6.5, 16.8, 15.2], 'pr': 362.1582230679814, 'soil': 814.9688312768083, 'Slope': 31.97671690417244, 'Aspect': 92.97261103730297, 'TPI': -20.46056782334381}
DIAGNOSTIC - FINAL CALIBRATED PROB: 72.2%
  TerraClimate: pr=372.4mm, soil=823.9mm
DIAGNOSTIC - SENSORS: {'LST': 14178.333333333334, 'NDVI': 0.137625, 'NDMI': 0.4110429584980011, 'Aerosol': 0.1, 'rain_list': [24.8, 16.4, 9.4, 6.4, 24.0, 16.5, 52.2, 42.8, 19.9, 38.5, 12.4, 10.6, 12.2, 17.4], 'pr': 372.4449519330804, 'soil': 823.8876346100803, 'Slope': 20.19333573074801, 'Aspect': 33.254351663798985, 'TPI': 43.28706624605684}
DIAGNOSTIC - FINAL CALIBRATED PROB: 9.9%

[AREA SCAN] Started Center (28.5203, 80.9657)

[AREA SCAN] Started North (28.5338, 80.9657)

[AREA SCAN] Started South (28.5068, 80.9657)

[AREA SCAN] Started East (28.5203, 80.9792)

[AREA SCAN] Started West (28.5203, 80.9522)

[AREA SCAN] Started Center (27.8293, 85.5761)

[AREA SCAN] Started North (27.8428, 85.5761)

[AREA SCAN] Started South (27.8158, 85.5761)

[AREA SCAN] Started East (27.8293, 85.5896)

[AREA SCAN] Started West (27.8293, 85.5626)
  TerraClimate: pr=362.3mm, soil=2073.3mm
DIAGNOSTIC - SENSORS: {'LST': 15123.2, 'NDVI': 0.855825, 'NDMI': 0.39859074354171753, 'Aerosol': 0.1, 'rain_list': [6.1, 0.4, 0.5, 2.5, 7.4, 4.6, 0.0, 0.1, 5.4, 2.3, 2.8, 13.5, 203.6, 38.9], 'pr': 362.30532332490475, 'soil': 2073.3421162828495, 'Slope': 10.43882893579911, 'Aspect': 270, 'TPI': 8.227129337539424}
  TerraClimate: pr=363.5mm, soil=2059.9mm
DIAGNOSTIC - SENSORS: {'LST': 15110.142857142857, 'NDVI': 0.767125, 'NDMI': 0.39357730746269226, 'Aerosol': 0.1, 'rain_list': [6.1, 0.4, 0.5, 2.5, 7.4, 4.6, 0.0, 0.1, 5.4, 2.3, 2.8, 13.5, 203.6, 38.9], 'pr': 363.48935301804084, 'soil': 2059.875174795179, 'Slope': 1.8543341688414132, 'Aspect': 180, 'TPI': -1.977917981072551}
  TerraClimate: pr=362.9mm, soil=2066.1mm
DIAGNOSTIC - SENSORS: {'LST': 15145.333333333334, 'NDVI': 0.814025, 'NDMI': 0.40774738788604736, 'Aerosol': 0.1, 'rain_list': [6.1, 0.4, 0.5, 2.5, 7.4, 4.6, 0.0, 0.1, 5.4, 2.3, 2.8, 13.5, 203.6, 38.9], 'pr': 362.93500921487794, 'soil': 2066.106990180147, 'Slope': 3.851402451216149, 'Aspect': 15.882536171467654, 'TPI': -1.977917981072551}
Flat terrain detected. Running Storm Hunter Catchment Scan...
  TerraClimate: pr=364.4mm, soil=2075.9mm
DIAGNOSTIC - SENSORS: {'LST': 15142.285714285714, 'NDVI': 0.802375, 'NDMI': 0.3993036448955536, 'Aerosol': 0.1, 'rain_list': [6.1, 0.4, 0.5, 2.5, 7.4, 4.6, 0.0, 0.1, 5.4, 2.3, 2.8, 13.5, 203.6, 38.9], 'pr': 364.3542876005094, 'soil': 2075.9353096107143, 'Slope': 2.109955850302284, 'Aspect': 90, 'TPI': -2.078864353312298}
DIAGNOSTIC - FINAL CALIBRATED PROB: 28.2%
DIAGNOSTIC - FINAL CALIBRATED PROB: 70.8%
  TerraClimate: pr=360.9mm, soil=2052.5mm
DIAGNOSTIC - SENSORS: {'LST': 15117.285714285714, 'NDVI': 0.8344, 'NDMI': 0.3818528652191162, 'Aerosol': 0.1, 'rain_list': [6.1, 0.4, 0.5, 2.5, 7.4, 4.6, 0.0, 0.1, 5.4, 2.3, 2.8, 13.5, 203.6, 38.9], 'pr': 360.94970016917705, 'soil': 2052.5038870562635, 'Slope': 2.808296522112943, 'Aspect': 48.69957099603921, 'TPI': -1.9463722397476317}
DIAGNOSTIC - FINAL CALIBRATED PROB: 76.5%
DIAGNOSTIC - FINAL CALIBRATED PROB: 73.3%
  TerraClimate: pr=228.5mm, soil=816.2mm
DIAGNOSTIC - SENSORS: {'LST': 15137.4, 'NDVI': 0.4487, 'NDMI': 0.09412049502134323, 'Aerosol': 0.1, 'rain_list': [0.0, 0.0, 0.2, 0.0, 0.0, 1.6, 1.3, 0.4, 0.0, 0.2, 0.4, 17.6, 9.4, 16.2], 'pr': 228.5498818228834, 'soil': 816.2478404227078, 'Slope': 2.2920284987269857, 'Aspect': 113.85626171450879, 'TPI': -9.917981072555222}
  TerraClimate: pr=226.2mm, soil=812.8mm
DIAGNOSTIC - SENSORS: {'LST': 15114.4, 'NDVI': 0.6232, 'NDMI': 0.17385578155517578, 'Aerosol': 0.1, 'rain_list': [0.0, 0.0, 0.0, 0.0, 0.1, 2.7, 0.2, 0.8, 1.3, 0.6, 1.9, 14.4, 3.6, 20.0], 'pr': 226.19689732789658, 'soil': 812.814027865674, 'Slope': 13.167510191981412, 'Aspect': 128.51652979663973, 'TPI': -19.542586750788587}
Flat terrain detected. Running Storm Hunter Catchment Scan...
DIAGNOSTIC - FINAL CALIBRATED PROB: 6.4%
  TerraClimate: pr=225.1mm, soil=811.4mm
DIAGNOSTIC - SENSORS: {'LST': 15114.90909090909, 'NDVI': 0.43915, 'NDMI': 0.14683152735233307, 'Aerosol': 0.1, 'rain_list': [0.0, 0.0, 0.2, 0.0, 0.0, 1.6, 1.3, 0.4, 0.0, 0.2, 0.4, 17.6, 9.4, 16.2], 'pr': 225.06961979208498, 'soil': 811.4068964938444, 'Slope': 13.672582670547962, 'Aspect': 142.98893560039576, 'TPI': -6.271293375394293}
Flat terrain detected. Running Storm Hunter Catchment Scan...
  TerraClimate: pr=221.6mm, soil=806.6mm
DIAGNOSTIC - SENSORS: {'LST': 15099.347826086956, 'NDVI': 0.52935, 'NDMI': 0.14851485192775726, 'Aerosol': 0.1, 'rain_list': [0.0, 0.0, 0.0, 0.0, 1.7, 1.3, 0.0, 0.2, 0.0, 0.5, 3.0, 17.6, 4.9, 18.8], 'pr': 221.58935776128737, 'soil': 806.5659525649824, 'Slope': 24.323332586109387, 'Aspect': 145.4569161716923, 'TPI': 14.078864353312383}
  TerraClimate: pr=224.4mm, soil=810.6mm
DIAGNOSTIC - SENSORS: {'LST': 15090.136363636364, 'NDVI': 0.68975, 'NDMI': 0.21383818984031677, 'Aerosol': 0.1, 'rain_list': [0.0, 0.0, 0.0, 0.0, 1.7, 1.3, 0.0, 0.2, 0.0, 0.5, 3.0, 17.6, 4.9, 18.8], 'pr': 224.40350124819625, 'soil': 810.5754097741268, 'Slope': 18.62662411822309, 'Aspect': 292.59515214098224, 'TPI': 4.968454258675138}
DIAGNOSTIC - FINAL CALIBRATED PROB: 98.5%
Flat terrain detected. Running Storm Hunter Catchment Scan...
  TerraClimate: pr=205.8mm, soil=784.8mm
DIAGNOSTIC - FINAL CALIBRATED PROB: 90.6%
  TerraClimate: pr=352.6mm, soil=2004.7mm
DIAGNOSTIC - FINAL CALIBRATED PROB: 7.4%

[AREA SCAN] Started Center (29.3685, 80.9752)

[AREA SCAN] Started North (29.3820, 80.9752)

[AREA SCAN] Started South (29.3550, 80.9752)

[AREA SCAN] Started East (29.3685, 80.9887)

[AREA SCAN] Started West (29.3685, 80.9617)
  TerraClimate: pr=206.3mm, soil=785.0mm
DIAGNOSTIC - FINAL CALIBRATED PROB: 95.7%
  TerraClimate: pr=205.5mm, soil=783.7mm
DIAGNOSTIC - FINAL CALIBRATED PROB: 86.2%
  TerraClimate: pr=127.4mm, soil=1186.2mm
DIAGNOSTIC - SENSORS: {'LST': 14896.08695652174, 'NDVI': 0.740025, 'NDMI': 0.2836383283138275, 'Aerosol': 0.1, 'rain_list': [0.0, 0.0, 0.4, 0.0, 0.0, 0.0, 0.0, 0.0, 0.0, 0.0, 0.0, 0.5, 87.1, 112.3], 'pr': 127.37477189729708, 'soil': 1186.1898921844618, 'Slope': 2.8211197130080596, 'Aspect': 311.0716618600994, 'TPI': -43.06309148264995}
  TerraClimate: pr=124.3mm, soil=1180.2mm
DIAGNOSTIC - SENSORS: {'LST': 14926.55, 'NDVI': 0.732475, 'NDMI': 0.2507029175758362, 'Aerosol': 0.1, 'rain_list': [0.0, 0.0, 0.7, 0.0, 0.0, 0.0, 0.0, 0.0, 0.0, 0.0, 0.0, 0.7, 84.2, 106.0], 'pr': 124.2514937092361, 'soil': 1180.2337148139472, 'Slope': 13.067727525110838, 'Aspect': 253.80168329652736, 'TPI': -43.77917981072551}
  TerraClimate: pr=125.6mm, soil=1182.8mm
DIAGNOSTIC - SENSORS: {'LST': 14917.1, 'NDVI': 0.76205, 'NDMI': 0.25760456919670105, 'Aerosol': 0.1, 'rain_list': [0.0, 0.0, 0.7, 0.0, 0.0, 0.0, 0.0, 0.0, 0.0, 0.0, 0.0, 0.7, 84.2, 106.0], 'pr': 125.59623848465125, 'soil': 1182.7981800706968, 'Slope': 23.68445656982663, 'Aspect': 184.85832255118888, 'TPI': -43.511041009463725}
  TerraClimate: pr=125.1mm, soil=1200.1mm
DIAGNOSTIC - SENSORS: {'LST': 14748.761904761905, 'NDVI': 0.7695, 'NDMI': 0.2569786608219147, 'Aerosol': 0.1, 'rain_list': [0.0, 0.0, 0.7, 0.0, 0.0, 0.0, 0.0, 0.0, 0.0, 0.0, 0.0, 0.7, 84.2, 106.0], 'pr': 125.07487742346116, 'soil': 1200.1178097139, 'Slope': 37.27301691472806, 'Aspect': 1.3983689112614799, 'TPI': 0.9747634069401556}
Flat terrain detected. Running Storm Hunter Catchment Scan...
DIAGNOSTIC - FINAL CALIBRATED PROB: 66.9%
DIAGNOSTIC - FINAL CALIBRATED PROB: 8.0%
DIAGNOSTIC - FINAL CALIBRATED PROB: 91.4%
  TerraClimate: pr=125.9mm, soil=1174.1mm
DIAGNOSTIC - SENSORS: {'LST': 14903.190476190477, 'NDVI': 0.7574, 'NDMI': 0.22979658842086792, 'Aerosol': 0.1, 'rain_list': [0.4, 0.0, 2.3, 0.1, 1.3, 0.2, 0.0, 0.0, 0.0, 0.0, 0.0, 1.8, 100.1, 125.5], 'pr': 125.85691901524636, 'soil': 1174.1383652490933, 'Slope': 32.93424895073148, 'Aspect': 181.64339394312154, 'TPI': 8.277602523659198}
DIAGNOSTIC - FINAL CALIBRATED PROB: 94.8%
  TerraClimate: pr=118.2mm, soil=1113.1mm
127.0.0.1 - - [01/Jun/2026 15:38:54] "POST /predict_area HTTP/1.1" 200 -
127.0.0.1 - - [01/Jun/2026 15:39:11] "POST /predict_area HTTP/1.1" 200 -
127.0.0.1 - - [01/Jun/2026 15:39:19] "POST /predict_area HTTP/1.1" 200 -
127.0.0.1 - - [01/Jun/2026 15:39:27] "POST /predict_area HTTP/1.1" 200 -
DIAGNOSTIC - FINAL CALIBRATED PROB: 64.8%

[AREA SCAN] Started Center (27.9938, 82.6714)

[AREA SCAN] Started North (28.0073, 82.6714)

[AREA SCAN] Started South (27.9803, 82.6714)

[AREA SCAN] Started East (27.9938, 82.6849)

[AREA SCAN] Started West (27.9938, 82.6579)
  TerraClimate: pr=420.1mm, soil=1561.9mm
DIAGNOSTIC - SENSORS: {'LST': 15079.666666666666, 'NDVI': 0.456725, 'NDMI': 0.26035380363464355, 'Aerosol': 0.1, 'rain_list': [274.1, 66.0, 16.7, 8.3, 4.7, 3.8, 6.4, 7.3, 5.6, 7.6, 18.5, 4.3, 4.5, 2.9], 'pr': 420.0710346686079, 'soil': 1561.8571361024408, 'Slope': 27.760198779748585, 'Aspect': 326.1372095290756, 'TPI': 0.4952681388012934}
  TerraClimate: pr=421.1mm, soil=1547.3mm
DIAGNOSTIC - SENSORS: {'LST': 15046.2, 'NDVI': 0.460925, 'NDMI': 0.18002736568450928, 'Aerosol': 0.1, 'rain_list': [258.1, 70.2, 19.7, 6.1, 4.5, 5.2, 14.2, 17.4, 34.2, 20.6, 15.5, 10.5, 6.9, 7.9], 'pr': 421.1279358270795, 'soil': 1547.3285466634616, 'Slope': 34.05834810347641, 'Aspect': 169.05666454530086, 'TPI': 15.198738170347042}
DIAGNOSTIC - FINAL CALIBRATED PROB: 0.3%
DIAGNOSTIC - FINAL CALIBRATED PROB: 0.0%
  TerraClimate: pr=421.7mm, soil=1540.1mm
DIAGNOSTIC - SENSORS: {'LST': 15114.0, 'NDVI': 0.429675, 'NDMI': 0.2542096674442291, 'Aerosol': 0.1, 'rain_list': [258.1, 70.2, 19.7, 6.1, 4.5, 5.2, 14.2, 17.4, 34.2, 20.6, 15.5, 10.5, 6.9, 7.9], 'pr': 421.65638640631533, 'soil': 1540.0642519439705, 'Slope': 9.143539409695972, 'Aspect': 307.1170332264219, 'TPI': -46.96845425867514}
Flat terrain detected. Running Storm Hunter Catchment Scan...
  TerraClimate: pr=420.7mm, soil=1549.6mm
DIAGNOSTIC - SENSORS: {'LST': 15030.333333333334, 'NDVI': 0.5385, 'NDMI': 0.21946772933006287, 'Aerosol': 0.1, 'rain_list': [258.1, 70.2, 19.7, 6.1, 4.5, 5.2, 14.2, 17.4, 34.2, 20.6, 15.5, 10.5, 6.9, 7.9], 'pr': 420.67524815326806, 'soil': 1549.5994320766297, 'Slope': 30.23713027316923, 'Aspect': 102.836854084566, 'TPI': -21.52996845425878}
DIAGNOSTIC - FINAL CALIBRATED PROB: 0.2%
  TerraClimate: pr=421.6mm, soil=1544.7mm
DIAGNOSTIC - SENSORS: {'LST': 15014.333333333334, 'NDVI': 0.480975, 'NDMI': 0.23042137920856476, 'Aerosol': 0.1, 'rain_list': [258.1, 70.2, 19.7, 6.1, 4.5, 5.2, 14.2, 17.4, 34.2, 20.6, 15.5, 10.5, 6.9, 7.9], 'pr': 421.6492125423775, 'soil': 1544.7135877028436, 'Slope': 43.74285720250045, 'Aspect': 253.28919331048291, 'TPI': -28.753943217665665}
DIAGNOSTIC - FINAL CALIBRATED PROB: 80.1%
  TerraClimate: pr=423.7mm, soil=1499.1mm
DIAGNOSTIC - FINAL CALIBRATED PROB: 0.4%

[AREA SCAN] Started Center (26.7919, 86.6990)

[AREA SCAN] Started North (26.8054, 86.6990)

[AREA SCAN] Started South (26.7784, 86.6990)

[AREA SCAN] Started East (26.7919, 86.7125)

[AREA SCAN] Started West (26.7919, 86.6855)
  TerraClimate: pr=247.7mm, soil=1458.0mm
DIAGNOSTIC - SENSORS: {'LST': 15200.0, 'NDVI': 0.5643, 'NDMI': 0.20220588147640228, 'Aerosol': 0.1, 'rain_list': [0.3, 7.3, 3.8, 2.1, 6.1, 1.7, 3.9, 9.4, 17.0, 2.6, 0.5, 1.0, 9.5, 24.5], 'pr': 247.7278039248022, 'soil': 1457.9734715380655, 'Slope': 0.9274099368729609, 'Aspect': 0, 'TPI': -0.5709779179810823}
  TerraClimate: pr=248.3mm, soil=1449.1mm
DIAGNOSTIC - SENSORS: {'LST': 15212.0, 'NDVI': 0.4015, 'NDMI': 0.14943566918373108, 'Aerosol': 0.1, 'rain_list': [0.3, 7.3, 3.8, 2.1, 6.1, 1.7, 3.9, 9.4, 17.0, 2.6, 0.5, 1.0, 9.5, 24.5], 'pr': 248.28271202709246, 'soil': 1449.0738512882695, 'Slope': 1.3925004464464787, 'Aspect': 131.75373937746588, 'TPI': 1.1167192429022066}
DIAGNOSTIC - FINAL CALIBRATED PROB: 4.7%
  TerraClimate: pr=247.8mm, soil=1439.5mm
DIAGNOSTIC - SENSORS: {'LST': 15200.0, 'NDVI': 0.5485, 'NDMI': 0.21235007047653198, 'Aerosol': 0.1, 'rain_list': [0.8, 6.2, 2.5, 1.8, 9.2, 0.9, 3.4, 1.4, 17.5, 1.0, 1.4, 0.1, 7.7, 19.6], 'pr': 247.84881354474211, 'soil': 1439.5388697772419, 'Slope': 1.3925934086023402, 'Aspect': 228.249676056156, 'TPI': 1.899053627760253}
DIAGNOSTIC - FINAL CALIBRATED PROB: 3.5%
  TerraClimate: pr=247.0mm, soil=1448.2mm
DIAGNOSTIC - SENSORS: {'LST': 15323.0, 'NDVI': 0.4437, 'NDMI': 0.18854673206806183, 'Aerosol': 0.1, 'rain_list': [0.3, 7.3, 3.8, 2.1, 6.1, 1.7, 3.9, 9.4, 17.0, 2.6, 0.5, 1.0, 9.5, 24.5], 'pr': 246.96018322013563, 'soil': 1448.2240556013726, 'Slope': 2.967484652105892, 'Aspect': 339.52339324129645, 'TPI': 1.113564668769726}
DIAGNOSTIC - FINAL CALIBRATED PROB: 1.6%
DIAGNOSTIC - FINAL CALIBRATED PROB: 10.5%
  TerraClimate: pr=247.8mm, soil=1448.8mm
DIAGNOSTIC - SENSORS: {'LST': 15365.0, 'NDVI': 0.4430333333333333, 'NDMI': 0.06231355667114258, 'Aerosol': 0.1, 'rain_list': [0.3, 7.3, 3.8, 2.1, 6.1, 1.7, 3.9, 9.4, 17.0, 2.6, 0.5, 1.0, 9.5, 24.5], 'pr': 247.78830873477213, 'soil': 1448.7561706576537, 'Slope': 1.3925004463672157, 'Aspect': 131.75373938037825, 'TPI': 1.4731861198738159}
DIAGNOSTIC - FINAL CALIBRATED PROB: 4.7%

[AREA SCAN] Started Center (28.0250, 82.4656)

[AREA SCAN] Started North (28.0385, 82.4656)

[AREA SCAN] Started South (28.0115, 82.4656)

[AREA SCAN] Started East (28.0250, 82.4791)

[AREA SCAN] Started West (28.0250, 82.4521)
  TerraClimate: pr=415.1mm, soil=1557.7mm
DIAGNOSTIC - SENSORS: {'LST': 15374.0, 'NDVI': 0.4892666666666667, 'NDMI': 0.19739878177642822, 'Aerosol': 0.1, 'rain_list': [61.8, 41.2, 306.1, 61.5, 16.7, 12.9, 3.6, 4.6, 1.5, 3.5, 33.2, 10.0, 5.1, 9.0], 'pr': 415.1314704833453, 'soil': 1557.719562048796, 'Slope': 2.29573752327334, 'Aspect': 293.8152885430903, 'TPI': 0.9842271293375688}
  TerraClimate: pr=413.3mm, soil=1566.0mm
DIAGNOSTIC - SENSORS: {'LST': 15355.0, 'NDVI': 0.5513, 'NDMI': 0.19321568310260773, 'Aerosol': 0.1, 'rain_list': [61.8, 41.2, 306.1, 61.5, 16.7, 12.9, 3.6, 4.6, 1.5, 3.5, 33.2, 10.0, 5.1, 9.0], 'pr': 413.28946669464204, 'soil': 1565.959522220021, 'Slope': 0.9274099368670311, 'Aspect': 180, 'TPI': -2.6750788643532815}
  TerraClimate: pr=412.8mm, soil=1560.0mm
DIAGNOSTIC - SENSORS: {'LST': 15391.666666666666, 'NDVI': 0.42343333333333333, 'NDMI': 0.10837817192077637, 'Aerosol': 0.1, 'rain_list': [61.8, 41.2, 306.1, 61.5, 16.7, 12.9, 3.6, 4.6, 1.5, 3.5, 33.2, 10.0, 5.1, 9.0], 'pr': 412.7766279019655, 'soil': 1560.0224234859556, 'Slope': 1.4012175664227935, 'Aspect': 131.436218069287, 'TPI': 0.4700315457413353}
DIAGNOSTIC - FINAL CALIBRATED PROB: 0.0%
DIAGNOSTIC - FINAL CALIBRATED PROB: 0.0%
DIAGNOSTIC - FINAL CALIBRATED PROB: 0.0%
  TerraClimate: pr=415.4mm, soil=1544.6mm
DIAGNOSTIC - SENSORS: {'LST': 15381.333333333334, 'NDVI': 0.5512333333333334, 'NDMI': 0.27960795164108276, 'Aerosol': 0.1, 'rain_list': [61.8, 41.2, 306.1, 61.5, 16.7, 12.9, 3.6, 4.6, 1.5, 3.5, 33.2, 10.0, 5.1, 9.0], 'pr': 415.3992979779049, 'soil': 1544.580412523637, 'Slope': 5.027876937778349, 'Aspect': 303.50349410199016, 'TPI': 1.5583596214511317}
DIAGNOSTIC - FINAL CALIBRATED PROB: 0.0%
  TerraClimate: pr=414.0mm, soil=1558.8mm
DIAGNOSTIC - SENSORS: {'LST': 15387.333333333334, 'NDVI': 0.4246, 'NDMI': 0.12529711425304413, 'Aerosol': 0.1, 'rain_list': [61.8, 41.2, 306.1, 61.5, 16.7, 12.9, 3.6, 4.6, 1.5, 3.5, 33.2, 10.0, 5.1, 9.0], 'pr': 413.99274378906307, 'soil': 1558.8331523212253, 'Slope': 0, 'Aspect': 0, 'TPI': 1.8738170347003233}
DIAGNOSTIC - FINAL CALIBRATED PROB: 0.0%

[AREA SCAN] Started Center (27.7317, 85.4170)

[AREA SCAN] Started North (27.7452, 85.4170)

[AREA SCAN] Started South (27.7182, 85.4170)

[AREA SCAN] Started East (27.7317, 85.4305)

[AREA SCAN] Started West (27.7317, 85.4035)
  TerraClimate: pr=233.9mm, soil=1004.4mm
DIAGNOSTIC - SENSORS: {'LST': 14994.0, 'NDVI': 0.5283, 'NDMI': 0.2772246301174164, 'Aerosol': 0.1, 'rain_list': [10.7, 51.4, 25.4, 25.4, 40.7, 17.7, 8.8, 3.2, 2.3, 16.4, 5.6, 4.8, 2.2, 27.0], 'pr': 233.87239893126477, 'soil': 1004.3675093140143, 'Slope': 8.542603853345216, 'Aspect': 165.9066200130226, 'TPI': 1.5962145110408983}
  TerraClimate: pr=232.4mm, soil=996.2mm
DIAGNOSTIC - SENSORS: {'LST': 14959.0, 'NDVI': 0.482525, 'NDMI': 0.31190475821495056, 'Aerosol': 0.1, 'rain_list': [10.7, 51.4, 25.4, 25.4, 40.7, 17.7, 8.8, 3.2, 2.3, 16.4, 5.6, 4.8, 2.2, 27.0], 'pr': 232.44492675072044, 'soil': 996.2383744567934, 'Slope': 0, 'Aspect': 0, 'TPI': -0.01577287066243116}
  TerraClimate: pr=236.3mm, soil=1011.0mm
127.0.0.1 - - [01/Jun/2026 15:39:46] "POST /predict_area HTTP/1.1" 200 -
127.0.0.1 - - [01/Jun/2026 15:39:49] "OPTIONS /predict_area HTTP/1.1" 200 -
127.0.0.1 - - [01/Jun/2026 15:40:03] "POST /predict_area HTTP/1.1" 200 -
127.0.0.1 - - [01/Jun/2026 15:40:07] "POST /predict_area HTTP/1.1" 200 -
DIAGNOSTIC - SENSORS: {'LST': 14944.0, 'NDVI': 0.62485, 'NDMI': 0.28063130378723145, 'Aerosol': 0.1, 'rain_list': [10.7, 51.4, 25.4, 25.4, 40.7, 17.7, 8.8, 3.2, 2.3, 16.4, 5.6, 4.8, 2.2, 27.0], 'pr': 236.25066688751141, 'soil': 1010.9568695076264, 'Slope': 2.1294355387079253, 'Aspect': 209.45837166551448, 'TPI': -2.328075709779114}
  TerraClimate: pr=232.2mm, soil=999.7mm
DIAGNOSTIC - SENSORS: {'LST': 14897.5, 'NDVI': 0.565175, 'NDMI': 0.27153685688972473, 'Aerosol': 0.1, 'rain_list': [10.7, 51.4, 25.4, 25.4, 40.7, 17.7, 8.8, 3.2, 2.3, 16.4, 5.6, 4.8, 2.2, 27.0], 'pr': 232.173636105374, 'soil': 999.6608234614333, 'Slope': 0.9274099368729609, 'Aspect': 180, 'TPI': -3.6687697160882635}
Flat terrain detected. Running Storm Hunter Catchment Scan...
DIAGNOSTIC - FINAL CALIBRATED PROB: 8.6%
DIAGNOSTIC - FINAL CALIBRATED PROB: 4.9%
DIAGNOSTIC - FINAL CALIBRATED PROB: 14.3%
  TerraClimate: pr=235.0mm, soil=1011.1mm
DIAGNOSTIC - SENSORS: {'LST': 15028.5, 'NDVI': 0.56335, 'NDMI': 0.21927981078624725, 'Aerosol': 0.1, 'rain_list': [12.6, 49.2, 8.9, 24.7, 25.2, 16.5, 9.6, 4.8, 3.9, 2.6, 5.4, 0.7, 1.8, 33.3], 'pr': 235.0488782581714, 'soil': 1011.1308537721801, 'Slope': 9.699423770559541, 'Aspect': 161.276900212704, 'TPI': -8.889589905362755}
Flat terrain detected. Running Storm Hunter Catchment Scan...
  TerraClimate: pr=231.2mm, soil=1013.3mm
DIAGNOSTIC - FINAL CALIBRATED PROB: 61.2%
  TerraClimate: pr=232.4mm, soil=1019.6mm
DIAGNOSTIC - FINAL CALIBRATED PROB: 31.6%

[AREA SCAN] Started Center (27.1337, 87.3356)

[AREA SCAN] Started North (27.1472, 87.3356)

[AREA SCAN] Started South (27.1202, 87.3356)

[AREA SCAN] Started East (27.1337, 87.3491)

[AREA SCAN] Started West (27.1337, 87.3221)

[AREA SCAN] Started Center (27.8147, 85.5753)

[AREA SCAN] Started North (27.8282, 85.5753)

[AREA SCAN] Started South (27.8012, 85.5753)

[AREA SCAN] Started East (27.8147, 85.5888)

[AREA SCAN] Started West (27.8147, 85.5618)
  TerraClimate: pr=83.3mm, soil=1049.3mm
DIAGNOSTIC - SENSORS: {'LST': 14928.09090909091, 'NDVI': 0.860175, 'NDMI': 0.3498098850250244, 'Aerosol': 0.1, 'rain_list': [1.6, 3.9, 35.4, 3.0, 0.4, 0.0, 0.0, 0.0, 0.0, 0.0, 9.8, 0.3, 12.4, 173.0], 'pr': 83.28714457649379, 'soil': 1049.2714546751477, 'Slope': 26.495167764885394, 'Aspect': 215.7216874111025, 'TPI': -23.905362776025186}
  TerraClimate: pr=83.5mm, soil=1058.2mm
DIAGNOSTIC - SENSORS: {'LST': 14896.363636363636, 'NDVI': 0.8342, 'NDMI': 0.3772740960121155, 'Aerosol': 0.1, 'rain_list': [1.9, 2.4, 8.3, 5.1, 0.4, 0.4, 0.1, 0.0, 0.0, 1.2, 5.6, 11.3, 12.8, 203.2], 'pr': 83.53676918563632, 'soil': 1058.1922080004679, 'Slope': 19.662715057694335, 'Aspect': 329.402886554899, 'TPI': 6.492113564668671}
  TerraClimate: pr=83.0mm, soil=1040.3mm
DIAGNOSTIC - SENSORS: {'LST': 14908.583333333334, 'NDVI': 0.851325, 'NDMI': 0.3677825331687927, 'Aerosol': 0.1, 'rain_list': [2.3, 2.7, 29.1, 3.0, 0.3, 0.0, 1.5, 0.3, 0.0, 2.6, 11.0, 14.6, 26.2, 169.4], 'pr': 83.03982400981077, 'soil': 1040.334426411322, 'Slope': 13.43795800548131, 'Aspect': 293.9851673286549, 'TPI': 22.927444794952635}
  TerraClimate: pr=83.4mm, soil=1048.4mm
DIAGNOSTIC - SENSORS: {'LST': 14885.555555555555, 'NDVI': 0.831925, 'NDMI': 0.35097119212150574, 'Aerosol': 0.1, 'rain_list': [1.9, 2.4, 8.3, 5.1, 0.4, 0.4, 0.1, 0.0, 0.0, 1.2, 5.6, 11.3, 12.8, 203.2], 'pr': 83.41098685869568, 'soil': 1048.3966767305649, 'Slope': 21.328845697883622, 'Aspect': 326.0121381574065, 'TPI': 23.80441640378558}
  TerraClimate: pr=83.1mm, soil=1050.6mm
DIAGNOSTIC - SENSORS: {'LST': 14974.727272727272, 'NDVI': 0.8396, 'NDMI': 0.34289127588272095, 'Aerosol': 0.1, 'rain_list': [1.6, 3.9, 35.4, 3.0, 0.4, 0.0, 0.0, 0.0, 0.0, 0.0, 9.8, 0.3, 12.4, 173.0], 'pr': 83.10426120626516, 'soil': 1050.5632779188938, 'Slope': 15.574661027475626, 'Aspect': 293.98770591549646, 'TPI': 0.49842271293380236}
DIAGNOSTIC - FINAL CALIBRATED PROB: 29.1%
Flat terrain detected. Running Storm Hunter Catchment Scan...
Flat terrain detected. Running Storm Hunter Catchment Scan...
DIAGNOSTIC - FINAL CALIBRATED PROB: 0.0%
Flat terrain detected. Running Storm Hunter Catchment Scan...
  TerraClimate: pr=287.6mm, soil=877.3mm
DIAGNOSTIC - SENSORS: {'LST': 15159.5, 'NDVI': 0.5731, 'NDMI': 0.1015656366944313, 'Aerosol': 0.1, 'rain_list': [0.0, 0.0, 0.0, 0.0, 0.0, 0.0, 0.0, 0.0, 0.0, 0.0, 0.0, 0.0, 0.0, 0.0], 'pr': 287.62081140996395, 'soil': 877.2540808411819, 'Slope': 27.180007053897487, 'Aspect': 93.61490219323667, 'TPI': 3.2965299684542515}
  TerraClimate: pr=283.0mm, soil=870.7mm
DIAGNOSTIC - SENSORS: {'LST': 15162.214285714286, 'NDVI': 0.484, 'NDMI': 0.06457304209470749, 'Aerosol': 0.1, 'rain_list': [0.0, 0.0, 0.0, 0.0, 0.0, 0.0, 0.0, 0.0, 0.0, 0.0, 0.0, 0.0, 0.0, 0.0], 'pr': 283.0077678283542, 'soil': 870.7000051030626, 'Slope': 13.005219151901702, 'Aspect': 134.49749633035606, 'TPI': -12.012618296529922}
  TerraClimate: pr=285.9mm, soil=874.5mm
DIAGNOSTIC - SENSORS: {'LST': 15185.153846153846, 'NDVI': 0.536775, 'NDMI': 0.13085514307022095, 'Aerosol': 0.1, 'rain_list': [0.0, 0.0, 0.0, 0.0, 0.0, 0.0, 0.0, 0.0, 0.0, 0.0, 0.0, 0.0, 0.0, 0.0], 'pr': 285.8988032427703, 'soil': 874.4700068354003, 'Slope': 15.674984411884362, 'Aspect': 11.28366700414021, 'TPI': 21.933753943217653}
DIAGNOSTIC - FINAL CALIBRATED PROB: 0.0%
Flat terrain detected. Running Storm Hunter Catchment Scan...
  TerraClimate: pr=291.6mm, soil=882.4mm
DIAGNOSTIC - SENSORS: {'LST': 15168.92857142857, 'NDVI': 0.497825, 'NDMI': 0.17590239644050598, 'Aerosol': 0.1, 'rain_list': [2.0, 3.7, 4.1, 1.7, 4.3, 4.6, 2.6, 1.3, 0.3, 0.0, 2.1, 2.8, 7.0, 6.1], 'pr': 291.5696362398023, 'soil': 882.3598650589298, 'Slope': 0.9274099368611016, 'Aspect': 0, 'TPI': -17.895899053627772}
  TerraClimate: pr=286.6mm, soil=875.5mm
DIAGNOSTIC - SENSORS: {'LST': 15189.42857142857, 'NDVI': 0.45, 'NDMI': 0.0738443061709404, 'Aerosol': 0.1, 'rain_list': [2.0, 3.7, 4.1, 1.7, 4.3, 4.6, 2.6, 1.3, 0.3, 0.0, 2.1, 2.8, 7.0, 6.1], 'pr': 286.56050082553446, 'soil': 875.5398130505848, 'Slope': 1.3996886944031184, 'Aspect': 48.50849091148471, 'TPI': -5.643533123028419}
Flat terrain detected. Running Storm Hunter Catchment Scan...
DIAGNOSTIC - FINAL CALIBRATED PROB: 1.7%
DIAGNOSTIC - FINAL CALIBRATED PROB: 2.6%
  TerraClimate: pr=81.3mm, soil=1006.2mm
DIAGNOSTIC - FINAL CALIBRATED PROB: 0.0%
  TerraClimate: pr=81.3mm, soil=1014.7mm
DIAGNOSTIC - FINAL CALIBRATED PROB: 82.7%
  TerraClimate: pr=81.8mm, soil=1024.2mm
DIAGNOSTIC - FINAL CALIBRATED PROB: 0.0%

[AREA SCAN] Started Center (28.4930, 82.0691)

[AREA SCAN] Started North (28.5065, 82.0691)

[AREA SCAN] Started South (28.4795, 82.0691)

[AREA SCAN] Started East (28.4930, 82.0826)

[AREA SCAN] Started West (28.4930, 82.0556)
  TerraClimate: pr=260.2mm, soil=839.3mm
DIAGNOSTIC - FINAL CALIBRATED PROB: 0.0%
  TerraClimate: pr=267.5mm, soil=851.6mm
DIAGNOSTIC - FINAL CALIBRATED PROB: 51.8%
  TerraClimate: pr=88.9mm, soil=1237.9mm
DIAGNOSTIC - SENSORS: {'LST': 14936.133333333333, 'NDVI': 0.758775, 'NDMI': 0.27792584896087646, 'Aerosol': 0.1, 'rain_list': [0.0, 0.2, 0.3, 0.0, 0.0, 0.0, 0.0, 0.0, 24.5, 27.2, 39.8, 4.1, 0.2, 0.2], 'pr': 88.88001146849244, 'soil': 1237.9392512700908, 'Slope': 22.058397606730818, 'Aspect': 270, 'TPI': 17.277602523659198}
DIAGNOSTIC - FINAL CALIBRATED PROB: 0.0%
  TerraClimate: pr=88.9mm, soil=1222.2mm
DIAGNOSTIC - SENSORS: {'LST': 15000.222222222223, 'NDVI': 0.734975, 'NDMI': 0.31037262082099915, 'Aerosol': 0.1, 'rain_list': [0.0, 0.0, 0.3, 0.0, 0.0, 0.0, 0.0, 0.0, 10.6, 21.1, 45.7, 14.8, 0.0, 0.0], 'pr': 88.86364870014266, 'soil': 1222.213115741223, 'Slope': 10.363213363122794, 'Aspect': 37.185531872333804, 'TPI': -2.763406940063078}
Flat terrain detected. Running Storm Hunter Catchment Scan...
  TerraClimate: pr=89.0mm, soil=1220.8mm
DIAGNOSTIC - SENSORS: {'LST': 14920.666666666666, 'NDVI': 0.7339, 'NDMI': 0.3380107283592224, 'Aerosol': 0.1, 'rain_list': [0.0, 0.0, 0.3, 0.0, 0.0, 0.0, 0.0, 0.0, 10.6, 21.1, 45.7, 14.8, 0.0, 0.0], 'pr': 88.96282735049626, 'soil': 1220.8249347033054, 'Slope': 9.195145327246017, 'Aspect': 0, 'TPI': 1.0788643533122695}
  TerraClimate: pr=88.9mm, soil=1230.5mm
127.0.0.1 - - [01/Jun/2026 15:40:26] "POST /predict_area HTTP/1.1" 200 -
127.0.0.1 - - [01/Jun/2026 15:40:34] "POST /predict_area HTTP/1.1" 200 -
127.0.0.1 - - [01/Jun/2026 15:40:53] "POST /predict_area HTTP/1.1" 200 -
127.0.0.1 - - [01/Jun/2026 15:40:59] "POST /predict_area HTTP/1.1" 200 -
DIAGNOSTIC - SENSORS: {'LST': 14925.235294117647, 'NDVI': 0.792925, 'NDMI': 0.33111321926116943, 'Aerosol': 0.1, 'rain_list': [0.0, 0.0, 0.3, 0.0, 0.0, 0.0, 0.0, 0.0, 10.6, 21.1, 45.7, 14.8, 0.0, 0.0], 'pr': 88.91260540820332, 'soil': 1230.5324259509289, 'Slope': 23.012680702094865, 'Aspect': 17.671313382832697, 'TPI': -26.766561514195587}
  TerraClimate: pr=88.5mm, soil=1238.2mm
DIAGNOSTIC - SENSORS: {'LST': 14874.64705882353, 'NDVI': 0.6829, 'NDMI': 0.29361090064048767, 'Aerosol': 0.1, 'rain_list': [0.5, 0.3, 0.3, 0.8, 0.1, 0.0, 0.0, 0.0, 12.1, 23.3, 38.1, 3.6, 0.6, 0.9], 'pr': 88.49383463111774, 'soil': 1238.245112495767, 'Slope': 28.082290553703857, 'Aspect': 335.53120587387997, 'TPI': 3.0031545741323953}
Flat terrain detected. Running Storm Hunter Catchment Scan...
DIAGNOSTIC - FINAL CALIBRATED PROB: 33.2%
DIAGNOSTIC - FINAL CALIBRATED PROB: 0.0%
  TerraClimate: pr=85.4mm, soil=1192.3mm
DIAGNOSTIC - FINAL CALIBRATED PROB: 12.5%
  TerraClimate: pr=87.1mm, soil=1159.5mm
DIAGNOSTIC - FINAL CALIBRATED PROB: 8.8%

[AREA SCAN] Started Center (27.0392, 85.7170)

[AREA SCAN] Started North (27.0527, 85.7170)

[AREA SCAN] Started South (27.0257, 85.7170)

[AREA SCAN] Started East (27.0392, 85.7305)

[AREA SCAN] Started West (27.0392, 85.7035)
  TerraClimate: pr=453.9mm, soil=1414.5mm
DIAGNOSTIC - SENSORS: {'LST': 15155.0, 'NDVI': 0.684775, 'NDMI': 0.1791248917579651, 'Aerosol': 0.1, 'rain_list': [35.1, 4.7, 9.0, 2.2, 9.8, 9.8, 5.3, 12.3, 22.5, 71.1, 83.9, 95.9, 92.6, 54.2], 'pr': 453.8648733390897, 'soil': 1414.519536910298, 'Slope': 1.0411957252955917, 'Aspect': 90, 'TPI': 1.2555205047318623}
DIAGNOSTIC - FINAL CALIBRATED PROB: 83.4%
  TerraClimate: pr=452.2mm, soil=1412.8mm
DIAGNOSTIC - SENSORS: {'LST': 15153.5, 'NDVI': 0.738375, 'NDMI': 0.3347177505493164, 'Aerosol': 0.1, 'rain_list': [35.1, 4.7, 9.0, 2.2, 9.8, 9.8, 5.3, 12.3, 22.5, 71.1, 83.9, 95.9, 92.6, 54.2], 'pr': 452.22478706739207, 'soil': 1412.8436147200016, 'Slope': 2.0817042313860523, 'Aspect': 270, 'TPI': -2.0757097791798174}
  TerraClimate: pr=456.8mm, soil=1401.9mm
DIAGNOSTIC - SENSORS: {'LST': 15280.666666666666, 'NDVI': 0.54445, 'NDMI': 0.15173770487308502, 'Aerosol': 0.1, 'rain_list': [35.1, 4.7, 9.0, 2.2, 9.8, 9.8, 5.3, 12.3, 22.5, 71.1, 83.9, 95.9, 92.6, 54.2], 'pr': 456.7749265670602, 'soil': 1401.8941901442445, 'Slope': 2.126356812737027, 'Aspect': 330.6889755897501, 'TPI': 3.8044164037854955}
  TerraClimate: pr=450.5mm, soil=1411.1mm
DIAGNOSTIC - SENSORS: {'LST': 15146.75, 'NDVI': 0.691225, 'NDMI': 0.3579982817173004, 'Aerosol': 0.1, 'rain_list': [35.1, 4.7, 9.0, 2.2, 9.8, 9.8, 5.3, 12.3, 22.5, 71.1, 83.9, 95.9, 92.6, 54.2], 'pr': 450.48822513265355, 'soil': 1411.0691088714525, 'Slope': 2.7867548356012835, 'Aspect': 311.6913261272838, 'TPI': 3.5015772870662545}
DIAGNOSTIC - FINAL CALIBRATED PROB: 49.0%
DIAGNOSTIC - FINAL CALIBRATED PROB: 88.2%
DIAGNOSTIC - FINAL CALIBRATED PROB: 41.4%
  TerraClimate: pr=447.7mm, soil=1423.8mm
DIAGNOSTIC - SENSORS: {'LST': 15153.5, 'NDVI': 0.721825, 'NDMI': 0.2353213131427765, 'Aerosol': 0.1, 'rain_list': [35.1, 4.7, 9.0, 2.2, 9.8, 9.8, 5.3, 12.3, 22.5, 71.1, 83.9, 95.9, 92.6, 54.2], 'pr': 447.65743594708766, 'soil': 1423.775451600859, 'Slope': 4.175745672688015, 'Aspect': 228.3052949103207, 'TPI': 1.8958990536277724}
DIAGNOSTIC - FINAL CALIBRATED PROB: 78.2%

[AREA SCAN] Started Center (27.2616, 86.0590)

[AREA SCAN] Started North (27.2751, 86.0590)

[AREA SCAN] Started South (27.2481, 86.0590)

[AREA SCAN] Started East (27.2616, 86.0725)

[AREA SCAN] Started West (27.2616, 86.0455)
  TerraClimate: pr=381.2mm, soil=1225.1mm
DIAGNOSTIC - SENSORS: {'LST': 15200.0, 'NDVI': 0.5794333333333334, 'NDMI': 0.27626293897628784, 'Aerosol': 0.1, 'rain_list': [32.3, 25.0, 17.2, 22.3, 38.9, 21.0, 25.7, 10.3, 8.4, 16.7, 2.9, 48.3, 90.9, 59.9], 'pr': 381.17921888142433, 'soil': 1225.0670943184996, 'Slope': 20.175044188903268, 'Aspect': 82.40506107412489, 'TPI': -24.01892744479494}
  TerraClimate: pr=383.1mm, soil=1208.5mm
DIAGNOSTIC - SENSORS: {'LST': 15200.0, 'NDVI': 0.5252, 'NDMI': 0.2147558033466339, 'Aerosol': 0.1, 'rain_list': [23.8, 14.9, 4.7, 23.2, 42.9, 14.8, 12.1, 15.9, 4.6, 15.1, 1.8, 39.1, 42.7, 80.1], 'pr': 383.0660579675508, 'soil': 1208.484965954567, 'Slope': 10.674470216874857, 'Aspect': 75.06973211096044, 'TPI': -18.473186119873844}
DIAGNOSTIC - FINAL CALIBRATED PROB: 77.6%
Flat terrain detected. Running Storm Hunter Catchment Scan...
  TerraClimate: pr=379.5mm, soil=1223.9mm
DIAGNOSTIC - SENSORS: {'LST': 15200.0, 'NDVI': 0.5117, 'NDMI': 0.24480049312114716, 'Aerosol': 0.1, 'rain_list': [27.4, 13.3, 4.9, 19.8, 53.9, 13.9, 12.8, 10.0, 5.0, 6.7, 2.4, 65.3, 53.6, 74.3], 'pr': 379.4760868229985, 'soil': 1223.8644464207512, 'Slope': 24.791063598420227, 'Aspect': 304.10881680631394, 'TPI': 0.9211356466877305}
DIAGNOSTIC - FINAL CALIBRATED PROB: 71.5%
  TerraClimate: pr=377.7mm, soil=1231.6mm
DIAGNOSTIC - SENSORS: {'LST': 15200.0, 'NDVI': 0.4557666666666667, 'NDMI': 0.27188754081726074, 'Aerosol': 0.1, 'rain_list': [27.4, 13.3, 4.9, 19.8, 53.9, 13.9, 12.8, 10.0, 5.0, 6.7, 2.4, 65.3, 53.6, 74.3], 'pr': 377.68110125072195, 'soil': 1231.5541866538451, 'Slope': 28.036363022772182, 'Aspect': 24.224277346121283, 'TPI': -41.20189274447944}
  TerraClimate: pr=377.9mm, soil=1222.8mm
DIAGNOSTIC - SENSORS: {'LST': 15200.0, 'NDVI': 0.35936666666666667, 'NDMI': 0.2717798948287964, 'Aerosol': 0.1, 'rain_list': [27.4, 13.3, 4.9, 19.8, 53.9, 13.9, 12.8, 10.0, 5.0, 6.7, 2.4, 65.3, 53.6, 74.3], 'pr': 377.92367441576073, 'soil': 1222.768227540503, 'Slope': 18.169262784094595, 'Aspect': 87.17276428080083, 'TPI': -3.4700315457413353}
Flat terrain detected. Running Storm Hunter Catchment Scan...
DIAGNOSTIC - FINAL CALIBRATED PROB: 89.1%
  TerraClimate: pr=402.0mm, soil=1165.0mm
DIAGNOSTIC - FINAL CALIBRATED PROB: 76.8%
  TerraClimate: pr=398.2mm, soil=1173.8mm
DIAGNOSTIC - FINAL CALIBRATED PROB: 84.4%

[AREA SCAN] Started Center (27.5318, 83.5242)

[AREA SCAN] Started North (27.5453, 83.5242)

[AREA SCAN] Started South (27.5183, 83.5242)

[AREA SCAN] Started East (27.5318, 83.5377)

[AREA SCAN] Started West (27.5318, 83.5107)
  TerraClimate: pr=461.6mm, soil=1718.9mm
DIAGNOSTIC - SENSORS: {'LST': 15200.0, 'NDVI': 0.6524, 'NDMI': 0.47006916999816895, 'Aerosol': 0.1, 'rain_list': [42.4, 5.2, 4.9, 11.0, 15.7, 20.0, 14.0, 10.0, 10.9, 28.6, 29.0, 15.9, 39.7, 93.9], 'pr': 461.61021546089785, 'soil': 1718.9193437277197, 'Slope': 0.9274099368611016, 'Aspect': 0, 'TPI': 0.35015772870661976}
  TerraClimate: pr=460.6mm, soil=1719.9mm
DIAGNOSTIC - SENSORS: {'LST': 15200.0, 'NDVI': 0.6643, 'NDMI': 0.42799779772758484, 'Aerosol': 0.1, 'rain_list': [42.4, 5.2, 4.9, 11.0, 15.7, 20.0, 14.0, 10.0, 10.9, 28.6, 29.0, 15.9, 39.7, 93.9], 'pr': 460.55292399353976, 'soil': 1719.9182710606265, 'Slope': 1.3976606474618636, 'Aspect': 48.43488762184052, 'TPI': 2.5804416403785524}
  TerraClimate: pr=460.3mm, soil=1708.3mm
DIAGNOSTIC - SENSORS: {'LST': 15200.0, 'NDVI': 0.6218666666666667, 'NDMI': 0.4583934545516968, 'Aerosol': 0.1, 'rain_list': [42.4, 5.2, 4.9, 11.0, 15.7, 20.0, 14.0, 10.0, 10.9, 28.6, 29.0, 15.9, 39.7, 93.9], 'pr': 460.3040227766504, 'soil': 1708.3329649443278, 'Slope': 4.1866315537575645, 'Aspect': 131.5616611980271, 'TPI': -4.3438485804416445}
  TerraClimate: pr=463.0mm, soil=1717.5mm
DIAGNOSTIC - SENSORS: {'LST': 15200.0, 'NDVI': 0.6581666666666667, 'NDMI': 0.30650240182876587, 'Aerosol': 0.1, 'rain_list': [42.4, 5.2, 4.9, 11.0, 15.7, 20.0, 14.0, 10.0, 10.9, 28.6, 29.0, 15.9, 39.7, 93.9], 'pr': 463.0317514636781, 'soil': 1717.5442206812854, 'Slope': 2.090951795404011, 'Aspect': 270, 'TPI': 0.0220820189274491}
DIAGNOSTIC - FINAL CALIBRATED PROB: 73.7%
  TerraClimate: pr=462.5mm, soil=1726.5mm
DIAGNOSTIC - SENSORS: {'LST': 15200.0, 'NDVI': 0.7013, 'NDMI': 0.4334910213947296, 'Aerosol': 0.1, 'rain_list': [42.4, 5.2, 4.9, 11.0, 15.7, 20.0, 14.0, 10.0, 10.9, 28.6, 29.0, 15.9, 39.7, 93.9], 'pr': 462.5432102353599, 'soil': 1726.481042858711, 'Slope': 2.090693186244807, 'Aspect': 90, 'TPI': -2.3438485804416445}
DIAGNOSTIC - FINAL CALIBRATED PROB: 71.6%
DIAGNOSTIC - FINAL CALIBRATED PROB: 50.1%
DIAGNOSTIC - FINAL CALIBRATED PROB: 54.4%
DIAGNOSTIC - FINAL CALIBRATED PROB: 58.1%
127.0.0.1 - - [01/Jun/2026 15:41:09] "POST /predict_area HTTP/1.1" 200 -
127.0.0.1 - - [01/Jun/2026 15:41:15] "POST /predict_area HTTP/1.1" 200 -
127.0.0.1 - - [01/Jun/2026 15:41:39] "POST /predict_area HTTP/1.1" 200 -

[AREA SCAN] Started Center (28.2081, 83.9845)

[AREA SCAN] Started North (28.2216, 83.9845)

[AREA SCAN] Started South (28.1946, 83.9845)

[AREA SCAN] Started East (28.2081, 83.9980)

[AREA SCAN] Started West (28.2081, 83.9710)
  TerraClimate: pr=532.3mm, soil=1241.4mm
DIAGNOSTIC - SENSORS: {'LST': 15431.0, 'NDVI': 0.5064, 'NDMI': 0.10551687330007553, 'Aerosol': 0.1, 'rain_list': [69.9, 13.3, 20.4, 0.8, 7.0, 26.5, 47.1, 103.2, 21.6, 3.6, 14.6, 38.6, 11.5, 20.0], 'pr': 532.3165104911992, 'soil': 1241.4101631538279, 'Slope': 4.744513795517869, 'Aspect': 192.78688381167944, 'TPI': -2.031545741324976}
  TerraClimate: pr=533.9mm, soil=1252.0mm
DIAGNOSTIC - SENSORS: {'LST': 15327.0, 'NDVI': 0.504875, 'NDMI': 0.12386206537485123, 'Aerosol': 0.1, 'rain_list': [69.9, 13.3, 20.4, 0.8, 7.0, 26.5, 47.1, 103.2, 21.6, 3.6, 14.6, 38.6, 11.5, 20.0], 'pr': 533.8703232916683, 'soil': 1252.0226550538252, 'Slope': 5.247049580345335, 'Aspect': 270, 'TPI': 8.28075709779182}
DIAGNOSTIC - FINAL CALIBRATED PROB: 71.6%
DIAGNOSTIC - FINAL CALIBRATED PROB: 88.1%
  TerraClimate: pr=531.3mm, soil=1234.7mm
DIAGNOSTIC - SENSORS: {'LST': 15461.75, 'NDVI': 0.3764, 'NDMI': 0.0654468685388565, 'Aerosol': 0.1, 'rain_list': [69.9, 13.3, 20.4, 0.8, 7.0, 26.5, 47.1, 103.2, 21.6, 3.6, 14.6, 38.6, 11.5, 20.0], 'pr': 531.3272742687009, 'soil': 1234.7016163977996, 'Slope': 2.29925749540581, 'Aspect': 113.77653790423129, 'TPI': 2.2271293375393952}
  TerraClimate: pr=532.5mm, soil=1242.6mm
DIAGNOSTIC - SENSORS: {'LST': 15353.0, 'NDVI': 0.472975, 'NDMI': 0.1067708358168602, 'Aerosol': 0.1, 'rain_list': [69.9, 13.3, 20.4, 0.8, 7.0, 26.5, 47.1, 103.2, 21.6, 3.6, 14.6, 38.6, 11.5, 20.0], 'pr': 532.4799447708484, 'soil': 1242.5913177746868, 'Slope': 0.9274099368611016, 'Aspect': 180, 'TPI': 0.28075709779182034}
DIAGNOSTIC - FINAL CALIBRATED PROB: 73.2%
DIAGNOSTIC - FINAL CALIBRATED PROB: 84.4%
  TerraClimate: pr=532.4mm, soil=1241.9mm
DIAGNOSTIC - SENSORS: {'LST': 15495.5, 'NDVI': 0.36855, 'NDMI': 0.05322923883795738, 'Aerosol': 0.1, 'rain_list': [69.9, 13.3, 20.4, 0.8, 7.0, 26.5, 47.1, 103.2, 21.6, 3.6, 14.6, 38.6, 11.5, 20.0], 'pr': 532.3781526109229, 'soil': 1241.8593412901257, 'Slope': 3.704791833671086, 'Aspect': 180, 'TPI': 1.8201892744478982}
DIAGNOSTIC - FINAL CALIBRATED PROB: 78.3%

[AREA SCAN] Started Center (26.7173, 86.9362)

[AREA SCAN] Started North (26.7308, 86.9362)

[AREA SCAN] Started South (26.7038, 86.9362)

[AREA SCAN] Started East (26.7173, 86.9497)

[AREA SCAN] Started West (26.7173, 86.9227)
  TerraClimate: pr=261.0mm, soil=1509.5mm
DIAGNOSTIC - SENSORS: {'LST': 15253.5, 'NDVI': 0.49205, 'NDMI': 0.2148885577917099, 'Aerosol': 0.1, 'rain_list': [14.9, 5.8, 33.2, 5.7, 14.8, 11.8, 28.9, 16.9, 61.5, 42.8, 6.0, 14.9, 10.1, 40.6], 'pr': 260.97410871220524, 'soil': 1509.4963912640726, 'Slope': 1.3919951424801507, 'Aspect': 48.22768457304401, 'TPI': -0.899053627760253}
  TerraClimate: pr=261.4mm, soil=1520.9mm
DIAGNOSTIC - SENSORS: {'LST': 15232.0, 'NDVI': 0.475375, 'NDMI': 0.22445489466190338, 'Aerosol': 0.1, 'rain_list': [21.9, 4.9, 48.3, 3.4, 9.7, 20.0, 26.2, 21.0, 54.9, 31.9, 27.0, 12.0, 14.3, 37.3], 'pr': 261.35300925445586, 'soil': 1520.8818297853231, 'Slope': 4.243751112758432, 'Aspect': 150.76440196936804, 'TPI': -0.5520504731861138}
  TerraClimate: pr=260.7mm, soil=1501.4mm
DIAGNOSTIC - SENSORS: {'LST': 15253.0, 'NDVI': 0.598325, 'NDMI': 0.24585282802581787, 'Aerosol': 0.1, 'rain_list': [14.9, 5.8, 33.2, 5.7, 14.8, 11.8, 28.9, 16.9, 61.5, 42.8, 6.0, 14.9, 10.1, 40.6], 'pr': 260.70610588963774, 'soil': 1501.4432762124588, 'Slope': 2.0760372346894247, 'Aspect': 270, 'TPI': -2.290220820189276}
DIAGNOSTIC - FINAL CALIBRATED PROB: 97.4%
  TerraClimate: pr=260.4mm, soil=1509.1mm
DIAGNOSTIC - SENSORS: {'LST': 15246.5, 'NDVI': 0.690525, 'NDMI': 0.3212851285934448, 'Aerosol': 0.1, 'rain_list': [14.9, 5.8, 33.2, 5.7, 14.8, 11.8, 28.9, 16.9, 61.5, 42.8, 6.0, 14.9, 10.1, 40.6], 'pr': 260.37995851260354, 'soil': 1509.052999400248, 'Slope': 2.075794224630826, 'Aspect': 270, 'TPI': 3.2744479495268024}
DIAGNOSTIC - FINAL CALIBRATED PROB: 57.6%
  TerraClimate: pr=261.9mm, soil=1510.2mm
DIAGNOSTIC - SENSORS: {'LST': 15287.0, 'NDVI': 0.51175, 'NDMI': 0.28818827867507935, 'Aerosol': 0.1, 'rain_list': [14.9, 5.8, 33.2, 5.7, 14.8, 11.8, 28.9, 16.9, 61.5, 42.8, 6.0, 14.9, 10.1, 40.6], 'pr': 261.9397610103874, 'soil': 1510.2171099009913, 'Slope': 1.8543341688295631, 'Aspect': 180, 'TPI': 1.1514195583596205}
DIAGNOSTIC - FINAL CALIBRATED PROB: 82.9%
DIAGNOSTIC - FINAL CALIBRATED PROB: 69.7%
DIAGNOSTIC - FINAL CALIBRATED PROB: 36.6%

[AREA SCAN] Started Center (27.7522, 85.9520)

[AREA SCAN] Started North (27.7657, 85.9520)

[AREA SCAN] Started South (27.7387, 85.9520)

[AREA SCAN] Started East (27.7522, 85.9655)

[AREA SCAN] Started West (27.7522, 85.9385)
  TerraClimate: pr=442.1mm, soil=899.5mm
DIAGNOSTIC - SENSORS: {'LST': 15200.0, 'NDVI': 0.126625, 'NDMI': 0.20858249068260193, 'Aerosol': 0.1, 'rain_list': [19.4, 28.7, 18.8, 25.1, 7.8, 14.5, 21.4, 38.7, 6.0, 27.0, 25.5, 11.3, 35.4, 26.9], 'pr': 442.0517142626612, 'soil': 899.4982891638014, 'Slope': 14.794826285243245, 'Aspect': 255.80855417293247, 'TPI': 12.946372239747689}
Flat terrain detected. Running Storm Hunter Catchment Scan...
  TerraClimate: pr=434.5mm, soil=891.2mm
DIAGNOSTIC - SENSORS: {'LST': 14243.0, 'NDVI': 0.15635, 'NDMI': 0.29547396302223206, 'Aerosol': 0.1, 'rain_list': [35.7, 41.5, 23.6, 41.5, 29.0, 25.4, 31.0, 44.9, 5.5, 41.9, 33.1, 22.1, 23.6, 44.9], 'pr': 434.544956546247, 'soil': 891.1880156642653, 'Slope': 34.21917870082309, 'Aspect': 293.8686612384609, 'TPI': -11.624605678233365}
DIAGNOSTIC - FINAL CALIBRATED PROB: 56.1%
  TerraClimate: pr=429.3mm, soil=885.3mm
DIAGNOSTIC - SENSORS: {'LST': 14787.0, 'NDVI': 0.2175, 'NDMI': 0.2450375258922577, 'Aerosol': 0.1, 'rain_list': [14.7, 27.4, 13.4, 4.6, 1.1, 1.0, 21.7, 35.0, 8.2, 18.7, 11.8, 7.2, 19.4, 17.4], 'pr': 429.2603095347149, 'soil': 885.337477200621, 'Slope': 27.5282060589268, 'Aspect': 306.165699275038, 'TPI': -13.630914826498383}
DIAGNOSTIC - FINAL CALIBRATED PROB: 53.0%
  TerraClimate: pr=403.4mm, soil=861.0mm
DIAGNOSTIC - FINAL CALIBRATED PROB: 78.9%
  TerraClimate: pr=432.5mm, soil=890.0mm
DIAGNOSTIC - SENSORS: {'LST': 14243.0, 'NDVI': 0.1148, 'NDMI': 0.3177625238895416, 'Aerosol': 0.1, 'rain_list': [35.7, 41.5, 23.6, 41.5, 29.0, 25.4, 31.0, 44.9, 5.5, 41.9, 33.1, 22.1, 23.6, 44.9], 'pr': 432.53083356267575, 'soil': 889.9973898056091, 'Slope': 63.713860438140024, 'Aspect': 332.5625146104592, 'TPI': -21.694006309148335}
DIAGNOSTIC - FINAL CALIBRATED PROB: 94.3%
  TerraClimate: pr=437.4mm, soil=892.8mm
DIAGNOSTIC - SENSORS: {'LST': 14565.5, 'NDVI': 0.20535, 'NDMI': 0.2991696298122406, 'Aerosol': 0.1, 'rain_list': [19.4, 28.7, 18.8, 25.1, 7.8, 14.5, 21.4, 38.7, 6.0, 27.0, 25.5, 11.3, 35.4, 26.9], 'pr': 437.35115036605447, 'soil': 892.8468651752023, 'Slope': 4.28555807313762, 'Aspect': 257.52470149108655, 'TPI': 13.618296529968575}
DIAGNOSTIC - FINAL CALIBRATED PROB: 80.6%

[AREA SCAN] Started Center (29.8702, 80.8838)

[AREA SCAN] Started North (29.8837, 80.8838)

[AREA SCAN] Started South (29.8567, 80.8838)

[AREA SCAN] Started East (29.8702, 80.8973)

[AREA SCAN] Started West (29.8702, 80.8703)
  TerraClimate: pr=198.7mm, soil=1046.1mm
DIAGNOSTIC - SENSORS: {'LST': 14275.615384615385, 'NDVI': 0.658825, 'NDMI': 0.2379709631204605, 'Aerosol': 0.1, 'rain_list': [8.8, 7.2, 32.8, 3.5, 7.4, 5.8, 10.8, 3.1, 7.9, 5.7, 2.2, 3.3, 5.8, 2.4], 'pr': 198.68545147975385, 'soil': 1046.1014941287158, 'Slope': 28.838383667612487, 'Aspect': 199.8202759612081, 'TPI': -42.11356466876987}
DIAGNOSTIC - FINAL CALIBRATED PROB: 0.0%
  TerraClimate: pr=200.3mm, soil=1051.5mm
DIAGNOSTIC - SENSORS: {'LST': 14307.833333333334, 'NDVI': 0.840775, 'NDMI': 0.2674921751022339, 'Aerosol': 0.1, 'rain_list': [2.7, 8.2, 40.9, 4.2, 2.4, 2.3, 8.4, 4.0, 13.2, 3.9, 2.9, 2.9, 4.9, 1.4], 'pr': 200.2753736187869, 'soil': 1051.5208634441742, 'Slope': 40.508239422719804, 'Aspect': 21.805777381558173, 'TPI': -6.520504731861365}
  TerraClimate: pr=202.5mm, soil=1059.1mm
127.0.0.1 - - [01/Jun/2026 15:41:46] "POST /predict_area HTTP/1.1" 200 -
127.0.0.1 - - [01/Jun/2026 15:42:04] "POST /predict_area HTTP/1.1" 200 -
127.0.0.1 - - [01/Jun/2026 15:42:05] "OPTIONS /predict_area HTTP/1.1" 200 -
DIAGNOSTIC - SENSORS: {'LST': 14450.9, 'NDVI': 0.6775, 'NDMI': 0.3043615221977234, 'Aerosol': 0.1, 'rain_list': [8.8, 7.2, 32.8, 3.5, 7.4, 5.8, 10.8, 3.1, 7.9, 5.7, 2.2, 3.3, 5.8, 2.4], 'pr': 202.47800987617222, 'soil': 1059.0883010579307, 'Slope': 53.75991988428077, 'Aspect': 198.34028925461797, 'TPI': 2.2839116719242156}
  TerraClimate: pr=201.9mm, soil=1052.9mm
DIAGNOSTIC - SENSORS: {'LST': 14307.833333333334, 'NDVI': 0.713325, 'NDMI': 0.2702237665653229, 'Aerosol': 0.1, 'rain_list': [8.8, 7.2, 32.8, 3.5, 7.4, 5.8, 10.8, 3.1, 7.9, 5.7, 2.2, 3.3, 5.8, 2.4], 'pr': 201.87858048808482, 'soil': 1052.8663534992766, 'Slope': 36.3928690828013, 'Aspect': 123.30234352712347, 'TPI': -85.10410094637245}
  TerraClimate: pr=198.4mm, soil=1049.9mm
DIAGNOSTIC - SENSORS: {'LST': 14445.5, 'NDVI': 0.811625, 'NDMI': 0.25559481978416443, 'Aerosol': 0.1, 'rain_list': [2.7, 8.2, 40.9, 4.2, 2.4, 2.3, 8.4, 4.0, 13.2, 3.9, 2.9, 2.9, 4.9, 1.4], 'pr': 198.40630167680567, 'soil': 1049.9280714248214, 'Slope': 32.43702325567575, 'Aspect': 272.9200770511733, 'TPI': 49.473186119873844}
DIAGNOSTIC - FINAL CALIBRATED PROB: 0.1%
DIAGNOSTIC - FINAL CALIBRATED PROB: 4.5%
DIAGNOSTIC - FINAL CALIBRATED PROB: 14.9%
DIAGNOSTIC - FINAL CALIBRATED PROB: 1.3%

[AREA SCAN] Started Center (27.5113, 85.7557)

[AREA SCAN] Started North (27.5248, 85.7557)

[AREA SCAN] Started South (27.4978, 85.7557)

[AREA SCAN] Started East (27.5113, 85.7692)

[AREA SCAN] Started West (27.5113, 85.7422)
  TerraClimate: pr=448.3mm, soil=1029.7mm
DIAGNOSTIC - SENSORS: {'LST': 15128.166666666666, 'NDVI': 0.3672, 'NDMI': 0.07027724385261536, 'Aerosol': 0.1, 'rain_list': [2.8, 10.9, 12.8, 1.3, 4.6, 1.0, 9.0, 16.0, 6.3, 2.2, 4.5, 21.1, 10.2, 18.0], 'pr': 448.32965213399393, 'soil': 1029.6712647426382, 'Slope': 22.944938514564335, 'Aspect': 55.00031919091196, 'TPI': 0.33438485804413176}
  TerraClimate: pr=446.6mm, soil=1029.0mm
DIAGNOSTIC - SENSORS: {'LST': 15200.0, 'NDVI': 0.53265, 'NDMI': 0.1364349126815796, 'Aerosol': 0.1, 'rain_list': [2.8, 10.9, 12.8, 1.3, 4.6, 1.0, 9.0, 16.0, 6.3, 2.2, 4.5, 21.1, 10.2, 18.0], 'pr': 446.60099866783406, 'soil': 1029.025589158326, 'Slope': 28.060244859772986, 'Aspect': 62.901897827384204, 'TPI': 7.312302839116683}
  TerraClimate: pr=451.3mm, soil=1030.8mm
DIAGNOSTIC - SENSORS: {'LST': 15125.888888888889, 'NDVI': 0.49885, 'NDMI': 0.11747368425130844, 'Aerosol': 0.1, 'rain_list': [2.8, 10.9, 12.8, 1.3, 4.6, 1.0, 9.0, 16.0, 6.3, 2.2, 4.5, 21.1, 10.2, 18.0], 'pr': 451.26422981845707, 'soil': 1030.7673694265538, 'Slope': 31.48423649966374, 'Aspect': 192.04132673306245, 'TPI': -2.820189274448012}
  TerraClimate: pr=443.1mm, soil=1023.4mm
DIAGNOSTIC - SENSORS: {'LST': 15128.111111111111, 'NDVI': 0.415675, 'NDMI': 0.09691125899553299, 'Aerosol': 0.1, 'rain_list': [2.8, 10.9, 12.8, 1.3, 4.6, 1.0, 9.0, 16.0, 6.3, 2.2, 4.5, 21.1, 10.2, 18.0], 'pr': 443.1313411019067, 'soil': 1023.3752183852635, 'Slope': 18.80026451610466, 'Aspect': 3.0736550534643006, 'TPI': -51.791798107255545}
DIAGNOSTIC - FINAL CALIBRATED PROB: 84.4%
DIAGNOSTIC - FINAL CALIBRATED PROB: 76.7%
DIAGNOSTIC - FINAL CALIBRATED PROB: 79.2%
Flat terrain detected. Running Storm Hunter Catchment Scan...
  TerraClimate: pr=451.4mm, soil=1036.0mm
DIAGNOSTIC - SENSORS: {'LST': 15070.777777777777, 'NDVI': 0.4811, 'NDMI': 0.1370404064655304, 'Aerosol': 0.1, 'rain_list': [2.8, 10.9, 12.8, 1.3, 4.6, 1.0, 9.0, 16.0, 6.3, 2.2, 4.5, 21.1, 10.2, 18.0], 'pr': 451.3587271765864, 'soil': 1036.018284968282, 'Slope': 22.78479081710115, 'Aspect': 92.20860122075436, 'TPI': 17.32492113564672}
DIAGNOSTIC - FINAL CALIBRATED PROB: 83.8%
  TerraClimate: pr=411.9mm, soil=985.6mm
DIAGNOSTIC - FINAL CALIBRATED PROB: 75.9%

[AREA SCAN] Started Center (28.1191, 84.8169)

[AREA SCAN] Started North (28.1326, 84.8169)

[AREA SCAN] Started South (28.1056, 84.8169)

[AREA SCAN] Started East (28.1191, 84.8304)

[AREA SCAN] Started West (28.1191, 84.8034)

[AREA SCAN] Started Center (27.8252, 85.5878)

[AREA SCAN] Started North (27.8387, 85.5878)

[AREA SCAN] Started South (27.8117, 85.5878)

[AREA SCAN] Started East (27.8252, 85.6013)

[AREA SCAN] Started West (27.8252, 85.5743)
  TerraClimate: pr=365.7mm, soil=1099.4mm
DIAGNOSTIC - SENSORS: {'LST': 14911.25, 'NDVI': 0.553325, 'NDMI': 0.15299831330776215, 'Aerosol': 0.1, 'rain_list': [0.3, 0.1, 0.4, 2.0, 8.7, 20.3, 7.4, 0.5, 1.6, 0.9, 6.6, 16.6, 12.4, 48.6], 'pr': 365.6644631337381, 'soil': 1099.4023308566073, 'Slope': 30.66020431579489, 'Aspect': 201.81000404301065, 'TPI': 11.892744479495377}
  TerraClimate: pr=363.8mm, soil=1094.2mm
DIAGNOSTIC - SENSORS: {'LST': 14769.333333333334, 'NDVI': 0.506075, 'NDMI': 0.3571428656578064, 'Aerosol': 0.1, 'rain_list': [0.3, 0.1, 0.4, 2.0, 8.7, 20.3, 7.4, 0.5, 1.6, 0.9, 6.6, 16.6, 12.4, 48.6], 'pr': 363.77198806633425, 'soil': 1094.1719846948884, 'Slope': 32.69803525409527, 'Aspect': 16.615759875559924, 'TPI': -30.138801261829713}
  TerraClimate: pr=362.4mm, soil=1091.6mm
DIAGNOSTIC - SENSORS: {'LST': 15023.142857142857, 'NDVI': 0.598475, 'NDMI': 0.11859241127967834, 'Aerosol': 0.1, 'rain_list': [0.1, 0.0, 0.0, 0.0, 1.5, 0.6, 7.0, 0.1, 2.1, 1.2, 6.2, 15.9, 13.1, 45.0], 'pr': 362.4237910260177, 'soil': 1091.5903215544743, 'Slope': 32.7912902844101, 'Aspect': 127.08831968378506, 'TPI': 11.567823343848659}
  TerraClimate: pr=367.6mm, soil=1104.0mm
DIAGNOSTIC - SENSORS: {'LST': 14879.0, 'NDVI': 0.5241, 'NDMI': 0.2197899967432022, 'Aerosol': 0.1, 'rain_list': [0.3, 0.1, 0.4, 2.0, 8.7, 20.3, 7.4, 0.5, 1.6, 0.9, 6.6, 16.6, 12.4, 48.6], 'pr': 367.574810625574, 'soil': 1104.0074411178318, 'Slope': 28.822744520377555, 'Aspect': 214.54331351646374, 'TPI': 11.41640378548891}
  TerraClimate: pr=348.9mm, soil=901.7mm
DIAGNOSTIC - SENSORS: {'LST': 15186.0, 'NDVI': 0.608575, 'NDMI': 0.21696063876152039, 'Aerosol': 0.1, 'rain_list': [2.5, 0.2, 0.4, 1.2, 1.6, 2.6, 1.8, 5.3, 0.8, 5.0, 0.7, 11.1, 6.4, 5.3], 'pr': 348.90707433715903, 'soil': 901.6507468783661, 'Slope': 24.867983611976815, 'Aspect': 236.02753111264474, 'TPI': 11.671924290220886}
DIAGNOSTIC - FINAL CALIBRATED PROB: 90.9%
DIAGNOSTIC - FINAL CALIBRATED PROB: 94.2%
DIAGNOSTIC - FINAL CALIBRATED PROB: 89.8%
  TerraClimate: pr=369.5mm, soil=1109.9mm
DIAGNOSTIC - SENSORS: {'LST': 15012.125, 'NDVI': 0.66195, 'NDMI': 0.18698309361934662, 'Aerosol': 0.1, 'rain_list': [0.1, 0.0, 0.0, 0.0, 1.5, 0.6, 7.0, 0.1, 2.1, 1.2, 6.2, 15.9, 13.1, 45.0], 'pr': 369.4541835384045, 'soil': 1109.8743083353381, 'Slope': 19.698247611905433, 'Aspect': 174.11575487093862, 'TPI': 2.8990536277602814}
  TerraClimate: pr=350.5mm, soil=903.0mm
DIAGNOSTIC - SENSORS: {'LST': 15191.09090909091, 'NDVI': 0.540825, 'NDMI': 0.15500272810459137, 'Aerosol': 0.1, 'rain_list': [2.8, 0.3, 0.3, 1.7, 6.6, 4.7, 2.5, 7.0, 3.0, 1.6, 2.1, 9.1, 4.0, 3.2], 'pr': 350.45789348165084, 'soil': 902.9899730158108, 'Slope': 15.579777886748104, 'Aspect': 79.96954903742002, 'TPI': -24.116719242902263}
  TerraClimate: pr=354.4mm, soil=907.6mm
DIAGNOSTIC - SENSORS: {'LST': 15208.181818181818, 'NDVI': 0.59505, 'NDMI': 0.14334844052791595, 'Aerosol': 0.1, 'rain_list': [2.8, 0.3, 0.3, 1.7, 6.6, 4.7, 2.5, 7.0, 3.0, 1.6, 2.1, 9.1, 4.0, 3.2], 'pr': 354.4331162025112, 'soil': 907.6098629404896, 'Slope': 22.547269621173314, 'Aspect': 200.64980485642664, 'TPI': -10.343848580441659}
DIAGNOSTIC - FINAL CALIBRATED PROB: 92.9%
DIAGNOSTIC - FINAL CALIBRATED PROB: 91.8%
Flat terrain detected. Running Storm Hunter Catchment Scan...
Flat terrain detected. Running Storm Hunter Catchment Scan...
DIAGNOSTIC - FINAL CALIBRATED PROB: 67.2%
  TerraClimate: pr=343.4mm, soil=895.7mm
DIAGNOSTIC - SENSORS: {'LST': 15203.444444444445, 'NDVI': 0.47755, 'NDMI': 0.09068384766578674, 'Aerosol': 0.1, 'rain_list': [2.5, 0.2, 0.4, 1.2, 1.6, 2.6, 1.8, 5.3, 0.8, 5.0, 0.7, 11.1, 6.4, 5.3], 'pr': 343.38103247180686, 'soil': 895.6916308162424, 'Slope': 18.590876566857837, 'Aspect': 305.27602257521255, 'TPI': 31.100946372239832}
Flat terrain detected. Running Storm Hunter Catchment Scan...
  TerraClimate: pr=347.0mm, soil=900.0mm
127.0.0.1 - - [01/Jun/2026 15:42:24] "POST /predict_area HTTP/1.1" 200 -
127.0.0.1 - - [01/Jun/2026 15:42:27] "POST /predict_area HTTP/1.1" 200 -
127.0.0.1 - - [01/Jun/2026 15:42:34] "POST /predict_area HTTP/1.1" 200 -
127.0.0.1 - - [01/Jun/2026 15:42:42] "POST /predict_area HTTP/1.1" 200 -
127.0.0.1 - - [01/Jun/2026 15:43:01] "POST /predict_area HTTP/1.1" 200 -
DIAGNOSTIC - SENSORS: {'LST': 15062.333333333334, 'NDVI': 0.64105, 'NDMI': 0.15948276221752167, 'Aerosol': 0.1, 'rain_list': [2.6, 0.4, 0.5, 0.7, 1.0, 6.1, 5.8, 1.8, 0.9, 1.7, 1.3, 15.6, 15.1, 25.8], 'pr': 346.988535189334, 'soil': 899.9939722753418, 'Slope': 14.485620298135435, 'Aspect': 231.201505220119, 'TPI': -12.198738170347042}
Flat terrain detected. Running Storm Hunter Catchment Scan...
  TerraClimate: pr=312.0mm, soil=862.3mm
DIAGNOSTIC - FINAL CALIBRATED PROB: 97.3%
  TerraClimate: pr=318.6mm, soil=869.4mm
DIAGNOSTIC - FINAL CALIBRATED PROB: 73.4%
  TerraClimate: pr=352.4mm, soil=1062.8mm
DIAGNOSTIC - FINAL CALIBRATED PROB: 96.2%

[AREA SCAN] Started Center (27.1841, 86.2947)

[AREA SCAN] Started North (27.1976, 86.2947)

[AREA SCAN] Started South (27.1706, 86.2947)

[AREA SCAN] Started East (27.1841, 86.3082)

[AREA SCAN] Started West (27.1841, 86.2812)
  TerraClimate: pr=314.0mm, soil=864.1mm
DIAGNOSTIC - FINAL CALIBRATED PROB: 89.6%
  TerraClimate: pr=76.1mm, soil=1078.7mm
DIAGNOSTIC - SENSORS: {'LST': 14835.636363636364, 'NDVI': 0.7952, 'NDMI': 0.34177666902542114, 'Aerosol': 0.1, 'rain_list': [2.6, 1.6, 2.8, 2.4, 0.5, 0.3, 0.0, 0.0, 0.0, 0.8, 0.5, 2.7, 15.0, 129.9], 'pr': 76.14482860342842, 'soil': 1078.6593300146772, 'Slope': 38.04685382994278, 'Aspect': 270, 'TPI': -5.072555205047365}
  TerraClimate: pr=76.2mm, soil=1087.1mm
DIAGNOSTIC - SENSORS: {'LST': 14812.2, 'NDVI': 0.822625, 'NDMI': 0.2731572687625885, 'Aerosol': 0.1, 'rain_list': [6.8, 2.2, 6.8, 3.5, 2.0, 1.2, 0.0, 0.0, 0.0, 0.5, 1.0, 7.7, 14.8, 170.6], 'pr': 76.24742179650707, 'soil': 1087.1229326420716, 'Slope': 44.50888537058193, 'Aspect': 17.22953830082393, 'TPI': 2.20504731861206}
  TerraClimate: pr=76.5mm, soil=1087.8mm
DIAGNOSTIC - SENSORS: {'LST': 14772.7, 'NDVI': 0.867825, 'NDMI': 0.32785144448280334, 'Aerosol': 0.1, 'rain_list': [6.8, 2.2, 6.8, 3.5, 2.0, 1.2, 0.0, 0.0, 0.0, 0.5, 1.0, 7.7, 14.8, 170.6], 'pr': 76.51279798284563, 'soil': 1087.8317552920753, 'Slope': 41.52693172084897, 'Aspect': 80.5308443606737, 'TPI': 4.712933753943162}
DIAGNOSTIC - FINAL CALIBRATED PROB: 79.3%
DIAGNOSTIC - FINAL CALIBRATED PROB: 43.7%
DIAGNOSTIC - FINAL CALIBRATED PROB: 74.9%
  TerraClimate: pr=76.4mm, soil=1099.0mm
DIAGNOSTIC - SENSORS: {'LST': 14853.538461538461, 'NDVI': 0.792725, 'NDMI': 0.23433345556259155, 'Aerosol': 0.1, 'rain_list': [6.8, 2.2, 6.8, 3.5, 2.0, 1.2, 0.0, 0.0, 0.0, 0.5, 1.0, 7.7, 14.8, 170.6], 'pr': 76.39105226681713, 'soil': 1098.971976320423, 'Slope': 24.40012066220834, 'Aspect': 182.29886145272525, 'TPI': -43.337539432176754}
DIAGNOSTIC - FINAL CALIBRATED PROB: 6.3%
  TerraClimate: pr=76.1mm, soil=1086.7mm
DIAGNOSTIC - SENSORS: {'LST': 14809.545454545454, 'NDVI': 0.8675, 'NDMI': 0.3282947540283203, 'Aerosol': 0.1, 'rain_list': [6.8, 2.2, 6.8, 3.5, 2.0, 1.2, 0.0, 0.0, 0.0, 0.5, 1.0, 7.7, 14.8, 170.6], 'pr': 76.09258793369038, 'soil': 1086.7459175361498, 'Slope': 42.58495063628854, 'Aspect': 81.89967713570739, 'TPI': -50.78548895899053}
DIAGNOSTIC - FINAL CALIBRATED PROB: 64.4%

[AREA SCAN] Started Center (28.5350, 83.5167)

[AREA SCAN] Started North (28.5485, 83.5167)

[AREA SCAN] Started South (28.5215, 83.5167)

[AREA SCAN] Started East (28.5350, 83.5302)

[AREA SCAN] Started West (28.5350, 83.5032)
  TerraClimate: pr=369.6mm, soil=1032.7mm
DIAGNOSTIC - SENSORS: {'LST': 14376.5, 'NDVI': 0.2522, 'NDMI': 0.2783665955066681, 'Aerosol': 0.1, 'rain_list': [46.3, 23.7, 21.4, 17.3, 9.1, 23.6, 64.2, 36.8, 8.8, 14.9, 56.7, 6.9, 88.9, 10.6], 'pr': 369.60121196463723, 'soil': 1032.7396754608321, 'Slope': 45.74315831808721, 'Aspect': 279.0752753890152, 'TPI': -15.337539432176527}
  TerraClimate: pr=364.8mm, soil=1020.1mm
DIAGNOSTIC - SENSORS: {'LST': 14219.5, 'NDVI': 0.4972, 'NDMI': 0.23036080598831177, 'Aerosol': 0.1, 'rain_list': [36.7, 16.4, 30.4, 31.7, 15.5, 13.1, 98.0, 38.3, 3.2, 13.0, 83.8, 9.1, 86.8, 11.4], 'pr': 364.7926753442519, 'soil': 1020.1103594501643, 'Slope': 57.55770786550517, 'Aspect': 130.4105381288773, 'TPI': -20.135646687697317}
  TerraClimate: pr=373.8mm, soil=1046.0mm
DIAGNOSTIC - SENSORS: {'LST': 14600.0, 'NDVI': 0.3536, 'NDMI': 0.2975423038005829, 'Aerosol': 0.1, 'rain_list': [36.7, 16.4, 30.4, 31.7, 15.5, 13.1, 98.0, 38.3, 3.2, 13.0, 83.8, 9.1, 86.8, 11.4], 'pr': 373.7717842393492, 'soil': 1045.9708655615204, 'Slope': 43.0713486265808, 'Aspect': 285.054614821599, 'TPI': 1.4353312302837367}
DIAGNOSTIC - FINAL CALIBRATED PROB: 82.4%
DIAGNOSTIC - FINAL CALIBRATED PROB: 86.0%
DIAGNOSTIC - FINAL CALIBRATED PROB: 87.7%
  TerraClimate: pr=369.3mm, soil=1033.0mm
DIAGNOSTIC - SENSORS: {'LST': 14376.5, 'NDVI': 0.438075, 'NDMI': 0.30248141288757324, 'Aerosol': 0.1, 'rain_list': [36.7, 16.4, 30.4, 31.7, 15.5, 13.1, 98.0, 38.3, 3.2, 13.0, 83.8, 9.1, 86.8, 11.4], 'pr': 369.2822297918011, 'soil': 1033.0406125058441, 'Slope': 25.649003225031656, 'Aspect': 273.8660963451197, 'TPI': -12.536277602523569}
  TerraClimate: pr=368.9mm, soil=1033.4mm
DIAGNOSTIC - SENSORS: {'LST': 14614.5, 'NDVI': 0.5343, 'NDMI': 0.35048410296440125, 'Aerosol': 0.1, 'rain_list': [36.7, 16.4, 30.4, 31.7, 15.5, 13.1, 98.0, 38.3, 3.2, 13.0, 83.8, 9.1, 86.8, 11.4], 'pr': 368.9387105287468, 'soil': 1033.3646985543187, 'Slope': 26.529754710185895, 'Aspect': 54.29173435181094, 'TPI': -40.19873817034704}
DIAGNOSTIC - FINAL CALIBRATED PROB: 69.7%
DIAGNOSTIC - FINAL CALIBRATED PROB: 83.1%

[AREA SCAN] Started Center (27.6556, 86.9020)

[AREA SCAN] Started North (27.6691, 86.9020)

[AREA SCAN] Started South (27.6421, 86.9020)

[AREA SCAN] Started East (27.6556, 86.9155)

[AREA SCAN] Started West (27.6556, 86.8885)
  TerraClimate: pr=68.5mm, soil=762.1mm
DIAGNOSTIC - SENSORS: {'LST': 13795.07142857143, 'NDVI': 0.26105, 'NDMI': 0.14352767169475555, 'Aerosol': 0.1, 'rain_list': [3.8, 0.5, 1.8, 1.7, 1.2, 1.7, 1.4, 1.2, 3.0, 4.0, 2.5, 23.1, 83.8, 50.7], 'pr': 68.47093649004222, 'soil': 762.1492470896288, 'Slope': 27.14397384319584, 'Aspect': 48.466956136602825, 'TPI': -24.041009463722276}
DIAGNOSTIC - FINAL CALIBRATED PROB: 0.0%
  TerraClimate: pr=68.0mm, soil=756.6mm
DIAGNOSTIC - SENSORS: {'LST': 13719.76923076923, 'NDVI': 0.012475, 'NDMI': 0.23577003180980682, 'Aerosol': 0.1, 'rain_list': [1.2, 0.1, 1.7, 0.6, 0.2, 0.7, 0.4, 0.3, 1.1, 4.8, 5.4, 28.2, 88.2, 51.1], 'pr': 67.96919399100153, 'soil': 756.6001021585788, 'Slope': 15.142244176268028, 'Aspect': 118.59095222602365, 'TPI': 15.921135646687617}
  TerraClimate: pr=68.4mm, soil=763.3mm
DIAGNOSTIC - SENSORS: {'LST': 13754.666666666666, 'NDVI': 0.0763, 'NDMI': 0.6446024179458618, 'Aerosol': 0.1, 'rain_list': [1.2, 0.1, 1.7, 0.6, 0.2, 0.7, 0.4, 0.3, 1.1, 4.8, 5.4, 28.2, 88.2, 51.1], 'pr': 68.39926670808684, 'soil': 763.3150776400549, 'Slope': 32.807829776931484, 'Aspect': 118.49671412743668, 'TPI': 27.299684542586874}
Flat terrain detected. Running Storm Hunter Catchment Scan...
  TerraClimate: pr=68.7mm, soil=768.1mm
DIAGNOSTIC - SENSORS: {'LST': 13726.153846153846, 'NDVI': 0.335275, 'NDMI': 0.1956588476896286, 'Aerosol': 0.1, 'rain_list': [5.1, 2.4, 6.0, 11.2, 5.5, 1.5, 2.3, 2.9, 4.7, 2.5, 3.3, 27.4, 87.4, 57.0], 'pr': 68.7030460044037, 'soil': 768.0716733654324, 'Slope': 53.19353365255877, 'Aspect': 93.47220060661787, 'TPI': 28.968454258674683}
DIAGNOSTIC - FINAL CALIBRATED PROB: 0.0%
DIAGNOSTIC - FINAL CALIBRATED PROB: 0.0%
  TerraClimate: pr=68.3mm, soil=764.2mm
DIAGNOSTIC - SENSORS: {'LST': 13709.833333333334, 'NDVI': -0.021525, 'NDMI': 0.43125563859939575, 'Aerosol': 0.1, 'rain_list': [0.9, 0.0, 0.9, 3.1, 0.0, 0.0, 0.3, 0.7, 1.0, 1.2, 4.6, 41.4, 101.5, 57.6], 'pr': 68.34507736075473, 'soil': 764.1965592757431, 'Slope': 41.25159117498001, 'Aspect': 324.3049118813061, 'TPI': 55.36593059936877}
DIAGNOSTIC - FINAL CALIBRATED PROB: 0.0%
  TerraClimate: pr=65.8mm, soil=723.2mm
DIAGNOSTIC - FINAL CALIBRATED PROB: 0.0%

[AREA SCAN] Started Center (29.8078, 80.5656)

[AREA SCAN] Started North (29.8213, 80.5656)

[AREA SCAN] Started South (29.7943, 80.5656)

[AREA SCAN] Started East (29.8078, 80.5791)

[AREA SCAN] Started West (29.8078, 80.5521)
  TerraClimate: pr=239.0mm, soil=1120.1mm
127.0.0.1 - - [01/Jun/2026 15:43:20] "POST /predict_area HTTP/1.1" 200 -
127.0.0.1 - - [01/Jun/2026 15:43:27] "POST /predict_area HTTP/1.1" 200 -
127.0.0.1 - - [01/Jun/2026 15:43:46] "POST /predict_area HTTP/1.1" 200 -
DIAGNOSTIC - SENSORS: {'LST': 14629.0, 'NDVI': 0.17356666666666667, 'NDMI': 0.35914772748947144, 'Aerosol': 0.1, 'rain_list': [3.6, 1.3, 0.4, 2.1, 21.8, 4.3, 1.1, 30.8, 42.9, 26.1, 10.9, 65.0, 20.3, 2.3], 'pr': 239.00873372004324, 'soil': 1120.143698672062, 'Slope': 26.323088799853494, 'Aspect': 64.8263312298677, 'TPI': 82.28706624605684}
  TerraClimate: pr=237.3mm, soil=1118.4mm
DIAGNOSTIC - SENSORS: {'LST': 14656.75, 'NDVI': 0.4264666666666667, 'NDMI': 0.19666600227355957, 'Aerosol': 0.1, 'rain_list': [8.8, 1.2, 3.5, 2.2, 24.7, 7.7, 3.4, 21.1, 11.5, 13.7, 11.8, 55.0, 13.0, 0.5], 'pr': 237.3401322944723, 'soil': 1118.357438614678, 'Slope': 15.200322399343015, 'Aspect': 49.05188969093911, 'TPI': -71.69400630914834}
  TerraClimate: pr=240.6mm, soil=1130.3mm
DIAGNOSTIC - SENSORS: {'LST': 14439.0, 'NDVI': 0.18553333333333333, 'NDMI': 0.12886185944080353, 'Aerosol': 0.1, 'rain_list': [10.4, 3.8, 6.4, 6.9, 26.9, 11.1, 10.2, 18.8, 28.5, 24.1, 22.1, 53.3, 15.8, 6.9], 'pr': 240.59069584827049, 'soil': 1130.3000961630933, 'Slope': 40.096397237942824, 'Aspect': 358.73053556289045, 'TPI': 22.157728706624766}
  TerraClimate: pr=238.2mm, soil=1115.1mm
DIAGNOSTIC - SENSORS: {'LST': 14698.0, 'NDVI': 0.4912666666666667, 'NDMI': 0.2607499659061432, 'Aerosol': 0.1, 'rain_list': [8.8, 1.2, 3.5, 2.2, 24.7, 7.7, 3.4, 21.1, 11.5, 13.7, 11.8, 55.0, 13.0, 0.5], 'pr': 238.21775265592993, 'soil': 1115.0654999265482, 'Slope': 33.46205538169263, 'Aspect': 321.60548954264846, 'TPI': -9.577287066246072}
  TerraClimate: pr=240.6mm, soil=1121.8mm
DIAGNOSTIC - SENSORS: {'LST': 14529.333333333334, 'NDVI': 0.3472, 'NDMI': 0.1839909553527832, 'Aerosol': 0.1, 'rain_list': [11.0, 3.8, 7.0, 10.6, 21.6, 14.6, 6.7, 13.2, 41.0, 18.3, 11.7, 53.7, 17.8, 7.2], 'pr': 240.58073838167164, 'soil': 1121.8265506066562, 'Slope': 50.475302854292785, 'Aspect': 333.48849509299583, 'TPI': 46.55835962145102}
DIAGNOSTIC - FINAL CALIBRATED PROB: 4.3%
DIAGNOSTIC - FINAL CALIBRATED PROB: 79.1%
DIAGNOSTIC - FINAL CALIBRATED PROB: 82.9%
Flat terrain detected. Running Storm Hunter Catchment Scan...
DIAGNOSTIC - FINAL CALIBRATED PROB: 84.5%
  TerraClimate: pr=225.5mm, soil=1080.2mm
DIAGNOSTIC - FINAL CALIBRATED PROB: 4.2%

[AREA SCAN] Started Center (26.7559, 86.0121)

[AREA SCAN] Started North (26.7694, 86.0121)

[AREA SCAN] Started South (26.7424, 86.0121)

[AREA SCAN] Started East (26.7559, 86.0256)

[AREA SCAN] Started West (26.7559, 85.9986)
  TerraClimate: pr=337.7mm, soil=1592.9mm
DIAGNOSTIC - SENSORS: {'LST': 15200.0, 'NDVI': 0.540125, 'NDMI': 0.44914624094963074, 'Aerosol': 0.1, 'rain_list': [7.6, 4.3, 13.0, 14.6, 1.1, 5.0, 11.7, 1.0, 11.3, 8.8, 3.5, 3.7, 61.1, 21.9], 'pr': 337.7456095588588, 'soil': 1592.8563213894754, 'Slope': 3.6216086896687165, 'Aspect': 239.2351378124277, 'TPI': 0.5835962145110472}
  TerraClimate: pr=334.1mm, soil=1603.2mm
DIAGNOSTIC - SENSORS: {'LST': 15200.0, 'NDVI': 0.47035, 'NDMI': 0.2993878722190857, 'Aerosol': 0.1, 'rain_list': [7.6, 4.3, 13.0, 14.6, 1.1, 5.0, 11.7, 1.0, 11.3, 8.8, 3.5, 3.7, 61.1, 21.9], 'pr': 334.0546284043025, 'soil': 1603.238656994186, 'Slope': 1.8543341688295631, 'Aspect': 180, 'TPI': -0.854889589905369}
  TerraClimate: pr=338.4mm, soil=1594.7mm
DIAGNOSTIC - SENSORS: {'LST': 15200.0, 'NDVI': 0.45515, 'NDMI': 0.2975272536277771, 'Aerosol': 0.1, 'rain_list': [7.6, 4.3, 13.0, 14.6, 1.1, 5.0, 11.7, 1.0, 11.3, 8.8, 3.5, 3.7, 61.1, 21.9], 'pr': 338.4231391739404, 'soil': 1594.6546281313238, 'Slope': 2.782869883085223, 'Aspect': 48.2372783800561, 'TPI': -3.2965299684542657}
  TerraClimate: pr=341.4mm, soil=1582.5mm
DIAGNOSTIC - SENSORS: {'LST': 15200.0, 'NDVI': 0.464925, 'NDMI': 0.41401734948158264, 'Aerosol': 0.1, 'rain_list': [7.6, 4.3, 13.0, 14.6, 1.1, 5.0, 11.7, 1.0, 11.3, 8.8, 3.5, 3.7, 61.1, 21.9], 'pr': 341.44995694391775, 'soil': 1582.5094625844313, 'Slope': 0.9274099368611016, 'Aspect': 180, 'TPI': -0.561514195583598}
DIAGNOSTIC - FINAL CALIBRATED PROB: 12.8%
DIAGNOSTIC - FINAL CALIBRATED PROB: 18.7%
DIAGNOSTIC - FINAL CALIBRATED PROB: 29.5%
  TerraClimate: pr=336.7mm, soil=1590.1mm
DIAGNOSTIC - SENSORS: {'LST': 15200.0, 'NDVI': 0.510825, 'NDMI': 0.26774293184280396, 'Aerosol': 0.1, 'rain_list': [7.6, 4.3, 13.0, 14.6, 1.1, 5.0, 11.7, 1.0, 11.3, 8.8, 3.5, 3.7, 61.1, 21.9], 'pr': 336.7051176499837, 'soil': 1590.094636035923, 'Slope': 3.6216086896687165, 'Aspect': 59.23513781242771, 'TPI': 2.4511041009463668}
DIAGNOSTIC - FINAL CALIBRATED PROB: 16.8%
DIAGNOSTIC - FINAL CALIBRATED PROB: 35.6%

[AREA SCAN] Started Center (27.5388, 86.6952)

[AREA SCAN] Started North (27.5523, 86.6952)

[AREA SCAN] Started South (27.5253, 86.6952)

[AREA SCAN] Started East (27.5388, 86.7087)

[AREA SCAN] Started West (27.5388, 86.6817)
  TerraClimate: pr=223.4mm, soil=924.5mm
DIAGNOSTIC - SENSORS: {'LST': 15027.272727272728, 'NDVI': 0.4594, 'NDMI': 0.08879882097244263, 'Aerosol': 0.1, 'rain_list': [0.0, 0.1, 0.2, 0.1, 1.5, 1.7, 0.7, 4.6, 0.1, 1.8, 19.2, 9.2, 5.8, 25.2], 'pr': 223.44251668673263, 'soil': 924.4841691374348, 'Slope': 25.904646603453656, 'Aspect': 134.42226145134063, 'TPI': 35.34069400630915}
  TerraClimate: pr=220.6mm, soil=915.8mm
DIAGNOSTIC - SENSORS: {'LST': 14926.07142857143, 'NDVI': 0.4132, 'NDMI': 0.06650668382644653, 'Aerosol': 0.1, 'rain_list': [0.0, 0.3, 0.0, 0.0, 0.2, 0.3, 0.7, 1.1, 0.0, 1.9, 7.1, 10.0, 5.4, 15.6], 'pr': 220.59561293619853, 'soil': 915.7957220169777, 'Slope': 30.27997781931075, 'Aspect': 54.393866908053475, 'TPI': 19.391167192429066}
  TerraClimate: pr=223.0mm, soil=923.4mm
DIAGNOSTIC - SENSORS: {'LST': 15038.133333333333, 'NDVI': 0.36133333333333334, 'NDMI': 0.07196030020713806, 'Aerosol': 0.1, 'rain_list': [0.0, 0.3, 0.0, 0.0, 0.2, 0.3, 0.7, 1.1, 0.0, 1.9, 7.1, 10.0, 5.4, 15.6], 'pr': 223.04029726766385, 'soil': 923.3606316709518, 'Slope': 22.651574466463337, 'Aspect': 105.7554010085658, 'TPI': 24.132492113564695}
  TerraClimate: pr=223.7mm, soil=925.3mm
DIAGNOSTIC - SENSORS: {'LST': 14798.0, 'NDVI': 0.5665666666666667, 'NDMI': 0.23962201178073883, 'Aerosol': 0.1, 'rain_list': [0.6, 1.9, 2.7, 0.2, 8.1, 2.1, 3.0, 6.8, 0.2, 5.2, 14.8, 7.9, 11.3, 18.0], 'pr': 223.73120643106424, 'soil': 925.2905790932173, 'Slope': 15.988261438636433, 'Aspect': 63.129390875798705, 'TPI': 33.25236593059935}
  TerraClimate: pr=225.4mm, soil=930.6mm
DIAGNOSTIC - SENSORS: {'LST': 15088.846153846154, 'NDVI': 0.4160666666666667, 'NDMI': 0.19717289507389069, 'Aerosol': 0.1, 'rain_list': [0.0, 0.3, 0.0, 0.0, 0.2, 0.3, 0.7, 1.1, 0.0, 1.9, 7.1, 10.0, 5.4, 15.6], 'pr': 225.44675853118264, 'soil': 930.600738991962, 'Slope': 34.404803918283, 'Aspect': 80.47594120630504, 'TPI': -15.006309148265018}
DIAGNOSTIC - FINAL CALIBRATED PROB: 99.5%
DIAGNOSTIC - FINAL CALIBRATED PROB: 72.1%
DIAGNOSTIC - FINAL CALIBRATED PROB: 99.3%
Flat terrain detected. Running Storm Hunter Catchment Scan...
DIAGNOSTIC - FINAL CALIBRATED PROB: 95.1%
  TerraClimate: pr=213.9mm, soil=896.0mm
DIAGNOSTIC - FINAL CALIBRATED PROB: 87.5%

[AREA SCAN] Started Center (27.4284, 85.0322)

[AREA SCAN] Started North (27.4419, 85.0322)

[AREA SCAN] Started South (27.4149, 85.0322)

[AREA SCAN] Started East (27.4284, 85.0457)

[AREA SCAN] Started West (27.4284, 85.0187)
  TerraClimate: pr=296.2mm, soil=1388.7mm
DIAGNOSTIC - SENSORS: {'LST': 15200.0, 'NDVI': 0.401525, 'NDMI': 0.2117302119731903, 'Aerosol': 0.1, 'rain_list': [7.5, 15.0, 21.1, 20.9, 18.8, 61.4, 32.8, 21.6, 8.7, 23.6, 8.6, 4.7, 12.8, 17.6], 'pr': 296.1642487993042, 'soil': 1388.6867071111299, 'Slope': 1.3969255139254948, 'Aspect': 311.5918658778139, 'TPI': 1.4984227129337455}
DIAGNOSTIC - FINAL CALIBRATED PROB: 0.8%
  TerraClimate: pr=297.0mm, soil=1394.4mm
DIAGNOSTIC - SENSORS: {'LST': 15200.0, 'NDVI': 0.357275, 'NDMI': 0.2607698142528534, 'Aerosol': 0.1, 'rain_list': [7.5, 15.0, 21.1, 20.9, 18.8, 61.4, 32.8, 21.6, 8.7, 23.6, 8.6, 4.7, 12.8, 17.6], 'pr': 297.0361582150858, 'soil': 1394.4217974721607, 'Slope': 3.4756578810355183, 'Aspect': 323.0898062866661, 'TPI': 1.63091482649844}
DIAGNOSTIC - FINAL CALIBRATED PROB: 0.2%
  TerraClimate: pr=294.6mm, soil=1378.7mm
127.0.0.1 - - [01/Jun/2026 15:43:55] "POST /predict_area HTTP/1.1" 200 -
127.0.0.1 - - [01/Jun/2026 15:44:04] "POST /predict_area HTTP/1.1" 200 -
127.0.0.1 - - [01/Jun/2026 15:44:20] "POST /predict_area HTTP/1.1" 200 -
DIAGNOSTIC - SENSORS: {'LST': 15200.0, 'NDVI': 0.5344, 'NDMI': 0.3242439329624176, 'Aerosol': 0.1, 'rain_list': [7.5, 15.0, 21.1, 20.9, 18.8, 61.4, 32.8, 21.6, 8.7, 23.6, 8.6, 4.7, 12.8, 17.6], 'pr': 294.64551094105735, 'soil': 1378.6970239007967, 'Slope': 1.3969255139254948, 'Aspect': 311.5918658778139, 'TPI': -11.135646687697147}
DIAGNOSTIC - FINAL CALIBRATED PROB: 1.9%
  TerraClimate: pr=294.0mm, soil=1402.9mm
DIAGNOSTIC - SENSORS: {'LST': 15200.0, 'NDVI': 0.47885, 'NDMI': 0.32315629720687866, 'Aerosol': 0.1, 'rain_list': [7.5, 15.0, 21.1, 20.9, 18.8, 61.4, 32.8, 21.6, 8.7, 23.6, 8.6, 4.7, 12.8, 17.6], 'pr': 294.0285615154322, 'soil': 1402.8994910234928, 'Slope': 2.7802885155287553, 'Aspect': 180, 'TPI': 0.7066246056782575}
DIAGNOSTIC - FINAL CALIBRATED PROB: 30.1%
  TerraClimate: pr=297.5mm, soil=1379.9mm
DIAGNOSTIC - SENSORS: {'LST': 15200.0, 'NDVI': 0.478525, 'NDMI': 0.2608586549758911, 'Aerosol': 0.1, 'rain_list': [7.5, 15.0, 21.1, 20.9, 18.8, 61.4, 32.8, 21.6, 8.7, 23.6, 8.6, 4.7, 12.8, 17.6], 'pr': 297.49145137434533, 'soil': 1379.854621852581, 'Slope': 4.184440837072232, 'Aspect': 311.5883579131477, 'TPI': -8.214511041009473}
DIAGNOSTIC - FINAL CALIBRATED PROB: 0.5%

[AREA SCAN] Started Center (26.7173, 86.9362)

[AREA SCAN] Started North (26.7308, 86.9362)

[AREA SCAN] Started South (26.7038, 86.9362)

[AREA SCAN] Started East (26.7173, 86.9497)

[AREA SCAN] Started West (26.7173, 86.9227)
  TerraClimate: pr=85.5mm, soil=1368.0mm
DIAGNOSTIC - SENSORS: {'LST': 15144.3, 'NDVI': 0.7992, 'NDMI': 0.3824542760848999, 'Aerosol': 0.1, 'rain_list': [0.7, 0.9, 3.3, 1.7, 0.4, 0.0, 0.0, 0.0, 0.0, 0.0, 0.0, 0.8, 20.9, 175.2], 'pr': 85.51618277649948, 'soil': 1367.9608108787925, 'Slope': 1.8543341688295631, 'Aspect': 180, 'TPI': 1.1514195583596205}
DIAGNOSTIC - FINAL CALIBRATED PROB: 0.4%
  TerraClimate: pr=85.1mm, soil=1371.0mm
DIAGNOSTIC - SENSORS: {'LST': 15189.888888888889, 'NDVI': 0.809875, 'NDMI': 0.3103249967098236, 'Aerosol': 0.1, 'rain_list': [0.7, 0.9, 3.3, 1.7, 0.4, 0.0, 0.0, 0.0, 0.0, 0.0, 0.0, 0.8, 20.9, 175.2], 'pr': 85.13668972560093, 'soil': 1370.9950233565473, 'Slope': 2.075794224630826, 'Aspect': 270, 'TPI': 3.2744479495268024}
  TerraClimate: pr=85.3mm, soil=1369.8mm
DIAGNOSTIC - SENSORS: {'LST': 15200.555555555555, 'NDVI': 0.699675, 'NDMI': 0.35506707429885864, 'Aerosol': 0.1, 'rain_list': [0.7, 0.9, 3.3, 1.7, 0.4, 0.0, 0.0, 0.0, 0.0, 0.0, 0.0, 0.8, 20.9, 175.2], 'pr': 85.281255295483, 'soil': 1369.839171178751, 'Slope': 1.3919951424801507, 'Aspect': 48.22768457304401, 'TPI': -0.899053627760253}
  TerraClimate: pr=85.5mm, soil=1380.8mm
DIAGNOSTIC - SENSORS: {'LST': 15213.777777777777, 'NDVI': 0.709125, 'NDMI': 0.2719493508338928, 'Aerosol': 0.1, 'rain_list': [0.8, 1.0, 4.6, 2.1, 0.1, 0.0, 0.0, 0.0, 0.0, 0.0, 0.2, 4.8, 21.8, 132.8], 'pr': 85.53103212532827, 'soil': 1380.7910454376145, 'Slope': 4.243751112758432, 'Aspect': 150.76440196936804, 'TPI': -0.5520504731861138}
DIAGNOSTIC - FINAL CALIBRATED PROB: 40.5%
DIAGNOSTIC - FINAL CALIBRATED PROB: 0.0%
DIAGNOSTIC - FINAL CALIBRATED PROB: 42.2%
  TerraClimate: pr=85.1mm, soil=1362.1mm
DIAGNOSTIC - SENSORS: {'LST': 15213.666666666666, 'NDVI': 0.69195, 'NDMI': 0.22706253826618195, 'Aerosol': 0.1, 'rain_list': [0.7, 0.9, 3.3, 1.7, 0.4, 0.0, 0.0, 0.0, 0.0, 0.0, 0.0, 0.8, 20.9, 175.2], 'pr': 85.10458387925105, 'soil': 1362.0927235322401, 'Slope': 2.0760372346894247, 'Aspect': 270, 'TPI': -2.290220820189276}
DIAGNOSTIC - FINAL CALIBRATED PROB: 0.0%

[AREA SCAN] Started Center (28.3661, 84.1391)

[AREA SCAN] Started North (28.3796, 84.1391)

[AREA SCAN] Started South (28.3526, 84.1391)

[AREA SCAN] Started East (28.3661, 84.1526)

[AREA SCAN] Started West (28.3661, 84.1256)
  TerraClimate: pr=415.1mm, soil=1106.7mm
DIAGNOSTIC - SENSORS: {'LST': 14904.5, 'NDVI': 0.752175, 'NDMI': 0.3428041934967041, 'Aerosol': 0.1, 'rain_list': [40.6, 24.9, 17.1, 2.3, 2.2, 57.3, 98.9, 53.2, 21.3, 19.6, 13.7, 28.5, 27.9, 161.5], 'pr': 415.14901927584236, 'soil': 1106.724000276922, 'Slope': 19.419208029609987, 'Aspect': 317.2815700966373, 'TPI': -76.46056782334381}
  TerraClimate: pr=414.4mm, soil=1105.8mm
DIAGNOSTIC - SENSORS: {'LST': 14587.42857142857, 'NDVI': 0.6883, 'NDMI': 0.29632678627967834, 'Aerosol': 0.1, 'rain_list': [16.4, 11.8, 10.0, 12.7, 10.6, 47.9, 53.8, 21.3, 10.2, 11.2, 29.1, 53.5, 30.1, 180.6], 'pr': 414.42032425371553, 'soil': 1105.8299777718767, 'Slope': 30.285274335176954, 'Aspect': 298.11305196476985, 'TPI': 5.649842271293437}
  TerraClimate: pr=413.0mm, soil=1093.8mm
DIAGNOSTIC - SENSORS: {'LST': 14661.4, 'NDVI': 0.6339, 'NDMI': 0.43077901005744934, 'Aerosol': 0.1, 'rain_list': [19.7, 39.5, 16.4, 12.1, 15.1, 47.8, 31.3, 19.2, 13.3, 31.9, 16.4, 43.3, 45.6, 105.6], 'pr': 412.9718061390349, 'soil': 1093.8178754961775, 'Slope': 50.9744410915231, 'Aspect': 144.43681733113323, 'TPI': 8.820189274447785}
  TerraClimate: pr=415.1mm, soil=1111.8mm
DIAGNOSTIC - SENSORS: {'LST': 14585.2, 'NDVI': 0.53725, 'NDMI': 0.3087979853153229, 'Aerosol': 0.1, 'rain_list': [19.7, 39.5, 16.4, 12.1, 15.1, 47.8, 31.3, 19.2, 13.3, 31.9, 16.4, 43.3, 45.6, 105.6], 'pr': 415.1445833110556, 'soil': 1111.8360289097236, 'Slope': 32.90489999994893, 'Aspect': 275.74326867023865, 'TPI': 45.911671924290204}
  TerraClimate: pr=413.9mm, soil=1105.2mm
DIAGNOSTIC - SENSORS: {'LST': 14553.857142857143, 'NDVI': 0.532375, 'NDMI': 0.31972256302833557, 'Aerosol': 0.1, 'rain_list': [19.7, 39.5, 16.4, 12.1, 15.1, 47.8, 31.3, 19.2, 13.3, 31.9, 16.4, 43.3, 45.6, 105.6], 'pr': 413.9419443155252, 'soil': 1105.2430622342129, 'Slope': 38.993547214402696, 'Aspect': 358.6979434025225, 'TPI': -4.1703470031543475}
Flat terrain detected. Running Storm Hunter Catchment Scan...
DIAGNOSTIC - FINAL CALIBRATED PROB: 83.1%
DIAGNOSTIC - FINAL CALIBRATED PROB: 85.9%
DIAGNOSTIC - FINAL CALIBRATED PROB: 81.2%
DIAGNOSTIC - FINAL CALIBRATED PROB: 99.0%
  TerraClimate: pr=408.8mm, soil=1052.6mm
DIAGNOSTIC - FINAL CALIBRATED PROB: 90.6%

[AREA SCAN] Started Center (29.3359, 81.4307)

[AREA SCAN] Started North (29.3494, 81.4307)

[AREA SCAN] Started South (29.3224, 81.4307)

[AREA SCAN] Started East (29.3359, 81.4442)

[AREA SCAN] Started West (29.3359, 81.4172)
  TerraClimate: pr=185.5mm, soil=915.4mm
DIAGNOSTIC - SENSORS: {'LST': 14757.5, 'NDVI': 0.77415, 'NDMI': 0.29193130135536194, 'Aerosol': 0.1, 'rain_list': [2.6, 4.4, 3.9, 2.9, 3.0, 3.3, 4.2, 0.2, 5.2, 21.0, 5.0, 10.0, 8.5, 75.0], 'pr': 185.45410804524104, 'soil': 915.3695825546979, 'Slope': 11.835497500862171, 'Aspect': 297.61216853646044, 'TPI': -12.794952681388168}
  TerraClimate: pr=181.5mm, soil=899.2mm
DIAGNOSTIC - SENSORS: {'LST': 14666.307692307691, 'NDVI': 0.58895, 'NDMI': 0.25117844343185425, 'Aerosol': 0.1, 'rain_list': [3.2, 3.4, 2.1, 1.6, 2.7, 3.9, 2.1, 0.0, 3.0, 20.3, 5.1, 7.4, 6.5, 63.5], 'pr': 181.4936181689802, 'soil': 899.1575118252024, 'Slope': 25.164727208257784, 'Aspect': 2.2654671700447464, 'TPI': -1.8201892744477846}
  TerraClimate: pr=188.2mm, soil=926.8mm
DIAGNOSTIC - SENSORS: {'LST': 14853.307692307691, 'NDVI': 0.604975, 'NDMI': 0.14608076214790344, 'Aerosol': 0.1, 'rain_list': [2.8, 2.0, 0.3, 0.5, 1.1, 1.4, 0.4, 0.0, 6.0, 34.9, 2.5, 8.7, 6.4, 64.6], 'pr': 188.23786825382524, 'soil': 926.7674953317019, 'Slope': 37.12887264285706, 'Aspect': 223.3664709216377, 'TPI': -69.49211356466867}
DIAGNOSTIC - FINAL CALIBRATED PROB: 71.8%
Flat terrain detected. Running Storm Hunter Catchment Scan...
DIAGNOSTIC - FINAL CALIBRATED PROB: 3.8%
  TerraClimate: pr=183.8mm, soil=909.6mm
DIAGNOSTIC - SENSORS: {'LST': 14619.57142857143, 'NDVI': 0.5281, 'NDMI': 0.2082488238811493, 'Aerosol': 0.1, 'rain_list': [3.2, 3.4, 2.1, 1.6, 2.7, 3.9, 2.1, 0.0, 3.0, 20.3, 5.1, 7.4, 6.5, 63.5], 'pr': 183.81988772654793, 'soil': 909.5911863665979, 'Slope': 42.92137201160658, 'Aspect': 216.80049888969373, 'TPI': 21.962145110409892}
DIAGNOSTIC - FINAL CALIBRATED PROB: 99.0%
  TerraClimate: pr=186.5mm, soil=919.2mm
127.0.0.1 - - [01/Jun/2026 15:44:37] "POST /predict_area HTTP/1.1" 200 -
127.0.0.1 - - [01/Jun/2026 15:44:45] "POST /predict_area HTTP/1.1" 200 -
127.0.0.1 - - [01/Jun/2026 15:44:52] "POST /predict_area HTTP/1.1" 200 -
127.0.0.1 - - [01/Jun/2026 15:44:58] "POST /predict_area HTTP/1.1" 200 -
DIAGNOSTIC - SENSORS: {'LST': 14894.25, 'NDVI': 0.607475, 'NDMI': 0.1875825673341751, 'Aerosol': 0.1, 'rain_list': [2.8, 0.9, 0.4, 0.5, 4.6, 2.2, 1.2, 0.0, 4.0, 29.8, 2.2, 1.8, 3.1, 74.9], 'pr': 186.5352076406842, 'soil': 919.1922138791331, 'Slope': 33.20892585221703, 'Aspect': 229.9873640829681, 'TPI': 1.5899053627758803}
DIAGNOSTIC - FINAL CALIBRATED PROB: 98.0%
  TerraClimate: pr=176.6mm, soil=873.9mm
DIAGNOSTIC - FINAL CALIBRATED PROB: 93.4%

[AREA SCAN] Started Center (27.1437, 84.7181)

[AREA SCAN] Started North (27.1572, 84.7181)

[AREA SCAN] Started South (27.1302, 84.7181)

[AREA SCAN] Started East (27.1437, 84.7316)

[AREA SCAN] Started West (27.1437, 84.7046)
  TerraClimate: pr=409.1mm, soil=1644.7mm
DIAGNOSTIC - SENSORS: {'LST': 15384.5, 'NDVI': 0.31, 'NDMI': 0.1394374668598175, 'Aerosol': 0.1, 'rain_list': [1.4, 9.8, 17.9, 43.4, 5.2, 5.0, 20.3, 3.4, 21.5, 28.9, 11.4, 3.7, 35.0, 52.4], 'pr': 409.1451105172498, 'soil': 1644.6583558431307, 'Slope': 2.788206408520455, 'Aspect': 48.33527877060531, 'TPI': -0.5709779179810681}
DIAGNOSTIC - FINAL CALIBRATED PROB: 50.3%
  TerraClimate: pr=413.0mm, soil=1639.3mm
DIAGNOSTIC - SENSORS: {'LST': 15397.5, 'NDVI': 0.366, 'NDMI': 0.22112932801246643, 'Aerosol': 0.1, 'rain_list': [1.4, 9.8, 17.9, 43.4, 5.2, 5.0, 20.3, 3.4, 21.5, 28.9, 11.4, 3.7, 35.0, 52.4], 'pr': 413.0135942495115, 'soil': 1639.260107929288, 'Slope': 2.1268322378515707, 'Aspect': 150.66614994023558, 'TPI': -2.7223974763406886}
  TerraClimate: pr=409.2mm, soil=1649.7mm
DIAGNOSTIC - SENSORS: {'LST': 15373.75, 'NDVI': 0.336825, 'NDMI': 0.09133367985486984, 'Aerosol': 0.1, 'rain_list': [1.4, 9.8, 17.9, 43.4, 5.2, 5.0, 20.3, 3.4, 21.5, 28.9, 11.4, 3.7, 35.0, 52.4], 'pr': 409.22621064051253, 'soil': 1649.7195980683164, 'Slope': 1.3949290456833947, 'Aspect': 228.3352787706053, 'TPI': 0.9022082018927478}
  TerraClimate: pr=406.4mm, soil=1648.6mm
DIAGNOSTIC - SENSORS: {'LST': 15366.0, 'NDVI': 0.36265, 'NDMI': 0.1166306659579277, 'Aerosol': 0.1, 'rain_list': [1.5, 7.5, 19.7, 46.3, 4.8, 8.3, 24.4, 10.5, 29.0, 43.0, 17.8, 3.1, 23.4, 44.7], 'pr': 406.41049134229706, 'soil': 1648.576399042357, 'Slope': 1.0420425895682048, 'Aspect': 90, 'TPI': 1.0189274447949543}
DIAGNOSTIC - FINAL CALIBRATED PROB: 67.8%
DIAGNOSTIC - FINAL CALIBRATED PROB: 59.3%
DIAGNOSTIC - FINAL CALIBRATED PROB: 79.3%
  TerraClimate: pr=409.0mm, soil=1636.0mm
DIAGNOSTIC - SENSORS: {'LST': 15306.4, 'NDVI': 0.351, 'NDMI': 0.21962402760982513, 'Aerosol': 0.1, 'rain_list': [1.4, 9.8, 17.9, 43.4, 5.2, 5.0, 20.3, 3.4, 21.5, 28.9, 11.4, 3.7, 35.0, 52.4], 'pr': 409.0065216990158, 'soil': 1636.0093976102057, 'Slope': 3.6308120266151604, 'Aspect': 239.32178519587245, 'TPI': -0.4574132492113563}
DIAGNOSTIC - FINAL CALIBRATED PROB: 47.3%

[AREA SCAN] Started Center (26.8645, 85.5173)

[AREA SCAN] Started North (26.8780, 85.5173)

[AREA SCAN] Started South (26.8510, 85.5173)

[AREA SCAN] Started East (26.8645, 85.5308)

[AREA SCAN] Started West (26.8645, 85.5038)
  TerraClimate: pr=409.0mm, soil=1583.4mm
DIAGNOSTIC - SENSORS: {'LST': 15269.0, 'NDVI': 0.376375, 'NDMI': 0.24727505445480347, 'Aerosol': 0.1, 'rain_list': [45.1, 60.2, 8.8, 15.4, 8.1, 10.3, 18.5, 10.4, 5.0, 13.4, 40.9, 61.7, 115.9, 174.3], 'pr': 409.0265492760951, 'soil': 1583.3637132758795, 'Slope': 1.039582895640841, 'Aspect': 270, 'TPI': -2.258675078864357}
  TerraClimate: pr=410.5mm, soil=1586.0mm
DIAGNOSTIC - SENSORS: {'LST': 15263.666666666666, 'NDVI': 0.4936, 'NDMI': 0.17467080056667328, 'Aerosol': 0.1, 'rain_list': [45.1, 60.2, 8.8, 15.4, 8.1, 10.3, 18.5, 10.4, 5.0, 13.4, 40.9, 61.7, 115.9, 174.3], 'pr': 410.51590940073066, 'soil': 1585.9859463206776, 'Slope': 2.125506873156261, 'Aspect': 330.7298479560755, 'TPI': 0.7602523659305973}
  TerraClimate: pr=405.4mm, soil=1597.3mm
DIAGNOSTIC - SENSORS: {'LST': 15255.333333333334, 'NDVI': 0.471225, 'NDMI': 0.1952061802148819, 'Aerosol': 0.1, 'rain_list': [49.8, 52.0, 6.7, 16.1, 5.6, 19.7, 20.9, 9.1, 5.5, 18.2, 28.8, 63.3, 98.9, 181.6], 'pr': 405.37719374020105, 'soil': 1597.3405955558485, 'Slope': 5.547544894612033, 'Aspect': 180, 'TPI': 1.7350157728706677}
  TerraClimate: pr=415.7mm, soil=1574.7mm
DIAGNOSTIC - SENSORS: {'LST': 15359.5, 'NDVI': 0.405275, 'NDMI': 0.1497838795185089, 'Aerosol': 0.1, 'rain_list': [45.1, 60.2, 8.8, 15.4, 8.1, 10.3, 18.5, 10.4, 5.0, 13.4, 40.9, 61.7, 115.9, 174.3], 'pr': 415.676059238714, 'soil': 1574.6690350425558, 'Slope': 2.125567984279955, 'Aspect': 150.72690638447497, 'TPI': -0.6845425867507942}
  TerraClimate: pr=411.4mm, soil=1587.5mm
DIAGNOSTIC - SENSORS: {'LST': 15344.5, 'NDVI': 0.37175, 'NDMI': 0.2198927402496338, 'Aerosol': 0.1, 'rain_list': [45.1, 60.2, 8.8, 15.4, 8.1, 10.3, 18.5, 10.4, 5.0, 13.4, 40.9, 61.7, 115.9, 174.3], 'pr': 411.3615725946825, 'soil': 1587.544896582784, 'Slope': 0, 'Aspect': 0, 'TPI': -0.3533123028391145}
DIAGNOSTIC - FINAL CALIBRATED PROB: 71.9%
DIAGNOSTIC - FINAL CALIBRATED PROB: 72.0%
DIAGNOSTIC - FINAL CALIBRATED PROB: 40.8%
DIAGNOSTIC - FINAL CALIBRATED PROB: 63.7%
DIAGNOSTIC - FINAL CALIBRATED PROB: 83.0%

[AREA SCAN] Started Center (28.2081, 83.9845)

[AREA SCAN] Started North (28.2216, 83.9845)

[AREA SCAN] Started South (28.1946, 83.9845)

[AREA SCAN] Started East (28.2081, 83.9980)

[AREA SCAN] Started West (28.2081, 83.9710)
  TerraClimate: pr=235.7mm, soil=1241.9mm
DIAGNOSTIC - SENSORS: {'LST': 15280.333333333334, 'NDVI': 0.478675, 'NDMI': 0.12593001127243042, 'Aerosol': 0.1, 'rain_list': [27.1, 16.1, 9.7, 43.7, 115.7, 2.6, 31.7, 129.2, 8.0, 205.8, 39.5, 2.4, 5.5, 14.2], 'pr': 235.7244874356162, 'soil': 1241.9389491424204, 'Slope': 4.744513795517869, 'Aspect': 192.78688381167944, 'TPI': -2.031545741324976}
  TerraClimate: pr=234.0mm, soil=1235.2mm
DIAGNOSTIC - SENSORS: {'LST': 15524.0, 'NDVI': 0.371675, 'NDMI': 0.3794093430042267, 'Aerosol': 0.1, 'rain_list': [27.1, 16.1, 9.7, 43.7, 115.7, 2.6, 31.7, 129.2, 8.0, 205.8, 39.5, 2.4, 5.5, 14.2], 'pr': 234.04333056146115, 'soil': 1235.226231567524, 'Slope': 2.29925749540581, 'Aspect': 113.77653790423129, 'TPI': 2.2271293375393952}
  TerraClimate: pr=234.5mm, soil=1243.1mm
DIAGNOSTIC - SENSORS: {'LST': 15330.5, 'NDVI': 0.467, 'NDMI': 0.10818779468536377, 'Aerosol': 0.1, 'rain_list': [27.1, 16.1, 9.7, 43.7, 115.7, 2.6, 31.7, 129.2, 8.0, 205.8, 39.5, 2.4, 5.5, 14.2], 'pr': 234.4768910816149, 'soil': 1243.0914290391113, 'Slope': 0.9274099368611016, 'Aspect': 180, 'TPI': 0.28075709779182034}
  TerraClimate: pr=236.8mm, soil=1252.5mm
DIAGNOSTIC - SENSORS: {'LST': 15241.333333333334, 'NDVI': 0.57315, 'NDMI': 0.15731148421764374, 'Aerosol': 0.1, 'rain_list': [27.1, 16.1, 9.7, 43.7, 115.7, 2.6, 31.7, 129.2, 8.0, 205.8, 39.5, 2.4, 5.5, 14.2], 'pr': 236.78892416029916, 'soil': 1252.5276496405256, 'Slope': 5.247049580345335, 'Aspect': 270, 'TPI': 8.28075709779182}
DIAGNOSTIC - FINAL CALIBRATED PROB: 0.0%
DIAGNOSTIC - FINAL CALIBRATED PROB: 3.0%
  TerraClimate: pr=235.2mm, soil=1242.4mm
DIAGNOSTIC - SENSORS: {'LST': 15302.0, 'NDVI': 0.398075, 'NDMI': 0.1073533147573471, 'Aerosol': 0.1, 'rain_list': [27.1, 16.1, 9.7, 43.7, 115.7, 2.6, 31.7, 129.2, 8.0, 205.8, 39.5, 2.4, 5.5, 14.2], 'pr': 235.17595405707584, 'soil': 1242.37581098513, 'Slope': 3.704791833671086, 'Aspect': 180, 'TPI': 1.8201892744478982}
DIAGNOSTIC - FINAL CALIBRATED PROB: 0.0%
DIAGNOSTIC - FINAL CALIBRATED PROB: 0.0%
DIAGNOSTIC - FINAL CALIBRATED PROB: 0.0%

[AREA SCAN] Started Center (27.4699, 83.2479)

[AREA SCAN] Started North (27.4834, 83.2479)

[AREA SCAN] Started South (27.4564, 83.2479)

[AREA SCAN] Started East (27.4699, 83.2614)

[AREA SCAN] Started West (27.4699, 83.2344)
  TerraClimate: pr=362.8mm, soil=1512.1mm
DIAGNOSTIC - SENSORS: {'LST': 15520.888888888889, 'NDVI': 0.2728, 'NDMI': 0.059252507984638214, 'Aerosol': 0.1, 'rain_list': [0.0, 0.0, 0.3, 23.4, 42.1, 3.3, 1.9, 0.0, 0.0, 0.6, 1.7, 20.7, 160.9, 121.3], 'pr': 362.7845843634758, 'soil': 1512.13797590534, 'Slope': 1.3971241527369127, 'Aspect': 228.41536699484305, 'TPI': 1.00946372239747}
  TerraClimate: pr=366.7mm, soil=1529.4mm
127.0.0.1 - - [01/Jun/2026 15:45:05] "POST /predict_area HTTP/1.1" 200 -
127.0.0.1 - - [01/Jun/2026 15:45:14] "POST /predict_area HTTP/1.1" 200 -
127.0.0.1 - - [01/Jun/2026 15:45:29] "POST /predict_area HTTP/1.1" 200 -
127.0.0.1 - - [01/Jun/2026 15:45:34] "OPTIONS /predict_area HTTP/1.1" 200 -
DIAGNOSTIC - SENSORS: {'LST': 15485.888888888889, 'NDVI': 0.297225, 'NDMI': -0.005906803533434868, 'Aerosol': 0.1, 'rain_list': [0.0, 0.0, 0.3, 23.4, 42.1, 3.3, 1.9, 0.0, 0.0, 0.6, 1.7, 20.7, 160.9, 121.3], 'pr': 366.66474946308955, 'soil': 1529.41136255476, 'Slope': 2.2859807280700077, 'Aspect': 113.92338374880242, 'TPI': -0.14195583596215045}
  TerraClimate: pr=368.5mm, soil=1540.4mm
DIAGNOSTIC - SENSORS: {'LST': 15527.222222222223, 'NDVI': 0.267675, 'NDMI': 0.18819938600063324, 'Aerosol': 0.1, 'rain_list': [0.0, 0.0, 0.3, 23.4, 42.1, 3.3, 1.9, 0.0, 0.0, 0.6, 1.7, 20.7, 160.9, 121.3], 'pr': 368.52773718812205, 'soil': 1540.398020546326, 'Slope': 2.090029025000611, 'Aspect': 90, 'TPI': 2.1198738170347013}
  TerraClimate: pr=365.2mm, soil=1523.9mm
DIAGNOSTIC - SENSORS: {'LST': 15504.888888888889, 'NDVI': 0.313275, 'NDMI': 0.08095110952854156, 'Aerosol': 0.1, 'rain_list': [0.0, 0.0, 0.3, 23.4, 42.1, 3.3, 1.9, 0.0, 0.0, 0.6, 1.7, 20.7, 160.9, 121.3], 'pr': 365.17020167681056, 'soil': 1523.8689944652308, 'Slope': 4.627367505978261, 'Aspect': 0, 'TPI': 0.11671924290220659}
  TerraClimate: pr=363.3mm, soil=1516.8mm
DIAGNOSTIC - SENSORS: {'LST': 15531.222222222223, 'NDVI': 0.310725, 'NDMI': 0.09398415684700012, 'Aerosol': 0.1, 'rain_list': [0.0, 0.0, 0.3, 23.4, 42.1, 3.3, 1.9, 0.0, 0.0, 0.6, 1.7, 20.7, 160.9, 121.3], 'pr': 363.2561870227602, 'soil': 1516.8199929445755, 'Slope': 3.4761272504539855, 'Aspect': 216.92051795541903, 'TPI': -0.2113564668769783}
DIAGNOSTIC - FINAL CALIBRATED PROB: 66.1%
DIAGNOSTIC - FINAL CALIBRATED PROB: 94.1%
DIAGNOSTIC - FINAL CALIBRATED PROB: 91.9%
DIAGNOSTIC - FINAL CALIBRATED PROB: 92.5%
DIAGNOSTIC - FINAL CALIBRATED PROB: 81.1%

[AREA SCAN] Started Center (28.5282, 81.1180)

[AREA SCAN] Started North (28.5417, 81.1180)

[AREA SCAN] Started South (28.5147, 81.1180)

[AREA SCAN] Started East (28.5282, 81.1315)

[AREA SCAN] Started West (28.5282, 81.1045)
  TerraClimate: pr=96.9mm, soil=1870.9mm
DIAGNOSTIC - SENSORS: {'LST': 15326.5, 'NDVI': 0.58575, 'NDMI': 0.20259499549865723, 'Aerosol': 0.1, 'rain_list': [1.0, 0.0, 0.0, 0.0, 0.0, 0.0, 0.0, 0.0, 0.0, 0.0, 6.1, 36.0, 82.7, 3.0], 'pr': 96.86250225038472, 'soil': 1870.8703642819305, 'Slope': 2.1103779287153084, 'Aspect': 270, 'TPI': 1.504731861198735}
  TerraClimate: pr=97.5mm, soil=1866.1mm
DIAGNOSTIC - SENSORS: {'LST': 15296.25, 'NDVI': 0.59475, 'NDMI': 0.1679566502571106, 'Aerosol': 0.1, 'rain_list': [1.0, 0.0, 0.0, 0.0, 0.0, 0.0, 0.0, 0.0, 0.0, 0.0, 6.1, 36.0, 82.7, 3.0], 'pr': 97.47590572258744, 'soil': 1866.0576086974618, 'Slope': 5.547544894647286, 'Aspect': 180, 'TPI': -0.8738170347003233}
DIAGNOSTIC - FINAL CALIBRATED PROB: 0.0%
DIAGNOSTIC - FINAL CALIBRATED PROB: 0.2%
  TerraClimate: pr=97.6mm, soil=1892.7mm
DIAGNOSTIC - SENSORS: {'LST': 15327.42857142857, 'NDVI': 0.602075, 'NDMI': 0.20865704119205475, 'Aerosol': 0.1, 'rain_list': [1.0, 0.0, 0.0, 0.0, 0.0, 0.0, 0.0, 0.0, 0.0, 0.0, 6.1, 36.0, 82.7, 3.0], 'pr': 97.59634123303482, 'soil': 1892.7220015093922, 'Slope': 2.9733298038303397, 'Aspect': 200.77667724227481, 'TPI': -0.8422712933754042}
  TerraClimate: pr=97.1mm, soil=1889.4mm
DIAGNOSTIC - SENSORS: {'LST': 15319.375, 'NDVI': 0.607125, 'NDMI': 0.16679313778877258, 'Aerosol': 0.1, 'rain_list': [1.0, 0.0, 0.0, 0.0, 0.0, 0.0, 0.0, 0.0, 0.0, 0.0, 6.1, 36.0, 82.7, 3.0], 'pr': 97.09598754317854, 'soil': 1889.36197503327, 'Slope': 0.9274099368670311, 'Aspect': 0, 'TPI': 0.709779179810738}
DIAGNOSTIC - FINAL CALIBRATED PROB: 0.0%
DIAGNOSTIC - FINAL CALIBRATED PROB: 0.8%
  TerraClimate: pr=97.2mm, soil=1881.6mm
DIAGNOSTIC - SENSORS: {'LST': 15341.142857142857, 'NDVI': 0.530125, 'NDMI': 0.11162079870700836, 'Aerosol': 0.1, 'rain_list': [1.0, 0.0, 0.0, 0.0, 0.0, 0.0, 0.0, 0.0, 0.0, 0.0, 6.1, 36.0, 82.7, 3.0], 'pr': 97.22262693631488, 'soil': 1881.5938529213333, 'Slope': 2.1333493875191536, 'Aspect': 150.3558839240011, 'TPI': -0.38801261829652844}
DIAGNOSTIC - FINAL CALIBRATED PROB: 0.0%

[AREA SCAN] Started Center (27.7468, 84.7599)

[AREA SCAN] Started North (27.7603, 84.7599)

[AREA SCAN] Started South (27.7333, 84.7599)

[AREA SCAN] Started East (27.7468, 84.7734)

[AREA SCAN] Started West (27.7468, 84.7464)
  TerraClimate: pr=445.8mm, soil=1338.5mm
DIAGNOSTIC - SENSORS: {'LST': 15144.2, 'NDVI': 0.51025, 'NDMI': 0.2619578540325165, 'Aerosol': 0.1, 'rain_list': [24.5, 31.0, 38.3, 8.0, 43.5, 32.1, 15.8, 25.2, 17.4, 7.5, 2.3, 22.3, 74.1, 101.9], 'pr': 445.84668117331285, 'soil': 1338.4921068348935, 'Slope': 37.056738579450155, 'Aspect': 337.19374994142396, 'TPI': -10.369085173501617}
  TerraClimate: pr=451.1mm, soil=1354.5mm
DIAGNOSTIC - SENSORS: {'LST': 15025.8, 'NDVI': 0.564175, 'NDMI': 0.16885897517204285, 'Aerosol': 0.1, 'rain_list': [24.5, 31.0, 38.3, 8.0, 43.5, 32.1, 15.8, 25.2, 17.4, 7.5, 2.3, 22.3, 74.1, 101.9], 'pr': 451.0750496174533, 'soil': 1354.5307899606917, 'Slope': 26.78516268677604, 'Aspect': 173.76039736697618, 'TPI': -16.709779179810766}
DIAGNOSTIC - FINAL CALIBRATED PROB: 90.7%
  TerraClimate: pr=449.3mm, soil=1349.2mm
DIAGNOSTIC - SENSORS: {'LST': 15049.666666666666, 'NDVI': 0.6373, 'NDMI': 0.19088496267795563, 'Aerosol': 0.1, 'rain_list': [24.5, 31.0, 38.3, 8.0, 43.5, 32.1, 15.8, 25.2, 17.4, 7.5, 2.3, 22.3, 74.1, 101.9], 'pr': 449.332260136073, 'soil': 1349.1845622520914, 'Slope': 19.588645228965753, 'Aspect': 309.5571027905986, 'TPI': 15.760252365930569}
DIAGNOSTIC - FINAL CALIBRATED PROB: 76.3%
  TerraClimate: pr=450.4mm, soil=1357.2mm
DIAGNOSTIC - SENSORS: {'LST': 14986.666666666666, 'NDVI': 0.4957, 'NDMI': 0.1653098464012146, 'Aerosol': 0.1, 'rain_list': [24.5, 31.0, 38.3, 8.0, 43.5, 32.1, 15.8, 25.2, 17.4, 7.5, 2.3, 22.3, 74.1, 101.9], 'pr': 450.42626832661443, 'soil': 1357.1868756555332, 'Slope': 29.2612133170011, 'Aspect': 305.29887441270785, 'TPI': 43.170347003154575}
Flat terrain detected. Running Storm Hunter Catchment Scan...
  TerraClimate: pr=448.4mm, soil=1342.4mm
DIAGNOSTIC - SENSORS: {'LST': 15042.857142857143, 'NDVI': 0.528975, 'NDMI': 0.2641741931438446, 'Aerosol': 0.1, 'rain_list': [24.5, 31.0, 38.3, 8.0, 43.5, 32.1, 15.8, 25.2, 17.4, 7.5, 2.3, 22.3, 74.1, 101.9], 'pr': 448.41154850157625, 'soil': 1342.4498566830314, 'Slope': 35.46974783919969, 'Aspect': 1.4710421821622017, 'TPI': -24.785488958990527}
DIAGNOSTIC - FINAL CALIBRATED PROB: 98.2%
DIAGNOSTIC - FINAL CALIBRATED PROB: 87.8%
  TerraClimate: pr=433.6mm, soil=1301.1mm
DIAGNOSTIC - FINAL CALIBRATED PROB: 93.1%

[AREA SCAN] Started Center (27.7120, 85.3130)

[AREA SCAN] Started North (27.7255, 85.3130)

[AREA SCAN] Started South (27.6985, 85.3130)

[AREA SCAN] Started East (27.7120, 85.3265)

[AREA SCAN] Started West (27.7120, 85.2995)

[AREA SCAN] Started Center (27.8252, 85.5878)

[AREA SCAN] Started North (27.8387, 85.5878)

[AREA SCAN] Started South (27.8117, 85.5878)

[AREA SCAN] Started East (27.8252, 85.6013)

[AREA SCAN] Started West (27.8252, 85.5743)
  TerraClimate: pr=96.5mm, soil=903.5mm
DIAGNOSTIC - SENSORS: {'LST': 15256.0, 'NDVI': 0.277675, 'NDMI': 0.02104874514043331, 'Aerosol': 0.1, 'rain_list': [27.8, 22.7, 12.5, 18.6, 6.2, 27.4, 28.4, 20.6, 29.3, 1.3, 6.7, 1.5, 21.7, 2.0], 'pr': 96.47586874127659, 'soil': 903.5240491932327, 'Slope': 5.01741790851679, 'Aspect': 123.58300073493184, 'TPI': -0.028391167192467037}
  TerraClimate: pr=97.4mm, soil=910.3mm
DIAGNOSTIC - SENSORS: {'LST': 15256.5, 'NDVI': 0.3545, 'NDMI': 0.07966608554124832, 'Aerosol': 0.1, 'rain_list': [20.4, 28.2, 17.1, 8.8, 7.8, 27.5, 26.4, 14.5, 11.0, 1.2, 8.5, 4.5, 35.2, 1.6], 'pr': 97.3515253441752, 'soil': 910.3375925279454, 'Slope': 1.3989498905418154, 'Aspect': 311.51828787636174, 'TPI': 3.807570977917976}
  TerraClimate: pr=95.8mm, soil=899.6mm
DIAGNOSTIC - SENSORS: {'LST': 15186.2, 'NDVI': 0.290975, 'NDMI': 0.23251700401306152, 'Aerosol': 0.1, 'rain_list': [3.1, 9.7, 5.3, 15.0, 0.0, 15.1, 11.3, 17.6, 12.9, 1.7, 7.2, 0.2, 11.1, 1.8], 'pr': 95.8208094138129, 'soil': 899.5676454842219, 'Slope': 0, 'Aspect': 0, 'TPI': -0.21766561514186833}
  TerraClimate: pr=95.6mm, soil=896.7mm
127.0.0.1 - - [01/Jun/2026 15:45:37] "POST /predict_area HTTP/1.1" 200 -
127.0.0.1 - - [01/Jun/2026 15:45:44] "POST /predict_area HTTP/1.1" 200 -
127.0.0.1 - - [01/Jun/2026 15:45:52] "POST /predict_area HTTP/1.1" 200 -
127.0.0.1 - - [01/Jun/2026 15:46:08] "OPTIONS /predict_area HTTP/1.1" 200 -
DIAGNOSTIC - SENSORS: {'LST': 15261.111111111111, 'NDVI': 0.292175, 'NDMI': -0.0044365571811795235, 'Aerosol': 0.1, 'rain_list': [27.8, 22.7, 12.5, 18.6, 6.2, 27.4, 28.4, 20.6, 29.3, 1.3, 6.7, 1.5, 21.7, 2.0], 'pr': 95.59458605371516, 'soil': 896.6621654219133, 'Slope': 3.644644996766076, 'Aspect': 239.45105299400657, 'TPI': -0.3596214511042035}
DIAGNOSTIC - FINAL CALIBRATED PROB: 0.0%
DIAGNOSTIC - FINAL CALIBRATED PROB: 0.0%
DIAGNOSTIC - FINAL CALIBRATED PROB: 0.0%
DIAGNOSTIC - FINAL CALIBRATED PROB: 0.0%
  TerraClimate: pr=96.9mm, soil=906.4mm
DIAGNOSTIC - SENSORS: {'LST': 15295.166666666666, 'NDVI': 0.307475, 'NDMI': -0.022522522136569023, 'Aerosol': 0.1, 'rain_list': [20.4, 28.2, 17.1, 8.8, 7.8, 27.5, 26.4, 14.5, 11.0, 1.2, 8.5, 4.5, 35.2, 1.6], 'pr': 96.94601608084241, 'soil': 906.3636490824013, 'Slope': 0, 'Aspect': 0, 'TPI': 0.9085173501578083}
DIAGNOSTIC - FINAL CALIBRATED PROB: 0.0%

[AREA SCAN] Started Center (27.8891, 85.2178)

[AREA SCAN] Started North (27.9026, 85.2178)

[AREA SCAN] Started South (27.8756, 85.2178)

[AREA SCAN] Started East (27.8891, 85.2313)

[AREA SCAN] Started West (27.8891, 85.2043)
  TerraClimate: pr=29.1mm, soil=237.4mm
DIAGNOSTIC - SENSORS: {'LST': 14883.291666666666, 'NDVI': 0.4312, 'NDMI': 0.030978934839367867, 'Aerosol': 0.1, 'rain_list': [2.3, 0.1, 1.9, 0.7, 1.3, 3.1, 0.0, 1.6, 0.0, 0.0, 0.2, 0.4, 0.0, 0.0], 'pr': 29.12606269386486, 'soil': 237.36421999111255, 'Slope': 15.579777886748104, 'Aspect': 79.96954903742002, 'TPI': -24.116719242902263}
  TerraClimate: pr=29.3mm, soil=239.4mm
DIAGNOSTIC - SENSORS: {'LST': 14831.6, 'NDVI': 0.584075, 'NDMI': 0.07343283295631409, 'Aerosol': 0.1, 'rain_list': [6.0, 0.0, 0.1, 0.0, 0.6, 1.1, 0.0, 0.2, 0.0, 0.0, 0.0, 0.0, 0.0, 0.0], 'pr': 29.256533311874435, 'soil': 239.3542142434133, 'Slope': 14.485620298135435, 'Aspect': 231.201505220119, 'TPI': -12.198738170347042}
Flat terrain detected. Running Storm Hunter Catchment Scan...
  TerraClimate: pr=29.1mm, soil=234.5mm
DIAGNOSTIC - SENSORS: {'LST': 14888.458333333334, 'NDVI': 0.48705, 'NDMI': 0.011725293472409248, 'Aerosol': 0.1, 'rain_list': [2.3, 0.1, 1.9, 0.7, 1.3, 3.1, 0.0, 1.6, 0.0, 0.0, 0.2, 0.4, 0.0, 0.0], 'pr': 29.092119295671026, 'soil': 234.4625131365094, 'Slope': 22.547269621173314, 'Aspect': 200.64980485642664, 'TPI': -10.343848580441659}
Flat terrain detected. Running Storm Hunter Catchment Scan...
  TerraClimate: pr=29.2mm, soil=238.3mm
DIAGNOSTIC - SENSORS: {'LST': 14869.083333333334, 'NDVI': 0.506775, 'NDMI': 0.04712041839957237, 'Aerosol': 0.1, 'rain_list': [3.3, 0.0, 0.3, 0.0, 0.1, 2.2, 0.0, 0.6, 0.0, 0.0, 0.4, 1.2, 0.0, 0.0], 'pr': 29.18438366136223, 'soil': 238.2537565923714, 'Slope': 24.867983611976815, 'Aspect': 236.02753111264474, 'TPI': 11.671924290220886}
  TerraClimate: pr=29.3mm, soil=242.0mm
DIAGNOSTIC - SENSORS: {'LST': 14838.541666666666, 'NDVI': 0.425575, 'NDMI': -0.011419249698519707, 'Aerosol': 0.1, 'rain_list': [3.3, 0.0, 0.3, 0.0, 0.1, 2.2, 0.0, 0.6, 0.0, 0.0, 0.4, 1.2, 0.0, 0.0], 'pr': 29.276648027053422, 'soil': 242.04500004823333, 'Slope': 18.590876566857837, 'Aspect': 305.27602257521255, 'TPI': 31.100946372239832}
DIAGNOSTIC - FINAL CALIBRATED PROB: 0.0%
DIAGNOSTIC - FINAL CALIBRATED PROB: 0.0%
Flat terrain detected. Running Storm Hunter Catchment Scan...
  TerraClimate: pr=397.3mm, soil=1034.1mm
DIAGNOSTIC - SENSORS: {'LST': 14949.0, 'NDVI': 0.79915, 'NDMI': 0.35126256942749023, 'Aerosol': 0.1, 'rain_list': [0.0, 0.0, 0.0, 0.0, 0.0, 0.0, 0.0, 0.0, 0.0, 0.0, 0.0, 0.0, 0.0, 0.0], 'pr': 397.31113647650113, 'soil': 1034.089771625765, 'Slope': 16.887440968702453, 'Aspect': 24.97689084945214, 'TPI': -47.031545741324976}
DIAGNOSTIC - FINAL CALIBRATED PROB: 0.0%
  TerraClimate: pr=393.5mm, soil=1028.5mm
DIAGNOSTIC - SENSORS: {'LST': 14949.0, 'NDVI': 0.61145, 'NDMI': 0.33449074625968933, 'Aerosol': 0.1, 'rain_list': [0.0, 0.0, 0.0, 0.0, 0.0, 0.0, 0.0, 0.0, 0.0, 0.0, 0.0, 0.0, 0.0, 0.0], 'pr': 393.5261374580723, 'soil': 1028.536760805352, 'Slope': 49.662260643622, 'Aspect': 347.42356821506496, 'TPI': 32.32492113564672}
  TerraClimate: pr=388.2mm, soil=1020.8mm
DIAGNOSTIC - SENSORS: {'LST': 14922.0, 'NDVI': 0.643725, 'NDMI': 0.33089491724967957, 'Aerosol': 0.1, 'rain_list': [13.9, 37.5, 41.9, 10.1, 9.2, 16.3, 10.4, 44.3, 13.5, 17.1, 20.5, 18.8, 12.1, 2.8], 'pr': 388.22713883227317, 'soil': 1020.7625456567761, 'Slope': 3.8497490046920344, 'Aspect': 164.2044448338377, 'TPI': -0.7539432176656646}
  TerraClimate: pr=391.8mm, soil=1022.1mm
DIAGNOSTIC - SENSORS: {'LST': 14925.0, 'NDVI': 0.768025, 'NDMI': 0.28623056411743164, 'Aerosol': 0.1, 'rain_list': [13.9, 37.5, 41.9, 10.1, 9.2, 16.3, 10.4, 44.3, 13.5, 17.1, 20.5, 18.8, 12.1, 2.8], 'pr': 391.7978231824801, 'soil': 1022.1352877363239, 'Slope': 28.505828494504314, 'Aspect': 77.9568353479196, 'TPI': -19.094637223974814}
  TerraClimate: pr=395.7mm, soil=1036.7mm
DIAGNOSTIC - SENSORS: {'LST': 15016.0, 'NDVI': 0.839525, 'NDMI': 0.34821853041648865, 'Aerosol': 0.1, 'rain_list': [13.9, 37.5, 41.9, 10.1, 9.2, 16.3, 10.4, 44.3, 13.5, 17.1, 20.5, 18.8, 12.1, 2.8], 'pr': 395.7324961077645, 'soil': 1036.7088540849625, 'Slope': 8.462831281374173, 'Aspect': 330.5029751127868, 'TPI': 78.74763406940065}
Flat terrain detected. Running Storm Hunter Catchment Scan...
DIAGNOSTIC - FINAL CALIBRATED PROB: 0.0%
DIAGNOSTIC - FINAL CALIBRATED PROB: 29.0%
DIAGNOSTIC - FINAL CALIBRATED PROB: 0.0%
Flat terrain detected. Running Storm Hunter Catchment Scan...
DIAGNOSTIC - FINAL CALIBRATED PROB: 51.2%
DIAGNOSTIC - FINAL CALIBRATED PROB: 0.0%
  TerraClimate: pr=384.1mm, soil=1035.9mm
  TerraClimate: pr=369.0mm, soil=974.6mm
DIAGNOSTIC - FINAL CALIBRATED PROB: 0.1%
DIAGNOSTIC - FINAL CALIBRATED PROB: 73.5%

[AREA SCAN] Started Center (27.0218, 86.4224)

[AREA SCAN] Started North (27.0353, 86.4224)

[AREA SCAN] Started South (27.0083, 86.4224)

[AREA SCAN] Started East (27.0218, 86.4359)

[AREA SCAN] Started West (27.0218, 86.4089)
  TerraClimate: pr=241.5mm, soil=760.9mm
DIAGNOSTIC - SENSORS: {'LST': 14872.0, 'NDVI': 0.601925, 'NDMI': 0.33020418882369995, 'Aerosol': 0.1, 'rain_list': [13.9, 10.1, 12.7, 32.3, 24.4, 6.9, 9.9, 1.5, 20.1, 8.0, 94.0, 133.3, 3.1, 17.4], 'pr': 241.45712471043342, 'soil': 760.8595226431282, 'Slope': 34.12065293762123, 'Aspect': 135.78437728657386, 'TPI': 6.858044164037892}
  TerraClimate: pr=239.1mm, soil=754.1mm
DIAGNOSTIC - SENSORS: {'LST': 14917.0, 'NDVI': 0.66565, 'NDMI': 0.3382236361503601, 'Aerosol': 0.1, 'rain_list': [10.7, 11.7, 13.6, 10.6, 16.0, 2.0, 3.1, 0.2, 2.3, 13.8, 155.7, 131.1, 7.7, 14.1], 'pr': 239.14865623435662, 'soil': 754.1376277171059, 'Slope': 12.958767423085625, 'Aspect': 314.70677153772635, 'TPI': -43.29968454258676}
DIAGNOSTIC - FINAL CALIBRATED PROB: 45.9%
  TerraClimate: pr=236.8mm, soil=747.4mm
DIAGNOSTIC - SENSORS: {'LST': 15020.0, 'NDVI': 0.6688, 'NDMI': 0.3408939242362976, 'Aerosol': 0.1, 'rain_list': [10.7, 11.7, 13.6, 10.6, 16.0, 2.0, 3.1, 0.2, 2.3, 13.8, 155.7, 131.1, 7.7, 14.1], 'pr': 236.84018775828048, 'soil': 747.4157327910854, 'Slope': 18.01310593716727, 'Aspect': 296.61792325429536, 'TPI': -30.867507886435305}
Flat terrain detected. Running Storm Hunter Catchment Scan...
Flat terrain detected. Running Storm Hunter Catchment Scan...
  TerraClimate: pr=238.8mm, soil=754.5mm
DIAGNOSTIC - SENSORS: {'LST': 14885.5, 'NDVI': 0.57495, 'NDMI': 0.3026142418384552, 'Aerosol': 0.1, 'rain_list': [13.9, 10.1, 12.7, 32.3, 24.4, 6.9, 9.9, 1.5, 20.1, 8.0, 94.0, 133.3, 3.1, 17.4], 'pr': 238.82701762675248, 'soil': 754.4720231588493, 'Slope': 30.349510090125644, 'Aspect': 146.03872585915852, 'TPI': -41.32807570977923}
DIAGNOSTIC - FINAL CALIBRATED PROB: 82.6%
  TerraClimate: pr=239.5mm, soil=753.8mm
DIAGNOSTIC - SENSORS: {'LST': 14870.0, 'NDVI': 0.70795, 'NDMI': 0.3351239562034607, 'Aerosol': 0.1, 'rain_list': [13.9, 10.1, 12.7, 32.3, 24.4, 6.9, 9.9, 1.5, 20.1, 8.0, 94.0, 133.3, 3.1, 17.4], 'pr': 239.4764801997996, 'soil': 753.7968015937898, 'Slope': 26.8953714735842, 'Aspect': 120.70564665613011, 'TPI': -12.135646687697147}
DIAGNOSTIC - FINAL CALIBRATED PROB: 52.6%
  TerraClimate: pr=247.4mm, soil=784.1mm
DIAGNOSTIC - FINAL CALIBRATED PROB: 79.2%

[AREA SCAN] Started Center (27.8381, 85.5886)
127.0.0.1 - - [01/Jun/2026 15:46:08] "POST /predict_area HTTP/1.1" 200 -
127.0.0.1 - - [01/Jun/2026 15:46:16] "POST /predict_area HTTP/1.1" 200 -
127.0.0.1 - - [01/Jun/2026 15:46:25] "POST /predict_area HTTP/1.1" 200 -
127.0.0.1 - - [01/Jun/2026 15:46:35] "POST /predict_area HTTP/1.1" 200 -

[AREA SCAN] Started North (27.8516, 85.5886)

[AREA SCAN] Started South (27.8246, 85.5886)

[AREA SCAN] Started East (27.8381, 85.6021)

[AREA SCAN] Started West (27.8381, 85.5751)
  TerraClimate: pr=249.3mm, soil=777.8mm
DIAGNOSTIC - FINAL CALIBRATED PROB: 69.7%

[AREA SCAN] Started Center (28.5990, 80.7900)

[AREA SCAN] Started North (28.6125, 80.7900)

[AREA SCAN] Started South (28.5855, 80.7900)

[AREA SCAN] Started East (28.5990, 80.8035)

[AREA SCAN] Started West (28.5990, 80.7765)
  TerraClimate: pr=60.1mm, soil=416.5mm
DIAGNOSTIC - SENSORS: {'LST': 15299.896551724138, 'NDVI': 0.47435, 'NDMI': 0.010948904789984226, 'Aerosol': 0.1, 'rain_list': [0.0, 0.0, 0.0, 0.0, 0.0, 0.0, 0.0, 0.0, 0.0, 0.0, 0.0, 0.0, 0.0, 0.0], 'pr': 60.08774750012331, 'soil': 416.4520448773904, 'Slope': 1.0562602428223018, 'Aspect': 90, 'TPI': 0.785488958990527}
  TerraClimate: pr=25.4mm, soil=255.0mm
DIAGNOSTIC - SENSORS: {'LST': 14580.045454545454, 'NDVI': 0.587325, 'NDMI': 0.094676673412323, 'Aerosol': 0.1, 'rain_list': [0.0, 0.0, 0.0, 0.0, 1.0, 0.0, 1.9, 0.1, 0.0, 0.0, 0.0, 0.0, 0.3, 0.1], 'pr': 25.379079120851717, 'soil': 255.01257152849294, 'Slope': 25.937588253698618, 'Aspect': 314.34026417445665, 'TPI': -30.009463722397527}
DIAGNOSTIC - FINAL CALIBRATED PROB: 0.0%
DIAGNOSTIC - FINAL CALIBRATED PROB: 0.0%
  TerraClimate: pr=25.1mm, soil=250.3mm
DIAGNOSTIC - SENSORS: {'LST': 14584.136363636364, 'NDVI': 0.4171, 'NDMI': -0.04176044091582298, 'Aerosol': 0.1, 'rain_list': [0.0, 0.0, 0.0, 0.0, 0.0, 0.0, 0.0, 0.0, 0.0, 0.0, 0.0, 0.0, 0.0, 0.0], 'pr': 25.103103224212653, 'soil': 250.34608121115656, 'Slope': 30.97739822810261, 'Aspect': 130.32793284211144, 'TPI': 32.20189274447955}
  TerraClimate: pr=59.6mm, soil=417.5mm
DIAGNOSTIC - SENSORS: {'LST': 15331.689655172413, 'NDVI': 0.406275, 'NDMI': -0.0058631920255720615, 'Aerosol': 0.1, 'rain_list': [0.0, 0.0, 0.0, 0.0, 0.0, 0.0, 0.0, 0.0, 0.0, 0.0, 0.0, 0.0, 0.0, 0.0], 'pr': 59.56642422277444, 'soil': 417.4622215277291, 'Slope': 2.3058818682389393, 'Aspect': 66.2960367262814, 'TPI': -1.1356466876971467}
  TerraClimate: pr=25.3mm, soil=252.2mm
DIAGNOSTIC - SENSORS: {'LST': 14510.5, 'NDVI': 0.548725, 'NDMI': 0.060575466603040695, 'Aerosol': 0.1, 'rain_list': [0.0, 0.0, 0.0, 0.2, 1.4, 0.3, 2.4, 1.3, 0.5, 0.0, 0.0, 0.0, 0.6, 0.8], 'pr': 25.2982248788811, 'soil': 252.19935009599016, 'Slope': 18.959159515101454, 'Aspect': 286.4232502924917, 'TPI': 9.082018927444778}
  TerraClimate: pr=25.0mm, soil=248.2mm
DIAGNOSTIC - SENSORS: {'LST': 14567.181818181818, 'NDVI': 0.5348, 'NDMI': 0.06758183985948563, 'Aerosol': 0.1, 'rain_list': [0.0, 0.0, 0.0, 0.0, 1.0, 0.0, 1.9, 0.1, 0.0, 0.0, 0.0, 0.0, 0.3, 0.1], 'pr': 25.035788996564783, 'soil': 248.2414937597748, 'Slope': 22.24983419285132, 'Aspect': 209.48236783412622, 'TPI': -4.823343848580407}
  TerraClimate: pr=60.7mm, soil=415.4mm
DIAGNOSTIC - SENSORS: {'LST': 15299.896551724138, 'NDVI': 0.4839, 'NDMI': 0.044086772948503494, 'Aerosol': 0.1, 'rain_list': [0.0, 0.0, 0.0, 0.0, 0.0, 0.0, 0.0, 0.0, 0.0, 0.0, 0.0, 0.0, 0.0, 0.0], 'pr': 60.74801757860132, 'soil': 415.39874214536337, 'Slope': 1.4054839954417868, 'Aspect': 131.28280710818584, 'TPI': 2.4447949526813773}
  TerraClimate: pr=25.2mm, soil=251.1mm
DIAGNOSTIC - SENSORS: {'LST': 14535.90909090909, 'NDVI': 0.441425, 'NDMI': 0.003816793905571103, 'Aerosol': 0.1, 'rain_list': [0.0, 0.0, 0.0, 0.0, 1.0, 0.0, 1.9, 0.1, 0.0, 0.0, 0.0, 0.0, 0.3, 0.1], 'pr': 25.17882654835101, 'soil': 251.0627761634075, 'Slope': 10.148689166155624, 'Aspect': 5.869775195499725, 'TPI': 11.52365930599376}
  TerraClimate: pr=59.4mm, soil=417.5mm
DIAGNOSTIC - SENSORS: {'LST': 15275.07142857143, 'NDVI': 0.441925, 'NDMI': -0.019588395953178406, 'Aerosol': 0.1, 'rain_list': [0.0, 0.0, 0.0, 0.0, 0.0, 0.0, 0.0, 0.0, 0.0, 0.0, 0.0, 0.0, 0.0, 0.0], 'pr': 59.42136380980753, 'soil': 417.51510041249185, 'Slope': 0, 'Aspect': 0, 'TPI': 0.5205047318611946}
DIAGNOSTIC - FINAL CALIBRATED PROB: 0.0%
DIAGNOSTIC - FINAL CALIBRATED PROB: 0.0%
Flat terrain detected. Running Storm Hunter Catchment Scan...
  TerraClimate: pr=60.8mm, soil=415.0mm
DIAGNOSTIC - SENSORS: {'LST': 15270.344827586207, 'NDVI': 0.466875, 'NDMI': 0.028963077813386917, 'Aerosol': 0.1, 'rain_list': [0.0, 0.0, 0.0, 0.0, 0.0, 0.0, 0.0, 0.0, 0.0, 0.0, 0.0, 0.0, 0.0, 0.0], 'pr': 60.817600088411645, 'soil': 415.0377975669163, 'Slope': 0.9274099368670311, 'Aspect': 180, 'TPI': 0.3406940063091497}
DIAGNOSTIC - FINAL CALIBRATED PROB: 0.0%
DIAGNOSTIC - FINAL CALIBRATED PROB: 0.0%
DIAGNOSTIC - FINAL CALIBRATED PROB: 0.0%
Flat terrain detected. Running Storm Hunter Catchment Scan...
DIAGNOSTIC - FINAL CALIBRATED PROB: 0.0%

[AREA SCAN] Started Center (27.1491, 87.5945)

[AREA SCAN] Started North (27.1626, 87.5945)

[AREA SCAN] Started South (27.1356, 87.5945)

[AREA SCAN] Started East (27.1491, 87.6080)

[AREA SCAN] Started West (27.1491, 87.5810)
DIAGNOSTIC - FINAL CALIBRATED PROB: 0.0%
  TerraClimate: pr=132.9mm, soil=721.3mm
DIAGNOSTIC - SENSORS: {'LST': 14915.076923076924, 'NDVI': 0.590725, 'NDMI': 0.07318007946014404, 'Aerosol': 0.1, 'rain_list': [28.3, 17.7, 10.7, 10.5, 36.8, 14.2, 25.2, 13.6, 0.7, 7.6, 7.3, 1.6, 4.5, 2.2], 'pr': 132.85295810624672, 'soil': 721.314750972917, 'Slope': 25.268909460268354, 'Aspect': 43.93176774810558, 'TPI': 19.11356466876964}
  TerraClimate: pr=132.7mm, soil=717.8mm
DIAGNOSTIC - SENSORS: {'LST': 14963.42857142857, 'NDVI': 0.484, 'NDMI': 0.09898445755243301, 'Aerosol': 0.1, 'rain_list': [27.9, 10.3, 11.8, 17.0, 33.8, 45.7, 42.8, 81.6, 2.4, 11.4, 7.9, 4.0, 2.8, 2.9], 'pr': 132.73662056429256, 'soil': 717.8066105943537, 'Slope': 11.63812052220726, 'Aspect': 141.8087703288431, 'TPI': -4.943217665615066}
DIAGNOSTIC - FINAL CALIBRATED PROB: 0.0%
  TerraClimate: pr=133.0mm, soil=716.4mm
DIAGNOSTIC - SENSORS: {'LST': 14976.866666666667, 'NDVI': 0.5197, 'NDMI': 0.06262744218111038, 'Aerosol': 0.1, 'rain_list': [28.3, 17.7, 10.7, 10.5, 36.8, 14.2, 25.2, 13.6, 0.7, 7.6, 7.3, 1.6, 4.5, 2.2], 'pr': 132.97534517738927, 'soil': 716.3995467162272, 'Slope': 19.467454591206725, 'Aspect': 214.48047718915356, 'TPI': 2.2776025236591977}
Flat terrain detected. Running Storm Hunter Catchment Scan...
  TerraClimate: pr=132.5mm, soil=710.8mm
DIAGNOSTIC - SENSORS: {'LST': 15061.941176470587, 'NDVI': 0.5715, 'NDMI': 0.02622695453464985, 'Aerosol': 0.1, 'rain_list': [20.1, 6.7, 7.4, 6.2, 9.1, 8.6, 15.0, 5.2, 0.9, 6.9, 3.6, 2.7, 1.2, 0.6], 'pr': 132.5039454803841, 'soil': 710.7903298372246, 'Slope': 19.39713221803827, 'Aspect': 248.41999315786848, 'TPI': -5.804416403785581}
  TerraClimate: pr=132.5mm, soil=719.3mm
DIAGNOSTIC - SENSORS: {'LST': 14998.857142857143, 'NDVI': 0.5781, 'NDMI': 0.10884930938482285, 'Aerosol': 0.1, 'rain_list': [20.1, 6.7, 7.4, 6.2, 9.1, 8.6, 15.0, 5.2, 0.9, 6.9, 3.6, 2.7, 1.2, 0.6], 'pr': 132.48167194836398, 'soil': 719.3093001729355, 'Slope': 20.442286524893166, 'Aspect': 77.45846201144981, 'TPI': 2.6025236593059162}
Flat terrain detected. Running Storm Hunter Catchment Scan...
Flat terrain detected. Running Storm Hunter Catchment Scan...
DIAGNOSTIC - FINAL CALIBRATED PROB: 0.0%
  TerraClimate: pr=26.4mm, soil=270.0mm
DIAGNOSTIC - FINAL CALIBRATED PROB: 98.7%
  TerraClimate: pr=132.0mm, soil=744.2mm
DIAGNOSTIC - FINAL CALIBRATED PROB: 0.0%
  TerraClimate: pr=131.9mm, soil=740.2mm
DIAGNOSTIC - FINAL CALIBRATED PROB: 0.0%
  TerraClimate: pr=134.1mm, soil=747.7mm
DIAGNOSTIC - FINAL CALIBRATED PROB: 0.0%

[AREA SCAN] Started Center (27.3570, 86.4258)

[AREA SCAN] Started North (27.3705, 86.4258)

[AREA SCAN] Started South (27.3435, 86.4258)

[AREA SCAN] Started East (27.3570, 86.4393)

[AREA SCAN] Started West (27.3570, 86.4123)
  TerraClimate: pr=123.6mm, soil=573.9mm
DIAGNOSTIC - SENSORS: {'LST': 14984.818181818182, 'NDVI': 0.470175, 'NDMI': -0.0007581501267850399, 'Aerosol': 0.1, 'rain_list': [0.8, 0.0, 0.0, 0.0, 0.0, 0.0, 2.6, 0.1, 1.0, 0.0, 0.0, 0.0, 0.0, 0.1], 'pr': 123.63437879787035, 'soil': 573.8989538057436, 'Slope': 44.48404185946251, 'Aspect': 8.537654384894498, 'TPI': 18.20504731861206}
  TerraClimate: pr=124.0mm, soil=573.1mm
127.0.0.1 - - [01/Jun/2026 15:46:50] "POST /predict_area HTTP/1.1" 200 -
127.0.0.1 - - [01/Jun/2026 15:46:59] "POST /predict_area HTTP/1.1" 200 -
127.0.0.1 - - [01/Jun/2026 15:47:10] "POST /predict_area HTTP/1.1" 200 -
DIAGNOSTIC - SENSORS: {'LST': 14940.181818181818, 'NDVI': 0.4532, 'NDMI': -0.006369426846504211, 'Aerosol': 0.1, 'rain_list': [0.8, 0.0, 0.0, 0.0, 0.0, 0.0, 2.6, 0.1, 1.0, 0.0, 0.0, 0.0, 0.0, 0.1], 'pr': 123.99285983911565, 'soil': 573.1223016913052, 'Slope': 12.809048498304445, 'Aspect': 184.59800261881833, 'TPI': -28.179810725551988}
DIAGNOSTIC - FINAL CALIBRATED PROB: 0.0%
Flat terrain detected. Running Storm Hunter Catchment Scan...
  TerraClimate: pr=124.3mm, soil=572.5mm
DIAGNOSTIC - SENSORS: {'LST': 14866.0, 'NDVI': 0.504925, 'NDMI': -0.04214257746934891, 'Aerosol': 0.1, 'rain_list': [0.8, 0.0, 0.0, 0.0, 0.0, 0.0, 2.6, 0.1, 1.0, 0.0, 0.0, 0.0, 0.0, 0.1], 'pr': 124.25882964391064, 'soil': 572.5460759289797, 'Slope': 33.18036255423181, 'Aspect': 8.011204352597973, 'TPI': -103.74763406940065}
DIAGNOSTIC - FINAL CALIBRATED PROB: 0.0%
  TerraClimate: pr=124.4mm, soil=575.7mm
DIAGNOSTIC - SENSORS: {'LST': 14957.478260869566, 'NDVI': 0.503075, 'NDMI': -0.010837777517735958, 'Aerosol': 0.1, 'rain_list': [0.8, 0.0, 0.0, 0.0, 0.0, 0.0, 2.6, 0.1, 1.0, 0.0, 0.0, 0.0, 0.0, 0.1], 'pr': 124.43109435829312, 'soil': 575.7371902199553, 'Slope': 32.17394793342817, 'Aspect': 154.23822283261245, 'TPI': 20.706624605678144}
  TerraClimate: pr=123.4mm, soil=569.5mm
DIAGNOSTIC - SENSORS: {'LST': 15023.454545454546, 'NDVI': 0.4283, 'NDMI': -0.05758602172136307, 'Aerosol': 0.1, 'rain_list': [1.2, 0.0, 0.0, 0.0, 0.0, 0.0, 0.4, 0.0, 0.0, 0.0, 0.0, 0.0, 0.0, 0.0], 'pr': 123.37933151226737, 'soil': 569.4614577511958, 'Slope': 11.277135194133688, 'Aspect': 113.94768426134974, 'TPI': -31.277602523659198}
Flat terrain detected. Running Storm Hunter Catchment Scan...
DIAGNOSTIC - FINAL CALIBRATED PROB: 20.5%
DIAGNOSTIC - FINAL CALIBRATED PROB: 0.0%
  TerraClimate: pr=127.1mm, soil=591.9mm
DIAGNOSTIC - FINAL CALIBRATED PROB: 0.0%

[AREA SCAN] Started Center (27.9646, 83.0587)

[AREA SCAN] Started North (27.9781, 83.0587)

[AREA SCAN] Started South (27.9511, 83.0587)

[AREA SCAN] Started East (27.9646, 83.0722)

[AREA SCAN] Started West (27.9646, 83.0452)
  TerraClimate: pr=69.5mm, soil=425.8mm
DIAGNOSTIC - SENSORS: {'LST': 15160.592592592593, 'NDVI': 0.623775, 'NDMI': 0.12244062125682831, 'Aerosol': 0.1, 'rain_list': [0.1, 0.0, 0.0, 0.0, 0.0, 0.6, 0.5, 1.6, 0.2, 0.0, 0.0, 0.0, 0.5, 0.0], 'pr': 69.52333782662873, 'soil': 425.8220626851586, 'Slope': 33.17939475120682, 'Aspect': 119.67889521424206, 'TPI': -19.26182965299688}
  TerraClimate: pr=70.8mm, soil=426.4mm
DIAGNOSTIC - SENSORS: {'LST': 15126.8, 'NDVI': 0.57565, 'NDMI': 0.11448197066783905, 'Aerosol': 0.1, 'rain_list': [0.4, 0.0, 0.0, 0.0, 0.0, 0.2, 3.6, 2.7, 1.7, 0.0, 0.0, 0.0, 0.0, 0.0], 'pr': 70.78056869722113, 'soil': 426.41652549407314, 'Slope': 15.373629980457263, 'Aspect': 90, 'TPI': 32.74132492113563}
  TerraClimate: pr=71.1mm, soil=428.7mm
DIAGNOSTIC - SENSORS: {'LST': 15143.083333333334, 'NDVI': 0.547475, 'NDMI': 0.08344031125307083, 'Aerosol': 0.1, 'rain_list': [1.7, 0.0, 0.0, 0.0, 0.0, 0.0, 2.8, 1.7, 0.1, 0.0, 0.0, 0.0, 0.1, 0.0], 'pr': 71.06833073359512, 'soil': 428.68034558798524, 'Slope': 40.02685551196255, 'Aspect': 123.98189649682574, 'TPI': -26.78233438485813}
  TerraClimate: pr=70.2mm, soil=426.1mm
DIAGNOSTIC - SENSORS: {'LST': 15146.791666666666, 'NDVI': 0.610375, 'NDMI': 0.10929648578166962, 'Aerosol': 0.1, 'rain_list': [0.6, 0.0, 0.0, 0.0, 0.0, 0.0, 0.6, 0.4, 0.1, 0.0, 0.0, 0.0, 0.0, 0.0], 'pr': 70.15195326192486, 'soil': 426.1192940896159, 'Slope': 8.539404306656552, 'Aspect': 282.45163004980367, 'TPI': 50.750788643533156}
Flat terrain detected. Running Storm Hunter Catchment Scan...
Flat terrain detected. Running Storm Hunter Catchment Scan...
DIAGNOSTIC - FINAL CALIBRATED PROB: 0.0%
DIAGNOSTIC - FINAL CALIBRATED PROB: 0.0%
  TerraClimate: pr=69.1mm, soil=423.3mm
DIAGNOSTIC - SENSORS: {'LST': 15158.0, 'NDVI': 0.6668, 'NDMI': 0.13908740878105164, 'Aerosol': 0.1, 'rain_list': [0.6, 0.0, 0.0, 0.0, 0.0, 0.0, 0.6, 0.4, 0.1, 0.0, 0.0, 0.0, 0.0, 0.0], 'pr': 69.12776667594045, 'soil': 423.2569424149677, 'Slope': 34.977016512652625, 'Aspect': 346.3627258893034, 'TPI': -19.255520504731862}
DIAGNOSTIC - FINAL CALIBRATED PROB: 0.0%
DIAGNOSTIC - FINAL CALIBRATED PROB: 0.6%
DIAGNOSTIC - FINAL CALIBRATED PROB: 0.0%

[AREA SCAN] Started Center (27.2119, 86.4655)

[AREA SCAN] Started North (27.2254, 86.4655)

[AREA SCAN] Started South (27.1984, 86.4655)

[AREA SCAN] Started East (27.2119, 86.4790)

[AREA SCAN] Started West (27.2119, 86.4520)
  TerraClimate: pr=117.4mm, soil=541.9mm
DIAGNOSTIC - SENSORS: {'LST': 15205.791666666666, 'NDVI': 0.372525, 'NDMI': -0.03953488543629646, 'Aerosol': 0.1, 'rain_list': [0.0, 0.0, 0.0, 2.7, 1.4, 0.5, 0.0, 0.0, 0.2, 2.0, 0.0, 0.0, 0.0, 0.0], 'pr': 117.36745197043405, 'soil': 541.8793769125456, 'Slope': 23.368161976800437, 'Aspect': 233.17038839239393, 'TPI': 11.476340694006353}
DIAGNOSTIC - FINAL CALIBRATED PROB: 0.2%
  TerraClimate: pr=117.6mm, soil=541.4mm
DIAGNOSTIC - SENSORS: {'LST': 15190.416666666666, 'NDVI': 0.3657, 'NDMI': -0.04719545319676399, 'Aerosol': 0.1, 'rain_list': [0.0, 0.0, 0.0, 2.7, 1.4, 0.5, 0.0, 0.0, 0.2, 2.0, 0.0, 0.0, 0.0, 0.0], 'pr': 117.56514805769442, 'soil': 541.4459175038118, 'Slope': 27.896591845969386, 'Aspect': 168.09440771134905, 'TPI': 22.16088328075716}
  TerraClimate: pr=117.9mm, soil=540.7mm
DIAGNOSTIC - SENSORS: {'LST': 15112.958333333334, 'NDVI': 0.455375, 'NDMI': 0.008082901127636433, 'Aerosol': 0.1, 'rain_list': [0.0, 0.0, 0.0, 4.2, 0.3, 1.3, 0.2, 0.0, 0.3, 2.5, 0.0, 0.0, 0.0, 0.0], 'pr': 117.8897601515911, 'soil': 540.7341878573723, 'Slope': 17.571416688860356, 'Aspect': 131.6473687887989, 'TPI': 13.684542586750695}
  TerraClimate: pr=117.9mm, soil=543.6mm
DIAGNOSTIC - SENSORS: {'LST': 15152.125, 'NDVI': 0.371775, 'NDMI': -0.029237374663352966, 'Aerosol': 0.1, 'rain_list': [0.0, 0.0, 0.0, 2.7, 1.4, 0.5, 0.0, 0.0, 0.2, 2.0, 0.0, 0.0, 0.0, 0.0], 'pr': 117.90544680107791, 'soil': 543.5587871399806, 'Slope': 29.022663288840167, 'Aspect': 205.24868442480468, 'TPI': -59.74132492113563}
DIAGNOSTIC - FINAL CALIBRATED PROB: 12.9%
DIAGNOSTIC - FINAL CALIBRATED PROB: 0.1%
Flat terrain detected. Running Storm Hunter Catchment Scan...
DIAGNOSTIC - FINAL CALIBRATED PROB: 0.0%
  TerraClimate: pr=116.9mm, soil=537.2mm
DIAGNOSTIC - SENSORS: {'LST': 15151.96, 'NDVI': 0.415325, 'NDMI': -0.045008335262537, 'Aerosol': 0.1, 'rain_list': [0.0, 0.0, 0.0, 2.7, 1.4, 0.5, 0.0, 0.0, 0.2, 2.0, 0.0, 0.0, 0.0, 0.0], 'pr': 116.88455057092756, 'soil': 537.2201782314751, 'Slope': 26.37811960823836, 'Aspect': 138.6554690418731, 'TPI': 9.126182965299677}
DIAGNOSTIC - FINAL CALIBRATED PROB: 0.0%

[AREA SCAN] Started Center (27.1229, 87.1453)

[AREA SCAN] Started North (27.1364, 87.1453)

[AREA SCAN] Started South (27.1094, 87.1453)

[AREA SCAN] Started East (27.1229, 87.1588)

[AREA SCAN] Started West (27.1229, 87.1318)
  TerraClimate: pr=230.0mm, soil=886.7mm
DIAGNOSTIC - SENSORS: {'LST': 15036.70588235294, 'NDVI': 0.66235, 'NDMI': 0.19401922821998596, 'Aerosol': 0.1, 'rain_list': [0.1, 3.0, 3.9, 9.3, 2.7, 16.4, 5.8, 13.4, 7.4, 3.9, 3.0, 1.6, 0.4, 2.7], 'pr': 229.97229331583904, 'soil': 886.7428265490296, 'Slope': 15.884855044140332, 'Aspect': 253.4756160794397, 'TPI': 5.154574132492144}
Flat terrain detected. Running Storm Hunter Catchment Scan...
  TerraClimate: pr=228.8mm, soil=883.3mm
DIAGNOSTIC - SENSORS: {'LST': 15084.941176470587, 'NDVI': 0.6414, 'NDMI': 0.20738191902637482, 'Aerosol': 0.1, 'rain_list': [0.0, 3.8, 7.3, 13.3, 16.3, 26.5, 1.5, 15.8, 8.5, 2.7, 0.7, 0.3, 0.0, 4.4], 'pr': 228.8208183566661, 'soil': 883.3153298247234, 'Slope': 36.05572189268604, 'Aspect': 313.5736559707945, 'TPI': -4.189274447949629}
  TerraClimate: pr=230.0mm, soil=886.1mm
DIAGNOSTIC - SENSORS: {'LST': 15147.388888888889, 'NDVI': 0.57055, 'NDMI': 0.10996506363153458, 'Aerosol': 0.1, 'rain_list': [5.9, 6.1, 4.6, 9.9, 11.3, 23.4, 0.3, 13.3, 1.9, 2.0, 1.1, 0.5, 0.0, 2.5], 'pr': 229.96641250917136, 'soil': 886.1013534550046, 'Slope': 24.462231768164973, 'Aspect': 272.0391839048684, 'TPI': 10.996845425867605}
  TerraClimate: pr=230.0mm, soil=887.2mm
127.0.0.1 - - [01/Jun/2026 15:47:24] "POST /predict_area HTTP/1.1" 200 -
127.0.0.1 - - [01/Jun/2026 15:47:35] "POST /predict_area HTTP/1.1" 200 -
127.0.0.1 - - [01/Jun/2026 15:47:46] "POST /predict_area HTTP/1.1" 200 -
127.0.0.1 - - [01/Jun/2026 15:48:01] "POST /predict_area HTTP/1.1" 200 -
DIAGNOSTIC - SENSORS: {'LST': 15024.933333333332, 'NDVI': 0.595575, 'NDMI': 0.19283795356750488, 'Aerosol': 0.1, 'rain_list': [0.1, 3.0, 3.9, 9.3, 2.7, 16.4, 5.8, 13.4, 7.4, 3.9, 3.0, 1.6, 0.4, 2.7], 'pr': 229.98094609169664, 'soil': 887.1560337830604, 'Slope': 29.433509513125287, 'Aspect': 244.51077880637186, 'TPI': 12.031545741324862}
  TerraClimate: pr=231.2mm, soil=890.4mm
DIAGNOSTIC - SENSORS: {'LST': 15014.666666666666, 'NDVI': 0.6603, 'NDMI': 0.16996586322784424, 'Aerosol': 0.1, 'rain_list': [0.0, 3.8, 7.3, 13.3, 16.3, 26.5, 1.5, 15.8, 8.5, 2.7, 0.7, 0.3, 0.0, 4.4], 'pr': 231.20202385476153, 'soil': 890.4032599439197, 'Slope': 23.01854772776844, 'Aspect': 46.69903599655565, 'TPI': -7.271293375394407}
DIAGNOSTIC - FINAL CALIBRATED PROB: 0.0%
DIAGNOSTIC - FINAL CALIBRATED PROB: 0.0%
DIAGNOSTIC - FINAL CALIBRATED PROB: 0.4%
DIAGNOSTIC - FINAL CALIBRATED PROB: 33.0%
  TerraClimate: pr=230.0mm, soil=889.6mm
DIAGNOSTIC - FINAL CALIBRATED PROB: 0.1%

[AREA SCAN] Started Center (27.7353, 85.3091)

[AREA SCAN] Started North (27.7488, 85.3091)

[AREA SCAN] Started South (27.7218, 85.3091)

[AREA SCAN] Started East (27.7353, 85.3226)

[AREA SCAN] Started West (27.7353, 85.2956)
  TerraClimate: pr=39.1mm, soil=323.9mm
DIAGNOSTIC - SENSORS: {'LST': 14815.0, 'NDVI': 0.1596, 'NDMI': -0.07047095149755478, 'Aerosol': 0.1, 'rain_list': [0.0, 0.4, 0.0, 0.0, 0.0, 0.0, 0.0, 0.0, 0.5, 2.6, 0.6, 0.0, 0.0, 0.0], 'pr': 39.07147326125266, 'soil': 323.8663672971632, 'Slope': 3.4791654786480475, 'Aspect': 323.01278017508366, 'TPI': 4.056782334384934}
  TerraClimate: pr=39.1mm, soil=325.5mm
DIAGNOSTIC - SENSORS: {'LST': 14762.541666666666, 'NDVI': 0.230525, 'NDMI': -0.04019637778401375, 'Aerosol': 0.1, 'rain_list': [0.0, 3.1, 0.4, 0.0, 0.0, 0.0, 0.0, 0.4, 0.0, 1.1, 0.0, 0.3, 0.0, 0.0], 'pr': 39.10879143122147, 'soil': 325.5078301938346, 'Slope': 2.7802885155287553, 'Aspect': 180, 'TPI': -0.3943217665614611}
  TerraClimate: pr=38.9mm, soil=328.4mm
DIAGNOSTIC - SENSORS: {'LST': 14783.12, 'NDVI': 0.23965, 'NDMI': -0.03534430265426636, 'Aerosol': 0.1, 'rain_list': [0.0, 0.4, 0.0, 0.0, 0.0, 0.0, 0.0, 0.0, 0.5, 2.6, 0.6, 0.0, 0.0, 0.0], 'pr': 38.8594610790444, 'soil': 328.409645923843, 'Slope': 11.518732066670507, 'Aspect': 260.8589772151379, 'TPI': 1.151419558359521}
DIAGNOSTIC - FINAL CALIBRATED PROB: 0.0%
DIAGNOSTIC - FINAL CALIBRATED PROB: 0.0%
Flat terrain detected. Running Storm Hunter Catchment Scan...
  TerraClimate: pr=39.0mm, soil=321.9mm
DIAGNOSTIC - SENSORS: {'LST': 14839.807692307691, 'NDVI': 0.28105, 'NDMI': -0.043276213109493256, 'Aerosol': 0.1, 'rain_list': [0.0, 0.4, 0.0, 0.0, 0.0, 0.0, 0.0, 0.0, 0.5, 2.6, 0.6, 0.0, 0.0, 0.0], 'pr': 39.02730073353449, 'soil': 321.92341121538885, 'Slope': 0.9274099368611016, 'Aspect': 180, 'TPI': -3.7223974763408023}
DIAGNOSTIC - FINAL CALIBRATED PROB: 0.0%
  TerraClimate: pr=39.3mm, soil=319.3mm
DIAGNOSTIC - SENSORS: {'LST': 14866.423076923076, 'NDVI': 0.17505, 'NDMI': -0.08423913270235062, 'Aerosol': 0.1, 'rain_list': [0.0, 0.4, 0.0, 0.0, 0.0, 0.0, 0.0, 0.0, 0.5, 2.6, 0.6, 0.0, 0.0, 0.0], 'pr': 39.28348544346091, 'soil': 319.3230886704841, 'Slope': 3.6448853431380517, 'Aspect': 300.5467111700059, 'TPI': -1.0820189274447785}
DIAGNOSTIC - FINAL CALIBRATED PROB: 0.0%
DIAGNOSTIC - FINAL CALIBRATED PROB: 0.0%

[AREA SCAN] Started Center (28.3361, 81.2690)

[AREA SCAN] Started North (28.3496, 81.2690)

[AREA SCAN] Started South (28.3226, 81.2690)

[AREA SCAN] Started East (28.3361, 81.2825)

[AREA SCAN] Started West (28.3361, 81.2555)
  TerraClimate: pr=24.6mm, soil=444.9mm
DIAGNOSTIC - SENSORS: {'LST': 15359.115384615385, 'NDVI': 0.447075, 'NDMI': -0.07989497482776642, 'Aerosol': 0.1, 'rain_list': [0.0, 0.0, 0.3, 0.4, 0.0, 0.0, 0.0, 0.0, 0.0, 0.0, 0.0, 0.0, 0.0, 0.0], 'pr': 24.627088850875072, 'soil': 444.8957924144216, 'Slope': 2.106287520088793, 'Aspect': 270, 'TPI': 1.0757097791798174}
  TerraClimate: pr=25.1mm, soil=443.8mm
DIAGNOSTIC - SENSORS: {'LST': 15351.48, 'NDVI': 0.422275, 'NDMI': -0.02156500332057476, 'Aerosol': 0.1, 'rain_list': [0.0, 0.1, 0.3, 0.0, 0.0, 0.0, 0.0, 0.0, 0.0, 0.0, 0.0, 0.0, 0.0, 0.0], 'pr': 25.09696336344961, 'soil': 443.75189119018984, 'Slope': 1.8543341688295631, 'Aspect': 0, 'TPI': -1.31545741324922}
DIAGNOSTIC - FINAL CALIBRATED PROB: 0.0%
  TerraClimate: pr=25.2mm, soil=440.6mm
DIAGNOSTIC - SENSORS: {'LST': 15345.0, 'NDVI': 0.5594, 'NDMI': 0.12380538880825043, 'Aerosol': 0.1, 'rain_list': [0.0, 0.1, 0.3, 0.0, 0.0, 0.0, 0.0, 0.0, 0.0, 0.0, 0.0, 0.0, 0.0, 0.0], 'pr': 25.190974349908135, 'soil': 440.6478136205013, 'Slope': 4.258919222009842, 'Aspect': 29.59946299538062, 'TPI': 1.7917981072555165}
DIAGNOSTIC - FINAL CALIBRATED PROB: 0.0%
  TerraClimate: pr=24.7mm, soil=446.6mm
DIAGNOSTIC - SENSORS: {'LST': 15294.384615384615, 'NDVI': 0.612775, 'NDMI': 0.15128345787525177, 'Aerosol': 0.1, 'rain_list': [0.0, 0.0, 0.0, 0.0, 0.0, 0.0, 0.0, 0.0, 0.0, 0.0, 0.0, 0.0, 0.0, 0.0], 'pr': 24.715216056423653, 'soil': 446.553391989416, 'Slope': 2.132405138281481, 'Aspect': 330.40053700461937, 'TPI': 0.7760252365930569}
DIAGNOSTIC - FINAL CALIBRATED PROB: 0.0%
DIAGNOSTIC - FINAL CALIBRATED PROB: 0.0%
  TerraClimate: pr=24.9mm, soil=444.2mm
DIAGNOSTIC - SENSORS: {'LST': 15352.64, 'NDVI': 0.426525, 'NDMI': -0.06177089363336563, 'Aerosol': 0.1, 'rain_list': [0.0, 0.1, 0.3, 0.0, 0.0, 0.0, 0.0, 0.0, 0.0, 0.0, 0.0, 0.0, 0.0, 0.0], 'pr': 24.90243575524862, 'soil': 444.22943753868503, 'Slope': 2.3013306577026578, 'Aspect': 293.7537757171163, 'TPI': 0.8044164037854955}
DIAGNOSTIC - FINAL CALIBRATED PROB: 0.0%

[AREA SCAN] Started Center (27.7263, 86.7812)

[AREA SCAN] Started North (27.7398, 86.7812)

[AREA SCAN] Started South (27.7128, 86.7812)

[AREA SCAN] Started East (27.7263, 86.7947)

[AREA SCAN] Started West (27.7263, 86.7677)
  TerraClimate: pr=34.6mm, soil=516.8mm
DIAGNOSTIC - SENSORS: {'LST': 13068.875, 'NDVI': -0.000825, 'NDMI': 0.7233948111534119, 'Aerosol': 0.1, 'rain_list': [2.8, 0.6, 8.9, 4.3, 0.6, 0.3, 1.6, 0.4, 0.7, 3.9, 0.7, 0.0, 0.0, 0.3], 'pr': 34.64754485593896, 'soil': 516.8151025222588, 'Slope': 40.151358190710596, 'Aspect': 274.4020463551702, 'TPI': -68.90851735015804}
  TerraClimate: pr=34.7mm, soil=515.6mm
DIAGNOSTIC - SENSORS: {'LST': 13685.42857142857, 'NDVI': 0.2792, 'NDMI': 0.5485436916351318, 'Aerosol': 0.1, 'rain_list': [5.3, 2.5, 28.4, 12.7, 1.4, 1.6, 1.8, 2.1, 7.1, 6.4, 4.2, 0.0, 0.0, 1.7], 'pr': 34.69821785981233, 'soil': 515.565796564802, 'Slope': 35.50981883100472, 'Aspect': 247.31495214955987, 'TPI': 2.7602523659306826}
  TerraClimate: pr=34.6mm, soil=515.2mm
DIAGNOSTIC - SENSORS: {'LST': 13055.666666666666, 'NDVI': 0.0611, 'NDMI': 0.7581014633178711, 'Aerosol': 0.1, 'rain_list': [2.1, 1.0, 11.5, 1.6, 5.6, 6.1, 12.2, 1.1, 0.4, 4.6, 1.4, 0.0, 0.0, 2.0], 'pr': 34.615461845343575, 'soil': 515.1609393765559, 'Slope': 42.030727663730815, 'Aspect': 248.95020051418305, 'TPI': -26.42902208201849}
  TerraClimate: pr=34.6mm, soil=513.5mm
DIAGNOSTIC - SENSORS: {'LST': 12902.0, 'NDVI': -0.04185, 'NDMI': 0.6806215047836304, 'Aerosol': 0.1, 'rain_list': [2.8, 0.6, 8.9, 4.3, 0.6, 0.3, 1.6, 0.4, 0.7, 3.9, 0.7, 0.0, 0.0, 0.3], 'pr': 34.583378834748174, 'soil': 513.5067762308526, 'Slope': 28.084189196440878, 'Aspect': 13.882771921328603, 'TPI': -11.283911671924216}
DIAGNOSTIC - FINAL CALIBRATED PROB: 0.0%
DIAGNOSTIC - FINAL CALIBRATED PROB: 0.0%
DIAGNOSTIC - FINAL CALIBRATED PROB: 0.0%
  TerraClimate: pr=34.5mm, soil=514.8mm
DIAGNOSTIC - SENSORS: {'LST': 12941.0, 'NDVI': -0.045425, 'NDMI': 0.6822574138641357, 'Aerosol': 0.1, 'rain_list': [2.1, 1.0, 11.5, 1.6, 5.6, 6.1, 12.2, 1.1, 0.4, 4.6, 1.4, 0.0, 0.0, 2.0], 'pr': 34.54383910722632, 'soil': 514.810548162639, 'Slope': 11.698753488018877, 'Aspect': 62.02682578045316, 'TPI': -1.1072555205046228}
DIAGNOSTIC - FINAL CALIBRATED PROB: 0.0%
Flat terrain detected. Running Storm Hunter Catchment Scan...
  TerraClimate: pr=34.8mm, soil=509.6mm
DIAGNOSTIC - FINAL CALIBRATED PROB: 0.0%

[AREA SCAN] Started Center (26.9825, 87.3451)

[AREA SCAN] Started North (26.9960, 87.3451)

[AREA SCAN] Started South (26.9690, 87.3451)

[AREA SCAN] Started East (26.9825, 87.3586)

[AREA SCAN] Started West (26.9825, 87.3316)
  TerraClimate: pr=251.3mm, soil=954.8mm
127.0.0.1 - - [01/Jun/2026 15:48:19] "POST /predict_area HTTP/1.1" 200 -
127.0.0.1 - - [01/Jun/2026 15:48:30] "POST /predict_area HTTP/1.1" 200 -
127.0.0.1 - - [01/Jun/2026 15:48:41] "POST /predict_area HTTP/1.1" 200 -
DIAGNOSTIC - SENSORS: {'LST': 15115.64705882353, 'NDVI': 0.541075, 'NDMI': 0.13525721430778503, 'Aerosol': 0.1, 'rain_list': [4.6, 2.1, 0.3, 5.3, 2.2, 1.2, 20.9, 7.1, 8.1, 43.4, 5.4, 3.0, 11.4, 16.0], 'pr': 251.31166466329378, 'soil': 954.8412037732813, 'Slope': 11.862303674166826, 'Aspect': 107.9550610634351, 'TPI': -8.179810725551988}
Flat terrain detected. Running Storm Hunter Catchment Scan...
  TerraClimate: pr=250.9mm, soil=953.2mm
DIAGNOSTIC - SENSORS: {'LST': 15008.882352941177, 'NDVI': 0.6463, 'NDMI': 0.2145470231771469, 'Aerosol': 0.1, 'rain_list': [4.7, 0.2, 1.2, 1.2, 2.0, 7.7, 7.6, 2.7, 5.1, 12.5, 1.7, 1.4, 5.1, 4.9], 'pr': 250.92241077310584, 'soil': 953.1790067000222, 'Slope': 27.03117278806082, 'Aspect': 23.059223160247555, 'TPI': -29.611987381703443}
  TerraClimate: pr=249.5mm, soil=948.7mm
DIAGNOSTIC - SENSORS: {'LST': 15123.0, 'NDVI': 0.562775, 'NDMI': 0.15621735155582428, 'Aerosol': 0.1, 'rain_list': [4.7, 0.9, 1.7, 1.3, 1.4, 1.3, 7.4, 1.5, 12.3, 7.4, 2.8, 1.5, 3.4, 4.7], 'pr': 249.5126816216711, 'soil': 948.6812278129306, 'Slope': 10.295592556224534, 'Aspect': 270, 'TPI': 24.593059936908503}
DIAGNOSTIC - FINAL CALIBRATED PROB: 86.2%
Flat terrain detected. Running Storm Hunter Catchment Scan...
  TerraClimate: pr=251.6mm, soil=956.0mm
DIAGNOSTIC - SENSORS: {'LST': 15135.588235294117, 'NDVI': 0.5926, 'NDMI': 0.14476409554481506, 'Aerosol': 0.1, 'rain_list': [0.7, 0.9, 0.9, 5.2, 4.1, 9.1, 5.8, 2.8, 5.3, 39.5, 3.6, 2.1, 13.5, 7.3], 'pr': 251.58435713530127, 'soil': 956.007855888081, 'Slope': 22.38856328030864, 'Aspect': 61.864337465549525, 'TPI': 18.429022082018946}
  TerraClimate: pr=252.4mm, soil=958.5mm
DIAGNOSTIC - SENSORS: {'LST': 15135.941176470587, 'NDVI': 0.515975, 'NDMI': 0.09897458553314209, 'Aerosol': 0.1, 'rain_list': [4.7, 0.2, 1.2, 1.2, 2.0, 7.7, 7.6, 2.7, 5.1, 12.5, 1.7, 1.4, 5.1, 4.9], 'pr': 252.372259143057, 'soil': 958.4728313916992, 'Slope': 23.86801147026956, 'Aspect': 70.77587833657466, 'TPI': 8.567823343848545}
DIAGNOSTIC - FINAL CALIBRATED PROB: 40.5%
DIAGNOSTIC - FINAL CALIBRATED PROB: 37.9%
  TerraClimate: pr=249.3mm, soil=946.4mm
DIAGNOSTIC - FINAL CALIBRATED PROB: 83.8%
  TerraClimate: pr=247.7mm, soil=941.2mm
DIAGNOSTIC - FINAL CALIBRATED PROB: 0.4%

[AREA SCAN] Started Center (27.7815, 85.3595)

[AREA SCAN] Started North (27.7950, 85.3595)

[AREA SCAN] Started South (27.7680, 85.3595)

[AREA SCAN] Started East (27.7815, 85.3730)

[AREA SCAN] Started West (27.7815, 85.3460)
  TerraClimate: pr=93.4mm, soil=396.7mm
DIAGNOSTIC - SENSORS: {'LST': 15063.47619047619, 'NDVI': 0.409625, 'NDMI': 0.03664921596646309, 'Aerosol': 0.1, 'rain_list': [4.5, 0.3, 0.0, 0.0, 0.0, 0.0, 0.3, 11.5, 4.7, 1.6, 0.0, 0.4, 0.0, 0.1], 'pr': 93.39675897388658, 'soil': 396.6590682742459, 'Slope': 6.395046631928408, 'Aspect': 234.70967673817887, 'TPI': 0.9495268138800839}
  TerraClimate: pr=92.9mm, soil=394.1mm
DIAGNOSTIC - SENSORS: {'LST': 15035.809523809523, 'NDVI': 0.439125, 'NDMI': 0.06930693238973618, 'Aerosol': 0.1, 'rain_list': [8.3, 0.0, 0.0, 0.0, 0.0, 0.0, 2.2, 6.8, 2.3, 4.3, 0.0, 0.2, 0.0, 0.0], 'pr': 92.86335089600236, 'soil': 394.12486694804187, 'Slope': 17.47472247848166, 'Aspect': 261.1260944969504, 'TPI': -21.372239747634012}
DIAGNOSTIC - FINAL CALIBRATED PROB: 0.0%
Flat terrain detected. Running Storm Hunter Catchment Scan...
  TerraClimate: pr=94.1mm, soil=393.9mm
DIAGNOSTIC - SENSORS: {'LST': 15125.363636363636, 'NDVI': 0.366875, 'NDMI': 0.009931244887411594, 'Aerosol': 0.1, 'rain_list': [4.5, 0.3, 0.0, 0.0, 0.0, 0.0, 0.3, 11.5, 4.7, 1.6, 0.0, 0.4, 0.0, 0.1], 'pr': 94.10429524306429, 'soil': 393.86857602549355, 'Slope': 3.4795405034986966, 'Aspect': 143.00456201311232, 'TPI': -4.069400630914743}
  TerraClimate: pr=92.4mm, soil=400.6mm
DIAGNOSTIC - SENSORS: {'LST': 14851.4, 'NDVI': 0.767475, 'NDMI': 0.3515930771827698, 'Aerosol': 0.1, 'rain_list': [8.3, 0.0, 0.0, 0.0, 0.0, 0.0, 2.2, 6.8, 2.3, 4.3, 0.0, 0.2, 0.0, 0.0], 'pr': 92.3870739277914, 'soil': 400.55945223804724, 'Slope': 29.040353340286142, 'Aspect': 172.42460762681756, 'TPI': 4.088328075709796}
DIAGNOSTIC - FINAL CALIBRATED PROB: 0.0%
DIAGNOSTIC - FINAL CALIBRATED PROB: 0.0%
DIAGNOSTIC - FINAL CALIBRATED PROB: 0.0%
  TerraClimate: pr=94.2mm, soil=400.5mm
DIAGNOSTIC - SENSORS: {'LST': 15087.047619047618, 'NDVI': 0.67945, 'NDMI': 0.2966144382953644, 'Aerosol': 0.1, 'rain_list': [8.3, 0.0, 0.0, 0.0, 0.0, 0.0, 2.2, 6.8, 2.3, 4.3, 0.0, 0.2, 0.0, 0.0], 'pr': 94.20307351022319, 'soil': 400.48983772083335, 'Slope': 29.48309775431368, 'Aspect': 129.0422156121909, 'TPI': 10.85488958990527}
DIAGNOSTIC - FINAL CALIBRATED PROB: 5.9%

[AREA SCAN] Started Center (27.6468, 85.6199)

[AREA SCAN] Started North (27.6603, 85.6199)

[AREA SCAN] Started South (27.6333, 85.6199)

[AREA SCAN] Started East (27.6468, 85.6334)

[AREA SCAN] Started West (27.6468, 85.6064)
  TerraClimate: pr=135.5mm, soil=546.2mm
DIAGNOSTIC - SENSORS: {'LST': 15111.52380952381, 'NDVI': 0.44905, 'NDMI': 0.040873460471630096, 'Aerosol': 0.1, 'rain_list': [0.0, 1.7, 0.2, 0.1, 0.0, 0.0, 0.0, 4.6, 0.0, 0.0, 0.0, 0.0, 0.1, 0.0], 'pr': 135.46569519021602, 'soil': 546.1790297024163, 'Slope': 3.137972334999028, 'Aspect': 270, 'TPI': 4.116719242902263}
  TerraClimate: pr=135.8mm, soil=545.6mm
DIAGNOSTIC - SENSORS: {'LST': 15045.0, 'NDVI': 0.492025, 'NDMI': 0.028523489832878113, 'Aerosol': 0.1, 'rain_list': [0.0, 1.7, 0.2, 0.1, 0.0, 0.0, 0.0, 4.6, 0.0, 0.0, 0.0, 0.0, 0.1, 0.0], 'pr': 135.82699059513646, 'soil': 545.635568412221, 'Slope': 11.883978202558998, 'Aspect': 0, 'TPI': 16.630914826498383}
DIAGNOSTIC - FINAL CALIBRATED PROB: 0.0%
  TerraClimate: pr=136.7mm, soil=547.2mm
DIAGNOSTIC - SENSORS: {'LST': 15104.857142857143, 'NDVI': 0.488025, 'NDMI': 0.004626952111721039, 'Aerosol': 0.1, 'rain_list': [0.0, 1.7, 0.2, 0.1, 0.0, 0.0, 0.0, 4.6, 0.0, 0.0, 0.0, 0.0, 0.1, 0.0], 'pr': 136.68463959405352, 'soil': 547.2103470813863, 'Slope': 10.07142416311519, 'Aspect': 335.70077850903, 'TPI': 2.574132492113563}
  TerraClimate: pr=135.2mm, soil=546.5mm
DIAGNOSTIC - SENSORS: {'LST': 15130.238095238095, 'NDVI': 0.39715, 'NDMI': -0.022345080971717834, 'Aerosol': 0.1, 'rain_list': [0.0, 1.7, 0.2, 0.1, 0.0, 0.0, 0.0, 4.6, 0.0, 0.0, 0.0, 0.0, 0.1, 0.0], 'pr': 135.22103845932534, 'soil': 546.5470428595557, 'Slope': 1.8543341688295631, 'Aspect': 180, 'TPI': -18.53943217665619}
Flat terrain detected. Running Storm Hunter Catchment Scan...
Flat terrain detected. Running Storm Hunter Catchment Scan...
DIAGNOSTIC - FINAL CALIBRATED PROB: 0.0%
  TerraClimate: pr=133.8mm, soil=544.7mm
DIAGNOSTIC - SENSORS: {'LST': 15110.57142857143, 'NDVI': 0.3904, 'NDMI': -0.02557770349085331, 'Aerosol': 0.1, 'rain_list': [0.0, 1.7, 0.2, 0.1, 0.0, 0.0, 0.0, 4.6, 0.0, 0.0, 0.0, 0.0, 0.1, 0.0], 'pr': 133.7674072548071, 'soil': 544.742049037092, 'Slope': 7.517787583649217, 'Aspect': 255.7987764732306, 'TPI': -15.293375394321743}
DIAGNOSTIC - FINAL CALIBRATED PROB: 0.0%
DIAGNOSTIC - FINAL CALIBRATED PROB: 0.0%
DIAGNOSTIC - FINAL CALIBRATED PROB: 0.0%

[AREA SCAN] Started Center (27.1200, 87.5364)

[AREA SCAN] Started North (27.1335, 87.5364)

[AREA SCAN] Started South (27.1065, 87.5364)

[AREA SCAN] Started East (27.1200, 87.5499)

[AREA SCAN] Started West (27.1200, 87.5229)
  TerraClimate: pr=125.5mm, soil=654.6mm
DIAGNOSTIC - SENSORS: {'LST': 15004.95652173913, 'NDVI': 0.4645, 'NDMI': -0.032962821424007416, 'Aerosol': 0.1, 'rain_list': [15.2, 0.0, 0.0, 0.0, 0.0, 0.0, 0.9, 2.4, 0.3, 0.1, 0.0, 0.0, 0.1, 0.0], 'pr': 125.45813172425402, 'soil': 654.643952248329, 'Slope': 5.277242773115132, 'Aspect': 259.90646331994736, 'TPI': 0.028391167192467037}
DIAGNOSTIC - FINAL CALIBRATED PROB: 0.0%
  TerraClimate: pr=125.7mm, soil=654.8mm
DIAGNOSTIC - SENSORS: {'LST': 15027.208333333334, 'NDVI': 0.485625, 'NDMI': 0.017715618014335632, 'Aerosol': 0.1, 'rain_list': [15.2, 0.0, 0.0, 0.0, 0.0, 0.0, 0.9, 2.4, 0.3, 0.1, 0.0, 0.0, 0.1, 0.0], 'pr': 125.65202376423983, 'soil': 654.7545252275027, 'Slope': 13.814340692133586, 'Aspect': 297.44104165133933, 'TPI': 13.722397476340802}
Flat terrain detected. Running Storm Hunter Catchment Scan...
  TerraClimate: pr=125.2mm, soil=655.4mm
127.0.0.1 - - [01/Jun/2026 15:49:00] "POST /predict_area HTTP/1.1" 200 -
127.0.0.1 - - [01/Jun/2026 15:49:09] "POST /predict_area HTTP/1.1" 200 -
127.0.0.1 - - [01/Jun/2026 15:49:21] "POST /predict_area HTTP/1.1" 200 -
DIAGNOSTIC - SENSORS: {'LST': 15010.695652173914, 'NDVI': 0.455325, 'NDMI': -0.0789031907916069, 'Aerosol': 0.1, 'rain_list': [15.2, 0.0, 0.0, 0.0, 0.0, 0.0, 0.9, 2.4, 0.3, 0.1, 0.0, 0.0, 0.1, 0.0], 'pr': 125.16230328148858, 'soil': 655.3682591548877, 'Slope': 17.563838080511207, 'Aspect': 48.32919944251514, 'TPI': -2.798107255520563}
  TerraClimate: pr=125.7mm, soil=653.9mm
DIAGNOSTIC - SENSORS: {'LST': 15041.652173913044, 'NDVI': 0.50435, 'NDMI': -0.009696186520159245, 'Aerosol': 0.1, 'rain_list': [15.2, 0.0, 0.0, 0.0, 0.0, 0.0, 0.9, 2.4, 0.3, 0.1, 0.0, 0.0, 0.1, 0.0], 'pr': 125.74837849828802, 'soil': 653.9333115098186, 'Slope': 11.927011756958537, 'Aspect': 175.06047437646365, 'TPI': 6.6403785488957965}
Flat terrain detected. Running Storm Hunter Catchment Scan...
Flat terrain detected. Running Storm Hunter Catchment Scan...
  TerraClimate: pr=125.3mm, soil=654.5mm
DIAGNOSTIC - SENSORS: {'LST': 14959.521739130434, 'NDVI': 0.495325, 'NDMI': -0.028005974367260933, 'Aerosol': 0.1, 'rain_list': [15.2, 0.0, 0.0, 0.0, 0.0, 0.0, 0.9, 2.4, 0.3, 0.1, 0.0, 0.0, 0.1, 0.0], 'pr': 125.26423968426823, 'soil': 654.5333792691556, 'Slope': 13.722888511692409, 'Aspect': 21.866021835140018, 'TPI': -4.214511041009473}
Flat terrain detected. Running Storm Hunter Catchment Scan...
  TerraClimate: pr=125.4mm, soil=649.5mm
DIAGNOSTIC - FINAL CALIBRATED PROB: 0.0%
  TerraClimate: pr=123.5mm, soil=656.3mm
DIAGNOSTIC - FINAL CALIBRATED PROB: 0.0%
  TerraClimate: pr=125.4mm, soil=651.4mm
DIAGNOSTIC - FINAL CALIBRATED PROB: 0.0%
  TerraClimate: pr=125.1mm, soil=649.5mm
DIAGNOSTIC - FINAL CALIBRATED PROB: 0.0%

[AREA SCAN] Started Center (26.8304, 86.2525)

[AREA SCAN] Started North (26.8439, 86.2525)

[AREA SCAN] Started South (26.8169, 86.2525)

[AREA SCAN] Started East (26.8304, 86.2660)

[AREA SCAN] Started West (26.8304, 86.2390)
  TerraClimate: pr=20.1mm, soil=409.9mm
DIAGNOSTIC - SENSORS: {'LST': 15177.576923076924, 'NDVI': 0.350275, 'NDMI': -0.023439211770892143, 'Aerosol': 0.1, 'rain_list': [0.0, 0.0, 0.0, 0.0, 0.0, 0.0, 0.0, 0.0, 0.8, 0.9, 0.0, 0.0, 0.0, 0.0], 'pr': 20.102694977213496, 'soil': 409.8750799936024, 'Slope': 2.7838846697308672, 'Aspect': 228.25595443893687, 'TPI': -1.5078864353312298}
DIAGNOSTIC - FINAL CALIBRATED PROB: 0.0%
  TerraClimate: pr=20.2mm, soil=410.6mm
DIAGNOSTIC - SENSORS: {'LST': 15195.04, 'NDVI': 0.4007, 'NDMI': -0.0041063325479626656, 'Aerosol': 0.1, 'rain_list': [0.0, 0.0, 0.0, 0.0, 0.0, 0.0, 0.0, 0.0, 0.4, 1.1, 0.0, 0.0, 0.0, 0.0], 'pr': 20.171281402644322, 'soil': 410.5526018097028, 'Slope': 3.2496780665753935, 'Aspect': 73.43493535828884, 'TPI': 2.9621451104100913}
  TerraClimate: pr=20.9mm, soil=409.4mm
DIAGNOSTIC - SENSORS: {'LST': 15147.192307692309, 'NDVI': 0.52865, 'NDMI': 0.06573356688022614, 'Aerosol': 0.1, 'rain_list': [0.0, 0.0, 0.0, 0.0, 0.0, 0.0, 0.0, 0.0, 0.8, 0.9, 0.0, 0.0, 0.0, 0.0], 'pr': 20.936085836266592, 'soil': 409.4354367579764, 'Slope': 1.3928575042856057, 'Aspect': 228.25937546469146, 'TPI': 0.7760252365930569}
DIAGNOSTIC - FINAL CALIBRATED PROB: 0.0%
DIAGNOSTIC - FINAL CALIBRATED PROB: 0.0%
  TerraClimate: pr=20.0mm, soil=409.3mm
DIAGNOSTIC - SENSORS: {'LST': 15170.615384615385, 'NDVI': 0.413175, 'NDMI': 0.029515938833355904, 'Aerosol': 0.1, 'rain_list': [0.0, 0.0, 0.0, 0.0, 0.0, 0.0, 0.0, 0.0, 0.8, 0.9, 0.0, 0.0, 0.0, 0.0], 'pr': 20.04641893583436, 'soil': 409.3191646573148, 'Slope': 1.39276434062988, 'Aspect': 311.74404555815084, 'TPI': -2.022082018927449}
DIAGNOSTIC - FINAL CALIBRATED PROB: 0.0%
  TerraClimate: pr=19.7mm, soil=410.1mm
DIAGNOSTIC - SENSORS: {'LST': 15173.807692307691, 'NDVI': 0.41435, 'NDMI': -0.0017174753593280911, 'Aerosol': 0.1, 'rain_list': [0.0, 0.0, 0.0, 0.0, 0.0, 0.0, 0.0, 0.0, 0.8, 0.9, 0.0, 0.0, 0.0, 0.0], 'pr': 19.68599954768687, 'soil': 410.0949016114155, 'Slope': 1.3926731470203917, 'Aspect': 311.74739485888824, 'TPI': 0.7444794952681377}
DIAGNOSTIC - FINAL CALIBRATED PROB: 0.0%

[AREA SCAN] Started Center (27.0972, 86.7939)

[AREA SCAN] Started North (27.1107, 86.7939)

[AREA SCAN] Started South (27.0837, 86.7939)

[AREA SCAN] Started East (27.0972, 86.8074)

[AREA SCAN] Started West (27.0972, 86.7804)
  TerraClimate: pr=116.7mm, soil=555.5mm
DIAGNOSTIC - SENSORS: {'LST': 14995.695652173914, 'NDVI': 0.551675, 'NDMI': 0.005103082396090031, 'Aerosol': 0.1, 'rain_list': [0.0, 0.0, 0.0, 0.0, 0.0, 0.1, 3.1, 0.0, 0.0, 0.0, 0.0, 0.0, 0.0, 1.7], 'pr': 116.68957943049882, 'soil': 555.4684785890664, 'Slope': 5.512594766369315, 'Aspect': 250.39949289577925, 'TPI': 12.334384858044132}
  TerraClimate: pr=116.4mm, soil=553.2mm
DIAGNOSTIC - SENSORS: {'LST': 15073.24, 'NDVI': 0.410375, 'NDMI': -0.080050028860569, 'Aerosol': 0.1, 'rain_list': [0.0, 0.0, 0.0, 0.1, 0.4, 1.4, 1.8, 0.2, 0.0, 0.0, 0.0, 0.0, 0.2, 3.1], 'pr': 116.38494328668075, 'soil': 553.2142953480018, 'Slope': 30.990599080498715, 'Aspect': 165.985777541561, 'TPI': -1.7886435331229222}
  TerraClimate: pr=116.5mm, soil=553.9mm
DIAGNOSTIC - SENSORS: {'LST': 15027.695652173914, 'NDVI': 0.53295, 'NDMI': 0.007758268620818853, 'Aerosol': 0.1, 'rain_list': [0.0, 0.0, 0.0, 0.0, 0.0, 0.1, 3.1, 0.0, 0.0, 0.0, 0.0, 0.0, 0.0, 1.7], 'pr': 116.5346512264155, 'soil': 553.9357638090579, 'Slope': 32.178187141884685, 'Aspect': 316.0849440770022, 'TPI': 32.78233438485813}
  TerraClimate: pr=117.0mm, soil=557.7mm
DIAGNOSTIC - SENSORS: {'LST': 15077.130434782608, 'NDVI': 0.443725, 'NDMI': -0.0410272479057312, 'Aerosol': 0.1, 'rain_list': [0.0, 0.0, 0.0, 0.1, 0.4, 1.4, 1.8, 0.2, 0.0, 0.0, 0.0, 0.0, 0.2, 3.1], 'pr': 116.99149930060902, 'soil': 557.6957895580144, 'Slope': 20.567421545953124, 'Aspect': 219.0547749764737, 'TPI': 3.2239747634068863}
DIAGNOSTIC - FINAL CALIBRATED PROB: 0.0%
  TerraClimate: pr=116.9mm, soil=557.6mm
DIAGNOSTIC - SENSORS: {'LST': 14979.041666666666, 'NDVI': 0.4808, 'NDMI': -0.04109097272157669, 'Aerosol': 0.1, 'rain_list': [0.0, 0.0, 0.7, 0.1, 0.0, 1.6, 1.0, 1.2, 0.0, 0.0, 0.0, 0.0, 0.0, 3.8], 'pr': 116.90964790220808, 'soil': 557.6456302652144, 'Slope': 13.335354076548374, 'Aspect': 332.59571222345653, 'TPI': 7.287066246056838}
DIAGNOSTIC - FINAL CALIBRATED PROB: 65.7%
DIAGNOSTIC - FINAL CALIBRATED PROB: 71.5%
DIAGNOSTIC - FINAL CALIBRATED PROB: 58.4%
Flat terrain detected. Running Storm Hunter Catchment Scan...
DIAGNOSTIC - FINAL CALIBRATED PROB: 54.5%

[AREA SCAN] Started Center (27.1491, 87.5945)

[AREA SCAN] Started North (27.1626, 87.5945)

[AREA SCAN] Started South (27.1356, 87.5945)

[AREA SCAN] Started East (27.1491, 87.6080)

[AREA SCAN] Started West (27.1491, 87.5810)
  TerraClimate: pr=59.9mm, soil=593.0mm
DIAGNOSTIC - SENSORS: {'LST': 14912.291666666666, 'NDVI': 0.48725, 'NDMI': -0.01919720694422722, 'Aerosol': 0.1, 'rain_list': [0.0, 0.0, 0.0, 1.8, 0.0, 0.0, 3.1, 1.6, 2.8, 9.1, 15.1, 13.6, 1.9, 0.3], 'pr': 59.924545955570636, 'soil': 592.9954454627322, 'Slope': 11.63812052220726, 'Aspect': 141.8087703288431, 'TPI': -4.943217665615066}
Flat terrain detected. Running Storm Hunter Catchment Scan...
  TerraClimate: pr=60.3mm, soil=596.2mm
DIAGNOSTIC - SENSORS: {'LST': 14858.416666666666, 'NDVI': 0.59055, 'NDMI': 0.0683206096291542, 'Aerosol': 0.1, 'rain_list': [0.0, 0.0, 0.0, 0.7, 0.0, 0.0, 1.8, 3.7, 3.3, 7.1, 15.3, 9.9, 3.5, 0.9], 'pr': 60.252459172025304, 'soil': 596.2148100862158, 'Slope': 25.268909460268354, 'Aspect': 43.93176774810558, 'TPI': 19.11356466876964}
  TerraClimate: pr=60.0mm, soil=592.9mm
DIAGNOSTIC - SENSORS: {'LST': 14923.791666666666, 'NDVI': 0.524825, 'NDMI': -0.01757972128689289, 'Aerosol': 0.1, 'rain_list': [0.0, 0.0, 0.0, 0.7, 0.0, 0.0, 1.8, 3.7, 3.3, 7.1, 15.3, 9.9, 3.5, 0.9], 'pr': 60.009692616158425, 'soil': 592.9292445699662, 'Slope': 19.467454591206725, 'Aspect': 214.48047718915356, 'TPI': 2.2776025236591977}
DIAGNOSTIC - FINAL CALIBRATED PROB: 0.2%
Flat terrain detected. Running Storm Hunter Catchment Scan...
  TerraClimate: pr=59.8mm, soil=593.1mm
DIAGNOSTIC - SENSORS: {'LST': 14891.692307692309, 'NDVI': 0.578325, 'NDMI': 0.16608211398124695, 'Aerosol': 0.1, 'rain_list': [0.0, 0.0, 0.0, 0.7, 0.0, 0.0, 2.9, 2.9, 1.1, 0.5, 6.8, 0.6, 0.7, 0.1], 'pr': 59.8336126287293, 'soil': 593.0661454452978, 'Slope': 20.442286524893166, 'Aspect': 77.45846201144981, 'TPI': 2.6025236593059162}
127.0.0.1 - - [01/Jun/2026 15:49:41] "POST /predict_area HTTP/1.1" 200 -
127.0.0.1 - - [01/Jun/2026 15:49:44] "OPTIONS /predict_area HTTP/1.1" 200 -
127.0.0.1 - - [01/Jun/2026 15:49:51] "POST /predict_area HTTP/1.1" 200 -
127.0.0.1 - - [01/Jun/2026 15:49:52] "POST /predict_area HTTP/1.1" 200 -
127.0.0.1 - - [01/Jun/2026 15:49:58] "POST /predict_area HTTP/1.1" 200 -
  TerraClimate: pr=59.3mm, soil=586.6mm
DIAGNOSTIC - SENSORS: {'LST': 14990.08, 'NDVI': 0.6004, 'NDMI': 0.10537738353013992, 'Aerosol': 0.1, 'rain_list': [0.0, 0.0, 0.0, 0.7, 0.0, 0.0, 2.9, 2.9, 1.1, 0.5, 6.8, 0.6, 0.7, 0.1], 'pr': 59.26871952266104, 'soil': 586.5567162157621, 'Slope': 19.39713221803827, 'Aspect': 248.41999315786848, 'TPI': -5.804416403785581}
DIAGNOSTIC - FINAL CALIBRATED PROB: 0.1%
Flat terrain detected. Running Storm Hunter Catchment Scan...
  TerraClimate: pr=61.4mm, soil=612.9mm
DIAGNOSTIC - FINAL CALIBRATED PROB: 0.0%
  TerraClimate: pr=62.9mm, soil=621.3mm
DIAGNOSTIC - FINAL CALIBRATED PROB: 0.0%
  TerraClimate: pr=61.0mm, soil=608.9mm
DIAGNOSTIC - FINAL CALIBRATED PROB: 0.0%

[AREA SCAN] Started Center (28.1275, 82.8494)

[AREA SCAN] Started North (28.1410, 82.8494)

[AREA SCAN] Started South (28.1140, 82.8494)

[AREA SCAN] Started East (28.1275, 82.8629)

[AREA SCAN] Started West (28.1275, 82.8359)

[AREA SCAN] Started Center (27.9059, 85.7563)

[AREA SCAN] Started North (27.9194, 85.7563)

[AREA SCAN] Started South (27.8924, 85.7563)

[AREA SCAN] Started East (27.9059, 85.7698)

[AREA SCAN] Started West (27.9059, 85.7428)
  TerraClimate: pr=61.0mm, soil=375.2mm
DIAGNOSTIC - SENSORS: {'LST': 15202.17857142857, 'NDVI': 0.5464, 'NDMI': 0.05527442693710327, 'Aerosol': 0.1, 'rain_list': [0.0, 0.0, 0.0, 0.0, 0.0, 1.6, 0.9, 0.8, 0.3, 0.0, 0.0, 0.0, 0.0, 0.0], 'pr': 60.98067747221099, 'soil': 375.1731822259402, 'Slope': 16.27407194801995, 'Aspect': 70.56690021095099, 'TPI': 20.64037854889591}
  TerraClimate: pr=62.1mm, soil=373.6mm
DIAGNOSTIC - SENSORS: {'LST': 15150.807692307691, 'NDVI': 0.571, 'NDMI': 0.14467409253120422, 'Aerosol': 0.1, 'rain_list': [0.0, 0.0, 0.0, 0.0, 0.0, 0.0, 0.8, 0.5, 1.5, 0.0, 0.0, 0.0, 0.0, 0.0], 'pr': 62.078524879273296, 'soil': 373.63873734341735, 'Slope': 37.59130873803531, 'Aspect': 325.08949803535467, 'TPI': 14.164037854889557}
  TerraClimate: pr=62.9mm, soil=378.8mm
DIAGNOSTIC - SENSORS: {'LST': 15141.407407407407, 'NDVI': 0.6294, 'NDMI': 0.10870089381933212, 'Aerosol': 0.1, 'rain_list': [0.0, 0.0, 0.0, 0.0, 0.0, 1.6, 0.9, 0.8, 0.3, 0.0, 0.0, 0.0, 0.0, 0.0], 'pr': 62.93332605937956, 'soil': 378.75774847427255, 'Slope': 29.666406011681808, 'Aspect': 75.18078479477313, 'TPI': -66.2776025236592}
  TerraClimate: pr=61.6mm, soil=374.2mm
DIAGNOSTIC - SENSORS: {'LST': 15174.0, 'NDVI': 0.48345, 'NDMI': 0.038896553218364716, 'Aerosol': 0.1, 'rain_list': [0.0, 0.0, 0.0, 0.0, 0.0, 0.0, 0.8, 0.5, 1.5, 0.0, 0.0, 0.0, 0.0, 0.0], 'pr': 61.61456362023834, 'soil': 374.2430993251431, 'Slope': 55.475543100012196, 'Aspect': 242.1148738601319, 'TPI': 54.85488958990527}
Flat terrain detected. Running Storm Hunter Catchment Scan...
DIAGNOSTIC - FINAL CALIBRATED PROB: 0.0%
DIAGNOSTIC - FINAL CALIBRATED PROB: 0.0%
  TerraClimate: pr=60.9mm, soil=371.7mm
DIAGNOSTIC - SENSORS: {'LST': 15199.538461538461, 'NDVI': 0.472325, 'NDMI': 0.007109995931386948, 'Aerosol': 0.1, 'rain_list': [0.0, 0.0, 0.0, 0.0, 0.0, 1.6, 0.9, 0.8, 0.3, 0.0, 0.0, 0.0, 0.0, 0.0], 'pr': 60.85419414227321, 'soil': 371.6557541268804, 'Slope': 2.2975701254437655, 'Aspect': 246.20490244252656, 'TPI': -29.62145110410097}
DIAGNOSTIC - FINAL CALIBRATED PROB: 96.9%
DIAGNOSTIC - FINAL CALIBRATED PROB: 0.0%
  TerraClimate: pr=55.3mm, soil=256.0mm
DIAGNOSTIC - SENSORS: {'LST': 14949.583333333334, 'NDVI': 0.509525, 'NDMI': 0.011856308206915855, 'Aerosol': 0.1, 'rain_list': [0.7, 3.2, 18.8, 0.7, 7.9, 2.1, 6.8, 4.7, 0.0, 1.9, 1.8, 0.6, 0.2, 1.5], 'pr': 55.259936042269196, 'soil': 255.95402717807409, 'Slope': 42.748375375236435, 'Aspect': 176.59166213442444, 'TPI': -22.84227129337546}
  TerraClimate: pr=54.5mm, soil=260.0mm
DIAGNOSTIC - SENSORS: {'LST': 14835.384615384615, 'NDVI': 0.50795, 'NDMI': 0.01514563150703907, 'Aerosol': 0.1, 'rain_list': [3.9, 5.3, 16.1, 1.0, 9.4, 5.3, 7.4, 8.1, 1.3, 5.8, 5.3, 2.4, 2.7, 4.4], 'pr': 54.496464502523175, 'soil': 260.01488125720863, 'Slope': 41.587446526206335, 'Aspect': 128.3297391657177, 'TPI': -28.788643533122922}
  TerraClimate: pr=55.2mm, soil=253.8mm
DIAGNOSTIC - SENSORS: {'LST': 14756.0, 'NDVI': 0.62325, 'NDMI': 0.17775210738182068, 'Aerosol': 0.1, 'rain_list': [3.9, 5.3, 16.1, 1.0, 9.4, 5.3, 7.4, 8.1, 1.3, 5.8, 5.3, 2.4, 2.7, 4.4], 'pr': 55.241214981751426, 'soil': 253.75840195160362, 'Slope': 38.57620261004678, 'Aspect': 105.29801241297618, 'TPI': -13.801261829652958}
  TerraClimate: pr=55.3mm, soil=257.5mm
DIAGNOSTIC - SENSORS: {'LST': 14922.692307692309, 'NDVI': 0.587775, 'NDMI': 0.09280537068843842, 'Aerosol': 0.1, 'rain_list': [0.7, 3.2, 18.8, 0.7, 7.9, 2.1, 6.8, 4.7, 0.0, 1.9, 1.8, 0.6, 0.2, 1.5], 'pr': 55.27295302966048, 'soil': 257.48067284335536, 'Slope': 34.03283813536153, 'Aspect': 257.5417937809768, 'TPI': -15.526813880126156}
DIAGNOSTIC - FINAL CALIBRATED PROB: 0.0%

[AREA SCAN] Started Center (28.1319, 82.6947)

[AREA SCAN] Started North (28.1454, 82.6947)

[AREA SCAN] Started South (28.1184, 82.6947)

[AREA SCAN] Started East (28.1319, 82.7082)

[AREA SCAN] Started West (28.1319, 82.6812)
DIAGNOSTIC - FINAL CALIBRATED PROB: 0.0%
DIAGNOSTIC - FINAL CALIBRATED PROB: 0.0%
DIAGNOSTIC - FINAL CALIBRATED PROB: 0.0%
  TerraClimate: pr=56.0mm, soil=251.9mm
DIAGNOSTIC - SENSORS: {'LST': 14960.857142857143, 'NDVI': 0.502875, 'NDMI': 0.0007493442972190678, 'Aerosol': 0.1, 'rain_list': [0.7, 3.2, 18.8, 0.7, 7.9, 2.1, 6.8, 4.7, 0.0, 1.9, 1.8, 0.6, 0.2, 1.5], 'pr': 56.02340758201512, 'soil': 251.89317309894005, 'Slope': 38.52208749206306, 'Aspect': 33.51683833057455, 'TPI': 88.61514195583595}
DIAGNOSTIC - FINAL CALIBRATED PROB: 0.0%
DIAGNOSTIC - FINAL CALIBRATED PROB: 3.1%
  TerraClimate: pr=14.6mm, soil=372.0mm
DIAGNOSTIC - SENSORS: {'LST': 14800.56, 'NDVI': 0.687175, 'NDMI': 0.19121447205543518, 'Aerosol': 0.1, 'rain_list': [0.0, 0.0, 0.0, 0.1, 0.6, 0.0, 0.0, 0.0, 2.1, 0.1, 0.9, 0.7, 0.0, 0.0], 'pr': 14.632372607269499, 'soil': 372.00162746524364, 'Slope': 42.83802179107328, 'Aspect': 332.91793994915287, 'TPI': 6.955835962145102}
  TerraClimate: pr=15.3mm, soil=370.5mm
DIAGNOSTIC - SENSORS: {'LST': 14861.5, 'NDVI': 0.679625, 'NDMI': 0.19339622557163239, 'Aerosol': 0.1, 'rain_list': [0.0, 0.0, 0.0, 0.4, 0.0, 0.0, 0.0, 0.0, 0.4, 0.1, 0.4, 3.8, 0.0, 0.0], 'pr': 15.30488202687271, 'soil': 370.4532373682771, 'Slope': 27.905151987582514, 'Aspect': 347.99664361950187, 'TPI': -36.548895899053605}
DIAGNOSTIC - FINAL CALIBRATED PROB: 0.0%
DIAGNOSTIC - FINAL CALIBRATED PROB: 0.0%
  TerraClimate: pr=14.3mm, soil=369.1mm
DIAGNOSTIC - SENSORS: {'LST': 14780.692307692309, 'NDVI': 0.687575, 'NDMI': 0.2637465000152588, 'Aerosol': 0.1, 'rain_list': [0.0, 0.0, 0.0, 0.0, 1.2, 0.0, 0.0, 0.0, 2.0, 0.0, 1.8, 1.1, 0.0, 0.0], 'pr': 14.314399960577385, 'soil': 369.1357066030438, 'Slope': 36.11932814184415, 'Aspect': 44.77614474093217, 'TPI': -31.107255520504623}
  TerraClimate: pr=14.8mm, soil=369.8mm
DIAGNOSTIC - SENSORS: {'LST': 14790.62962962963, 'NDVI': 0.543375, 'NDMI': 0.0872313529253006, 'Aerosol': 0.1, 'rain_list': [0.0, 0.0, 0.0, 0.0, 1.2, 0.0, 0.0, 0.0, 2.0, 0.0, 1.8, 1.1, 0.0, 0.0], 'pr': 14.789101043041503, 'soil': 369.76714991910035, 'Slope': 32.30883520541894, 'Aspect': 356.67189116637434, 'TPI': 18.208201892744455}
  TerraClimate: pr=15.0mm, soil=366.6mm
DIAGNOSTIC - SENSORS: {'LST': 14830.961538461539, 'NDVI': 0.6871, 'NDMI': 0.23622047901153564, 'Aerosol': 0.1, 'rain_list': [0.0, 0.0, 0.0, 0.0, 1.2, 0.0, 0.0, 0.0, 2.0, 0.0, 1.8, 1.1, 0.0, 0.0], 'pr': 15.008520853122375, 'soil': 366.63888135449855, 'Slope': 35.080672984369926, 'Aspect': 83.3821307471958, 'TPI': 23.3627760252366}
DIAGNOSTIC - FINAL CALIBRATED PROB: 0.0%
DIAGNOSTIC - FINAL CALIBRATED PROB: 0.0%
DIAGNOSTIC - FINAL CALIBRATED PROB: 0.4%

[AREA SCAN] Started Center (28.7033, 80.5670)

[AREA SCAN] Started North (28.7168, 80.5670)

[AREA SCAN] Started South (28.6898, 80.5670)

[AREA SCAN] Started East (28.7033, 80.5805)

[AREA SCAN] Started West (28.7033, 80.5535)
  TerraClimate: pr=56.9mm, soil=421.3mm
127.0.0.1 - - [01/Jun/2026 15:50:06] "POST /predict_area HTTP/1.1" 200 -
127.0.0.1 - - [01/Jun/2026 15:50:08] "OPTIONS /predict_area HTTP/1.1" 200 -
127.0.0.1 - - [01/Jun/2026 15:50:16] "POST /predict_area HTTP/1.1" 200 -
127.0.0.1 - - [01/Jun/2026 15:50:19] "POST /predict_area HTTP/1.1" 200 -
DIAGNOSTIC - SENSORS: {'LST': 15282.07142857143, 'NDVI': 0.28495, 'NDMI': -0.01984732784330845, 'Aerosol': 0.1, 'rain_list': [0.0, 0.0, 0.0, 0.0, 0.0, 0.0, 0.0, 0.0, 0.0, 0.0, 0.0, 0.0, 0.0, 0.0], 'pr': 56.93252013733798, 'soil': 421.2590466461207, 'Slope': 1.0573097565129836, 'Aspect': 90, 'TPI': -1.3186119873817006}
DIAGNOSTIC - FINAL CALIBRATED PROB: 0.0%
  TerraClimate: pr=56.5mm, soil=421.9mm
DIAGNOSTIC - SENSORS: {'LST': 15259.25, 'NDVI': 0.42215, 'NDMI': 0.02689804695546627, 'Aerosol': 0.1, 'rain_list': [0.0, 0.0, 0.0, 0.0, 0.0, 0.0, 0.0, 0.0, 0.0, 0.0, 0.0, 0.0, 0.0, 0.0], 'pr': 56.547190070586055, 'soil': 421.9439907000198, 'Slope': 1.0573097565129836, 'Aspect': 270, 'TPI': -0.08201892744480688}
  TerraClimate: pr=57.5mm, soil=420.2mm
DIAGNOSTIC - SENSORS: {'LST': 15284.25, 'NDVI': 0.35375, 'NDMI': -0.014782608486711979, 'Aerosol': 0.1, 'rain_list': [0.0, 0.0, 0.0, 0.0, 0.0, 0.0, 0.0, 0.0, 0.0, 0.0, 0.0, 0.0, 0.0, 0.0], 'pr': 57.526381769625836, 'soil': 420.20342698658254, 'Slope': 4.212060981469208, 'Aspect': 131.25459091549655, 'TPI': -3.4574132492113563}
  TerraClimate: pr=55.6mm, soil=423.4mm
DIAGNOSTIC - SENSORS: {'LST': 15279.551724137931, 'NDVI': 0.435125, 'NDMI': 0.020642202347517014, 'Aerosol': 0.1, 'rain_list': [0.0, 0.0, 0.0, 0.0, 0.0, 0.0, 0.0, 0.0, 0.0, 0.0, 0.0, 0.0, 0.0, 0.0], 'pr': 55.624307813141336, 'soil': 423.3837206069624, 'Slope': 0, 'Aspect': 0, 'TPI': -2.2555205047318623}
DIAGNOSTIC - FINAL CALIBRATED PROB: 0.0%
DIAGNOSTIC - FINAL CALIBRATED PROB: 0.0%
DIAGNOSTIC - FINAL CALIBRATED PROB: 0.0%
  TerraClimate: pr=57.6mm, soil=420.2mm
DIAGNOSTIC - SENSORS: {'LST': 15297.074074074075, 'NDVI': 0.3319, 'NDMI': -0.054187193512916565, 'Aerosol': 0.1, 'rain_list': [0.0, 0.0, 0.0, 0.0, 0.0, 0.0, 0.0, 0.0, 0.0, 0.0, 0.0, 0.0, 0.0, 0.0], 'pr': 57.58662629943643, 'soil': 420.1967096656995, 'Slope': 1.4063739017451111, 'Aspect': 311.25097070148627, 'TPI': -1.4258675078864371}
DIAGNOSTIC - FINAL CALIBRATED PROB: 0.0%

[AREA SCAN] Started Center (27.7815, 85.3595)

[AREA SCAN] Started North (27.7950, 85.3595)

[AREA SCAN] Started South (27.7680, 85.3595)

[AREA SCAN] Started East (27.7815, 85.3730)

[AREA SCAN] Started West (27.7815, 85.3460)

[AREA SCAN] Started Center (27.9059, 85.7563)

[AREA SCAN] Started North (27.9194, 85.7563)

[AREA SCAN] Started South (27.8924, 85.7563)

[AREA SCAN] Started East (27.9059, 85.7698)

[AREA SCAN] Started West (27.9059, 85.7428)
  TerraClimate: pr=93.4mm, soil=396.7mm
DIAGNOSTIC - SENSORS: {'LST': 15059.52380952381, 'NDVI': 0.409625, 'NDMI': 0.03664921596646309, 'Aerosol': 0.1, 'rain_list': [4.3, 4.5, 0.3, 0.0, 0.0, 0.0, 0.0, 0.3, 11.5, 4.7, 1.6, 0.0, 0.4, 0.0], 'pr': 93.39675897388658, 'soil': 396.6590682742459, 'Slope': 6.395046631928408, 'Aspect': 234.70967673817887, 'TPI': 0.9495268138800839}
  TerraClimate: pr=92.4mm, soil=400.6mm
DIAGNOSTIC - SENSORS: {'LST': 14848.733333333334, 'NDVI': 0.767475, 'NDMI': 0.3515930771827698, 'Aerosol': 0.1, 'rain_list': [3.5, 8.3, 0.0, 0.0, 0.0, 0.0, 0.0, 2.2, 6.8, 2.3, 4.3, 0.0, 0.2, 0.0], 'pr': 92.3870739277914, 'soil': 400.55945223804724, 'Slope': 29.040353340286142, 'Aspect': 172.42460762681756, 'TPI': 4.088328075709796}
  TerraClimate: pr=94.2mm, soil=400.5mm
DIAGNOSTIC - SENSORS: {'LST': 15081.285714285714, 'NDVI': 0.67945, 'NDMI': 0.2966144382953644, 'Aerosol': 0.1, 'rain_list': [3.5, 8.3, 0.0, 0.0, 0.0, 0.0, 0.0, 2.2, 6.8, 2.3, 4.3, 0.0, 0.2, 0.0], 'pr': 94.20307351022319, 'soil': 400.48983772083335, 'Slope': 29.48309775431368, 'Aspect': 129.0422156121909, 'TPI': 10.85488958990527}
  TerraClimate: pr=94.1mm, soil=393.9mm
DIAGNOSTIC - SENSORS: {'LST': 15119.454545454546, 'NDVI': 0.366875, 'NDMI': 0.009931244887411594, 'Aerosol': 0.1, 'rain_list': [4.3, 4.5, 0.3, 0.0, 0.0, 0.0, 0.0, 0.3, 11.5, 4.7, 1.6, 0.0, 0.4, 0.0], 'pr': 94.10429524306429, 'soil': 393.86857602549355, 'Slope': 3.4795405034986966, 'Aspect': 143.00456201311232, 'TPI': -4.069400630914743}
DIAGNOSTIC - FINAL CALIBRATED PROB: 0.0%
  TerraClimate: pr=92.9mm, soil=394.1mm
DIAGNOSTIC - SENSORS: {'LST': 15031.857142857143, 'NDVI': 0.439125, 'NDMI': 0.06930693238973618, 'Aerosol': 0.1, 'rain_list': [3.5, 8.3, 0.0, 0.0, 0.0, 0.0, 0.0, 2.2, 6.8, 2.3, 4.3, 0.0, 0.2, 0.0], 'pr': 92.86335089600236, 'soil': 394.12486694804187, 'Slope': 17.47472247848166, 'Aspect': 261.1260944969504, 'TPI': -21.372239747634012}
DIAGNOSTIC - FINAL CALIBRATED PROB: 0.0%
DIAGNOSTIC - FINAL CALIBRATED PROB: 0.0%
DIAGNOSTIC - FINAL CALIBRATED PROB: 9.6%
Flat terrain detected. Running Storm Hunter Catchment Scan...
  TerraClimate: pr=55.3mm, soil=257.5mm
DIAGNOSTIC - SENSORS: {'LST': 14935.538461538461, 'NDVI': 0.587775, 'NDMI': 0.09280537068843842, 'Aerosol': 0.1, 'rain_list': [3.2, 18.8, 0.7, 7.9, 2.1, 6.8, 4.7, 0.0, 1.9, 1.8, 0.6, 0.2, 1.5, 10.7], 'pr': 55.27295302966048, 'soil': 257.48067284335536, 'Slope': 34.03283813536153, 'Aspect': 257.5417937809768, 'TPI': -15.526813880126156}
  TerraClimate: pr=56.0mm, soil=251.9mm
DIAGNOSTIC - SENSORS: {'LST': 14982.714285714286, 'NDVI': 0.502875, 'NDMI': 0.0007493442972190678, 'Aerosol': 0.1, 'rain_list': [3.2, 18.8, 0.7, 7.9, 2.1, 6.8, 4.7, 0.0, 1.9, 1.8, 0.6, 0.2, 1.5, 10.7], 'pr': 56.02340758201512, 'soil': 251.89317309894005, 'Slope': 38.52208749206306, 'Aspect': 33.51683833057455, 'TPI': 88.61514195583595}
DIAGNOSTIC - FINAL CALIBRATED PROB: 0.0%
  TerraClimate: pr=54.5mm, soil=260.0mm
DIAGNOSTIC - SENSORS: {'LST': 14845.923076923076, 'NDVI': 0.50795, 'NDMI': 0.01514563150703907, 'Aerosol': 0.1, 'rain_list': [5.3, 16.1, 1.0, 9.4, 5.3, 7.4, 8.1, 1.3, 5.8, 5.3, 2.4, 2.7, 4.4, 10.9], 'pr': 54.496464502523175, 'soil': 260.01488125720863, 'Slope': 41.587446526206335, 'Aspect': 128.3297391657177, 'TPI': -28.788643533122922}
DIAGNOSTIC - FINAL CALIBRATED PROB: 7.1%
DIAGNOSTIC - FINAL CALIBRATED PROB: 0.0%
DIAGNOSTIC - FINAL CALIBRATED PROB: 0.1%

[AREA SCAN] Started Center (29.0239, 81.4788)

[AREA SCAN] Started North (29.0374, 81.4788)

[AREA SCAN] Started South (29.0104, 81.4788)

[AREA SCAN] Started East (29.0239, 81.4923)

[AREA SCAN] Started West (29.0239, 81.4653)
  TerraClimate: pr=55.3mm, soil=256.0mm
DIAGNOSTIC - SENSORS: {'LST': 14968.75, 'NDVI': 0.509525, 'NDMI': 0.011856308206915855, 'Aerosol': 0.1, 'rain_list': [3.2, 18.8, 0.7, 7.9, 2.1, 6.8, 4.7, 0.0, 1.9, 1.8, 0.6, 0.2, 1.5, 10.7], 'pr': 55.259936042269196, 'soil': 255.95402717807409, 'Slope': 42.748375375236435, 'Aspect': 176.59166213442444, 'TPI': -22.84227129337546}
  TerraClimate: pr=55.2mm, soil=253.8mm
DIAGNOSTIC - SENSORS: {'LST': 14769.166666666666, 'NDVI': 0.62325, 'NDMI': 0.17775210738182068, 'Aerosol': 0.1, 'rain_list': [5.3, 16.1, 1.0, 9.4, 5.3, 7.4, 8.1, 1.3, 5.8, 5.3, 2.4, 2.7, 4.4, 10.9], 'pr': 55.241214981751426, 'soil': 253.75840195160362, 'Slope': 38.57620261004678, 'Aspect': 105.29801241297618, 'TPI': -13.801261829652958}
DIAGNOSTIC - FINAL CALIBRATED PROB: 0.0%
DIAGNOSTIC - FINAL CALIBRATED PROB: 0.2%
  TerraClimate: pr=29.2mm, soil=427.2mm
DIAGNOSTIC - SENSORS: {'LST': 15136.620689655172, 'NDVI': 0.580925, 'NDMI': 0.11968235671520233, 'Aerosol': 0.1, 'rain_list': [0.1, 0.0, 0.1, 0.0, 0.0, 0.0, 0.0, 0.0, 0.0, 0.5, 0.0, 0.0, 0.0, 0.0], 'pr': 29.227509953733385, 'soil': 427.1625794478935, 'Slope': 47.22383980986941, 'Aspect': 245.20512104896775, 'TPI': -44.70347003154575}
  TerraClimate: pr=29.0mm, soil=427.3mm
DIAGNOSTIC - SENSORS: {'LST': 15193.758620689656, 'NDVI': 0.488825, 'NDMI': 0.03215636685490608, 'Aerosol': 0.1, 'rain_list': [0.1, 0.0, 2.4, 0.1, 0.0, 0.0, 0.0, 0.0, 0.0, 0.4, 0.2, 0.0, 0.0, 0.0], 'pr': 28.963219942609985, 'soil': 427.2934901957681, 'Slope': 22.576799178765924, 'Aspect': 20.86966904984703, 'TPI': 5.712933753943162}
DIAGNOSTIC - FINAL CALIBRATED PROB: 0.0%
DIAGNOSTIC - FINAL CALIBRATED PROB: 0.0%
  TerraClimate: pr=29.1mm, soil=425.8mm
DIAGNOSTIC - SENSORS: {'LST': 15129.275862068966, 'NDVI': 0.5334, 'NDMI': 0.08552774786949158, 'Aerosol': 0.1, 'rain_list': [0.1, 0.1, 0.7, 0.1, 0.1, 0.0, 0.0, 0.0, 0.0, 0.8, 0.0, 0.0, 0.0, 0.0], 'pr': 29.053334102198765, 'soil': 425.76922258893967, 'Slope': 33.82691740536865, 'Aspect': 7.939581711300832, 'TPI': 16.43848580441636}
  TerraClimate: pr=28.9mm, soil=424.9mm
127.0.0.1 - - [01/Jun/2026 15:50:24] "POST /predict_area HTTP/1.1" 200 -
127.0.0.1 - - [01/Jun/2026 15:50:34] "OPTIONS /predict_area HTTP/1.1" 200 -
127.0.0.1 - - [01/Jun/2026 15:50:35] "POST /predict_area HTTP/1.1" 200 -
127.0.0.1 - - [01/Jun/2026 15:50:42] "POST /predict_area HTTP/1.1" 200 -
127.0.0.1 - - [01/Jun/2026 15:50:52] "POST /predict_area HTTP/1.1" 200 -
DIAGNOSTIC - SENSORS: {'LST': 15135.206896551725, 'NDVI': 0.5632, 'NDMI': 0.13286712765693665, 'Aerosol': 0.1, 'rain_list': [0.6, 0.0, 2.4, 0.2, 0.0, 0.0, 0.0, 0.0, 0.0, 0.5, 0.0, 0.0, 0.0, 0.0], 'pr': 28.942435833147805, 'soil': 424.8745783162583, 'Slope': 22.10179812497455, 'Aspect': 326.835533777623, 'TPI': 21.46056782334381}
  TerraClimate: pr=29.1mm, soil=424.7mm
DIAGNOSTIC - SENSORS: {'LST': 15097.655172413793, 'NDVI': 0.5119, 'NDMI': 0.07726835459470749, 'Aerosol': 0.1, 'rain_list': [0.1, 0.2, 1.2, 2.6, 0.3, 0.0, 0.0, 0.0, 0.0, 0.1, 0.0, 0.0, 0.0, 0.0], 'pr': 29.119901947419045, 'soil': 424.69027694350575, 'Slope': 22.001149222903518, 'Aspect': 66.38191555305859, 'TPI': -0.13880126182971253}
DIAGNOSTIC - FINAL CALIBRATED PROB: 0.0%
DIAGNOSTIC - FINAL CALIBRATED PROB: 0.0%
DIAGNOSTIC - FINAL CALIBRATED PROB: 0.0%

[AREA SCAN] Started Center (28.6902, 80.9514)

[AREA SCAN] Started North (28.7037, 80.9514)

[AREA SCAN] Started South (28.6767, 80.9514)

[AREA SCAN] Started East (28.6902, 80.9649)

[AREA SCAN] Started West (28.6902, 80.9379)
  TerraClimate: pr=71.0mm, soil=396.3mm
DIAGNOSTIC - SENSORS: {'LST': 15274.91304347826, 'NDVI': 0.5459, 'NDMI': 0.09151047468185425, 'Aerosol': 0.1, 'rain_list': [0.0, 0.0, 0.0, 0.0, 0.0, 0.0, 0.0, 0.0, 0.6, 0.5, 0.0, 0.0, 0.0, 0.0], 'pr': 70.9676011569123, 'soil': 396.31096675351324, 'Slope': 0.9274099368670311, 'Aspect': 0, 'TPI': 2.2681388012618413}
  TerraClimate: pr=70.5mm, soil=397.6mm
DIAGNOSTIC - SENSORS: {'LST': 15228.416666666666, 'NDVI': 0.4821, 'NDMI': 0.19163241982460022, 'Aerosol': 0.1, 'rain_list': [0.0, 0.0, 0.0, 0.0, 0.0, 0.0, 0.0, 0.0, 0.1, 0.1, 0.0, 0.0, 0.0, 0.0], 'pr': 70.47483237107, 'soil': 397.561207643439, 'Slope': 11.779242845666666, 'Aspect': 117.75953617721292, 'TPI': 7.64037854889591}
  TerraClimate: pr=69.9mm, soil=398.5mm
DIAGNOSTIC - SENSORS: {'LST': 15245.5, 'NDVI': 0.56145, 'NDMI': 0.12975779175758362, 'Aerosol': 0.1, 'rain_list': [0.0, 0.0, 0.0, 0.0, 0.0, 0.0, 0.0, 0.0, 0.1, 0.1, 0.0, 0.0, 0.0, 0.0], 'pr': 69.9376040924885, 'soil': 398.4953553992255, 'Slope': 3.4904783271141793, 'Aspect': 142.76632969119066, 'TPI': 1.8138801261829656}
  TerraClimate: pr=70.2mm, soil=398.2mm
DIAGNOSTIC - SENSORS: {'LST': 15289.52, 'NDVI': 0.4444, 'NDMI': -0.004611991345882416, 'Aerosol': 0.1, 'rain_list': [0.0, 0.0, 0.0, 0.0, 0.0, 0.0, 0.0, 0.0, 0.1, 0.1, 0.0, 0.0, 0.0, 0.0], 'pr': 70.22844797814878, 'soil': 398.18632808840204, 'Slope': 5.547544894612033, 'Aspect': 0, 'TPI': -8.67823343848579}
DIAGNOSTIC - FINAL CALIBRATED PROB: 0.1%
DIAGNOSTIC - FINAL CALIBRATED PROB: 0.0%
Flat terrain detected. Running Storm Hunter Catchment Scan...
  TerraClimate: pr=71.0mm, soil=396.7mm
DIAGNOSTIC - SENSORS: {'LST': 15259.782608695652, 'NDVI': 0.40195, 'NDMI': -0.02645721286535263, 'Aerosol': 0.1, 'rain_list': [0.0, 0.0, 0.0, 0.0, 0.0, 0.0, 0.0, 0.0, 0.1, 0.1, 0.0, 0.0, 0.0, 0.0], 'pr': 70.97848388224013, 'soil': 396.68544412238913, 'Slope': 4.21175884271686, 'Aspect': 131.25820919010894, 'TPI': -0.5141955835962051}
DIAGNOSTIC - FINAL CALIBRATED PROB: 0.0%
DIAGNOSTIC - FINAL CALIBRATED PROB: 0.0%

[AREA SCAN] Started Center (27.9059, 85.7563)

[AREA SCAN] Started North (27.9194, 85.7563)

[AREA SCAN] Started South (27.8924, 85.7563)

[AREA SCAN] Started East (27.9059, 85.7698)

[AREA SCAN] Started West (27.9059, 85.7428)
DIAGNOSTIC - FINAL CALIBRATED PROB: 0.0%

[AREA SCAN] Started Center (27.4277, 86.7138)

[AREA SCAN] Started North (27.4412, 86.7138)

[AREA SCAN] Started South (27.4142, 86.7138)

[AREA SCAN] Started East (27.4277, 86.7273)

[AREA SCAN] Started West (27.4277, 86.7003)
  TerraClimate: pr=54.5mm, soil=260.0mm
DIAGNOSTIC - SENSORS: {'LST': 14845.923076923076, 'NDVI': 0.50795, 'NDMI': 0.01514563150703907, 'Aerosol': 0.1, 'rain_list': [16.1, 1.0, 9.4, 5.3, 7.4, 8.1, 1.3, 5.8, 5.3, 2.4, 2.7, 4.4, 10.9, 9.4], 'pr': 54.496464502523175, 'soil': 260.01488125720863, 'Slope': 41.587446526206335, 'Aspect': 128.3297391657177, 'TPI': -28.788643533122922}
  TerraClimate: pr=56.0mm, soil=251.9mm
DIAGNOSTIC - SENSORS: {'LST': 14982.714285714286, 'NDVI': 0.502875, 'NDMI': 0.0007493442972190678, 'Aerosol': 0.1, 'rain_list': [18.8, 0.7, 7.9, 2.1, 6.8, 4.7, 0.0, 1.9, 1.8, 0.6, 0.2, 1.5, 10.7, 5.9], 'pr': 56.02340758201512, 'soil': 251.89317309894005, 'Slope': 38.52208749206306, 'Aspect': 33.51683833057455, 'TPI': 88.61514195583595}
  TerraClimate: pr=55.3mm, soil=256.0mm
DIAGNOSTIC - SENSORS: {'LST': 14968.75, 'NDVI': 0.509525, 'NDMI': 0.011856308206915855, 'Aerosol': 0.1, 'rain_list': [18.8, 0.7, 7.9, 2.1, 6.8, 4.7, 0.0, 1.9, 1.8, 0.6, 0.2, 1.5, 10.7, 5.9], 'pr': 55.259936042269196, 'soil': 255.95402717807409, 'Slope': 42.748375375236435, 'Aspect': 176.59166213442444, 'TPI': -22.84227129337546}
DIAGNOSTIC - FINAL CALIBRATED PROB: 30.0%
DIAGNOSTIC - FINAL CALIBRATED PROB: 37.6%
DIAGNOSTIC - FINAL CALIBRATED PROB: 30.0%
  TerraClimate: pr=109.4mm, soil=644.0mm
DIAGNOSTIC - SENSORS: {'LST': 15022.466666666667, 'NDVI': 0.603775, 'NDMI': 0.09742587059736252, 'Aerosol': 0.1, 'rain_list': [9.8, 18.6, 12.0, 0.8, 0.0, 0.1, 0.0, 0.1, 2.3, 6.0, 4.7, 11.8, 0.8, 1.5], 'pr': 109.4027119668529, 'soil': 644.0148963983286, 'Slope': 34.609047652540916, 'Aspect': 318.6460791896142, 'TPI': -24.28706624605684}
  TerraClimate: pr=55.3mm, soil=257.5mm
DIAGNOSTIC - SENSORS: {'LST': 14935.538461538461, 'NDVI': 0.587775, 'NDMI': 0.09280537068843842, 'Aerosol': 0.1, 'rain_list': [18.8, 0.7, 7.9, 2.1, 6.8, 4.7, 0.0, 1.9, 1.8, 0.6, 0.2, 1.5, 10.7, 5.9], 'pr': 55.27295302966048, 'soil': 257.48067284335536, 'Slope': 34.03283813536153, 'Aspect': 257.5417937809768, 'TPI': -15.526813880126156}
DIAGNOSTIC - FINAL CALIBRATED PROB: 0.1%
DIAGNOSTIC - FINAL CALIBRATED PROB: 30.0%
  TerraClimate: pr=55.2mm, soil=253.8mm
DIAGNOSTIC - SENSORS: {'LST': 14769.166666666666, 'NDVI': 0.62325, 'NDMI': 0.17775210738182068, 'Aerosol': 0.1, 'rain_list': [16.1, 1.0, 9.4, 5.3, 7.4, 8.1, 1.3, 5.8, 5.3, 2.4, 2.7, 4.4, 10.9, 9.4], 'pr': 55.241214981751426, 'soil': 253.75840195160362, 'Slope': 38.57620261004678, 'Aspect': 105.29801241297618, 'TPI': -13.801261829652958}
  TerraClimate: pr=110.0mm, soil=647.5mm
DIAGNOSTIC - SENSORS: {'LST': 14917.533333333333, 'NDVI': 0.631675, 'NDMI': 0.19086909294128418, 'Aerosol': 0.1, 'rain_list': [8.3, 12.8, 11.1, 0.9, 0.0, 0.0, 0.0, 0.0, 12.4, 4.5, 5.0, 10.1, 2.5, 1.0], 'pr': 109.99240651013892, 'soil': 647.4808102545238, 'Slope': 14.580298073836515, 'Aspect': 330.60649158789545, 'TPI': -7.119873817034659}
  TerraClimate: pr=108.6mm, soil=638.3mm
DIAGNOSTIC - SENSORS: {'LST': 15010.058823529413, 'NDVI': 0.577225, 'NDMI': 0.08691935241222382, 'Aerosol': 0.1, 'rain_list': [9.8, 18.6, 12.0, 0.8, 0.0, 0.1, 0.0, 0.1, 2.3, 6.0, 4.7, 11.8, 0.8, 1.5], 'pr': 108.55264823146281, 'soil': 638.311532600322, 'Slope': 27.33826535451837, 'Aspect': 237.83885105331092, 'TPI': 10.369085173501617}
  TerraClimate: pr=109.8mm, soil=646.9mm
DIAGNOSTIC - SENSORS: {'LST': 15103.214285714286, 'NDVI': 0.572525, 'NDMI': 0.14095449447631836, 'Aerosol': 0.1, 'rain_list': [9.8, 18.6, 12.0, 0.8, 0.0, 0.1, 0.0, 0.1, 2.3, 6.0, 4.7, 11.8, 0.8, 1.5], 'pr': 109.82774383454777, 'soil': 646.8665782973309, 'Slope': 7.675592321076481, 'Aspect': 147.22349841537525, 'TPI': -47.37539432176652}
  TerraClimate: pr=108.9mm, soil=641.1mm
DIAGNOSTIC - SENSORS: {'LST': 15059.375, 'NDVI': 0.543125, 'NDMI': 0.049849849194288254, 'Aerosol': 0.1, 'rain_list': [9.8, 18.6, 12.0, 0.8, 0.0, 0.1, 0.0, 0.1, 2.3, 6.0, 4.7, 11.8, 0.8, 1.5], 'pr': 108.90018966040046, 'soil': 641.0613350252233, 'Slope': 34.13333997680708, 'Aspect': 264.51891265533925, 'TPI': -14.3186119873817}
DIAGNOSTIC - FINAL CALIBRATED PROB: 0.0%
DIAGNOSTIC - FINAL CALIBRATED PROB: 0.0%
DIAGNOSTIC - FINAL CALIBRATED PROB: 31.9%
DIAGNOSTIC - FINAL CALIBRATED PROB: 0.1%
Flat terrain detected. Running Storm Hunter Catchment Scan...
  TerraClimate: pr=110.2mm, soil=650.0mm
DIAGNOSTIC - FINAL CALIBRATED PROB: 0.0%

[AREA SCAN] Started Center (27.6110, 85.2643)

[AREA SCAN] Started North (27.6245, 85.2643)

[AREA SCAN] Started South (27.5975, 85.2643)

[AREA SCAN] Started East (27.6110, 85.2778)

[AREA SCAN] Started West (27.6110, 85.2508)
  TerraClimate: pr=165.9mm, soil=629.3mm
127.0.0.1 - - [01/Jun/2026 15:51:05] "POST /predict_area HTTP/1.1" 200 -
127.0.0.1 - - [01/Jun/2026 15:51:14] "POST /predict_area HTTP/1.1" 200 -
127.0.0.1 - - [01/Jun/2026 15:51:26] "POST /predict_area HTTP/1.1" 200 -
DIAGNOSTIC - SENSORS: {'LST': 14921.318181818182, 'NDVI': 0.4484, 'NDMI': 0.024632422253489494, 'Aerosol': 0.1, 'rain_list': [0.0, 0.0, 0.0, 0.4, 0.0, 1.8, 5.9, 4.9, 3.4, 1.1, 0.4, 0.0, 5.4, 0.0], 'pr': 165.86030325461684, 'soil': 629.3399562412765, 'Slope': 8.754010788908095, 'Aspect': 71.61660243752696, 'TPI': 9.807570977917976}
Flat terrain detected. Running Storm Hunter Catchment Scan...
  TerraClimate: pr=165.8mm, soil=632.1mm
DIAGNOSTIC - SENSORS: {'LST': 14892.772727272728, 'NDVI': 0.4646333333333333, 'NDMI': 0.040337711572647095, 'Aerosol': 0.1, 'rain_list': [0.0, 0.0, 0.0, 0.4, 0.0, 1.8, 5.9, 4.9, 3.4, 1.1, 0.4, 0.0, 5.4, 0.0], 'pr': 165.8279177629138, 'soil': 632.1070949538714, 'Slope': 25.864297869137335, 'Aspect': 78.44304098930344, 'TPI': -27.905362776025186}
  TerraClimate: pr=164.7mm, soil=627.8mm
DIAGNOSTIC - SENSORS: {'LST': 14925.681818181818, 'NDVI': 0.3206, 'NDMI': -0.048450056463479996, 'Aerosol': 0.1, 'rain_list': [0.0, 0.0, 0.0, 0.4, 0.0, 1.8, 5.9, 4.9, 3.4, 1.1, 0.4, 0.0, 5.4, 0.0], 'pr': 164.66238980899746, 'soil': 627.7911511981558, 'Slope': 7.25510665321289, 'Aspect': 59.42784922868088, 'TPI': 5.151419558359521}
  TerraClimate: pr=163.0mm, soil=625.6mm
DIAGNOSTIC - SENSORS: {'LST': 14854.142857142857, 'NDVI': 0.4377333333333333, 'NDMI': 0.07514702528715134, 'Aerosol': 0.1, 'rain_list': [0.0, 0.0, 0.0, 0.4, 0.0, 1.8, 5.9, 4.9, 3.4, 1.1, 0.4, 0.0, 5.4, 0.0], 'pr': 162.98531098513072, 'soil': 625.6228241377878, 'Slope': 11.040312143068968, 'Aspect': 174.62684902231783, 'TPI': -12.820189274448012}
  TerraClimate: pr=163.3mm, soil=622.6mm
DIAGNOSTIC - SENSORS: {'LST': 14928.454545454546, 'NDVI': 0.4393, 'NDMI': 0.02714388631284237, 'Aerosol': 0.1, 'rain_list': [0.0, 0.0, 0.0, 0.4, 0.0, 1.8, 5.9, 4.9, 3.4, 1.1, 0.4, 0.0, 5.4, 0.0], 'pr': 163.2565468130365, 'soil': 622.5853221319836, 'Slope': 26.020222957512697, 'Aspect': 48.45540697645099, 'TPI': 12.889589905362755}
DIAGNOSTIC - FINAL CALIBRATED PROB: 74.2%
Flat terrain detected. Running Storm Hunter Catchment Scan...
DIAGNOSTIC - FINAL CALIBRATED PROB: 0.0%
DIAGNOSTIC - FINAL CALIBRATED PROB: 5.8%
DIAGNOSTIC - FINAL CALIBRATED PROB: 8.1%
  TerraClimate: pr=165.4mm, soil=641.6mm
DIAGNOSTIC - FINAL CALIBRATED PROB: 70.9%

[AREA SCAN] Started Center (28.5283, 81.1193)

[AREA SCAN] Started North (28.5418, 81.1193)

[AREA SCAN] Started South (28.5148, 81.1193)

[AREA SCAN] Started East (28.5283, 81.1328)

[AREA SCAN] Started West (28.5283, 81.1058)
  TerraClimate: pr=25.1mm, soil=479.2mm
DIAGNOSTIC - SENSORS: {'LST': 15296.041666666666, 'NDVI': 0.347875, 'NDMI': -0.0268041230738163, 'Aerosol': 0.1, 'rain_list': [0.0, 0.0, 0.0, 0.0, 0.0, 0.0, 0.0, 0.0, 0.0, 0.0, 0.0, 0.0, 0.0, 0.0], 'pr': 25.12281566578343, 'soil': 479.1565436180385, 'Slope': 1.4049482188842235, 'Aspect': 131.30200146855796, 'TPI': -1.2649842271293323}
  TerraClimate: pr=25.3mm, soil=476.1mm
DIAGNOSTIC - SENSORS: {'LST': 15300.208333333334, 'NDVI': 0.4463, 'NDMI': 0.018151119351387024, 'Aerosol': 0.1, 'rain_list': [0.0, 0.0, 0.0, 0.0, 0.0, 0.0, 0.0, 0.0, 0.0, 0.0, 0.0, 0.0, 0.0, 0.0], 'pr': 25.33090719835421, 'soil': 476.0637509510446, 'Slope': 2.3048274547831635, 'Aspect': 66.28451549109035, 'TPI': 1.381703470031539}
DIAGNOSTIC - FINAL CALIBRATED PROB: 0.0%
  TerraClimate: pr=24.8mm, soil=483.7mm
DIAGNOSTIC - SENSORS: {'LST': 15289.75, 'NDVI': 0.430325, 'NDMI': 0.028558971360325813, 'Aerosol': 0.1, 'rain_list': [0.0, 0.0, 0.0, 0.0, 0.0, 0.0, 0.0, 0.0, 0.0, 0.0, 0.0, 0.0, 0.0, 0.0], 'pr': 24.820137072953198, 'soil': 483.655151133666, 'Slope': 0, 'Aspect': 0, 'TPI': 0.46687697160882635}
DIAGNOSTIC - FINAL CALIBRATED PROB: 0.0%
  TerraClimate: pr=25.4mm, soil=478.3mm
DIAGNOSTIC - SENSORS: {'LST': 15303.0, 'NDVI': 0.425175, 'NDMI': 0.03901996463537216, 'Aerosol': 0.1, 'rain_list': [0.0, 0.0, 0.0, 0.0, 0.0, 0.0, 0.0, 0.0, 0.0, 0.0, 0.0, 0.0, 0.0, 0.0], 'pr': 25.402879005158066, 'soil': 478.32964280582263, 'Slope': 0.9274099368611016, 'Aspect': 0, 'TPI': 1.413249211356458}
DIAGNOSTIC - FINAL CALIBRATED PROB: 0.0%
DIAGNOSTIC - FINAL CALIBRATED PROB: 0.0%
  TerraClimate: pr=25.0mm, soil=479.6mm
DIAGNOSTIC - SENSORS: {'LST': 15298.875, 'NDVI': 0.43115, 'NDMI': 0.013219807296991348, 'Aerosol': 0.1, 'rain_list': [0.0, 0.0, 0.0, 0.0, 0.0, 0.0, 0.0, 0.0, 0.0, 0.0, 0.0, 0.0, 0.0, 0.0], 'pr': 24.98278399609608, 'soil': 479.5699940241465, 'Slope': 3.66491245876462, 'Aspect': 239.6383851186386, 'TPI': -1.3659305993690793}
DIAGNOSTIC - FINAL CALIBRATED PROB: 0.0%

[AREA SCAN] Started Center (28.5454, 81.9436)

[AREA SCAN] Started North (28.5589, 81.9436)

[AREA SCAN] Started South (28.5319, 81.9436)

[AREA SCAN] Started East (28.5454, 81.9571)

[AREA SCAN] Started West (28.5454, 81.9301)
  TerraClimate: pr=38.2mm, soil=306.5mm
DIAGNOSTIC - SENSORS: {'LST': 15298.5, 'NDVI': 0.50795, 'NDMI': 0.06369130313396454, 'Aerosol': 0.1, 'rain_list': [0.0, 0.1, 0.0, 0.0, 0.0, 0.0, 0.0, 0.0, 0.9, 0.0, 0.0, 0.0, 0.0, 0.1], 'pr': 38.17865582033096, 'soil': 306.54331275757346, 'Slope': 21.960969923528953, 'Aspect': 253.67926975275776, 'TPI': 24.33438485804413}
  TerraClimate: pr=38.0mm, soil=308.7mm
DIAGNOSTIC - SENSORS: {'LST': 15256.67857142857, 'NDVI': 0.487175, 'NDMI': -0.0143737168982625, 'Aerosol': 0.1, 'rain_list': [0.0, 0.1, 0.0, 0.0, 0.0, 0.0, 0.0, 0.0, 0.9, 0.0, 0.0, 0.0, 0.0, 0.1], 'pr': 37.98613601064199, 'soil': 308.71572077733094, 'Slope': 23.6226538376697, 'Aspect': 157.71532247187145, 'TPI': 27.930599369085144}
  TerraClimate: pr=37.7mm, soil=311.7mm
DIAGNOSTIC - SENSORS: {'LST': 15185.07142857143, 'NDVI': 0.570425, 'NDMI': 0.07256637513637543, 'Aerosol': 0.1, 'rain_list': [0.3, 0.0, 0.0, 0.0, 0.0, 0.0, 0.0, 0.0, 3.2, 0.0, 0.0, 0.0, 0.0, 0.0], 'pr': 37.728850190850466, 'soil': 311.7072930838641, 'Slope': 29.10407646298458, 'Aspect': 83.32050698839565, 'TPI': 10.43848580441636}
DIAGNOSTIC - FINAL CALIBRATED PROB: 0.0%
DIAGNOSTIC - FINAL CALIBRATED PROB: 0.0%
DIAGNOSTIC - FINAL CALIBRATED PROB: 1.0%
  TerraClimate: pr=37.8mm, soil=310.5mm
DIAGNOSTIC - SENSORS: {'LST': 15206.142857142857, 'NDVI': 0.548375, 'NDMI': 0.03138117119669914, 'Aerosol': 0.1, 'rain_list': [4.8, 0.0, 0.0, 0.0, 0.0, 0.0, 0.0, 0.0, 3.8, 0.0, 0.0, 0.0, 0.0, 0.0], 'pr': 37.82624667717133, 'soil': 310.5199240479787, 'Slope': 14.999515162114625, 'Aspect': 321.75798080590465, 'TPI': -1.9179810725552215}
  TerraClimate: pr=38.2mm, soil=306.6mm
DIAGNOSTIC - SENSORS: {'LST': 15311.17857142857, 'NDVI': 0.44685, 'NDMI': -0.010997800156474113, 'Aerosol': 0.1, 'rain_list': [4.8, 0.0, 0.0, 0.0, 0.0, 0.0, 0.0, 0.0, 3.8, 0.0, 0.0, 0.0, 0.0, 0.0], 'pr': 38.1682741332686, 'soil': 306.59824968297875, 'Slope': 19.989067615589544, 'Aspect': 27.121845479228714, 'TPI': 0.3280757097792275}
Flat terrain detected. Running Storm Hunter Catchment Scan...
Flat terrain detected. Running Storm Hunter Catchment Scan...
DIAGNOSTIC - FINAL CALIBRATED PROB: 0.0%
DIAGNOSTIC - FINAL CALIBRATED PROB: 0.0%

[AREA SCAN] Started Center (27.1743, 87.0935)

[AREA SCAN] Started North (27.1878, 87.0935)

[AREA SCAN] Started South (27.1608, 87.0935)

[AREA SCAN] Started East (27.1743, 87.1070)

[AREA SCAN] Started West (27.1743, 87.0800)
  TerraClimate: pr=51.9mm, soil=535.3mm
DIAGNOSTIC - SENSORS: {'LST': 14903.416666666666, 'NDVI': 0.49795, 'NDMI': -0.010123185813426971, 'Aerosol': 0.1, 'rain_list': [0.0, 0.0, 1.3, 0.0, 0.1, 1.5, 0.7, 0.1, 0.3, 0.6, 2.4, 0.0, 0.0, 1.5], 'pr': 51.90400228431616, 'soil': 535.2760517885442, 'Slope': 24.3353373855108, 'Aspect': 117.73027415551731, 'TPI': 14.132492113564695}
  TerraClimate: pr=52.5mm, soil=538.6mm
DIAGNOSTIC - SENSORS: {'LST': 14833.391304347826, 'NDVI': 0.553825, 'NDMI': 0.15752461552619934, 'Aerosol': 0.1, 'rain_list': [0.0, 0.0, 1.3, 0.0, 0.1, 1.5, 0.7, 0.1, 0.3, 0.6, 2.4, 0.0, 0.0, 1.5], 'pr': 52.4991120361929, 'soil': 538.5593757744413, 'Slope': 32.6958931699492, 'Aspect': 249.32502224925207, 'TPI': -9.769716088328096}
DIAGNOSTIC - FINAL CALIBRATED PROB: 0.0%
DIAGNOSTIC - FINAL CALIBRATED PROB: 0.0%
  TerraClimate: pr=52.1mm, soil=536.9mm
127.0.0.1 - - [01/Jun/2026 15:51:43] "POST /predict_area HTTP/1.1" 200 -
127.0.0.1 - - [01/Jun/2026 15:51:51] "POST /predict_area HTTP/1.1" 200 -
127.0.0.1 - - [01/Jun/2026 15:52:08] "POST /predict_area HTTP/1.1" 200 -
DIAGNOSTIC - SENSORS: {'LST': 14961.478260869566, 'NDVI': 0.4912, 'NDMI': -0.032019250094890594, 'Aerosol': 0.1, 'rain_list': [0.0, 0.0, 1.2, 0.0, 0.0, 1.3, 2.9, 2.9, 1.6, 10.6, 14.7, 0.9, 0.0, 0.0], 'pr': 52.14648332018551, 'soil': 536.9397427926042, 'Slope': 16.16379675779188, 'Aspect': 198.29437867989216, 'TPI': -26.02208201892745}
  TerraClimate: pr=51.5mm, soil=532.6mm
DIAGNOSTIC - SENSORS: {'LST': 14862.44, 'NDVI': 0.5729, 'NDMI': 0.02790202386677265, 'Aerosol': 0.1, 'rain_list': [0.1, 0.0, 2.8, 0.0, 0.0, 2.2, 1.4, 1.0, 0.7, 4.1, 5.6, 0.0, 0.0, 1.1], 'pr': 51.509970601028456, 'soil': 532.5725539069468, 'Slope': 12.952514350805531, 'Aspect': 320.733753100813, 'TPI': 3.5331230283911736}
Flat terrain detected. Running Storm Hunter Catchment Scan...
Flat terrain detected. Running Storm Hunter Catchment Scan...
  TerraClimate: pr=51.3mm, soil=532.0mm
DIAGNOSTIC - SENSORS: {'LST': 15045.083333333334, 'NDVI': 0.522175, 'NDMI': 0.04625958204269409, 'Aerosol': 0.1, 'rain_list': [0.1, 0.0, 2.8, 0.0, 0.0, 2.2, 1.4, 1.0, 0.7, 4.1, 5.6, 0.0, 0.0, 1.1], 'pr': 51.309746338903594, 'soil': 531.9985858695624, 'Slope': 9.674262836111165, 'Aspect': 131.66040545315914, 'TPI': 13.586750788643485}
Flat terrain detected. Running Storm Hunter Catchment Scan...
DIAGNOSTIC - FINAL CALIBRATED PROB: 0.0%
  TerraClimate: pr=55.0mm, soil=551.3mm
DIAGNOSTIC - FINAL CALIBRATED PROB: 84.5%
  TerraClimate: pr=54.9mm, soil=551.7mm
DIAGNOSTIC - FINAL CALIBRATED PROB: 0.0%

[AREA SCAN] Started Center (27.6244, 83.4620)

[AREA SCAN] Started North (27.6379, 83.4620)

[AREA SCAN] Started South (27.6109, 83.4620)

[AREA SCAN] Started East (27.6244, 83.4755)

[AREA SCAN] Started West (27.6244, 83.4485)
  TerraClimate: pr=178.9mm, soil=869.9mm
DIAGNOSTIC - SENSORS: {'LST': 15323.208333333334, 'NDVI': 0.3753, 'NDMI': -0.03811698406934738, 'Aerosol': 0.1, 'rain_list': [0.0, 0.0, 0.0, 0.0, 0.0, 0.0, 0.0, 0.0, 0.0, 0.0, 0.0, 0.0, 0.0, 0.0], 'pr': 178.90558228085192, 'soil': 869.9051510724427, 'Slope': 0.9274099368611016, 'Aspect': 0, 'TPI': 0.35015772870661976}
  TerraClimate: pr=178.6mm, soil=866.5mm
DIAGNOSTIC - SENSORS: {'LST': 15325.958333333334, 'NDVI': 0.366575, 'NDMI': -0.027277588844299316, 'Aerosol': 0.1, 'rain_list': [0.0, 0.0, 0.0, 0.0, 0.0, 0.0, 0.0, 0.0, 0.0, 0.0, 0.0, 0.0, 0.0, 0.0], 'pr': 178.6132854180963, 'soil': 866.5284001559589, 'Slope': 1.0468362899683588, 'Aspect': 270, 'TPI': -1.6466876971608713}
  TerraClimate: pr=180.1mm, soil=876.9mm
DIAGNOSTIC - SENSORS: {'LST': 15328.0, 'NDVI': 0.316425, 'NDMI': -0.035302724689245224, 'Aerosol': 0.1, 'rain_list': [0.0, 0.0, 0.0, 0.0, 0.0, 0.0, 0.0, 0.0, 0.0, 0.0, 0.0, 0.0, 0.0, 0.0], 'pr': 180.10725811112314, 'soil': 876.8785497721378, 'Slope': 3.13732849288063, 'Aspect': 90, 'TPI': -0.8927444794952635}
  TerraClimate: pr=177.9mm, soil=863.8mm
DIAGNOSTIC - SENSORS: {'LST': 15323.541666666666, 'NDVI': 0.401975, 'NDMI': -0.0019823391921818256, 'Aerosol': 0.1, 'rain_list': [0.0, 0.0, 0.0, 0.0, 0.0, 0.0, 0.0, 0.0, 0.0, 0.0, 0.0, 0.0, 0.0, 0.0], 'pr': 177.8580171841195, 'soil': 863.8483414890344, 'Slope': 1.046706144854097, 'Aspect': 270, 'TPI': -1.088328075709768}
  TerraClimate: pr=179.3mm, soil=874.7mm
DIAGNOSTIC - SENSORS: {'LST': 15331.041666666666, 'NDVI': 0.371425, 'NDMI': -0.024951336905360222, 'Aerosol': 0.1, 'rain_list': [0.0, 0.0, 0.0, 0.0, 0.0, 0.0, 0.0, 0.0, 0.0, 0.0, 0.0, 0.0, 0.0, 0.6], 'pr': 179.32384548144861, 'soil': 874.708228397306, 'Slope': 2.2884378681857345, 'Aspect': 113.89606586389218, 'TPI': 0.37223974763406886}
DIAGNOSTIC - FINAL CALIBRATED PROB: 0.0%
DIAGNOSTIC - FINAL CALIBRATED PROB: 0.0%
DIAGNOSTIC - FINAL CALIBRATED PROB: 0.0%
DIAGNOSTIC - FINAL CALIBRATED PROB: 0.0%
DIAGNOSTIC - FINAL CALIBRATED PROB: 0.0%

[AREA SCAN] Started Center (27.7263, 86.7812)

[AREA SCAN] Started North (27.7398, 86.7812)

[AREA SCAN] Started South (27.7128, 86.7812)

[AREA SCAN] Started East (27.7263, 86.7947)

[AREA SCAN] Started West (27.7263, 86.7677)
  TerraClimate: pr=34.5mm, soil=514.8mm
DIAGNOSTIC - SENSORS: {'LST': 12941.0, 'NDVI': -0.045425, 'NDMI': 0.6822574138641357, 'Aerosol': 0.1, 'rain_list': [2.1, 1.0, 11.5, 1.6, 5.6, 6.1, 12.2, 1.1, 0.4, 4.6, 1.4, 0.0, 0.0, 2.0], 'pr': 34.54383910722632, 'soil': 514.810548162639, 'Slope': 11.698753488018877, 'Aspect': 62.02682578045316, 'TPI': -1.1072555205046228}
  TerraClimate: pr=34.6mm, soil=515.2mm
DIAGNOSTIC - SENSORS: {'LST': 13055.666666666666, 'NDVI': 0.0611, 'NDMI': 0.7581014633178711, 'Aerosol': 0.1, 'rain_list': [2.1, 1.0, 11.5, 1.6, 5.6, 6.1, 12.2, 1.1, 0.4, 4.6, 1.4, 0.0, 0.0, 2.0], 'pr': 34.615461845343575, 'soil': 515.1609393765559, 'Slope': 42.030727663730815, 'Aspect': 248.95020051418305, 'TPI': -26.42902208201849}
Flat terrain detected. Running Storm Hunter Catchment Scan...
  TerraClimate: pr=34.7mm, soil=515.6mm
DIAGNOSTIC - SENSORS: {'LST': 13685.42857142857, 'NDVI': 0.2792, 'NDMI': 0.5485436916351318, 'Aerosol': 0.1, 'rain_list': [5.3, 2.5, 28.4, 12.7, 1.4, 1.6, 1.8, 2.1, 7.1, 6.4, 4.2, 0.0, 0.0, 1.7], 'pr': 34.69821785981233, 'soil': 515.565796564802, 'Slope': 35.50981883100472, 'Aspect': 247.31495214955987, 'TPI': 2.7602523659306826}
  TerraClimate: pr=34.6mm, soil=513.5mm
DIAGNOSTIC - SENSORS: {'LST': 12902.0, 'NDVI': -0.04185, 'NDMI': 0.6806215047836304, 'Aerosol': 0.1, 'rain_list': [2.8, 0.6, 8.9, 4.3, 0.6, 0.3, 1.6, 0.4, 0.7, 3.9, 0.7, 0.0, 0.0, 0.3], 'pr': 34.583378834748174, 'soil': 513.5067762308526, 'Slope': 28.084189196440878, 'Aspect': 13.882771921328603, 'TPI': -11.283911671924216}
DIAGNOSTIC - FINAL CALIBRATED PROB: 0.0%
DIAGNOSTIC - FINAL CALIBRATED PROB: 0.0%
DIAGNOSTIC - FINAL CALIBRATED PROB: 0.0%
  TerraClimate: pr=34.6mm, soil=516.8mm
DIAGNOSTIC - SENSORS: {'LST': 13068.875, 'NDVI': -0.000825, 'NDMI': 0.7233948111534119, 'Aerosol': 0.1, 'rain_list': [2.8, 0.6, 8.9, 4.3, 0.6, 0.3, 1.6, 0.4, 0.7, 3.9, 0.7, 0.0, 0.0, 0.3], 'pr': 34.64754485593896, 'soil': 516.8151025222588, 'Slope': 40.151358190710596, 'Aspect': 274.4020463551702, 'TPI': -68.90851735015804}
DIAGNOSTIC - FINAL CALIBRATED PROB: 0.0%
  TerraClimate: pr=34.8mm, soil=509.6mm
DIAGNOSTIC - FINAL CALIBRATED PROB: 0.0%

[AREA SCAN] Started Center (28.5507, 84.2424)

[AREA SCAN] Started North (28.5642, 84.2424)

[AREA SCAN] Started South (28.5372, 84.2424)

[AREA SCAN] Started East (28.5507, 84.2559)

[AREA SCAN] Started West (28.5507, 84.2289)
  TerraClimate: pr=236.9mm, soil=843.2mm
DIAGNOSTIC - SENSORS: {'LST': 14581.9, 'NDVI': 0.47875, 'NDMI': 0.1016194298863411, 'Aerosol': 0.1, 'rain_list': [1.7, 2.8, 7.0, 0.7, 0.6, 18.9, 0.5, 9.1, 3.9, 2.2, 1.8, 5.6, 1.8, 3.2], 'pr': 236.8903275871239, 'soil': 843.2432790523311, 'Slope': 13.747109154926477, 'Aspect': 22.125992314293146, 'TPI': -18.895899053627545}
  TerraClimate: pr=236.7mm, soil=843.8mm
DIAGNOSTIC - SENSORS: {'LST': 14517.6, 'NDVI': 0.671025, 'NDMI': 0.1323622614145279, 'Aerosol': 0.1, 'rain_list': [1.7, 2.8, 7.0, 0.7, 0.6, 18.9, 0.5, 9.1, 3.9, 2.2, 1.8, 5.6, 1.8, 3.2], 'pr': 236.7069852160439, 'soil': 843.7932743325238, 'Slope': 26.503458922309253, 'Aspect': 318.30041090693265, 'TPI': -45.671924290220886}
Flat terrain detected. Running Storm Hunter Catchment Scan...
DIAGNOSTIC - FINAL CALIBRATED PROB: 19.2%
  TerraClimate: pr=237.2mm, soil=842.4mm
DIAGNOSTIC - SENSORS: {'LST': 14624.684210526315, 'NDVI': 0.441475, 'NDMI': 0.1626744419336319, 'Aerosol': 0.1, 'rain_list': [1.7, 2.8, 7.0, 0.7, 0.6, 18.9, 0.5, 9.1, 3.9, 2.2, 1.8, 5.6, 1.8, 3.2], 'pr': 237.17843702739216, 'soil': 842.3790007548861, 'Slope': 18.83333956994426, 'Aspect': 334.38954914196006, 'TPI': -20.21766561514187}
  TerraClimate: pr=241.2mm, soil=855.7mm
DIAGNOSTIC - SENSORS: {'LST': 14512.142857142857, 'NDVI': 0.350625, 'NDMI': 0.07704219967126846, 'Aerosol': 0.1, 'rain_list': [0.5, 4.4, 8.4, 1.2, 1.1, 25.1, 4.5, 8.4, 7.5, 4.7, 3.1, 15.3, 13.8, 10.9], 'pr': 241.23959732458795, 'soil': 855.715895180615, 'Slope': 56.68440850652925, 'Aspect': 20.5620688604516, 'TPI': -5.353312302839186}
  TerraClimate: pr=234.7mm, soil=837.0mm
127.0.0.1 - - [01/Jun/2026 15:52:25] "POST /predict_area HTTP/1.1" 200 -
127.0.0.1 - - [01/Jun/2026 15:52:31] "POST /predict_area HTTP/1.1" 200 -
127.0.0.1 - - [01/Jun/2026 15:52:40] "POST /predict_area HTTP/1.1" 200 -
127.0.0.1 - - [01/Jun/2026 15:52:51] "POST /predict_area HTTP/1.1" 200 -
127.0.0.1 - - [01/Jun/2026 15:52:52] "OPTIONS /predict_area HTTP/1.1" 200 -
DIAGNOSTIC - SENSORS: {'LST': 14583.95, 'NDVI': 0.456125, 'NDMI': 0.11093073338270187, 'Aerosol': 0.1, 'rain_list': [1.0, 4.9, 10.0, 2.0, 0.6, 16.2, 6.1, 13.2, 10.1, 7.7, 2.6, 16.3, 5.2, 11.6], 'pr': 234.71746917227532, 'soil': 837.0016506894125, 'Slope': 45.78369380796223, 'Aspect': 52.100048929181035, 'TPI': -40.73501577287061}
DIAGNOSTIC - FINAL CALIBRATED PROB: 39.9%
Flat terrain detected. Running Storm Hunter Catchment Scan...
DIAGNOSTIC - FINAL CALIBRATED PROB: 75.0%
  TerraClimate: pr=217.9mm, soil=788.7mm
DIAGNOSTIC - FINAL CALIBRATED PROB: 62.2%
  TerraClimate: pr=222.5mm, soil=806.5mm
DIAGNOSTIC - FINAL CALIBRATED PROB: 63.2%

[AREA SCAN] Started Center (27.6076, 83.0725)

[AREA SCAN] Started North (27.6211, 83.0725)

[AREA SCAN] Started South (27.5941, 83.0725)

[AREA SCAN] Started East (27.6076, 83.0860)

[AREA SCAN] Started West (27.6076, 83.0590)
  TerraClimate: pr=146.7mm, soil=685.8mm
DIAGNOSTIC - SENSORS: {'LST': 15223.04, 'NDVI': 0.3633, 'NDMI': -0.031014250591397285, 'Aerosol': 0.1, 'rain_list': [0.0, 0.0, 0.0, 0.0, 0.0, 0.0, 0.0, 0.0, 0.0, 0.0, 0.0, 0.0, 0.0, 0.0], 'pr': 146.6937843040535, 'soil': 685.7772727871056, 'Slope': 3.848979735342443, 'Aspect': 15.754902015973556, 'TPI': 0.640378548895896}
  TerraClimate: pr=147.1mm, soil=690.6mm
DIAGNOSTIC - SENSORS: {'LST': 15319.434782608696, 'NDVI': 0.3338, 'NDMI': -0.047221213579177856, 'Aerosol': 0.1, 'rain_list': [0.0, 0.0, 0.0, 0.0, 0.0, 0.0, 0.0, 0.0, 0.0, 0.0, 0.0, 0.0, 0.0, 0.0], 'pr': 147.05190932224536, 'soil': 690.5965435535053, 'Slope': 1.3981041644660945, 'Aspect': 311.5489905486377, 'TPI': -0.15772870662461003}
  TerraClimate: pr=146.5mm, soil=683.4mm
DIAGNOSTIC - SENSORS: {'LST': 15192.16, 'NDVI': 0.386075, 'NDMI': -0.05560882017016411, 'Aerosol': 0.1, 'rain_list': [0.0, 0.0, 0.0, 0.0, 0.0, 0.0, 0.0, 0.0, 0.0, 0.0, 0.0, 0.0, 0.0, 0.0], 'pr': 146.51472179495767, 'soil': 683.3676374039069, 'Slope': 1.3982967001960298, 'Aspect': 228.45800368569235, 'TPI': 0.15457413249211527}
DIAGNOSTIC - FINAL CALIBRATED PROB: 0.0%
  TerraClimate: pr=147.9mm, soil=693.0mm
DIAGNOSTIC - SENSORS: {'LST': 15212.307692307691, 'NDVI': 0.385375, 'NDMI': -0.03740926831960678, 'Aerosol': 0.1, 'rain_list': [0.0, 0.0, 0.0, 0.0, 0.0, 0.0, 0.0, 0.0, 0.0, 0.0, 0.0, 0.0, 0.0, 0.0], 'pr': 147.94677865326562, 'soil': 693.0322214825384, 'Slope': 4.569472239389564, 'Aspect': 113.89676532264106, 'TPI': -1.6214511041009416}
DIAGNOSTIC - FINAL CALIBRATED PROB: 0.0%
  TerraClimate: pr=145.7mm, soil=680.0mm
DIAGNOSTIC - SENSORS: {'LST': 15216.625, 'NDVI': 0.5103, 'NDMI': 0.04210301488637924, 'Aerosol': 0.1, 'rain_list': [0.0, 0.0, 0.0, 0.0, 0.0, 0.0, 0.0, 0.0, 0.0, 0.0, 0.0, 0.0, 0.0, 0.0], 'pr': 145.6878592631367, 'soil': 679.952877355561, 'Slope': 4.280168614063402, 'Aspect': 257.5086797863949, 'TPI': 0.4195583596214476}
DIAGNOSTIC - FINAL CALIBRATED PROB: 0.0%
DIAGNOSTIC - FINAL CALIBRATED PROB: 0.0%
DIAGNOSTIC - FINAL CALIBRATED PROB: 0.0%

[AREA SCAN] Started Center (27.1880, 87.0498)

[AREA SCAN] Started North (27.2015, 87.0498)

[AREA SCAN] Started South (27.1745, 87.0498)

[AREA SCAN] Started East (27.1880, 87.0633)

[AREA SCAN] Started West (27.1880, 87.0363)
  TerraClimate: pr=113.2mm, soil=631.1mm
DIAGNOSTIC - SENSORS: {'LST': 14941.882352941177, 'NDVI': 0.573225, 'NDMI': 0.16040509939193726, 'Aerosol': 0.1, 'rain_list': [0.0, 1.8, 3.5, 1.6, 3.6, 2.5, 1.5, 8.1, 2.3, 0.1, 0.3, 4.2, 0.3, 0.1], 'pr': 113.23592912749976, 'soil': 631.0833407234879, 'Slope': 4.742371205022103, 'Aspect': 347.3282074047828, 'TPI': 16.517350157728742}
  TerraClimate: pr=114.0mm, soil=634.3mm
DIAGNOSTIC - SENSORS: {'LST': 14952.933333333332, 'NDVI': 0.534225, 'NDMI': 0.15289877355098724, 'Aerosol': 0.1, 'rain_list': [0.0, 1.8, 3.5, 1.6, 3.6, 2.5, 1.5, 8.1, 2.3, 0.1, 0.3, 4.2, 0.3, 0.1], 'pr': 114.00017946308489, 'soil': 634.2814970367654, 'Slope': 21.421258879620773, 'Aspect': 172.0008027714316, 'TPI': 3.835962145110443}
  TerraClimate: pr=114.5mm, soil=636.5mm
DIAGNOSTIC - SENSORS: {'LST': 14952.933333333332, 'NDVI': 0.4984, 'NDMI': 0.13469617068767548, 'Aerosol': 0.1, 'rain_list': [0.0, 1.8, 3.5, 1.6, 3.6, 2.5, 1.5, 8.1, 2.3, 0.1, 0.3, 4.2, 0.3, 0.1], 'pr': 114.52372103155658, 'soil': 636.4723600230261, 'Slope': 15.350838967021293, 'Aspect': 160.642790020466, 'TPI': 8.763406940063078}
  TerraClimate: pr=114.5mm, soil=639.3mm
DIAGNOSTIC - SENSORS: {'LST': 14861.92857142857, 'NDVI': 0.65325, 'NDMI': 0.20837624371051788, 'Aerosol': 0.1, 'rain_list': [0.7, 5.1, 5.0, 8.8, 7.2, 10.3, 1.0, 9.5, 7.0, 0.4, 0.3, 5.3, 0.2, 0.0], 'pr': 114.50566997663572, 'soil': 639.2944423683965, 'Slope': 22.666765980543516, 'Aspect': 231.67072115962844, 'TPI': 28.447949526813773}
DIAGNOSTIC - FINAL CALIBRATED PROB: 0.0%
DIAGNOSTIC - FINAL CALIBRATED PROB: 0.0%
DIAGNOSTIC - FINAL CALIBRATED PROB: 0.0%
Flat terrain detected. Running Storm Hunter Catchment Scan...
  TerraClimate: pr=113.5mm, soil=629.3mm
DIAGNOSTIC - SENSORS: {'LST': 14989.4375, 'NDVI': 0.52305, 'NDMI': 0.11761229485273361, 'Aerosol': 0.1, 'rain_list': [1.2, 3.5, 6.1, 3.1, 2.5, 12.6, 3.8, 7.2, 5.2, 0.3, 0.6, 0.6, 0.2, 0.2], 'pr': 113.49468894953417, 'soil': 629.2685517051353, 'Slope': 26.816759454314184, 'Aspect': 110.62522145370575, 'TPI': 2.5299684542587784}
DIAGNOSTIC - FINAL CALIBRATED PROB: 0.0%
DIAGNOSTIC - FINAL CALIBRATED PROB: 0.0%

[AREA SCAN] Started Center (27.6676, 85.4034)

[AREA SCAN] Started North (27.6811, 85.4034)

[AREA SCAN] Started South (27.6541, 85.4034)

[AREA SCAN] Started East (27.6676, 85.4169)

[AREA SCAN] Started West (27.6676, 85.3899)
  TerraClimate: pr=146.4mm, soil=574.0mm
DIAGNOSTIC - SENSORS: {'LST': 14924.565217391304, 'NDVI': 0.4780333333333333, 'NDMI': 0.07769811898469925, 'Aerosol': 0.1, 'rain_list': [0.0, 0.0, 0.0, 0.1, 0.0, 0.2, 2.4, 4.3, 0.9, 0.3, 0.0, 0.0, 6.5, 0.0], 'pr': 146.41088573710462, 'soil': 574.0489588837106, 'Slope': 14.828499816744836, 'Aspect': 11.952014998510368, 'TPI': -9.946372239747689}
  TerraClimate: pr=146.3mm, soil=577.6mm
DIAGNOSTIC - SENSORS: {'LST': 14960.208333333334, 'NDVI': 0.30623333333333336, 'NDMI': -0.03645008057355881, 'Aerosol': 0.1, 'rain_list': [0.0, 0.0, 0.0, 0.0, 0.1, 0.0, 0.5, 3.2, 0.5, 0.0, 0.0, 0.2, 5.4, 0.0], 'pr': 146.32435512306415, 'soil': 577.5735689254063, 'Slope': 3.2721964805481765, 'Aspect': 286.4475649691008, 'TPI': 0.028391167192467037}
  TerraClimate: pr=144.9mm, soil=572.7mm
DIAGNOSTIC - SENSORS: {'LST': 14940.0, 'NDVI': 0.35086666666666666, 'NDMI': -0.012623810209333897, 'Aerosol': 0.1, 'rain_list': [0.0, 0.0, 0.0, 0.1, 0.0, 0.2, 2.4, 4.3, 0.9, 0.3, 0.0, 0.0, 6.5, 0.0], 'pr': 144.9308723520626, 'soil': 572.7213860468105, 'Slope': 16.981381222711203, 'Aspect': 342.58643131694777, 'TPI': -0.2965299684542515}
Flat terrain detected. Running Storm Hunter Catchment Scan...
DIAGNOSTIC - FINAL CALIBRATED PROB: 9.7%
  TerraClimate: pr=143.7mm, soil=568.5mm
DIAGNOSTIC - SENSORS: {'LST': 14934.0, 'NDVI': 0.35366666666666663, 'NDMI': 0.021276595070958138, 'Aerosol': 0.1, 'rain_list': [0.0, 0.0, 0.0, 0.1, 0.0, 0.2, 2.4, 4.3, 0.9, 0.3, 0.0, 0.0, 6.5, 0.0], 'pr': 143.72959410119805, 'soil': 568.5384697721547, 'Slope': 2.7802885155642585, 'Aspect': 0, 'TPI': -3.419558359621533}
  TerraClimate: pr=143.5mm, soil=571.4mm
DIAGNOSTIC - SENSORS: {'LST': 14978.521739130434, 'NDVI': 0.38583333333333336, 'NDMI': 0.023949744179844856, 'Aerosol': 0.1, 'rain_list': [0.0, 0.0, 0.0, 0.0, 0.0, 0.1, 4.7, 4.8, 0.2, 0.1, 0.0, 0.1, 5.3, 0.0], 'pr': 143.45085896702065, 'soil': 571.3938132099101, 'Slope': 2.12926140438558, 'Aspect': 209.45006688458398, 'TPI': -0.842271293375461}
Flat terrain detected. Running Storm Hunter Catchment Scan...
DIAGNOSTIC - FINAL CALIBRATED PROB: 1.4%
DIAGNOSTIC - FINAL CALIBRATED PROB: 5.2%
DIAGNOSTIC - FINAL CALIBRATED PROB: 57.6%
DIAGNOSTIC - FINAL CALIBRATED PROB: 37.4%

[AREA SCAN] Started Center (28.1487, 82.9841)

[AREA SCAN] Started North (28.1622, 82.9841)

[AREA SCAN] Started South (28.1352, 82.9841)

[AREA SCAN] Started East (28.1487, 82.9976)

[AREA SCAN] Started West (28.1487, 82.9706)

[AREA SCAN] Started Center (27.9059, 85.7563)

[AREA SCAN] Started North (27.9194, 85.7563)

[AREA SCAN] Started South (27.8924, 85.7563)

[AREA SCAN] Started East (27.9059, 85.7698)
127.0.0.1 - - [01/Jun/2026 15:53:02] "POST /predict_area HTTP/1.1" 200 -
127.0.0.1 - - [01/Jun/2026 15:53:03] "POST /predict_area HTTP/1.1" 200 -
127.0.0.1 - - [01/Jun/2026 15:53:12] "OPTIONS /predict_area HTTP/1.1" 200 -

[AREA SCAN] Started West (27.9059, 85.7428)
  TerraClimate: pr=72.8mm, soil=409.5mm
DIAGNOSTIC - SENSORS: {'LST': 15111.07142857143, 'NDVI': 0.633325, 'NDMI': 0.1947527676820755, 'Aerosol': 0.1, 'rain_list': [2.8, 0.3, 0.0, 0.0, 0.0, 0.0, 0.0, 1.6, 0.9, 0.8, 0.3, 0.0, 0.0, 0.0], 'pr': 72.82256972405757, 'soil': 409.4564818276685, 'Slope': 29.619062579728443, 'Aspect': 244.71611789706455, 'TPI': -25.479495268138862}
DIAGNOSTIC - FINAL CALIBRATED PROB: 0.0%
  TerraClimate: pr=73.4mm, soil=409.3mm
DIAGNOSTIC - SENSORS: {'LST': 15127.51724137931, 'NDVI': 0.55155, 'NDMI': 0.11567053198814392, 'Aerosol': 0.1, 'rain_list': [6.6, 0.5, 0.0, 0.0, 0.0, 0.0, 0.0, 0.9, 3.3, 3.2, 1.2, 0.0, 0.0, 0.0], 'pr': 73.41270663313848, 'soil': 409.3332306236125, 'Slope': 28.60974622266713, 'Aspect': 168.34708687514797, 'TPI': 2.728706624605593}
  TerraClimate: pr=72.1mm, soil=406.8mm
DIAGNOSTIC - SENSORS: {'LST': 15110.241379310344, 'NDVI': 0.513925, 'NDMI': 0.07268553972244263, 'Aerosol': 0.1, 'rain_list': [2.8, 0.3, 0.0, 0.0, 0.0, 0.0, 0.0, 1.6, 0.9, 0.8, 0.3, 0.0, 0.0, 0.0], 'pr': 72.05196872694773, 'soil': 406.758940905839, 'Slope': 35.503694923585016, 'Aspect': 304.5609810972795, 'TPI': -23.110410094637245}
DIAGNOSTIC - FINAL CALIBRATED PROB: 0.0%
DIAGNOSTIC - FINAL CALIBRATED PROB: 0.0%
  TerraClimate: pr=74.1mm, soil=414.1mm
DIAGNOSTIC - SENSORS: {'LST': 15127.285714285714, 'NDVI': 0.52875, 'NDMI': 0.07289794087409973, 'Aerosol': 0.1, 'rain_list': [6.6, 0.5, 0.0, 0.0, 0.0, 0.0, 0.0, 0.9, 3.3, 3.2, 1.2, 0.0, 0.0, 0.0], 'pr': 74.14057811608684, 'soil': 414.0702593677287, 'Slope': 40.56455150251311, 'Aspect': 330.4437722399955, 'TPI': 19.883280757097737}
  TerraClimate: pr=67.9mm, soil=365.8mm
DIAGNOSTIC - SENSORS: {'LST': 14960.272727272728, 'NDVI': 0.54175, 'NDMI': 0.011856308206915855, 'Aerosol': 0.1, 'rain_list': [14.8, 0.8, 3.5, 1.0, 0.6, 0.2, 0.1, 2.7, 1.2, 0.6, 7.1, 5.1, 3.2, 4.5], 'pr': 67.89914110112038, 'soil': 365.80661620555065, 'Slope': 42.748375375236435, 'Aspect': 176.59166213442444, 'TPI': -22.84227129337546}
  TerraClimate: pr=66.7mm, soil=368.6mm
DIAGNOSTIC - SENSORS: {'LST': 14848.636363636364, 'NDVI': 0.533725, 'NDMI': 0.01514563150703907, 'Aerosol': 0.1, 'rain_list': [7.6, 3.7, 10.2, 0.7, 1.0, 1.2, 4.0, 4.3, 8.4, 4.6, 12.7, 5.2, 5.7, 17.1], 'pr': 66.68091809038641, 'soil': 368.5528575233546, 'Slope': 41.587446526206335, 'Aspect': 128.3297391657177, 'TPI': -28.788643533122922}
  TerraClimate: pr=69.1mm, soil=363.1mm
DIAGNOSTIC - SENSORS: {'LST': 15048.083333333334, 'NDVI': 0.5497, 'NDMI': 0.0007493442972190678, 'Aerosol': 0.1, 'rain_list': [14.8, 0.8, 3.5, 1.0, 0.6, 0.2, 0.1, 2.7, 1.2, 0.6, 7.1, 5.1, 3.2, 4.5], 'pr': 69.11736411185419, 'soil': 363.0603748877471, 'Slope': 38.52208749206306, 'Aspect': 33.51683833057455, 'TPI': 88.61514195583595}
  TerraClimate: pr=67.8mm, soil=367.4mm
DIAGNOSTIC - SENSORS: {'LST': 14961.818181818182, 'NDVI': 0.641775, 'NDMI': 0.13488371670246124, 'Aerosol': 0.1, 'rain_list': [14.8, 0.8, 3.5, 1.0, 0.6, 0.2, 0.1, 2.7, 1.2, 0.6, 7.1, 5.1, 3.2, 4.5], 'pr': 67.76449155938535, 'soil': 367.44708727790834, 'Slope': 34.03283813536153, 'Aspect': 257.5417937809768, 'TPI': -15.526813880126156}
DIAGNOSTIC - FINAL CALIBRATED PROB: 0.0%
  TerraClimate: pr=68.1mm, soil=363.4mm
DIAGNOSTIC - SENSORS: {'LST': 14739.90909090909, 'NDVI': 0.6388, 'NDMI': 0.17775210738182068, 'Aerosol': 0.1, 'rain_list': [7.6, 3.7, 10.2, 0.7, 1.0, 1.2, 4.0, 4.3, 8.4, 4.6, 12.7, 5.2, 5.7, 17.1], 'pr': 68.09279437462683, 'soil': 363.4472870228358, 'Slope': 38.57620261004678, 'Aspect': 105.29801241297618, 'TPI': -13.801261829652958}
  TerraClimate: pr=72.2mm, soil=409.5mm
DIAGNOSTIC - SENSORS: {'LST': 15125.57142857143, 'NDVI': 0.541075, 'NDMI': 0.07853671163320541, 'Aerosol': 0.1, 'rain_list': [5.8, 0.4, 0.1, 0.0, 0.0, 0.0, 0.0, 0.3, 3.7, 1.8, 1.7, 0.0, 0.0, 0.0], 'pr': 72.2134646518743, 'soil': 409.51333369358167, 'Slope': 45.37656653380703, 'Aspect': 215.4328938037189, 'TPI': 2.5047318611987066}
DIAGNOSTIC - FINAL CALIBRATED PROB: 15.0%
DIAGNOSTIC - FINAL CALIBRATED PROB: 15.0%
DIAGNOSTIC - FINAL CALIBRATED PROB: 15.0%
DIAGNOSTIC - FINAL CALIBRATED PROB: 32.5%
DIAGNOSTIC - FINAL CALIBRATED PROB: 35.1%
DIAGNOSTIC - FINAL CALIBRATED PROB: 0.6%

[AREA SCAN] Started Center (28.4068, 82.1676)

[AREA SCAN] Started North (28.4203, 82.1676)

[AREA SCAN] Started South (28.3933, 82.1676)

[AREA SCAN] Started East (28.4068, 82.1811)

[AREA SCAN] Started West (28.4068, 82.1541)
  TerraClimate: pr=307.3mm, soil=1024.3mm
DIAGNOSTIC - SENSORS: {'LST': 15161.454545454546, 'NDVI': 0.3733, 'NDMI': 0.007654836401343346, 'Aerosol': 0.1, 'rain_list': [0.0, 0.2, 3.8, 5.7, 0.4, 1.3, 1.9, 1.0, 4.7, 1.7, 1.5, 10.2, 4.4, 1.3], 'pr': 307.32303600670866, 'soil': 1024.2722907689508, 'Slope': 18.510969285743307, 'Aspect': 261.659932626068, 'TPI': 24.43217665615134}
Flat terrain detected. Running Storm Hunter Catchment Scan...
  TerraClimate: pr=308.5mm, soil=1027.4mm
DIAGNOSTIC - SENSORS: {'LST': 15154.09090909091, 'NDVI': 0.501575, 'NDMI': 0.04890945181250572, 'Aerosol': 0.1, 'rain_list': [0.0, 0.6, 4.6, 6.1, 0.5, 6.3, 6.7, 6.1, 2.7, 7.0, 3.8, 8.7, 3.9, 3.8], 'pr': 308.5257753245887, 'soil': 1027.3870198955567, 'Slope': 13.77172557534336, 'Aspect': 48.66543477592821, 'TPI': 2.7255520504731976}
Flat terrain detected. Running Storm Hunter Catchment Scan...
  TerraClimate: pr=307.1mm, soil=1027.2mm
DIAGNOSTIC - SENSORS: {'LST': 15177.857142857143, 'NDVI': 0.486325, 'NDMI': 0.07166483253240585, 'Aerosol': 0.1, 'rain_list': [0.0, 0.4, 3.8, 5.5, 0.1, 8.5, 4.5, 5.4, 5.1, 1.9, 1.0, 11.7, 8.2, 9.8], 'pr': 307.08240513994986, 'soil': 1027.1726956673972, 'Slope': 16.922734894599788, 'Aspect': 57.85639158781016, 'TPI': -32.50473186119871}
  TerraClimate: pr=309.2mm, soil=1027.5mm
DIAGNOSTIC - SENSORS: {'LST': 15054.809523809523, 'NDVI': 0.518625, 'NDMI': -0.023747840896248817, 'Aerosol': 0.1, 'rain_list': [0.1, 0.1, 3.2, 3.7, 0.9, 1.4, 1.8, 1.4, 4.4, 0.4, 2.4, 11.7, 3.2, 1.1], 'pr': 309.2474604169079, 'soil': 1027.4941820096362, 'Slope': 27.819716988604004, 'Aspect': 102.40031630883321, 'TPI': 32.17665615141959}
  TerraClimate: pr=310.2mm, soil=1031.8mm
DIAGNOSTIC - SENSORS: {'LST': 15135.636363636364, 'NDVI': 0.51495, 'NDMI': 0.07207388430833817, 'Aerosol': 0.1, 'rain_list': [0.0, 0.0, 1.4, 2.7, 0.3, 0.8, 0.6, 1.0, 1.0, 0.7, 1.2, 10.2, 3.7, 1.5], 'pr': 310.2420437894288, 'soil': 1031.8316333683538, 'Slope': 24.75921550908498, 'Aspect': 161.38354517659369, 'TPI': 34.709779179810766}
Flat terrain detected. Running Storm Hunter Catchment Scan...
DIAGNOSTIC - FINAL CALIBRATED PROB: 98.5%
DIAGNOSTIC - FINAL CALIBRATED PROB: 99.0%

[AREA SCAN] Started Center (27.9059, 85.7563)

[AREA SCAN] Started North (27.9194, 85.7563)

[AREA SCAN] Started South (27.8924, 85.7563)

[AREA SCAN] Started East (27.9059, 85.7698)

[AREA SCAN] Started West (27.9059, 85.7428)
  TerraClimate: pr=67.8mm, soil=367.4mm
DIAGNOSTIC - SENSORS: {'LST': 14956.25, 'NDVI': 0.641775, 'NDMI': 0.13488371670246124, 'Aerosol': 0.1, 'rain_list': [0.8, 3.5, 1.0, 0.6, 0.2, 0.1, 2.7, 1.2, 0.6, 7.1, 5.1, 3.2, 4.5, 8.0], 'pr': 67.76449155938535, 'soil': 367.44708727790834, 'Slope': 34.03283813536153, 'Aspect': 257.5417937809768, 'TPI': -15.526813880126156}
  TerraClimate: pr=69.1mm, soil=363.1mm
DIAGNOSTIC - SENSORS: {'LST': 15035.461538461539, 'NDVI': 0.5497, 'NDMI': 0.0007493442972190678, 'Aerosol': 0.1, 'rain_list': [0.8, 3.5, 1.0, 0.6, 0.2, 0.1, 2.7, 1.2, 0.6, 7.1, 5.1, 3.2, 4.5, 8.0], 'pr': 69.11736411185419, 'soil': 363.0603748877471, 'Slope': 38.52208749206306, 'Aspect': 33.51683833057455, 'TPI': 88.61514195583595}
DIAGNOSTIC - FINAL CALIBRATED PROB: 30.1%
  TerraClimate: pr=306.9mm, soil=1014.1mm
DIAGNOSTIC - FINAL CALIBRATED PROB: 80.7%
  TerraClimate: pr=68.1mm, soil=363.4mm
DIAGNOSTIC - SENSORS: {'LST': 14725.916666666666, 'NDVI': 0.6388, 'NDMI': 0.17775210738182068, 'Aerosol': 0.1, 'rain_list': [3.7, 10.2, 0.7, 1.0, 1.2, 4.0, 4.3, 8.4, 4.6, 12.7, 5.2, 5.7, 17.1, 13.8], 'pr': 68.09279437462683, 'soil': 363.4472870228358, 'Slope': 38.57620261004678, 'Aspect': 105.29801241297618, 'TPI': -13.801261829652958}
  TerraClimate: pr=305.2mm, soil=1010.2mm
DIAGNOSTIC - FINAL CALIBRATED PROB: 96.5%
127.0.0.1 - - [01/Jun/2026 15:53:19] "POST /predict_area HTTP/1.1" 200 -
127.0.0.1 - - [01/Jun/2026 15:53:26] "POST /predict_area HTTP/1.1" 200 -
127.0.0.1 - - [01/Jun/2026 15:53:29] "POST /predict_area HTTP/1.1" 200 -
127.0.0.1 - - [01/Jun/2026 15:53:38] "POST /predict_area HTTP/1.1" 200 -
127.0.0.1 - - [01/Jun/2026 15:53:57] "POST /predict_area HTTP/1.1" 200 -
DIAGNOSTIC - FINAL CALIBRATED PROB: 93.6%
DIAGNOSTIC - FINAL CALIBRATED PROB: 52.6%
  TerraClimate: pr=67.9mm, soil=365.8mm
DIAGNOSTIC - SENSORS: {'LST': 14955.333333333334, 'NDVI': 0.54175, 'NDMI': 0.011856308206915855, 'Aerosol': 0.1, 'rain_list': [0.8, 3.5, 1.0, 0.6, 0.2, 0.1, 2.7, 1.2, 0.6, 7.1, 5.1, 3.2, 4.5, 8.0], 'pr': 67.89914110112038, 'soil': 365.80661620555065, 'Slope': 42.748375375236435, 'Aspect': 176.59166213442444, 'TPI': -22.84227129337546}
DIAGNOSTIC - FINAL CALIBRATED PROB: 30.1%
  TerraClimate: pr=313.6mm, soil=1028.1mm
DIAGNOSTIC - FINAL CALIBRATED PROB: 81.6%

[AREA SCAN] Started Center (27.7646, 85.3009)

[AREA SCAN] Started North (27.7781, 85.3009)

[AREA SCAN] Started South (27.7511, 85.3009)

[AREA SCAN] Started East (27.7646, 85.3144)

[AREA SCAN] Started West (27.7646, 85.2874)
  TerraClimate: pr=144.8mm, soil=595.6mm
DIAGNOSTIC - SENSORS: {'LST': 14959.76, 'NDVI': 0.280175, 'NDMI': -0.08265482634305954, 'Aerosol': 0.1, 'rain_list': [0.0, 0.1, 0.0, 0.0, 0.0, 0.0, 0.0, 0.2, 0.0, 0.0, 0.2, 0.9, 0.3, 0.0], 'pr': 144.8348268880426, 'soil': 595.6329901474118, 'Slope': 1.3993277766713004, 'Aspect': 48.495413952018, 'TPI': 17.43217665615134}
  TerraClimate: pr=143.3mm, soil=590.7mm
DIAGNOSTIC - SENSORS: {'LST': 14970.92, 'NDVI': 0.312475, 'NDMI': -0.09031043946743011, 'Aerosol': 0.1, 'rain_list': [0.0, 0.1, 0.0, 0.0, 0.0, 0.0, 0.0, 0.2, 0.0, 0.0, 0.2, 0.9, 0.3, 0.0], 'pr': 143.26606474850945, 'soil': 590.7108212371885, 'Slope': 11.37789725806713, 'Aspect': 90, 'TPI': -2.7192429022081797}
  TerraClimate: pr=142.9mm, soil=593.3mm
DIAGNOSTIC - SENSORS: {'LST': 14969.24, 'NDVI': 0.33495, 'NDMI': -0.049872420728206635, 'Aerosol': 0.1, 'rain_list': [0.0, 0.1, 0.0, 0.0, 0.0, 0.0, 0.0, 0.2, 0.0, 0.0, 0.2, 0.9, 0.3, 0.0], 'pr': 142.9036399087573, 'soil': 593.3363090130276, 'Slope': 1.3994239234020593, 'Aspect': 131.50110149199324, 'TPI': 4.13564668769709}
  TerraClimate: pr=145.9mm, soil=599.1mm
DIAGNOSTIC - SENSORS: {'LST': 14932.24, 'NDVI': 0.33655, 'NDMI': -0.057214826345443726, 'Aerosol': 0.1, 'rain_list': [0.0, 0.0, 0.0, 0.0, 0.0, 0.0, 0.0, 0.0, 0.0, 0.0, 0.3, 2.8, 1.0, 1.1], 'pr': 145.93047028708125, 'soil': 599.0706954180426, 'Slope': 6.39439940435735, 'Aspect': 125.29446235928309, 'TPI': -15.252365930599353}
Flat terrain detected. Running Storm Hunter Catchment Scan...
DIAGNOSTIC - FINAL CALIBRATED PROB: 0.0%
DIAGNOSTIC - FINAL CALIBRATED PROB: 0.2%
  TerraClimate: pr=66.7mm, soil=368.6mm
DIAGNOSTIC - SENSORS: {'LST': 14848.0, 'NDVI': 0.533725, 'NDMI': 0.01514563150703907, 'Aerosol': 0.1, 'rain_list': [3.7, 10.2, 0.7, 1.0, 1.2, 4.0, 4.3, 8.4, 4.6, 12.7, 5.2, 5.7, 17.1, 13.8], 'pr': 66.68091809038641, 'soil': 368.5528575233546, 'Slope': 41.587446526206335, 'Aspect': 128.3297391657177, 'TPI': -28.788643533122922}
DIAGNOSTIC - FINAL CALIBRATED PROB: 68.9%
DIAGNOSTIC - FINAL CALIBRATED PROB: 30.0%
  TerraClimate: pr=145.8mm, soil=596.8mm
DIAGNOSTIC - SENSORS: {'LST': 14936.0, 'NDVI': 0.24115, 'NDMI': -0.04932301864027977, 'Aerosol': 0.1, 'rain_list': [0.0, 0.1, 0.0, 0.0, 0.0, 0.0, 0.0, 0.2, 0.0, 0.0, 0.2, 0.9, 0.3, 0.0], 'pr': 145.80042037768487, 'soil': 596.7813307146033, 'Slope': 4.743537642424892, 'Aspect': 192.7345885779288, 'TPI': -6.429022082018946}
DIAGNOSTIC - FINAL CALIBRATED PROB: 92.2%
DIAGNOSTIC - FINAL CALIBRATED PROB: 42.4%

[AREA SCAN] Started Center (28.7033, 80.5670)

[AREA SCAN] Started North (28.7168, 80.5670)

[AREA SCAN] Started South (28.6898, 80.5670)

[AREA SCAN] Started East (28.7033, 80.5805)

[AREA SCAN] Started West (28.7033, 80.5535)
  TerraClimate: pr=56.5mm, soil=421.9mm
DIAGNOSTIC - SENSORS: {'LST': 15245.035714285714, 'NDVI': 0.42215, 'NDMI': 0.02689804695546627, 'Aerosol': 0.1, 'rain_list': [0.0, 0.0, 0.0, 0.0, 0.0, 0.0, 0.0, 0.0, 0.0, 0.0, 0.0, 0.0, 0.0, 0.0], 'pr': 56.547190070586055, 'soil': 421.9439907000198, 'Slope': 1.0573097565129836, 'Aspect': 270, 'TPI': -0.08201892744480688}
  TerraClimate: pr=57.6mm, soil=420.2mm
DIAGNOSTIC - SENSORS: {'LST': 15279.37037037037, 'NDVI': 0.3319, 'NDMI': -0.054187193512916565, 'Aerosol': 0.1, 'rain_list': [0.0, 0.0, 0.0, 0.0, 0.0, 0.0, 0.0, 0.0, 0.0, 0.0, 0.0, 0.0, 0.0, 0.0], 'pr': 57.58662629943643, 'soil': 420.1967096656995, 'Slope': 1.4063739017451111, 'Aspect': 311.25097070148627, 'TPI': -1.4258675078864371}
DIAGNOSTIC - FINAL CALIBRATED PROB: 0.0%
DIAGNOSTIC - FINAL CALIBRATED PROB: 0.0%
  TerraClimate: pr=56.9mm, soil=421.3mm
DIAGNOSTIC - SENSORS: {'LST': 15264.518518518518, 'NDVI': 0.28495, 'NDMI': -0.01984732784330845, 'Aerosol': 0.1, 'rain_list': [0.0, 0.0, 0.0, 0.0, 0.0, 0.0, 0.0, 0.0, 0.0, 0.0, 0.0, 0.0, 0.0, 0.0], 'pr': 56.93252013733798, 'soil': 421.2590466461207, 'Slope': 1.0573097565129836, 'Aspect': 90, 'TPI': -1.3186119873817006}
  TerraClimate: pr=55.6mm, soil=423.4mm
DIAGNOSTIC - SENSORS: {'LST': 15262.964285714286, 'NDVI': 0.435125, 'NDMI': 0.020642202347517014, 'Aerosol': 0.1, 'rain_list': [0.0, 0.0, 0.0, 0.0, 0.0, 0.0, 0.0, 0.0, 0.0, 0.0, 0.0, 0.0, 0.0, 0.0], 'pr': 55.624307813141336, 'soil': 423.3837206069624, 'Slope': 0, 'Aspect': 0, 'TPI': -2.2555205047318623}
DIAGNOSTIC - FINAL CALIBRATED PROB: 0.0%
  TerraClimate: pr=57.5mm, soil=420.2mm
DIAGNOSTIC - SENSORS: {'LST': 15268.703703703704, 'NDVI': 0.35375, 'NDMI': -0.014782608486711979, 'Aerosol': 0.1, 'rain_list': [0.0, 0.0, 0.0, 0.0, 0.0, 0.0, 0.0, 0.0, 0.0, 0.0, 0.0, 0.0, 0.0, 0.0], 'pr': 57.526381769625836, 'soil': 420.20342698658254, 'Slope': 4.212060981469208, 'Aspect': 131.25459091549655, 'TPI': -3.4574132492113563}
DIAGNOSTIC - FINAL CALIBRATED PROB: 0.0%
DIAGNOSTIC - FINAL CALIBRATED PROB: 0.0%

[AREA SCAN] Started Center (28.2234, 83.9907)

[AREA SCAN] Started North (28.2369, 83.9907)

[AREA SCAN] Started South (28.2099, 83.9907)

[AREA SCAN] Started East (28.2234, 84.0042)

[AREA SCAN] Started West (28.2234, 83.9772)
  TerraClimate: pr=174.0mm, soil=692.9mm
DIAGNOSTIC - SENSORS: {'LST': 15036.458333333334, 'NDVI': 0.274475, 'NDMI': -0.021210091188549995, 'Aerosol': 0.1, 'rain_list': [0.2, 0.0, 0.0, 0.0, 0.0, 0.0, 0.0, 0.0, 0.0, 0.0, 0.0, 0.0, 0.0, 0.0], 'pr': 173.97050267106357, 'soil': 692.9038672536419, 'Slope': 3.4848714423431337, 'Aspect': 217.11189915112453, 'TPI': 4.369085173501617}
  TerraClimate: pr=173.8mm, soil=693.2mm
DIAGNOSTIC - SENSORS: {'LST': 14987.583333333334, 'NDVI': 0.332425, 'NDMI': 0.010261672548949718, 'Aerosol': 0.1, 'rain_list': [0.2, 0.0, 0.0, 0.0, 0.0, 0.0, 0.0, 0.0, 0.0, 0.0, 0.0, 0.0, 0.0, 0.0], 'pr': 173.8029820426464, 'soil': 693.1725073130862, 'Slope': 0.9274099368611016, 'Aspect': 0, 'TPI': -0.7602523659305689}
DIAGNOSTIC - FINAL CALIBRATED PROB: 0.0%
  TerraClimate: pr=174.6mm, soil=696.6mm
DIAGNOSTIC - SENSORS: {'LST': 15065.0, 'NDVI': 0.285925, 'NDMI': -0.0029230269137769938, 'Aerosol': 0.1, 'rain_list': [0.2, 0.0, 0.0, 0.0, 0.0, 0.0, 0.0, 0.0, 0.0, 0.0, 0.0, 0.0, 0.0, 0.0], 'pr': 174.6186421515497, 'soil': 696.6120813599933, 'Slope': 2.972213438695345, 'Aspect': 200.7197786125688, 'TPI': -0.7318611987382155}
  TerraClimate: pr=174.2mm, soil=692.5mm
DIAGNOSTIC - SENSORS: {'LST': 15013.041666666666, 'NDVI': 0.4262, 'NDMI': 0.01624896749854088, 'Aerosol': 0.1, 'rain_list': [0.2, 0.0, 0.0, 0.0, 0.0, 0.0, 0.0, 0.0, 0.0, 0.0, 0.0, 0.0, 0.0, 0.0], 'pr': 174.24289752708967, 'soil': 692.5017802969314, 'Slope': 1.4026760173043884, 'Aspect': 48.61637016801475, 'TPI': -0.813880126182994}
DIAGNOSTIC - FINAL CALIBRATED PROB: 0.0%
DIAGNOSTIC - FINAL CALIBRATED PROB: 0.0%
DIAGNOSTIC - FINAL CALIBRATED PROB: 0.0%
  TerraClimate: pr=173.1mm, soil=687.7mm
DIAGNOSTIC - SENSORS: {'LST': 14952.423076923076, 'NDVI': 0.33195, 'NDMI': 0.029658285900950432, 'Aerosol': 0.1, 'rain_list': [0.2, 0.0, 0.0, 0.0, 0.0, 0.0, 0.0, 0.0, 0.0, 0.0, 0.0, 0.0, 0.0, 0.0], 'pr': 173.06675772583472, 'soil': 687.7385442880718, 'Slope': 13.741568106647854, 'Aspect': 157.9331462833289, 'TPI': 2.832807570977934}
Flat terrain detected. Running Storm Hunter Catchment Scan...
  TerraClimate: pr=168.4mm, soil=661.1mm
DIAGNOSTIC - FINAL CALIBRATED PROB: 0.0%

[AREA SCAN] Started Center (28.1518, 81.4776)

[AREA SCAN] Started North (28.1653, 81.4776)

[AREA SCAN] Started South (28.1383, 81.4776)

[AREA SCAN] Started East (28.1518, 81.4911)
127.0.0.1 - - [01/Jun/2026 15:54:07] "POST /predict_area HTTP/1.1" 200 -
127.0.0.1 - - [01/Jun/2026 15:54:16] "POST /predict_area HTTP/1.1" 200 -
127.0.0.1 - - [01/Jun/2026 15:54:41] "POST /predict_area HTTP/1.1" 200 -

[AREA SCAN] Started West (28.1518, 81.4641)
  TerraClimate: pr=24.7mm, soil=423.6mm
DIAGNOSTIC - SENSORS: {'LST': 15385.035714285714, 'NDVI': 0.45385, 'NDMI': -0.07357919216156006, 'Aerosol': 0.1, 'rain_list': [0.0, 0.0, 0.0, 0.0, 0.0, 0.0, 0.0, 0.0, 1.1, 0.0, 0.0, 0.0, 0.0, 0.0], 'pr': 24.677079778002952, 'soil': 423.63219703889433, 'Slope': 2.9720119328637624, 'Aspect': 200.70948783391532, 'TPI': -0.6593059936908503}
DIAGNOSTIC - FINAL CALIBRATED PROB: 0.0%
  TerraClimate: pr=24.5mm, soil=425.6mm
DIAGNOSTIC - SENSORS: {'LST': 15372.57142857143, 'NDVI': 0.441875, 'NDMI': -0.064699687063694, 'Aerosol': 0.1, 'rain_list': [0.0, 0.0, 0.0, 0.0, 0.0, 0.0, 0.0, 0.0, 1.1, 0.0, 0.0, 0.0, 0.0, 0.0], 'pr': 24.473427848049198, 'soil': 425.55543347110324, 'Slope': 2.9720119329017214, 'Aspect': 159.29051216414553, 'TPI': -2.082018927444807}
DIAGNOSTIC - FINAL CALIBRATED PROB: 0.0%
  TerraClimate: pr=24.4mm, soil=425.2mm
DIAGNOSTIC - SENSORS: {'LST': 15382.964285714286, 'NDVI': 0.41775, 'NDMI': -0.06295149773359299, 'Aerosol': 0.1, 'rain_list': [0.0, 0.0, 0.0, 0.0, 0.0, 0.0, 0.0, 0.0, 1.1, 0.0, 0.0, 0.0, 0.0, 0.0], 'pr': 24.441037654749902, 'soil': 425.1604432661317, 'Slope': 2.297764395275635, 'Aspect': 113.79295922939062, 'TPI': -2.3091482649842305}
  TerraClimate: pr=24.9mm, soil=421.9mm
DIAGNOSTIC - SENSORS: {'LST': 15376.07142857143, 'NDVI': 0.4574, 'NDMI': -0.07037036865949631, 'Aerosol': 0.1, 'rain_list': [0.0, 0.0, 0.0, 0.0, 0.0, 0.0, 0.0, 0.0, 1.1, 0.0, 0.0, 0.0, 0.0, 0.0], 'pr': 24.861276809065362, 'soil': 421.9003340133811, 'Slope': 6.549875045375565, 'Aspect': 253.62194682684475, 'TPI': -0.8328075709779057}
  TerraClimate: pr=25.0mm, soil=421.5mm
DIAGNOSTIC - SENSORS: {'LST': 15374.07142857143, 'NDVI': 0.467, 'NDMI': -0.05361208692193031, 'Aerosol': 0.1, 'rain_list': [0.0, 0.0, 0.0, 0.0, 0.0, 0.0, 0.0, 0.0, 1.1, 0.0, 0.0, 0.0, 0.0, 0.0], 'pr': 25.010049469288663, 'soil': 421.47862711161554, 'Slope': 1.4022494915876924, 'Aspect': 131.39899360878252, 'TPI': 1.4542586750788757}
DIAGNOSTIC - FINAL CALIBRATED PROB: 0.0%
DIAGNOSTIC - FINAL CALIBRATED PROB: 0.0%
DIAGNOSTIC - FINAL CALIBRATED PROB: 0.0%

[AREA SCAN] Started Center (28.1275, 82.8494)

[AREA SCAN] Started North (28.1410, 82.8494)

[AREA SCAN] Started South (28.1140, 82.8494)

[AREA SCAN] Started East (28.1275, 82.8629)

[AREA SCAN] Started West (28.1275, 82.8359)
  TerraClimate: pr=61.0mm, soil=375.2mm
DIAGNOSTIC - SENSORS: {'LST': 15202.17857142857, 'NDVI': 0.5464, 'NDMI': 0.05527442693710327, 'Aerosol': 0.1, 'rain_list': [0.0, 0.0, 0.0, 0.0, 0.0, 1.6, 0.9, 0.8, 0.3, 0.0, 0.0, 0.0, 0.0, 0.0], 'pr': 60.98067747221099, 'soil': 375.1731822259402, 'Slope': 16.27407194801995, 'Aspect': 70.56690021095099, 'TPI': 20.64037854889591}
  TerraClimate: pr=62.1mm, soil=373.6mm
DIAGNOSTIC - SENSORS: {'LST': 15150.807692307691, 'NDVI': 0.571, 'NDMI': 0.14467409253120422, 'Aerosol': 0.1, 'rain_list': [0.0, 0.0, 0.0, 0.0, 0.0, 0.0, 0.8, 0.5, 1.5, 0.0, 0.0, 0.0, 0.0, 0.0], 'pr': 62.078524879273296, 'soil': 373.63873734341735, 'Slope': 37.59130873803531, 'Aspect': 325.08949803535467, 'TPI': 14.164037854889557}
  TerraClimate: pr=61.6mm, soil=374.2mm
DIAGNOSTIC - SENSORS: {'LST': 15174.0, 'NDVI': 0.48345, 'NDMI': 0.038896553218364716, 'Aerosol': 0.1, 'rain_list': [0.0, 0.0, 0.0, 0.0, 0.0, 0.0, 0.8, 0.5, 1.5, 0.0, 0.0, 0.0, 0.0, 0.0], 'pr': 61.61456362023834, 'soil': 374.2430993251431, 'Slope': 55.475543100012196, 'Aspect': 242.1148738601319, 'TPI': 54.85488958990527}
  TerraClimate: pr=62.9mm, soil=378.8mm
DIAGNOSTIC - SENSORS: {'LST': 15141.407407407407, 'NDVI': 0.6294, 'NDMI': 0.10870089381933212, 'Aerosol': 0.1, 'rain_list': [0.0, 0.0, 0.0, 0.0, 0.0, 1.6, 0.9, 0.8, 0.3, 0.0, 0.0, 0.0, 0.0, 0.0], 'pr': 62.93332605937956, 'soil': 378.75774847427255, 'Slope': 29.666406011681808, 'Aspect': 75.18078479477313, 'TPI': -66.2776025236592}
  TerraClimate: pr=60.9mm, soil=371.7mm
DIAGNOSTIC - SENSORS: {'LST': 15199.538461538461, 'NDVI': 0.472325, 'NDMI': 0.007109995931386948, 'Aerosol': 0.1, 'rain_list': [0.0, 0.0, 0.0, 0.0, 0.0, 1.6, 0.9, 0.8, 0.3, 0.0, 0.0, 0.0, 0.0, 0.0], 'pr': 60.85419414227321, 'soil': 371.6557541268804, 'Slope': 2.2975701254437655, 'Aspect': 246.20490244252656, 'TPI': -29.62145110410097}
Flat terrain detected. Running Storm Hunter Catchment Scan...
DIAGNOSTIC - FINAL CALIBRATED PROB: 0.0%
DIAGNOSTIC - FINAL CALIBRATED PROB: 96.9%
DIAGNOSTIC - FINAL CALIBRATED PROB: 0.0%
DIAGNOSTIC - FINAL CALIBRATED PROB: 0.0%
DIAGNOSTIC - FINAL CALIBRATED PROB: 0.0%

[AREA SCAN] Started Center (28.0329, 82.9022)

[AREA SCAN] Started North (28.0464, 82.9022)

[AREA SCAN] Started South (28.0194, 82.9022)

[AREA SCAN] Started East (28.0329, 82.9157)

[AREA SCAN] Started West (28.0329, 82.8887)
  TerraClimate: pr=180.4mm, soil=765.5mm
DIAGNOSTIC - SENSORS: {'LST': 15245.684210526315, 'NDVI': 0.610325, 'NDMI': 0.11688311398029327, 'Aerosol': 0.1, 'rain_list': [1.9, 0.1, 0.5, 1.7, 2.5, 6.6, 3.0, 3.1, 2.8, 5.2, 0.0, 0.0, 4.6, 10.3], 'pr': 180.43728629385777, 'soil': 765.548663622073, 'Slope': 28.829224691372264, 'Aspect': 268.3146937363829, 'TPI': -28.507886435331216}
  TerraClimate: pr=181.6mm, soil=771.8mm
DIAGNOSTIC - SENSORS: {'LST': 15236.25, 'NDVI': 0.572525, 'NDMI': 0.10679611563682556, 'Aerosol': 0.1, 'rain_list': [1.9, 0.1, 0.5, 1.7, 2.5, 6.6, 3.0, 3.1, 2.8, 5.2, 0.0, 0.0, 4.6, 10.3], 'pr': 181.60978108372353, 'soil': 771.796873515833, 'Slope': 23.602555904188943, 'Aspect': 222.18701898118303, 'TPI': 16.826498422712916}
  TerraClimate: pr=180.0mm, soil=766.1mm
DIAGNOSTIC - SENSORS: {'LST': 15153.444444444445, 'NDVI': 0.575225, 'NDMI': 0.12415560334920883, 'Aerosol': 0.1, 'rain_list': [1.9, 0.1, 0.5, 1.7, 2.5, 6.6, 3.0, 3.1, 2.8, 5.2, 0.0, 0.0, 4.6, 10.3], 'pr': 179.9593193531048, 'soil': 766.1182021251367, 'Slope': 21.223123979393883, 'Aspect': 41.38156267864121, 'TPI': 46.61829652996846}
  TerraClimate: pr=179.6mm, soil=760.9mm
DIAGNOSTIC - SENSORS: {'LST': 15244.157894736842, 'NDVI': 0.382125, 'NDMI': 0.008665511384606361, 'Aerosol': 0.1, 'rain_list': [1.9, 0.1, 0.5, 1.7, 2.5, 6.6, 3.0, 3.1, 2.8, 5.2, 0.0, 0.0, 4.6, 10.3], 'pr': 179.5743301285166, 'soil': 760.9499811402659, 'Slope': 12.563644956877878, 'Aspect': 199.2180022468656, 'TPI': -3.6813880126182994}
DIAGNOSTIC - FINAL CALIBRATED PROB: 47.5%
Flat terrain detected. Running Storm Hunter Catchment Scan...
DIAGNOSTIC - FINAL CALIBRATED PROB: 97.0%
DIAGNOSTIC - FINAL CALIBRATED PROB: 87.0%
  TerraClimate: pr=181.1mm, soil=764.8mm
DIAGNOSTIC - SENSORS: {'LST': 15159.95, 'NDVI': 0.5501, 'NDMI': 0.1128472238779068, 'Aerosol': 0.1, 'rain_list': [1.8, 1.3, 0.3, 0.6, 0.6, 8.2, 5.3, 0.8, 3.6, 6.7, 0.1, 1.6, 4.4, 4.7], 'pr': 181.1064400109117, 'soil': 764.751309717784, 'Slope': 30.10402189391135, 'Aspect': 281.27077692193103, 'TPI': -16.041009463722503}
DIAGNOSTIC - FINAL CALIBRATED PROB: 78.1%
  TerraClimate: pr=177.9mm, soil=734.5mm
DIAGNOSTIC - FINAL CALIBRATED PROB: 93.9%

[AREA SCAN] Started Center (28.2234, 83.9907)

[AREA SCAN] Started North (28.2369, 83.9907)

[AREA SCAN] Started South (28.2099, 83.9907)

[AREA SCAN] Started East (28.2234, 84.0042)

[AREA SCAN] Started West (28.2234, 83.9772)
  TerraClimate: pr=173.1mm, soil=687.7mm
DIAGNOSTIC - SENSORS: {'LST': 14987.653846153846, 'NDVI': 0.3433, 'NDMI': -0.007694500032812357, 'Aerosol': 0.1, 'rain_list': [0.0, 0.0, 0.0, 0.0, 0.0, 0.2, 0.0, 0.0, 0.0, 0.0, 0.0, 0.8, 1.4, 0.0], 'pr': 173.06675772583472, 'soil': 687.7385442880718, 'Slope': 13.741568106647854, 'Aspect': 157.9331462833289, 'TPI': 2.832807570977934}
  TerraClimate: pr=174.0mm, soil=692.9mm
DIAGNOSTIC - SENSORS: {'LST': 15085.791666666666, 'NDVI': 0.28293333333333337, 'NDMI': -0.029602481052279472, 'Aerosol': 0.1, 'rain_list': [0.0, 0.0, 0.0, 0.0, 0.0, 0.2, 0.0, 0.0, 0.0, 0.0, 0.0, 0.8, 1.4, 0.0], 'pr': 173.97050267106357, 'soil': 692.9038672536419, 'Slope': 3.4848714423431337, 'Aspect': 217.11189915112453, 'TPI': 4.369085173501617}
Flat terrain detected. Running Storm Hunter Catchment Scan...
DIAGNOSTIC - FINAL CALIBRATED PROB: 17.1%
  TerraClimate: pr=174.6mm, soil=696.6mm
127.0.0.1 - - [01/Jun/2026 15:54:54] "OPTIONS /predict_area HTTP/1.1" 200 -
127.0.0.1 - - [01/Jun/2026 15:54:56] "POST /predict_area HTTP/1.1" 200 -
127.0.0.1 - - [01/Jun/2026 15:55:02] "POST /predict_area HTTP/1.1" 200 -
127.0.0.1 - - [01/Jun/2026 15:55:14] "POST /predict_area HTTP/1.1" 200 -
DIAGNOSTIC - SENSORS: {'LST': 15103.041666666666, 'NDVI': 0.29633333333333334, 'NDMI': 0.01584743522107601, 'Aerosol': 0.1, 'rain_list': [0.0, 0.0, 0.0, 0.0, 0.0, 0.2, 0.0, 0.0, 0.0, 0.0, 0.0, 0.8, 1.4, 0.0], 'pr': 174.6186421515497, 'soil': 696.6120813599933, 'Slope': 2.972213438695345, 'Aspect': 200.7197786125688, 'TPI': -0.7318611987382155}
  TerraClimate: pr=174.2mm, soil=692.5mm
DIAGNOSTIC - SENSORS: {'LST': 15036.92, 'NDVI': 0.4262333333333333, 'NDMI': 0.01624896749854088, 'Aerosol': 0.1, 'rain_list': [0.0, 0.0, 0.0, 0.0, 0.0, 0.2, 0.0, 0.0, 0.0, 0.0, 0.0, 0.8, 1.4, 0.0], 'pr': 174.24289752708967, 'soil': 692.5017802969314, 'Slope': 1.4026760173043884, 'Aspect': 48.61637016801475, 'TPI': -0.813880126182994}
DIAGNOSTIC - FINAL CALIBRATED PROB: 10.8%
  TerraClimate: pr=173.8mm, soil=693.2mm
DIAGNOSTIC - SENSORS: {'LST': 15028.333333333334, 'NDVI': 0.345, 'NDMI': 0.010261672548949718, 'Aerosol': 0.1, 'rain_list': [0.0, 0.0, 0.0, 0.0, 0.0, 0.2, 0.0, 0.0, 0.0, 0.0, 0.0, 0.8, 1.4, 0.0], 'pr': 173.8029820426464, 'soil': 693.1725073130862, 'Slope': 0.9274099368611016, 'Aspect': 0, 'TPI': -0.7602523659305689}
DIAGNOSTIC - FINAL CALIBRATED PROB: 1.9%
DIAGNOSTIC - FINAL CALIBRATED PROB: 0.8%

[AREA SCAN] Started Center (27.9059, 85.7563)

[AREA SCAN] Started North (27.9194, 85.7563)

[AREA SCAN] Started South (27.8924, 85.7563)

[AREA SCAN] Started East (27.9059, 85.7698)

[AREA SCAN] Started West (27.9059, 85.7428)
  TerraClimate: pr=168.4mm, soil=661.1mm
DIAGNOSTIC - FINAL CALIBRATED PROB: 98.1%

[AREA SCAN] Started Center (27.3180, 86.5014)

[AREA SCAN] Started North (27.3315, 86.5014)

[AREA SCAN] Started South (27.3045, 86.5014)

[AREA SCAN] Started East (27.3180, 86.5149)

[AREA SCAN] Started West (27.3180, 86.4879)
  TerraClimate: pr=68.1mm, soil=363.4mm
DIAGNOSTIC - SENSORS: {'LST': 14739.90909090909, 'NDVI': 0.6388, 'NDMI': 0.17775210738182068, 'Aerosol': 0.1, 'rain_list': [7.6, 3.7, 10.2, 0.7, 1.0, 1.2, 4.0, 4.3, 8.4, 4.6, 12.7, 5.2, 5.7, 17.1], 'pr': 68.09279437462683, 'soil': 363.4472870228358, 'Slope': 38.57620261004678, 'Aspect': 105.29801241297618, 'TPI': -13.801261829652958}
  TerraClimate: pr=67.9mm, soil=365.8mm
DIAGNOSTIC - SENSORS: {'LST': 14960.272727272728, 'NDVI': 0.54175, 'NDMI': 0.011856308206915855, 'Aerosol': 0.1, 'rain_list': [14.8, 0.8, 3.5, 1.0, 0.6, 0.2, 0.1, 2.7, 1.2, 0.6, 7.1, 5.1, 3.2, 4.5], 'pr': 67.89914110112038, 'soil': 365.80661620555065, 'Slope': 42.748375375236435, 'Aspect': 176.59166213442444, 'TPI': -22.84227129337546}
  TerraClimate: pr=67.8mm, soil=367.4mm
DIAGNOSTIC - SENSORS: {'LST': 14961.818181818182, 'NDVI': 0.641775, 'NDMI': 0.13488371670246124, 'Aerosol': 0.1, 'rain_list': [14.8, 0.8, 3.5, 1.0, 0.6, 0.2, 0.1, 2.7, 1.2, 0.6, 7.1, 5.1, 3.2, 4.5], 'pr': 67.76449155938535, 'soil': 367.44708727790834, 'Slope': 34.03283813536153, 'Aspect': 257.5417937809768, 'TPI': -15.526813880126156}
  TerraClimate: pr=224.9mm, soil=916.3mm
DIAGNOSTIC - SENSORS: {'LST': 15133.875, 'NDVI': 0.7099333333333333, 'NDMI': 0.25756824016571045, 'Aerosol': 0.1, 'rain_list': [7.6, 10.1, 11.2, 4.9, 12.0, 2.9, 1.5, 0.3, 0.1, 3.9, 0.3, 40.3, 8.7, 1.5], 'pr': 224.92416979147794, 'soil': 916.2607502180033, 'Slope': 25.357795827673694, 'Aspect': 271.9573911673413, 'TPI': 44.72870662460559}
  TerraClimate: pr=69.1mm, soil=363.1mm
DIAGNOSTIC - SENSORS: {'LST': 15048.083333333334, 'NDVI': 0.5497, 'NDMI': 0.0007493442972190678, 'Aerosol': 0.1, 'rain_list': [14.8, 0.8, 3.5, 1.0, 0.6, 0.2, 0.1, 2.7, 1.2, 0.6, 7.1, 5.1, 3.2, 4.5], 'pr': 69.11736411185419, 'soil': 363.0603748877471, 'Slope': 38.52208749206306, 'Aspect': 33.51683833057455, 'TPI': 88.61514195583595}
  TerraClimate: pr=66.7mm, soil=368.6mm
DIAGNOSTIC - SENSORS: {'LST': 14848.636363636364, 'NDVI': 0.533725, 'NDMI': 0.01514563150703907, 'Aerosol': 0.1, 'rain_list': [7.6, 3.7, 10.2, 0.7, 1.0, 1.2, 4.0, 4.3, 8.4, 4.6, 12.7, 5.2, 5.7, 17.1], 'pr': 66.68091809038641, 'soil': 368.5528575233546, 'Slope': 41.587446526206335, 'Aspect': 128.3297391657177, 'TPI': -28.788643533122922}
  TerraClimate: pr=225.6mm, soil=919.1mm
DIAGNOSTIC - SENSORS: {'LST': 14999.555555555555, 'NDVI': 0.5235, 'NDMI': 0.12427856773138046, 'Aerosol': 0.1, 'rain_list': [0.0, 0.0, 0.0, 0.0, 0.0, 0.0, 0.0, 0.0, 0.0, 0.0, 0.0, 0.0, 0.0, 0.0], 'pr': 225.6462528309935, 'soil': 919.1198146790163, 'Slope': 15.310973690494151, 'Aspect': 273.38976355258114, 'TPI': 15.078864353312383}
DIAGNOSTIC - FINAL CALIBRATED PROB: 35.1%
  TerraClimate: pr=226.4mm, soil=922.0mm
DIAGNOSTIC - SENSORS: {'LST': 15053.625, 'NDVI': 0.6411666666666667, 'NDMI': 0.1680780053138733, 'Aerosol': 0.1, 'rain_list': [7.6, 10.1, 11.2, 4.9, 12.0, 2.9, 1.5, 0.3, 0.1, 3.9, 0.3, 40.3, 8.7, 1.5], 'pr': 226.3683358705088, 'soil': 921.9788791400287, 'Slope': 17.08244479663927, 'Aspect': 288.4247906757108, 'TPI': -15.290220820189234}
DIAGNOSTIC - FINAL CALIBRATED PROB: 15.0%
  TerraClimate: pr=226.7mm, soil=920.0mm
DIAGNOSTIC - SENSORS: {'LST': 15052.5, 'NDVI': 0.5931333333333333, 'NDMI': 0.12004315853118896, 'Aerosol': 0.1, 'rain_list': [7.6, 10.1, 11.2, 4.9, 12.0, 2.9, 1.5, 0.3, 0.1, 3.9, 0.3, 40.3, 8.7, 1.5], 'pr': 226.68495972925754, 'soil': 919.9904797966418, 'Slope': 26.29414884516898, 'Aspect': 190.62449116077977, 'TPI': 23.73501577287061}
DIAGNOSTIC - FINAL CALIBRATED PROB: 15.0%
DIAGNOSTIC - FINAL CALIBRATED PROB: 32.5%
DIAGNOSTIC - FINAL CALIBRATED PROB: 9.3%
DIAGNOSTIC - FINAL CALIBRATED PROB: 15.0%
Flat terrain detected. Running Storm Hunter Catchment Scan...
Flat terrain detected. Running Storm Hunter Catchment Scan...
DIAGNOSTIC - FINAL CALIBRATED PROB: 94.0%
  TerraClimate: pr=225.6mm, soil=919.8mm
DIAGNOSTIC - SENSORS: {'LST': 15019.25, 'NDVI': 0.6219333333333333, 'NDMI': 0.18714556097984314, 'Aerosol': 0.1, 'rain_list': [7.6, 10.1, 11.2, 4.9, 12.0, 2.9, 1.5, 0.3, 0.1, 3.9, 0.3, 40.3, 8.7, 1.5], 'pr': 225.60582584035484, 'soil': 919.7583773157785, 'Slope': 14.538956210785198, 'Aspect': 159.4351776839744, 'TPI': -50.17981072555199}
Flat terrain detected. Running Storm Hunter Catchment Scan...
  TerraClimate: pr=230.7mm, soil=939.1mm
DIAGNOSTIC - FINAL CALIBRATED PROB: 61.5%
  TerraClimate: pr=228.0mm, soil=933.1mm
DIAGNOSTIC - FINAL CALIBRATED PROB: 2.2%
  TerraClimate: pr=229.9mm, soil=935.8mm
DIAGNOSTIC - FINAL CALIBRATED PROB: 0.0%

[AREA SCAN] Started Center (28.2234, 83.9907)

[AREA SCAN] Started North (28.2369, 83.9907)

[AREA SCAN] Started South (28.2099, 83.9907)

[AREA SCAN] Started East (28.2234, 84.0042)

[AREA SCAN] Started West (28.2234, 83.9772)
  TerraClimate: pr=173.1mm, soil=687.7mm
DIAGNOSTIC - SENSORS: {'LST': 14952.423076923076, 'NDVI': 0.33195, 'NDMI': 0.029658285900950432, 'Aerosol': 0.1, 'rain_list': [0.2, 0.0, 0.0, 0.0, 0.0, 0.0, 0.0, 0.0, 0.0, 0.0, 0.0, 0.0, 0.0, 0.0], 'pr': 173.06675772583472, 'soil': 687.7385442880718, 'Slope': 13.741568106647854, 'Aspect': 157.9331462833289, 'TPI': 2.832807570977934}
  TerraClimate: pr=173.8mm, soil=693.2mm
DIAGNOSTIC - SENSORS: {'LST': 14987.583333333334, 'NDVI': 0.332425, 'NDMI': 0.010261672548949718, 'Aerosol': 0.1, 'rain_list': [0.2, 0.0, 0.0, 0.0, 0.0, 0.0, 0.0, 0.0, 0.0, 0.0, 0.0, 0.0, 0.0, 0.0], 'pr': 173.8029820426464, 'soil': 693.1725073130862, 'Slope': 0.9274099368611016, 'Aspect': 0, 'TPI': -0.7602523659305689}
  TerraClimate: pr=174.0mm, soil=692.9mm
DIAGNOSTIC - SENSORS: {'LST': 15036.458333333334, 'NDVI': 0.274475, 'NDMI': -0.021210091188549995, 'Aerosol': 0.1, 'rain_list': [0.2, 0.0, 0.0, 0.0, 0.0, 0.0, 0.0, 0.0, 0.0, 0.0, 0.0, 0.0, 0.0, 0.0], 'pr': 173.97050267106357, 'soil': 692.9038672536419, 'Slope': 3.4848714423431337, 'Aspect': 217.11189915112453, 'TPI': 4.369085173501617}
DIAGNOSTIC - FINAL CALIBRATED PROB: 0.0%
Flat terrain detected. Running Storm Hunter Catchment Scan...
DIAGNOSTIC - FINAL CALIBRATED PROB: 0.0%
  TerraClimate: pr=174.2mm, soil=692.5mm
DIAGNOSTIC - SENSORS: {'LST': 15013.041666666666, 'NDVI': 0.4262, 'NDMI': 0.01624896749854088, 'Aerosol': 0.1, 'rain_list': [0.2, 0.0, 0.0, 0.0, 0.0, 0.0, 0.0, 0.0, 0.0, 0.0, 0.0, 0.0, 0.0, 0.0], 'pr': 174.24289752708967, 'soil': 692.5017802969314, 'Slope': 1.4026760173043884, 'Aspect': 48.61637016801475, 'TPI': -0.813880126182994}
DIAGNOSTIC - FINAL CALIBRATED PROB: 0.0%
127.0.0.1 - - [01/Jun/2026 15:55:30] "POST /predict_area HTTP/1.1" 200 -
127.0.0.1 - - [01/Jun/2026 15:55:43] "POST /predict_area HTTP/1.1" 200 -
127.0.0.1 - - [01/Jun/2026 15:55:52] "POST /predict_area HTTP/1.1" 200 -
127.0.0.1 - - [01/Jun/2026 15:55:59] "POST /predict_area HTTP/1.1" 200 -
  TerraClimate: pr=174.6mm, soil=696.6mm
DIAGNOSTIC - SENSORS: {'LST': 15065.0, 'NDVI': 0.285925, 'NDMI': -0.0029230269137769938, 'Aerosol': 0.1, 'rain_list': [0.2, 0.0, 0.0, 0.0, 0.0, 0.0, 0.0, 0.0, 0.0, 0.0, 0.0, 0.0, 0.0, 0.0], 'pr': 174.6186421515497, 'soil': 696.6120813599933, 'Slope': 2.972213438695345, 'Aspect': 200.7197786125688, 'TPI': -0.7318611987382155}
DIAGNOSTIC - FINAL CALIBRATED PROB: 0.0%
  TerraClimate: pr=168.4mm, soil=661.1mm
DIAGNOSTIC - FINAL CALIBRATED PROB: 0.0%

[AREA SCAN] Started Center (28.1275, 82.8494)

[AREA SCAN] Started North (28.1410, 82.8494)

[AREA SCAN] Started South (28.1140, 82.8494)

[AREA SCAN] Started East (28.1275, 82.8629)

[AREA SCAN] Started West (28.1275, 82.8359)
  TerraClimate: pr=62.9mm, soil=378.8mm
DIAGNOSTIC - SENSORS: {'LST': 15028.74074074074, 'NDVI': 0.662, 'NDMI': 0.11994516849517822, 'Aerosol': 0.1, 'rain_list': [0.3, 0.0, 0.0, 0.0, 0.0, 0.0, 0.4, 1.2, 0.3, 1.1, 0.9, 0.0, 0.0, 0.0], 'pr': 62.93332605937956, 'soil': 378.75774847427255, 'Slope': 29.666406011681808, 'Aspect': 75.18078479477313, 'TPI': -66.2776025236592}
  TerraClimate: pr=62.1mm, soil=373.6mm
DIAGNOSTIC - SENSORS: {'LST': 15030.4, 'NDVI': 0.5704666666666667, 'NDMI': 0.08217716217041016, 'Aerosol': 0.1, 'rain_list': [0.0, 0.0, 0.0, 0.0, 0.0, 0.2, 0.5, 0.1, 0.2, 0.8, 0.1, 0.0, 0.0, 0.0], 'pr': 62.078524879273296, 'soil': 373.63873734341735, 'Slope': 37.59130873803531, 'Aspect': 325.08949803535467, 'TPI': 14.164037854889557}
DIAGNOSTIC - FINAL CALIBRATED PROB: 0.0%
DIAGNOSTIC - FINAL CALIBRATED PROB: 0.0%
  TerraClimate: pr=61.6mm, soil=374.2mm
DIAGNOSTIC - SENSORS: {'LST': 15054.48, 'NDVI': 0.5122, 'NDMI': 0.05477980524301529, 'Aerosol': 0.1, 'rain_list': [0.0, 0.0, 0.0, 0.0, 0.0, 0.2, 0.5, 0.1, 0.2, 0.8, 0.1, 0.0, 0.0, 0.0], 'pr': 61.61456362023834, 'soil': 374.2430993251431, 'Slope': 55.475543100012196, 'Aspect': 242.1148738601319, 'TPI': 54.85488958990527}
  TerraClimate: pr=60.9mm, soil=371.7mm
DIAGNOSTIC - SENSORS: {'LST': 15075.64, 'NDVI': 0.5259333333333333, 'NDMI': 0.046525679528713226, 'Aerosol': 0.1, 'rain_list': [0.3, 0.0, 0.0, 0.0, 0.0, 0.0, 0.4, 1.2, 0.3, 1.1, 0.9, 0.0, 0.0, 0.0], 'pr': 60.85419414227321, 'soil': 371.6557541268804, 'Slope': 2.2975701254437655, 'Aspect': 246.20490244252656, 'TPI': -29.62145110410097}
DIAGNOSTIC - FINAL CALIBRATED PROB: 97.7%
DIAGNOSTIC - FINAL CALIBRATED PROB: 0.0%
  TerraClimate: pr=61.0mm, soil=375.2mm
DIAGNOSTIC - SENSORS: {'LST': 15085.37037037037, 'NDVI': 0.5783333333333333, 'NDMI': 0.05840624123811722, 'Aerosol': 0.1, 'rain_list': [0.3, 0.0, 0.0, 0.0, 0.0, 0.0, 0.4, 1.2, 0.3, 1.1, 0.9, 0.0, 0.0, 0.0], 'pr': 60.98067747221099, 'soil': 375.1731822259402, 'Slope': 16.27407194801995, 'Aspect': 70.56690021095099, 'TPI': 20.64037854889591}
Flat terrain detected. Running Storm Hunter Catchment Scan...
DIAGNOSTIC - FINAL CALIBRATED PROB: 0.2%

[AREA SCAN] Started Center (27.2119, 86.4655)

[AREA SCAN] Started North (27.2254, 86.4655)

[AREA SCAN] Started South (27.1984, 86.4655)

[AREA SCAN] Started East (27.2119, 86.4790)

[AREA SCAN] Started West (27.2119, 86.4520)
  TerraClimate: pr=117.6mm, soil=541.4mm
DIAGNOSTIC - SENSORS: {'LST': 15231.304347826086, 'NDVI': 0.3657, 'NDMI': -0.04719545319676399, 'Aerosol': 0.1, 'rain_list': [0.0, 2.7, 1.4, 0.5, 0.0, 0.0, 0.2, 2.0, 0.0, 0.0, 0.0, 0.0, 0.0, 0.0], 'pr': 117.56514805769442, 'soil': 541.4459175038118, 'Slope': 27.896591845969386, 'Aspect': 168.09440771134905, 'TPI': 22.16088328075716}
  TerraClimate: pr=117.9mm, soil=543.6mm
DIAGNOSTIC - SENSORS: {'LST': 15194.130434782608, 'NDVI': 0.371775, 'NDMI': -0.029237374663352966, 'Aerosol': 0.1, 'rain_list': [0.0, 2.7, 1.4, 0.5, 0.0, 0.0, 0.2, 2.0, 0.0, 0.0, 0.0, 0.0, 0.0, 0.0], 'pr': 117.90544680107791, 'soil': 543.5587871399806, 'Slope': 29.022663288840167, 'Aspect': 205.24868442480468, 'TPI': -59.74132492113563}
  TerraClimate: pr=117.4mm, soil=541.9mm
DIAGNOSTIC - SENSORS: {'LST': 15249.347826086956, 'NDVI': 0.372525, 'NDMI': -0.03953488543629646, 'Aerosol': 0.1, 'rain_list': [0.0, 2.7, 1.4, 0.5, 0.0, 0.0, 0.2, 2.0, 0.0, 0.0, 0.0, 0.0, 0.0, 0.0], 'pr': 117.36745197043405, 'soil': 541.8793769125456, 'Slope': 23.368161976800437, 'Aspect': 233.17038839239393, 'TPI': 11.476340694006353}
  TerraClimate: pr=117.9mm, soil=540.7mm
DIAGNOSTIC - SENSORS: {'LST': 15149.521739130434, 'NDVI': 0.455375, 'NDMI': 0.008082901127636433, 'Aerosol': 0.1, 'rain_list': [0.0, 4.2, 0.3, 1.3, 0.2, 0.0, 0.3, 2.5, 0.0, 0.0, 0.0, 0.0, 0.0, 0.9], 'pr': 117.8897601515911, 'soil': 540.7341878573723, 'Slope': 17.571416688860356, 'Aspect': 131.6473687887989, 'TPI': 13.684542586750695}
DIAGNOSTIC - FINAL CALIBRATED PROB: 0.0%
DIAGNOSTIC - FINAL CALIBRATED PROB: 0.0%
Flat terrain detected. Running Storm Hunter Catchment Scan...
DIAGNOSTIC - FINAL CALIBRATED PROB: 0.0%
  TerraClimate: pr=116.9mm, soil=537.2mm
DIAGNOSTIC - SENSORS: {'LST': 15192.041666666666, 'NDVI': 0.415325, 'NDMI': -0.045008335262537, 'Aerosol': 0.1, 'rain_list': [0.0, 2.7, 1.4, 0.5, 0.0, 0.0, 0.2, 2.0, 0.0, 0.0, 0.0, 0.0, 0.0, 0.0], 'pr': 116.88455057092756, 'soil': 537.2201782314751, 'Slope': 26.37811960823836, 'Aspect': 138.6554690418731, 'TPI': 9.126182965299677}
DIAGNOSTIC - FINAL CALIBRATED PROB: 0.0%
DIAGNOSTIC - FINAL CALIBRATED PROB: 0.0%

[AREA SCAN] Started Center (27.7165, 85.4280)

[AREA SCAN] Started North (27.7300, 85.4280)

[AREA SCAN] Started South (27.7030, 85.4280)

[AREA SCAN] Started East (27.7165, 85.4415)

[AREA SCAN] Started West (27.7165, 85.4145)
  TerraClimate: pr=135.7mm, soil=555.2mm
DIAGNOSTIC - SENSORS: {'LST': 14935.25, 'NDVI': 0.38075, 'NDMI': -0.02132701501250267, 'Aerosol': 0.1, 'rain_list': [0.8, 0.1, 0.0, 0.2, 0.0, 0.0, 0.0, 0.0, 0.1, 0.0, 0.0, 0.0, 0.0, 0.0], 'pr': 135.6642887570594, 'soil': 555.1829737800384, 'Slope': 21.36098480452382, 'Aspect': 325.87189552419443, 'TPI': 10.110410094637245}
  TerraClimate: pr=137.3mm, soil=560.6mm
DIAGNOSTIC - SENSORS: {'LST': 14976.08, 'NDVI': 0.44325, 'NDMI': 0.009557944722473621, 'Aerosol': 0.1, 'rain_list': [0.8, 0.1, 0.0, 0.2, 0.0, 0.0, 0.0, 0.0, 0.1, 0.0, 0.0, 0.0, 0.0, 0.0], 'pr': 137.290875672952, 'soil': 560.5503214339473, 'Slope': 3.644747987092199, 'Aspect': 239.45201111000287, 'TPI': 54.315457413249305}
DIAGNOSTIC - FINAL CALIBRATED PROB: 0.0%
  TerraClimate: pr=138.3mm, soil=563.8mm
DIAGNOSTIC - SENSORS: {'LST': 14993.96, 'NDVI': 0.3573, 'NDMI': -0.031244290992617607, 'Aerosol': 0.1, 'rain_list': [0.8, 0.1, 0.0, 0.2, 0.0, 0.0, 0.0, 0.0, 0.1, 0.0, 0.0, 0.0, 0.0, 0.0], 'pr': 138.28900855315885, 'soil': 563.8439211306642, 'Slope': 1.8543341688295631, 'Aspect': 180, 'TPI': -1.7697160883280958}
DIAGNOSTIC - FINAL CALIBRATED PROB: 0.0%
DIAGNOSTIC - FINAL CALIBRATED PROB: 0.0%
  TerraClimate: pr=139.0mm, soil=562.0mm
DIAGNOSTIC - SENSORS: {'LST': 14988.153846153846, 'NDVI': 0.40885, 'NDMI': 0.058014754205942154, 'Aerosol': 0.1, 'rain_list': [0.8, 0.1, 0.0, 0.2, 0.0, 0.0, 0.0, 0.0, 0.1, 0.0, 0.0, 0.0, 0.0, 0.0], 'pr': 139.03607728219663, 'soil': 562.0073867628274, 'Slope': 6.364727003984873, 'Aspect': 29.454998056880385, 'TPI': 11.517350157728742}
  TerraClimate: pr=136.1mm, soil=559.5mm
DIAGNOSTIC - SENSORS: {'LST': 14986.333333333334, 'NDVI': 0.4012, 'NDMI': 0.009588818065822124, 'Aerosol': 0.1, 'rain_list': [0.8, 0.1, 0.0, 0.2, 0.0, 0.0, 0.0, 0.0, 0.1, 0.0, 0.0, 0.0, 0.0, 0.0], 'pr': 136.0622709251029, 'soil': 559.5243328201273, 'Slope': 0.9274099368611016, 'Aspect': 180, 'TPI': -0.47949526813886223}
DIAGNOSTIC - FINAL CALIBRATED PROB: 0.0%
DIAGNOSTIC - FINAL CALIBRATED PROB: 0.0%

[AREA SCAN] Started Center (27.3189, 86.6177)

[AREA SCAN] Started North (27.3324, 86.6177)

[AREA SCAN] Started South (27.3054, 86.6177)

[AREA SCAN] Started East (27.3189, 86.6312)

[AREA SCAN] Started West (27.3189, 86.6042)
  TerraClimate: pr=121.2mm, soil=577.9mm
DIAGNOSTIC - SENSORS: {'LST': 15099.75, 'NDVI': 0.4123, 'NDMI': -0.033063922077417374, 'Aerosol': 0.1, 'rain_list': [0.0, 0.0, 0.0, 1.0, 2.6, 1.0, 5.1, 0.0, 0.0, 0.7, 2.0, 0.0, 0.2, 0.0], 'pr': 121.18991120498164, 'soil': 577.8830685566211, 'Slope': 25.73443368516057, 'Aspect': 199.88907347110083, 'TPI': 60.845425867507856}
DIAGNOSTIC - FINAL CALIBRATED PROB: 37.3%
  TerraClimate: pr=120.7mm, soil=574.6mm
127.0.0.1 - - [01/Jun/2026 15:56:10] "OPTIONS /predict_area HTTP/1.1" 200 -
127.0.0.1 - - [01/Jun/2026 15:56:19] "POST /predict_area HTTP/1.1" 200 -
127.0.0.1 - - [01/Jun/2026 15:56:29] "POST /predict_area HTTP/1.1" 200 -
127.0.0.1 - - [01/Jun/2026 15:56:31] "POST /predict_area HTTP/1.1" 200 -
DIAGNOSTIC - SENSORS: {'LST': 15088.0, 'NDVI': 0.41925, 'NDMI': -0.018974358215928078, 'Aerosol': 0.1, 'rain_list': [0.0, 0.0, 0.2, 0.1, 1.7, 0.1, 1.4, 0.0, 0.1, 0.0, 4.3, 0.0, 0.1, 0.0], 'pr': 120.69916543703955, 'soil': 574.5972286332818, 'Slope': 18.439274589334236, 'Aspect': 60.95404731640129, 'TPI': 0.7665615141955868}
  TerraClimate: pr=121.5mm, soil=580.2mm
DIAGNOSTIC - SENSORS: {'LST': 15064.826086956522, 'NDVI': 0.4228, 'NDMI': -0.0141287287697196, 'Aerosol': 0.1, 'rain_list': [0.0, 0.0, 0.0, 2.4, 4.5, 4.5, 8.1, 0.0, 0.0, 0.5, 2.4, 0.0, 0.4, 0.0], 'pr': 121.53700318803865, 'soil': 580.2070973787005, 'Slope': 14.657680246450473, 'Aspect': 171.99053998958541, 'TPI': 39.315457413249305}
  TerraClimate: pr=121.2mm, soil=578.7mm
DIAGNOSTIC - SENSORS: {'LST': 15102.708333333334, 'NDVI': 0.40265, 'NDMI': -0.027950311079621315, 'Aerosol': 0.1, 'rain_list': [0.0, 0.0, 0.0, 1.0, 2.6, 1.0, 5.1, 0.0, 0.0, 0.7, 2.0, 0.0, 0.2, 0.0], 'pr': 121.21858830522866, 'soil': 578.7124350262669, 'Slope': 17.98393705261906, 'Aspect': 252.58981531866203, 'TPI': -38.94637223974769}
  TerraClimate: pr=121.1mm, soil=576.4mm
DIAGNOSTIC - SENSORS: {'LST': 15045.72, 'NDVI': 0.434675, 'NDMI': -0.013691683299839497, 'Aerosol': 0.1, 'rain_list': [0.0, 0.0, 0.0, 0.0, 3.1, 2.0, 3.8, 0.8, 0.0, 0.0, 4.1, 0.0, 0.3, 0.4], 'pr': 121.13991000067107, 'soil': 576.4392890611933, 'Slope': 11.27258465885573, 'Aspect': 55.354398654603614, 'TPI': 56.829652996845425}
Flat terrain detected. Running Storm Hunter Catchment Scan...
Flat terrain detected. Running Storm Hunter Catchment Scan...
Flat terrain detected. Running Storm Hunter Catchment Scan...
Flat terrain detected. Running Storm Hunter Catchment Scan...

[AREA SCAN] Started Center (27.6673, 85.7126)

[AREA SCAN] Started North (27.6808, 85.7126)

[AREA SCAN] Started South (27.6538, 85.7126)

[AREA SCAN] Started East (27.6673, 85.7261)

[AREA SCAN] Started West (27.6673, 85.6991)
  TerraClimate: pr=90.5mm, soil=303.0mm
DIAGNOSTIC - SENSORS: {'LST': 15274.75, 'NDVI': 0.432225, 'NDMI': 0.06566347181797028, 'Aerosol': 0.1, 'rain_list': [14.8, 0.8, 3.5, 1.0, 0.6, 0.2, 0.1, 2.7, 1.2, 0.6, 7.1, 5.1, 3.2, 4.5], 'pr': 90.51393216656332, 'soil': 302.9531261259765, 'Slope': 24.3859449380849, 'Aspect': 230.00188322298777, 'TPI': 14.192429022082024}
  TerraClimate: pr=90.1mm, soil=309.3mm
DIAGNOSTIC - SENSORS: {'LST': 15234.875, 'NDVI': 0.4837, 'NDMI': 0.017884913831949234, 'Aerosol': 0.1, 'rain_list': [14.8, 0.8, 3.5, 1.0, 0.6, 0.2, 0.1, 2.7, 1.2, 0.6, 7.1, 5.1, 3.2, 4.5], 'pr': 90.10571378978747, 'soil': 309.3360897163183, 'Slope': 16.845885689727872, 'Aspect': 122.31794674494584, 'TPI': -51.205047318611946}
  TerraClimate: pr=91.3mm, soil=303.8mm
DIAGNOSTIC - SENSORS: {'LST': 15249.75, 'NDVI': 0.4055, 'NDMI': 0.01049233227968216, 'Aerosol': 0.1, 'rain_list': [14.8, 0.8, 3.5, 1.0, 0.6, 0.2, 0.1, 2.7, 1.2, 0.6, 7.1, 5.1, 3.2, 4.5], 'pr': 91.31952481863541, 'soil': 303.7559691643783, 'Slope': 4.281891729605685, 'Aspect': 257.51380672487244, 'TPI': -59.78233438485802}
DIAGNOSTIC - FINAL CALIBRATED PROB: 15.0%
DIAGNOSTIC - FINAL CALIBRATED PROB: 15.0%
Flat terrain detected. Running Storm Hunter Catchment Scan...
  TerraClimate: pr=122.6mm, soil=583.2mm
  TerraClimate: pr=88.9mm, soil=309.7mm
DIAGNOSTIC - SENSORS: {'LST': 15256.9375, 'NDVI': 0.42355, 'NDMI': -0.01389299426227808, 'Aerosol': 0.1, 'rain_list': [14.8, 0.8, 3.5, 1.0, 0.6, 0.2, 0.1, 2.7, 1.2, 0.6, 7.1, 5.1, 3.2, 4.5], 'pr': 88.8685533308735, 'soil': 309.69329420524804, 'Slope': 14.555356062235141, 'Aspect': 175.9628911095288, 'TPI': -0.785488958990527}
  TerraClimate: pr=90.3mm, soil=306.2mm
DIAGNOSTIC - SENSORS: {'LST': 15251.0625, 'NDVI': 0.5268, 'NDMI': 0.029994340613484383, 'Aerosol': 0.1, 'rain_list': [14.8, 0.8, 3.5, 1.0, 0.6, 0.2, 0.1, 2.7, 1.2, 0.6, 7.1, 5.1, 3.2, 4.5], 'pr': 90.29828669873457, 'soil': 306.2298545980742, 'Slope': 21.419442349250993, 'Aspect': 204.7925280489511, 'TPI': 12.022082018927449}
DIAGNOSTIC - FINAL CALIBRATED PROB: 0.0%
  TerraClimate: pr=122.9mm, soil=586.2mm
DIAGNOSTIC - FINAL CALIBRATED PROB: 18.0%
  TerraClimate: pr=123.5mm, soil=589.2mm
DIAGNOSTIC - FINAL CALIBRATED PROB: 0.0%
  TerraClimate: pr=122.9mm, soil=584.3mm
DIAGNOSTIC - FINAL CALIBRATED PROB: 2.0%

[AREA SCAN] Started Center (27.9843, 83.7685)

[AREA SCAN] Started North (27.9978, 83.7685)

[AREA SCAN] Started South (27.9708, 83.7685)

[AREA SCAN] Started East (27.9843, 83.7820)

[AREA SCAN] Started West (27.9843, 83.7550)
Flat terrain detected. Running Storm Hunter Catchment Scan...
DIAGNOSTIC - FINAL CALIBRATED PROB: 15.1%
  TerraClimate: pr=3.9mm, soil=646.2mm
DIAGNOSTIC - SENSORS: {'LST': 14551.470588235294, 'NDVI': 0.456225, 'NDMI': 0.09102442115545273, 'Aerosol': 0.1, 'rain_list': [0.0, 0.0, 0.0, 0.0, 0.0, 0.0, 0.0, 0.0, 0.0, 0.0, 0.0, 0.0, 0.0, 0.0], 'pr': 3.9226359493858767, 'soil': 646.219893198692, 'Slope': 31.022055569923346, 'Aspect': 340.4093952361315, 'TPI': 25.58359621451109}
  TerraClimate: pr=82.8mm, soil=326.8mm
DIAGNOSTIC - FINAL CALIBRATED PROB: 94.2%
DIAGNOSTIC - FINAL CALIBRATED PROB: 0.0%
  TerraClimate: pr=4.0mm, soil=643.2mm
DIAGNOSTIC - SENSORS: {'LST': 14586.5625, 'NDVI': 0.576975, 'NDMI': 0.1472868174314499, 'Aerosol': 0.1, 'rain_list': [0.0, 0.0, 0.0, 0.0, 0.0, 0.0, 0.0, 0.0, 0.0, 0.0, 0.0, 0.0, 0.0, 0.0], 'pr': 3.969101827093067, 'soil': 643.2361944080056, 'Slope': 36.909457768213805, 'Aspect': 18.50106916531239, 'TPI': 9.129337539432186}
DIAGNOSTIC - FINAL CALIBRATED PROB: 0.0%
  TerraClimate: pr=4.0mm, soil=646.1mm
DIAGNOSTIC - SENSORS: {'LST': 14529.64705882353, 'NDVI': 0.70655, 'NDMI': 0.20246270298957825, 'Aerosol': 0.1, 'rain_list': [0.0, 0.0, 0.0, 0.0, 0.0, 0.0, 0.0, 0.0, 0.0, 0.0, 0.0, 0.0, 0.0, 0.0], 'pr': 3.9562024528766804, 'soil': 646.0558699275801, 'Slope': 23.639858392837176, 'Aspect': 207.43020186318836, 'TPI': -2.1104100946372455}
  TerraClimate: pr=3.8mm, soil=652.2mm
DIAGNOSTIC - SENSORS: {'LST': 14464.15, 'NDVI': 0.77055, 'NDMI': 0.2581726610660553, 'Aerosol': 0.1, 'rain_list': [0.0, 0.0, 0.0, 0.0, 0.0, 0.0, 0.0, 0.0, 0.0, 0.0, 0.0, 0.0, 0.0, 0.0], 'pr': 3.8297041939715144, 'soil': 652.1872907800637, 'Slope': 24.833425837085468, 'Aspect': 261.956797563426, 'TPI': 58.186119873817006}
DIAGNOSTIC - FINAL CALIBRATED PROB: 0.0%
DIAGNOSTIC - FINAL CALIBRATED PROB: 0.0%
  TerraClimate: pr=3.9mm, soil=646.4mm
DIAGNOSTIC - SENSORS: {'LST': 14591.133333333333, 'NDVI': 0.436125, 'NDMI': 0.01632547378540039, 'Aerosol': 0.1, 'rain_list': [0.0, 0.0, 0.0, 0.0, 0.0, 0.0, 0.0, 0.0, 0.0, 0.0, 0.0, 0.0, 0.0, 0.0], 'pr': 3.882966445260381, 'soil': 646.4137388827332, 'Slope': 2.1307023371495366, 'Aspect': 330.4813171885799, 'TPI': -6.94321766561518}
DIAGNOSTIC - FINAL CALIBRATED PROB: 0.0%

[AREA SCAN] Started Center (27.1200, 87.5364)

[AREA SCAN] Started North (27.1335, 87.5364)

[AREA SCAN] Started South (27.1065, 87.5364)

[AREA SCAN] Started East (27.1200, 87.5499)

[AREA SCAN] Started West (27.1200, 87.5229)
  TerraClimate: pr=81.5mm, soil=327.5mm
DIAGNOSTIC - FINAL CALIBRATED PROB: 15.6%
  TerraClimate: pr=58.5mm, soil=576.2mm
DIAGNOSTIC - SENSORS: {'LST': 14841.166666666666, 'NDVI': 0.615425, 'NDMI': 0.06493506580591202, 'Aerosol': 0.1, 'rain_list': [0.0, 0.0, 0.0, 0.0, 0.0, 0.0, 0.0, 0.0, 0.0, 0.0, 0.0, 0.0, 1.4, 0.0], 'pr': 58.525646712922246, 'soil': 576.1591807646907, 'Slope': 13.814340692133586, 'Aspect': 297.44104165133933, 'TPI': 13.722397476340802}
  TerraClimate: pr=59.6mm, soil=586.1mm
DIAGNOSTIC - SENSORS: {'LST': 14808.739130434782, 'NDVI': 0.572375, 'NDMI': 0.05939849466085434, 'Aerosol': 0.1, 'rain_list': [0.0, 0.0, 0.0, 0.0, 0.0, 0.0, 0.0, 0.0, 0.0, 0.0, 0.0, 0.0, 1.4, 0.0], 'pr': 59.59215424229297, 'soil': 586.0843181725239, 'Slope': 13.722888511692409, 'Aspect': 21.866021835140018, 'TPI': -4.214511041009473}
  TerraClimate: pr=59.1mm, soil=581.0mm
DIAGNOSTIC - SENSORS: {'LST': 14858.0, 'NDVI': 0.589575, 'NDMI': 0.0943080335855484, 'Aerosol': 0.1, 'rain_list': [0.0, 0.0, 0.0, 0.0, 0.0, 0.0, 0.0, 0.0, 0.0, 0.0, 0.0, 0.0, 1.4, 0.0], 'pr': 59.12386189235429, 'soil': 580.982195136378, 'Slope': 11.927011756958537, 'Aspect': 175.06047437646365, 'TPI': 6.6403785488957965}
Flat terrain detected. Running Storm Hunter Catchment Scan...
127.0.0.1 - - [01/Jun/2026 15:56:42] "POST /predict_area HTTP/1.1" 200 -
127.0.0.1 - - [01/Jun/2026 15:57:01] "OPTIONS /predict_area HTTP/1.1" 200 -
127.0.0.1 - - [01/Jun/2026 15:57:12] "POST /predict_area HTTP/1.1" 200 -
127.0.0.1 - - [01/Jun/2026 15:57:18] "OPTIONS /predict_area HTTP/1.1" 200 -
127.0.0.1 - - [01/Jun/2026 15:57:30] "POST /predict_area HTTP/1.1" 200 -
127.0.0.1 - - [01/Jun/2026 15:57:40] "OPTIONS /predict_area HTTP/1.1" 200 -
  TerraClimate: pr=59.1mm, soil=581.1mm
DIAGNOSTIC - SENSORS: {'LST': 14837.285714285714, 'NDVI': 0.577625, 'NDMI': 0.05407653748989105, 'Aerosol': 0.1, 'rain_list': [0.0, 0.0, 0.0, 0.0, 0.0, 0.0, 0.0, 0.0, 0.0, 0.0, 0.0, 0.0, 1.4, 0.0], 'pr': 59.058900477607615, 'soil': 581.1217494686074, 'Slope': 5.277242773115132, 'Aspect': 259.90646331994736, 'TPI': 0.028391167192467037}
Flat terrain detected. Running Storm Hunter Catchment Scan...
Flat terrain detected. Running Storm Hunter Catchment Scan...
DIAGNOSTIC - FINAL CALIBRATED PROB: 0.0%
  TerraClimate: pr=59.0mm, soil=581.3mm
DIAGNOSTIC - SENSORS: {'LST': 14854.4, 'NDVI': 0.640075, 'NDMI': 0.06619921326637268, 'Aerosol': 0.1, 'rain_list': [0.0, 0.0, 0.0, 0.0, 0.0, 0.0, 0.0, 0.0, 0.0, 0.0, 0.0, 0.0, 1.4, 0.0], 'pr': 58.99268980488502, 'soil': 581.263987537995, 'Slope': 17.563838080511207, 'Aspect': 48.32919944251514, 'TPI': -2.798107255520563}
Flat terrain detected. Running Storm Hunter Catchment Scan...
DIAGNOSTIC - FINAL CALIBRATED PROB: 0.0%
DIAGNOSTIC - FINAL CALIBRATED PROB: 0.0%
DIAGNOSTIC - FINAL CALIBRATED PROB: 18.2%
DIAGNOSTIC - FINAL CALIBRATED PROB: 34.6%

[AREA SCAN] Started Center (27.6673, 85.7126)

[AREA SCAN] Started North (27.6808, 85.7126)

[AREA SCAN] Started South (27.6538, 85.7126)

[AREA SCAN] Started East (27.6673, 85.7261)

[AREA SCAN] Started West (27.6673, 85.6991)
  TerraClimate: pr=4.7mm, soil=505.6mm
DIAGNOSTIC - SENSORS: {'LST': 14819.272727272728, 'NDVI': 0.714325, 'NDMI': 0.2935051918029785, 'Aerosol': 0.1, 'rain_list': [0.0, 0.0, 0.0, 0.0, 0.0, 0.1, 0.1, 0.4, 0.0, 0.0, 0.0, 0.0, 0.0, 0.0], 'pr': 4.679113101013013, 'soil': 505.60025664152363, 'Slope': 16.845885689727872, 'Aspect': 122.31794674494584, 'TPI': -51.205047318611946}
  TerraClimate: pr=4.7mm, soil=503.5mm
DIAGNOSTIC - SENSORS: {'LST': 14810.7, 'NDVI': 0.7595, 'NDMI': 0.3272989094257355, 'Aerosol': 0.1, 'rain_list': [0.0, 0.0, 0.0, 0.0, 0.4, 0.4, 0.0, 0.0, 0.0, 0.0, 0.0, 0.0, 0.0, 0.0], 'pr': 4.686305241077682, 'soil': 503.4592623002379, 'Slope': 14.555356062235141, 'Aspect': 175.9628911095288, 'TPI': -0.785488958990527}
  TerraClimate: pr=4.6mm, soil=506.1mm
DIAGNOSTIC - SENSORS: {'LST': 14837.545454545454, 'NDVI': 0.60395, 'NDMI': 0.2331540584564209, 'Aerosol': 0.1, 'rain_list': [0.0, 0.0, 0.0, 0.0, 0.0, 0.1, 0.1, 0.4, 0.0, 0.0, 0.0, 0.0, 0.0, 0.0], 'pr': 4.647599463182604, 'soil': 506.084446330586, 'Slope': 4.281891729605685, 'Aspect': 257.51380672487244, 'TPI': -59.78233438485802}
  TerraClimate: pr=4.6mm, soil=504.4mm
DIAGNOSTIC - SENSORS: {'LST': 14825.7, 'NDVI': 0.568175, 'NDMI': 0.20782653987407684, 'Aerosol': 0.1, 'rain_list': [0.0, 0.0, 0.0, 0.0, 0.0, 0.1, 0.1, 0.4, 0.0, 0.0, 0.0, 0.0, 0.0, 0.0], 'pr': 4.647438653723302, 'soil': 504.37018269420116, 'Slope': 24.3859449380849, 'Aspect': 230.00188322298777, 'TPI': 14.192429022082024}
  TerraClimate: pr=4.7mm, soil=505.0mm
DIAGNOSTIC - SENSORS: {'LST': 14836.09090909091, 'NDVI': 0.8128, 'NDMI': 0.2980065643787384, 'Aerosol': 0.1, 'rain_list': [0.0, 0.0, 0.0, 0.0, 0.0, 0.1, 0.1, 0.4, 0.0, 0.0, 0.0, 0.0, 0.0, 0.0], 'pr': 4.663726870638888, 'soil': 504.99061965127424, 'Slope': 21.419442349250993, 'Aspect': 204.7925280489511, 'TPI': 12.022082018927449}
Flat terrain detected. Running Storm Hunter Catchment Scan...
Flat terrain detected. Running Storm Hunter Catchment Scan...
DIAGNOSTIC - FINAL CALIBRATED PROB: 0.0%
DIAGNOSTIC - FINAL CALIBRATED PROB: 0.0%
DIAGNOSTIC - FINAL CALIBRATED PROB: 0.0%
DIAGNOSTIC - FINAL CALIBRATED PROB: 0.0%
DIAGNOSTIC - FINAL CALIBRATED PROB: 0.0%

[AREA SCAN] Started Center (27.6673, 85.7126)

[AREA SCAN] Started North (27.6808, 85.7126)

[AREA SCAN] Started South (27.6538, 85.7126)

[AREA SCAN] Started East (27.6673, 85.7261)

[AREA SCAN] Started West (27.6673, 85.6991)
  TerraClimate: pr=8.4mm, soil=530.9mm
DIAGNOSTIC - SENSORS: {'LST': 14852.6, 'NDVI': 0.5894, 'NDMI': 0.19108280539512634, 'Aerosol': 0.1, 'rain_list': [0.0, 0.0, 0.0, 0.0, 0.0, 0.0, 0.0, 0.0, 0.0, 0.0, 0.0, 0.0, 0.0, 2.1], 'pr': 8.414187153497805, 'soil': 530.8697530220036, 'Slope': 4.281891729605685, 'Aspect': 257.51380672487244, 'TPI': -59.78233438485802}
  TerraClimate: pr=8.5mm, soil=530.5mm
DIAGNOSTIC - SENSORS: {'LST': 14834.3, 'NDVI': 0.75965, 'NDMI': 0.2985745072364807, 'Aerosol': 0.1, 'rain_list': [0.0, 0.0, 0.0, 0.0, 0.0, 0.0, 0.0, 0.0, 0.0, 0.0, 0.0, 0.0, 0.0, 2.1], 'pr': 8.496738776292572, 'soil': 530.4659613534945, 'Slope': 16.845885689727872, 'Aspect': 122.31794674494584, 'TPI': -51.205047318611946}
DIAGNOSTIC - FINAL CALIBRATED PROB: 0.0%
  TerraClimate: pr=8.5mm, soil=527.2mm
DIAGNOSTIC - SENSORS: {'LST': 14811.0, 'NDVI': 0.773975, 'NDMI': 0.3268524408340454, 'Aerosol': 0.1, 'rain_list': [0.1, 0.0, 0.0, 0.0, 0.0, 0.0, 0.0, 0.0, 0.0, 0.0, 0.0, 0.0, 0.0, 0.0], 'pr': 8.530874520122252, 'soil': 527.1912516664063, 'Slope': 14.555356062235141, 'Aspect': 175.9628911095288, 'TPI': -0.785488958990527}
  TerraClimate: pr=8.5mm, soil=529.3mm
DIAGNOSTIC - SENSORS: {'LST': 14845.45, 'NDVI': 0.819775, 'NDMI': 0.2844342589378357, 'Aerosol': 0.1, 'rain_list': [0.0, 0.0, 0.0, 0.0, 0.0, 0.0, 0.0, 0.0, 0.0, 0.0, 0.0, 0.0, 0.0, 2.1], 'pr': 8.462806889591327, 'soil': 529.3370441238379, 'Slope': 21.419442349250993, 'Aspect': 204.7925280489511, 'TPI': 12.022082018927449}
Flat terrain detected. Running Storm Hunter Catchment Scan...
Flat terrain detected. Running Storm Hunter Catchment Scan...
DIAGNOSTIC - FINAL CALIBRATED PROB: 0.0%
  TerraClimate: pr=8.4mm, soil=528.2mm
DIAGNOSTIC - SENSORS: {'LST': 14831.35, 'NDVI': 0.605325, 'NDMI': 0.2519758343696594, 'Aerosol': 0.1, 'rain_list': [0.0, 0.0, 0.0, 0.0, 0.0, 0.0, 0.0, 0.0, 0.0, 0.0, 0.0, 0.0, 0.0, 2.1], 'pr': 8.426700548021754, 'soil': 528.1811353992498, 'Slope': 24.3859449380849, 'Aspect': 230.00188322298777, 'TPI': 14.192429022082024}
DIAGNOSTIC - FINAL CALIBRATED PROB: 0.0%
DIAGNOSTIC - FINAL CALIBRATED PROB: 0.0%
DIAGNOSTIC - FINAL CALIBRATED PROB: 0.0%

[AREA SCAN] Started Center (27.6673, 85.7126)

[AREA SCAN] Started North (27.6808, 85.7126)

[AREA SCAN] Started South (27.6538, 85.7126)

[AREA SCAN] Started East (27.6673, 85.7261)

[AREA SCAN] Started West (27.6673, 85.6991)
  TerraClimate: pr=8.5mm, soil=527.2mm
DIAGNOSTIC - SENSORS: {'LST': 14811.57142857143, 'NDVI': 0.773975, 'NDMI': 0.3268524408340454, 'Aerosol': 0.1, 'rain_list': [0.0, 0.0, 0.0, 0.0, 0.0, 0.0, 0.0, 0.0, 0.0, 0.0, 0.0, 0.0, 0.0, 0.0], 'pr': 8.530874520122252, 'soil': 527.1912516664063, 'Slope': 14.555356062235141, 'Aspect': 175.9628911095288, 'TPI': -0.785488958990527}
Flat terrain detected. Running Storm Hunter Catchment Scan...
  TerraClimate: pr=8.5mm, soil=529.3mm
DIAGNOSTIC - SENSORS: {'LST': 14845.57142857143, 'NDVI': 0.819775, 'NDMI': 0.2844342589378357, 'Aerosol': 0.1, 'rain_list': [0.0, 0.0, 0.0, 0.0, 0.0, 0.0, 0.0, 0.0, 0.0, 0.0, 0.0, 0.0, 2.1, 1.1], 'pr': 8.462806889591327, 'soil': 529.3370441238379, 'Slope': 21.419442349250993, 'Aspect': 204.7925280489511, 'TPI': 12.022082018927449}
  TerraClimate: pr=8.5mm, soil=530.5mm
DIAGNOSTIC - SENSORS: {'LST': 14833.52380952381, 'NDVI': 0.75965, 'NDMI': 0.2985745072364807, 'Aerosol': 0.1, 'rain_list': [0.0, 0.0, 0.0, 0.0, 0.0, 0.0, 0.0, 0.0, 0.0, 0.0, 0.0, 0.0, 2.1, 1.1], 'pr': 8.496738776292572, 'soil': 530.4659613534945, 'Slope': 16.845885689727872, 'Aspect': 122.31794674494584, 'TPI': -51.205047318611946}
  TerraClimate: pr=8.4mm, soil=530.9mm
DIAGNOSTIC - SENSORS: {'LST': 14852.904761904761, 'NDVI': 0.5894, 'NDMI': 0.19108280539512634, 'Aerosol': 0.1, 'rain_list': [0.0, 0.0, 0.0, 0.0, 0.0, 0.0, 0.0, 0.0, 0.0, 0.0, 0.0, 0.0, 2.1, 1.1], 'pr': 8.414187153497805, 'soil': 530.8697530220036, 'Slope': 4.281891729605685, 'Aspect': 257.51380672487244, 'TPI': -59.78233438485802}
  TerraClimate: pr=8.4mm, soil=528.2mm
DIAGNOSTIC - SENSORS: {'LST': 14830.761904761905, 'NDVI': 0.605325, 'NDMI': 0.2519758343696594, 'Aerosol': 0.1, 'rain_list': [0.0, 0.0, 0.0, 0.0, 0.0, 0.0, 0.0, 0.0, 0.0, 0.0, 0.0, 0.0, 2.1, 1.1], 'pr': 8.426700548021754, 'soil': 528.1811353992498, 'Slope': 24.3859449380849, 'Aspect': 230.00188322298777, 'TPI': 14.192429022082024}
Flat terrain detected. Running Storm Hunter Catchment Scan...
DIAGNOSTIC - FINAL CALIBRATED PROB: 0.0%
127.0.0.1 - - [01/Jun/2026 15:57:53] "POST /predict_area HTTP/1.1" 200 -
127.0.0.1 - - [01/Jun/2026 15:58:34] "OPTIONS /predict_area HTTP/1.1" 200 -
127.0.0.1 - - [01/Jun/2026 15:58:42] "POST /predict_area HTTP/1.1" 200 -
127.0.0.1 - - [01/Jun/2026 16:02:09] "OPTIONS /predict_area HTTP/1.1" 200 -
127.0.0.1 - - [01/Jun/2026 16:02:28] "POST /predict_area HTTP/1.1" 200 -
127.0.0.1 - - [01/Jun/2026 16:03:17] "OPTIONS /predict_area HTTP/1.1" 200 -
127.0.0.1 - - [01/Jun/2026 16:03:31] "POST /predict_area HTTP/1.1" 200 -
127.0.0.1 - - [01/Jun/2026 16:06:11] "OPTIONS /predict_area HTTP/1.1" 200 -
DIAGNOSTIC - FINAL CALIBRATED PROB: 0.0%
DIAGNOSTIC - FINAL CALIBRATED PROB: 0.0%
DIAGNOSTIC - FINAL CALIBRATED PROB: 0.0%
DIAGNOSTIC - FINAL CALIBRATED PROB: 0.0%

[AREA SCAN] Started Center (28.8698, 82.1688)

[AREA SCAN] Started North (28.8833, 82.1688)

[AREA SCAN] Started South (28.8563, 82.1688)

[AREA SCAN] Started East (28.8698, 82.1823)

[AREA SCAN] Started West (28.8698, 82.1553)
  TerraClimate: pr=6.5mm, soil=682.0mm
DIAGNOSTIC - SENSORS: {'LST': 14631.923076923076, 'NDVI': 0.7549, 'NDMI': 0.25430068373680115, 'Aerosol': 0.1, 'rain_list': [0.5, 0.2, 0.2, 0.6, 0.8, 0.0, 0.3, 0.3, 0.0, 0.7, 0.0, 0.0, 0.4, 0.0], 'pr': 6.497950303957711, 'soil': 682.0461289343407, 'Slope': 32.50673722298749, 'Aspect': 344.86613298906303, 'TPI': -14.372239747634012}
  TerraClimate: pr=6.5mm, soil=682.6mm
DIAGNOSTIC - SENSORS: {'LST': 14655.130434782608, 'NDVI': 0.761425, 'NDMI': 0.2252824902534485, 'Aerosol': 0.1, 'rain_list': [0.5, 0.2, 0.2, 0.6, 0.8, 0.0, 0.3, 0.3, 0.0, 0.7, 0.0, 0.0, 0.4, 0.0], 'pr': 6.521308594365386, 'soil': 682.5669679577302, 'Slope': 26.1228848239509, 'Aspect': 101.42352621206385, 'TPI': 6.350157728706563}
  TerraClimate: pr=6.5mm, soil=686.5mm
DIAGNOSTIC - SENSORS: {'LST': 14668.125, 'NDVI': 0.716125, 'NDMI': 0.21971172094345093, 'Aerosol': 0.1, 'rain_list': [0.0, 0.2, 0.0, 0.1, 0.8, 0.0, 0.0, 0.0, 0.3, 0.0, 0.0, 0.0, 1.5, 0.1], 'pr': 6.458540122143665, 'soil': 686.4826878655044, 'Slope': 36.5428846123612, 'Aspect': 328.41345466577184, 'TPI': -40.30283911671927}
  TerraClimate: pr=6.4mm, soil=690.8mm
DIAGNOSTIC - SENSORS: {'LST': 14600.708333333334, 'NDVI': 0.78455, 'NDMI': 0.27065330743789673, 'Aerosol': 0.1, 'rain_list': [0.5, 0.2, 0.2, 0.6, 0.8, 0.0, 0.3, 0.3, 0.0, 0.7, 0.0, 0.0, 0.4, 0.0], 'pr': 6.419853062931711, 'soil': 690.8378420456377, 'Slope': 32.00801094064311, 'Aspect': 132.3255713350335, 'TPI': 0.18927444794962867}
  TerraClimate: pr=6.4mm, soil=688.4mm
DIAGNOSTIC - SENSORS: {'LST': 14672.2, 'NDVI': 0.700725, 'NDMI': 0.23542000353336334, 'Aerosol': 0.1, 'rain_list': [0.5, 0.2, 0.2, 0.6, 0.8, 0.0, 0.3, 0.3, 0.0, 0.7, 0.0, 0.0, 0.4, 0.0], 'pr': 6.427155886032799, 'soil': 688.440547819392, 'Slope': 25.56901841523691, 'Aspect': 348.86331937503616, 'TPI': 7.246056782334335}
DIAGNOSTIC - FINAL CALIBRATED PROB: 30.0%
DIAGNOSTIC - FINAL CALIBRATED PROB: 30.0%
DIAGNOSTIC - FINAL CALIBRATED PROB: 30.0%
DIAGNOSTIC - FINAL CALIBRATED PROB: 30.0%
DIAGNOSTIC - FINAL CALIBRATED PROB: 30.0%

[AREA SCAN] Started Center (29.6747, 80.5619)

[AREA SCAN] Started North (29.6882, 80.5619)

[AREA SCAN] Started South (29.6612, 80.5619)

[AREA SCAN] Started East (29.6747, 80.5754)

[AREA SCAN] Started West (29.6747, 80.5484)
  TerraClimate: pr=91.0mm, soil=613.0mm
DIAGNOSTIC - SENSORS: {'LST': 14906.222222222223, 'NDVI': 0.6472333333333333, 'NDMI': 0.10128012299537659, 'Aerosol': 0.1, 'rain_list': [0.0, 0.0, 0.0, 0.0, 3.0, 0.0, 0.1, 0.0, 0.0, 0.0, 5.0, 19.1, 27.0, 9.7], 'pr': 91.0, 'soil': 613.0, 'Slope': 31.384198896794633, 'Aspect': 257.74340045128605, 'TPI': -47.99369085173498}
  TerraClimate: pr=91.0mm, soil=613.0mm
DIAGNOSTIC - SENSORS: {'LST': 14919.944444444445, 'NDVI': 0.5446, 'NDMI': 0.07920347154140472, 'Aerosol': 0.1, 'rain_list': [0.0, 0.0, 0.0, 0.0, 3.0, 0.0, 0.1, 0.0, 0.0, 0.0, 5.0, 19.1, 27.0, 9.7], 'pr': 91.0, 'soil': 613.0, 'Slope': 12.28370251954103, 'Aspect': 194.87450824879946, 'TPI': -12.381703470031539}
DIAGNOSTIC - FINAL CALIBRATED PROB: 22.6%
Flat terrain detected. Running Storm Hunter Catchment Scan...
  TerraClimate: pr=91.0mm, soil=613.0mm
DIAGNOSTIC - SENSORS: {'LST': 14915.166666666666, 'NDVI': 0.5500666666666667, 'NDMI': 0.027229204773902893, 'Aerosol': 0.1, 'rain_list': [0.0, 0.0, 0.0, 0.0, 3.0, 0.0, 0.1, 0.0, 0.0, 0.0, 5.0, 19.1, 27.0, 9.7], 'pr': 91.0, 'soil': 613.0, 'Slope': 11.873761711565855, 'Aspect': 147.87642475153748, 'TPI': 45.50473186119871}
  TerraClimate: pr=91.0mm, soil=613.0mm
DIAGNOSTIC - SENSORS: {'LST': 14900.777777777777, 'NDVI': 0.6357, 'NDMI': 0.12233096361160278, 'Aerosol': 0.1, 'rain_list': [0.0, 0.0, 0.0, 0.0, 3.0, 0.0, 0.1, 0.0, 0.0, 0.0, 5.0, 19.1, 27.0, 9.7], 'pr': 91.0, 'soil': 613.0, 'Slope': 19.246354682908525, 'Aspect': 253.848102323185, 'TPI': 44.851735015772874}
Flat terrain detected. Running Storm Hunter Catchment Scan...
Flat terrain detected. Running Storm Hunter Catchment Scan...
  TerraClimate: pr=91.0mm, soil=613.0mm
DIAGNOSTIC - SENSORS: {'LST': 14917.833333333334, 'NDVI': 0.5450666666666667, 'NDMI': 0.0739421546459198, 'Aerosol': 0.1, 'rain_list': [0.0, 0.0, 0.0, 0.0, 3.0, 0.0, 0.1, 0.0, 0.0, 0.0, 5.0, 19.1, 27.0, 9.7], 'pr': 91.0, 'soil': 613.0, 'Slope': 11.873329094657683, 'Aspect': 147.87984698114724, 'TPI': 10.214511041009473}
Flat terrain detected. Running Storm Hunter Catchment Scan...
  TerraClimate: pr=91.0mm, soil=613.0mm
DIAGNOSTIC - FINAL CALIBRATED PROB: 58.9%
  TerraClimate: pr=91.0mm, soil=613.0mm
DIAGNOSTIC - FINAL CALIBRATED PROB: 99.0%
  TerraClimate: pr=91.0mm, soil=613.0mm
DIAGNOSTIC - FINAL CALIBRATED PROB: 34.2%
  TerraClimate: pr=91.0mm, soil=613.0mm
DIAGNOSTIC - FINAL CALIBRATED PROB: 85.9%

[AREA SCAN] Started Center (29.6747, 80.5619)

[AREA SCAN] Started North (29.6882, 80.5619)

[AREA SCAN] Started South (29.6612, 80.5619)

[AREA SCAN] Started East (29.6747, 80.5754)

[AREA SCAN] Started West (29.6747, 80.5484)
  TerraClimate: pr=91.0mm, soil=613.0mm
DIAGNOSTIC - SENSORS: {'LST': 14946.0, 'NDVI': 0.5450666666666667, 'NDMI': 0.14801223576068878, 'Aerosol': 0.1, 'rain_list': [0.0, 0.9, 0.0, 0.0, 0.0, 0.0, 0.0, 0.0, 3.0, 0.0, 0.1, 0.0, 0.0, 0.0], 'pr': 91.0, 'soil': 613.0, 'Slope': 11.873329094657683, 'Aspect': 147.87984698114724, 'TPI': 10.214511041009473}
  TerraClimate: pr=91.0mm, soil=613.0mm
DIAGNOSTIC - SENSORS: {'LST': 14912.0, 'NDVI': 0.6357, 'NDMI': 0.22240392863750458, 'Aerosol': 0.1, 'rain_list': [0.0, 0.9, 0.0, 0.0, 0.0, 0.0, 0.0, 0.0, 3.0, 0.0, 0.1, 0.0, 0.0, 0.0], 'pr': 91.0, 'soil': 613.0, 'Slope': 19.246354682908525, 'Aspect': 253.848102323185, 'TPI': 44.851735015772874}
  TerraClimate: pr=91.0mm, soil=613.0mm
DIAGNOSTIC - SENSORS: {'LST': 14915.25, 'NDVI': 0.6472333333333333, 'NDMI': 0.2024451643228531, 'Aerosol': 0.1, 'rain_list': [0.0, 0.9, 0.0, 0.0, 0.0, 0.0, 0.0, 0.0, 3.0, 0.0, 0.1, 0.0, 0.0, 0.0], 'pr': 91.0, 'soil': 613.0, 'Slope': 31.384198896794633, 'Aspect': 257.74340045128605, 'TPI': -47.99369085173498}
  TerraClimate: pr=91.0mm, soil=613.0mm
DIAGNOSTIC - SENSORS: {'LST': 14938.3, 'NDVI': 0.5446, 'NDMI': 0.15108925104141235, 'Aerosol': 0.1, 'rain_list': [0.0, 0.9, 0.0, 0.0, 0.0, 0.0, 0.0, 0.0, 3.0, 0.0, 0.1, 0.0, 0.0, 0.0], 'pr': 91.0, 'soil': 613.0, 'Slope': 12.28370251954103, 'Aspect': 194.87450824879946, 'TPI': -12.381703470031539}
Flat terrain detected. Running Storm Hunter Catchment Scan...
DIAGNOSTIC - FINAL CALIBRATED PROB: 0.0%
Flat terrain detected. Running Storm Hunter Catchment Scan...
Flat terrain detected. Running Storm Hunter Catchment Scan...
  TerraClimate: pr=91.0mm, soil=613.0mm
DIAGNOSTIC - SENSORS: {'LST': 14929.55, 'NDVI': 0.5500666666666667, 'NDMI': 0.14653903245925903, 'Aerosol': 0.1, 'rain_list': [0.0, 0.9, 0.0, 0.0, 0.0, 0.0, 0.0, 0.0, 3.0, 0.0, 0.1, 0.0, 0.0, 0.0], 'pr': 91.0, 'soil': 613.0, 'Slope': 11.873761711565855, 'Aspect': 147.87642475153748, 'TPI': 45.50473186119871}
Flat terrain detected. Running Storm Hunter Catchment Scan...
DIAGNOSTIC - FINAL CALIBRATED PROB: 0.0%
DIAGNOSTIC - FINAL CALIBRATED PROB: 0.0%
DIAGNOSTIC - FINAL CALIBRATED PROB: 0.0%
DIAGNOSTIC - FINAL CALIBRATED PROB: 1.2%

[AREA SCAN] Started Center (29.6747, 80.5619)

[AREA SCAN] Started North (29.6882, 80.5619)

[AREA SCAN] Started South (29.6612, 80.5619)

[AREA SCAN] Started East (29.6747, 80.5754)

[AREA SCAN] Started West (29.6747, 80.5484)
  TerraClimate: pr=91.0mm, soil=613.0mm
DIAGNOSTIC - SENSORS: {'LST': 14922.21052631579, 'NDVI': 0.5500666666666667, 'NDMI': 0.14653903245925903, 'Aerosol': 0.1, 'rain_list': [0.0, 0.0, 0.0, 0.0, 3.0, 0.0, 0.1, 0.0, 0.0, 0.0, 5.0, 19.1, 27.0, 9.7], 'pr': 91.0, 'soil': 613.0, 'Slope': 11.873761711565855, 'Aspect': 147.87642475153748, 'TPI': 45.50473186119871}
  TerraClimate: pr=91.0mm, soil=613.0mm
127.0.0.1 - - [01/Jun/2026 16:06:29] "POST /predict_area HTTP/1.1" 200 -
127.0.0.1 - - [01/Jun/2026 16:07:32] "OPTIONS /predict_area HTTP/1.1" 200 -
127.0.0.1 - - [01/Jun/2026 16:08:01] "POST /predict_area HTTP/1.1" 200 -
127.0.0.1 - - [01/Jun/2026 16:08:11] "OPTIONS /predict_area HTTP/1.1" 200 -
127.0.0.1 - - [01/Jun/2026 16:08:33] "POST /predict_area HTTP/1.1" 200 -
127.0.0.1 - - [01/Jun/2026 16:08:55] "OPTIONS /predict_area HTTP/1.1" 200 -
DIAGNOSTIC - SENSORS: {'LST': 14903.684210526315, 'NDVI': 0.6357, 'NDMI': 0.22240392863750458, 'Aerosol': 0.1, 'rain_list': [0.0, 0.0, 0.0, 0.0, 3.0, 0.0, 0.1, 0.0, 0.0, 0.0, 5.0, 19.1, 27.0, 9.7], 'pr': 91.0, 'soil': 613.0, 'Slope': 19.246354682908525, 'Aspect': 253.848102323185, 'TPI': 44.851735015772874}
Flat terrain detected. Running Storm Hunter Catchment Scan...
  TerraClimate: pr=91.0mm, soil=613.0mm
DIAGNOSTIC - SENSORS: {'LST': 14928.421052631578, 'NDVI': 0.5446, 'NDMI': 0.15108925104141235, 'Aerosol': 0.1, 'rain_list': [0.0, 0.0, 0.0, 0.0, 3.0, 0.0, 0.1, 0.0, 0.0, 0.0, 5.0, 19.1, 27.0, 9.7], 'pr': 91.0, 'soil': 613.0, 'Slope': 12.28370251954103, 'Aspect': 194.87450824879946, 'TPI': -12.381703470031539}
Flat terrain detected. Running Storm Hunter Catchment Scan...
Flat terrain detected. Running Storm Hunter Catchment Scan...
  TerraClimate: pr=91.0mm, soil=613.0mm
DIAGNOSTIC - SENSORS: {'LST': 14907.842105263158, 'NDVI': 0.6472333333333333, 'NDMI': 0.2024451643228531, 'Aerosol': 0.1, 'rain_list': [0.0, 0.0, 0.0, 0.0, 3.0, 0.0, 0.1, 0.0, 0.0, 0.0, 5.0, 19.1, 27.0, 9.7], 'pr': 91.0, 'soil': 613.0, 'Slope': 31.384198896794633, 'Aspect': 257.74340045128605, 'TPI': -47.99369085173498}
DIAGNOSTIC - FINAL CALIBRATED PROB: 10.0%
  TerraClimate: pr=91.0mm, soil=613.0mm
DIAGNOSTIC - SENSORS: {'LST': 14926.157894736842, 'NDVI': 0.5450666666666667, 'NDMI': 0.14801223576068878, 'Aerosol': 0.1, 'rain_list': [0.0, 0.0, 0.0, 0.0, 3.0, 0.0, 0.1, 0.0, 0.0, 0.0, 5.0, 19.1, 27.0, 9.7], 'pr': 91.0, 'soil': 613.0, 'Slope': 11.873329094657683, 'Aspect': 147.87984698114724, 'TPI': 10.214511041009473}
Flat terrain detected. Running Storm Hunter Catchment Scan...
  TerraClimate: pr=91.0mm, soil=613.0mm
DIAGNOSTIC - FINAL CALIBRATED PROB: 98.7%
  TerraClimate: pr=91.0mm, soil=613.0mm
DIAGNOSTIC - FINAL CALIBRATED PROB: 44.8%
  TerraClimate: pr=91.0mm, soil=613.0mm
DIAGNOSTIC - FINAL CALIBRATED PROB: 11.3%
  TerraClimate: pr=91.0mm, soil=613.0mm
DIAGNOSTIC - FINAL CALIBRATED PROB: 86.4%

[AREA SCAN] Started Center (29.6747, 80.5619)

[AREA SCAN] Started North (29.6882, 80.5619)

[AREA SCAN] Started South (29.6612, 80.5619)

[AREA SCAN] Started East (29.6747, 80.5754)

[AREA SCAN] Started West (29.6747, 80.5484)
  TerraClimate: pr=91.0mm, soil=613.0mm
DIAGNOSTIC - SENSORS: {'LST': 14918.15, 'NDVI': 0.645125, 'NDMI': 0.2024451643228531, 'Aerosol': 0.1, 'rain_list': [7.1, 0.2, 0.0, 0.0, 7.7, 2.2, 0.3, 0.0, 0.9, 0.0, 0.0, 0.0, 0.0, 0.0], 'pr': 91.0, 'soil': 613.0, 'Slope': 31.384198896794633, 'Aspect': 257.74340045128605, 'TPI': -47.99369085173498}
DIAGNOSTIC - FINAL CALIBRATED PROB: 0.0%
  TerraClimate: pr=91.0mm, soil=613.0mm
DIAGNOSTIC - SENSORS: {'LST': 14949.95, 'NDVI': 0.542325, 'NDMI': 0.15108925104141235, 'Aerosol': 0.1, 'rain_list': [7.1, 0.2, 0.0, 0.0, 7.7, 2.2, 0.3, 0.0, 0.9, 0.0, 0.0, 0.0, 0.0, 0.0], 'pr': 91.0, 'soil': 613.0, 'Slope': 12.28370251954103, 'Aspect': 194.87450824879946, 'TPI': -12.381703470031539}
  TerraClimate: pr=91.0mm, soil=613.0mm
DIAGNOSTIC - SENSORS: {'LST': 14964.473684210527, 'NDVI': 0.54655, 'NDMI': 0.14801223576068878, 'Aerosol': 0.1, 'rain_list': [7.1, 0.2, 0.0, 0.0, 7.7, 2.2, 0.3, 0.0, 0.9, 0.0, 0.0, 0.0, 0.0, 0.0], 'pr': 91.0, 'soil': 613.0, 'Slope': 11.873329094657683, 'Aspect': 147.87984698114724, 'TPI': 10.214511041009473}
  TerraClimate: pr=91.0mm, soil=613.0mm
DIAGNOSTIC - SENSORS: {'LST': 14919.65, 'NDVI': 0.640225, 'NDMI': 0.22240392863750458, 'Aerosol': 0.1, 'rain_list': [7.1, 0.2, 0.0, 0.0, 7.7, 2.2, 0.3, 0.0, 0.9, 0.0, 0.0, 0.0, 0.0, 0.0], 'pr': 91.0, 'soil': 613.0, 'Slope': 19.246354682908525, 'Aspect': 253.848102323185, 'TPI': 44.851735015772874}
  TerraClimate: pr=91.0mm, soil=613.0mm
DIAGNOSTIC - SENSORS: {'LST': 14938.4, 'NDVI': 0.5509, 'NDMI': 0.14653903245925903, 'Aerosol': 0.1, 'rain_list': [7.1, 0.2, 0.0, 0.0, 7.7, 2.2, 0.3, 0.0, 0.9, 0.0, 0.0, 0.0, 0.0, 0.0], 'pr': 91.0, 'soil': 613.0, 'Slope': 11.873761711565855, 'Aspect': 147.87642475153748, 'TPI': 45.50473186119871}
Flat terrain detected. Running Storm Hunter Catchment Scan...
Flat terrain detected. Running Storm Hunter Catchment Scan...
Flat terrain detected. Running Storm Hunter Catchment Scan...
Flat terrain detected. Running Storm Hunter Catchment Scan...
  TerraClimate: pr=91.0mm, soil=613.0mm
DIAGNOSTIC - FINAL CALIBRATED PROB: 0.0%
  TerraClimate: pr=91.0mm, soil=613.0mm
DIAGNOSTIC - FINAL CALIBRATED PROB: 0.0%
  TerraClimate: pr=91.0mm, soil=613.0mm
DIAGNOSTIC - FINAL CALIBRATED PROB: 0.0%
  TerraClimate: pr=91.0mm, soil=613.0mm
DIAGNOSTIC - FINAL CALIBRATED PROB: 0.5%

[AREA SCAN] Started Center (29.6747, 80.5619)

[AREA SCAN] Started North (29.6882, 80.5619)

[AREA SCAN] Started South (29.6612, 80.5619)

[AREA SCAN] Started East (29.6747, 80.5754)

[AREA SCAN] Started West (29.6747, 80.5484)
  TerraClimate: pr=91.0mm, soil=613.0mm
DIAGNOSTIC - SENSORS: {'LST': 14939.95, 'NDVI': 0.5509, 'NDMI': 0.14653903245925903, 'Aerosol': 0.1, 'rain_list': [0.2, 0.0, 0.0, 7.7, 2.2, 0.3, 0.0, 0.9, 0.0, 0.0, 0.0, 0.0, 0.0, 0.0], 'pr': 91.0, 'soil': 613.0, 'Slope': 11.873761711565855, 'Aspect': 147.87642475153748, 'TPI': 45.50473186119871}
  TerraClimate: pr=91.0mm, soil=613.0mm
DIAGNOSTIC - SENSORS: {'LST': 14921.15, 'NDVI': 0.645125, 'NDMI': 0.2024451643228531, 'Aerosol': 0.1, 'rain_list': [0.2, 0.0, 0.0, 7.7, 2.2, 0.3, 0.0, 0.9, 0.0, 0.0, 0.0, 0.0, 0.0, 0.0], 'pr': 91.0, 'soil': 613.0, 'Slope': 31.384198896794633, 'Aspect': 257.74340045128605, 'TPI': -47.99369085173498}
Flat terrain detected. Running Storm Hunter Catchment Scan...
DIAGNOSTIC - FINAL CALIBRATED PROB: 0.0%
  TerraClimate: pr=91.0mm, soil=613.0mm
DIAGNOSTIC - SENSORS: {'LST': 14950.05, 'NDVI': 0.542325, 'NDMI': 0.15108925104141235, 'Aerosol': 0.1, 'rain_list': [0.2, 0.0, 0.0, 7.7, 2.2, 0.3, 0.0, 0.9, 0.0, 0.0, 0.0, 0.0, 0.0, 0.0], 'pr': 91.0, 'soil': 613.0, 'Slope': 12.28370251954103, 'Aspect': 194.87450824879946, 'TPI': -12.381703470031539}
Flat terrain detected. Running Storm Hunter Catchment Scan...
  TerraClimate: pr=91.0mm, soil=613.0mm
DIAGNOSTIC - SENSORS: {'LST': 14921.55, 'NDVI': 0.640225, 'NDMI': 0.22240392863750458, 'Aerosol': 0.1, 'rain_list': [0.2, 0.0, 0.0, 7.7, 2.2, 0.3, 0.0, 0.9, 0.0, 0.0, 0.0, 0.0, 0.0, 0.0], 'pr': 91.0, 'soil': 613.0, 'Slope': 19.246354682908525, 'Aspect': 253.848102323185, 'TPI': 44.851735015772874}
  TerraClimate: pr=91.0mm, soil=613.0mm
DIAGNOSTIC - SENSORS: {'LST': 14963.473684210527, 'NDVI': 0.54655, 'NDMI': 0.14801223576068878, 'Aerosol': 0.1, 'rain_list': [0.2, 0.0, 0.0, 7.7, 2.2, 0.3, 0.0, 0.9, 0.0, 0.0, 0.0, 0.0, 0.0, 0.0], 'pr': 91.0, 'soil': 613.0, 'Slope': 11.873329094657683, 'Aspect': 147.87984698114724, 'TPI': 10.214511041009473}
Flat terrain detected. Running Storm Hunter Catchment Scan...
Flat terrain detected. Running Storm Hunter Catchment Scan...
  TerraClimate: pr=91.0mm, soil=613.0mm
DIAGNOSTIC - FINAL CALIBRATED PROB: 0.0%
  TerraClimate: pr=91.0mm, soil=613.0mm
DIAGNOSTIC - FINAL CALIBRATED PROB: 0.4%
  TerraClimate: pr=91.0mm, soil=613.0mm
DIAGNOSTIC - FINAL CALIBRATED PROB: 0.0%
  TerraClimate: pr=91.0mm, soil=613.0mm
DIAGNOSTIC - FINAL CALIBRATED PROB: 0.0%

[AREA SCAN] Started Center (29.6747, 80.5619)

[AREA SCAN] Started North (29.6882, 80.5619)

[AREA SCAN] Started South (29.6612, 80.5619)

[AREA SCAN] Started East (29.6747, 80.5754)

[AREA SCAN] Started West (29.6747, 80.5484)
  TerraClimate: pr=91.0mm, soil=613.0mm
DIAGNOSTIC - SENSORS: {'LST': 14964.473684210527, 'NDVI': 0.54655, 'NDMI': 0.14801223576068878, 'Aerosol': 0.1, 'rain_list': [7.1, 0.2, 0.0, 0.0, 7.7, 2.2, 0.3, 0.0, 0.9, 0.0, 0.0, 0.0, 0.0, 0.0], 'pr': 91.0, 'soil': 613.0, 'Slope': 11.873329094657683, 'Aspect': 147.87984698114724, 'TPI': 10.214511041009473}
  TerraClimate: pr=91.0mm, soil=613.0mm
DIAGNOSTIC - SENSORS: {'LST': 14918.15, 'NDVI': 0.645125, 'NDMI': 0.2024451643228531, 'Aerosol': 0.1, 'rain_list': [7.1, 0.2, 0.0, 0.0, 7.7, 2.2, 0.3, 0.0, 0.9, 0.0, 0.0, 0.0, 0.0, 0.0], 'pr': 91.0, 'soil': 613.0, 'Slope': 31.384198896794633, 'Aspect': 257.74340045128605, 'TPI': -47.99369085173498}
  TerraClimate: pr=91.0mm, soil=613.0mm
127.0.0.1 - - [01/Jun/2026 16:09:15] "POST /predict_area HTTP/1.1" 200 -
127.0.0.1 - - [01/Jun/2026 16:09:21] "OPTIONS /predict_area HTTP/1.1" 200 -
127.0.0.1 - - [01/Jun/2026 16:09:43] "POST /predict_area HTTP/1.1" 200 -
127.0.0.1 - - [01/Jun/2026 16:09:50] "OPTIONS /predict_area HTTP/1.1" 200 -
127.0.0.1 - - [01/Jun/2026 16:10:10] "POST /predict_area HTTP/1.1" 200 -
127.0.0.1 - - [01/Jun/2026 16:10:29] "OPTIONS /predict_area HTTP/1.1" 200 -
DIAGNOSTIC - SENSORS: {'LST': 14938.4, 'NDVI': 0.5509, 'NDMI': 0.14653903245925903, 'Aerosol': 0.1, 'rain_list': [7.1, 0.2, 0.0, 0.0, 7.7, 2.2, 0.3, 0.0, 0.9, 0.0, 0.0, 0.0, 0.0, 0.0], 'pr': 91.0, 'soil': 613.0, 'Slope': 11.873761711565855, 'Aspect': 147.87642475153748, 'TPI': 45.50473186119871}
  TerraClimate: pr=91.0mm, soil=613.0mm
DIAGNOSTIC - SENSORS: {'LST': 14919.65, 'NDVI': 0.640225, 'NDMI': 0.22240392863750458, 'Aerosol': 0.1, 'rain_list': [7.1, 0.2, 0.0, 0.0, 7.7, 2.2, 0.3, 0.0, 0.9, 0.0, 0.0, 0.0, 0.0, 0.0], 'pr': 91.0, 'soil': 613.0, 'Slope': 19.246354682908525, 'Aspect': 253.848102323185, 'TPI': 44.851735015772874}
DIAGNOSTIC - FINAL CALIBRATED PROB: 0.0%
Flat terrain detected. Running Storm Hunter Catchment Scan...
Flat terrain detected. Running Storm Hunter Catchment Scan...
Flat terrain detected. Running Storm Hunter Catchment Scan...
  TerraClimate: pr=91.0mm, soil=613.0mm
DIAGNOSTIC - SENSORS: {'LST': 14949.95, 'NDVI': 0.542325, 'NDMI': 0.15108925104141235, 'Aerosol': 0.1, 'rain_list': [7.1, 0.2, 0.0, 0.0, 7.7, 2.2, 0.3, 0.0, 0.9, 0.0, 0.0, 0.0, 0.0, 0.0], 'pr': 91.0, 'soil': 613.0, 'Slope': 12.28370251954103, 'Aspect': 194.87450824879946, 'TPI': -12.381703470031539}
Flat terrain detected. Running Storm Hunter Catchment Scan...
  TerraClimate: pr=91.0mm, soil=613.0mm
DIAGNOSTIC - FINAL CALIBRATED PROB: 0.0%
  TerraClimate: pr=91.0mm, soil=613.0mm
DIAGNOSTIC - FINAL CALIBRATED PROB: 0.5%
  TerraClimate: pr=91.0mm, soil=613.0mm
DIAGNOSTIC - FINAL CALIBRATED PROB: 0.0%
  TerraClimate: pr=91.0mm, soil=613.0mm
DIAGNOSTIC - FINAL CALIBRATED PROB: 0.0%

[AREA SCAN] Started Center (29.6747, 80.5619)

[AREA SCAN] Started North (29.6882, 80.5619)

[AREA SCAN] Started South (29.6612, 80.5619)

[AREA SCAN] Started East (29.6747, 80.5754)

[AREA SCAN] Started West (29.6747, 80.5484)
  TerraClimate: pr=91.0mm, soil=613.0mm
DIAGNOSTIC - SENSORS: {'LST': 14963.473684210527, 'NDVI': 0.54655, 'NDMI': 0.14801223576068878, 'Aerosol': 0.1, 'rain_list': [0.2, 0.0, 0.0, 7.7, 2.2, 0.3, 0.0, 0.9, 0.0, 0.0, 0.0, 0.0, 0.0, 0.0], 'pr': 91.0, 'soil': 613.0, 'Slope': 11.873329094657683, 'Aspect': 147.87984698114724, 'TPI': 10.214511041009473}
Flat terrain detected. Running Storm Hunter Catchment Scan...
  TerraClimate: pr=91.0mm, soil=613.0mm
DIAGNOSTIC - SENSORS: {'LST': 14939.95, 'NDVI': 0.5509, 'NDMI': 0.14653903245925903, 'Aerosol': 0.1, 'rain_list': [0.2, 0.0, 0.0, 7.7, 2.2, 0.3, 0.0, 0.9, 0.0, 0.0, 0.0, 0.0, 0.0, 0.0], 'pr': 91.0, 'soil': 613.0, 'Slope': 11.873761711565855, 'Aspect': 147.87642475153748, 'TPI': 45.50473186119871}
Flat terrain detected. Running Storm Hunter Catchment Scan...
  TerraClimate: pr=91.0mm, soil=613.0mm
DIAGNOSTIC - SENSORS: {'LST': 14921.15, 'NDVI': 0.645125, 'NDMI': 0.2024451643228531, 'Aerosol': 0.1, 'rain_list': [0.2, 0.0, 0.0, 7.7, 2.2, 0.3, 0.0, 0.9, 0.0, 0.0, 0.0, 0.0, 0.0, 0.0], 'pr': 91.0, 'soil': 613.0, 'Slope': 31.384198896794633, 'Aspect': 257.74340045128605, 'TPI': -47.99369085173498}
DIAGNOSTIC - FINAL CALIBRATED PROB: 0.0%
  TerraClimate: pr=91.0mm, soil=613.0mm
DIAGNOSTIC - SENSORS: {'LST': 14950.05, 'NDVI': 0.542325, 'NDMI': 0.15108925104141235, 'Aerosol': 0.1, 'rain_list': [0.2, 0.0, 0.0, 7.7, 2.2, 0.3, 0.0, 0.9, 0.0, 0.0, 0.0, 0.0, 0.0, 0.0], 'pr': 91.0, 'soil': 613.0, 'Slope': 12.28370251954103, 'Aspect': 194.87450824879946, 'TPI': -12.381703470031539}
  TerraClimate: pr=91.0mm, soil=613.0mm
DIAGNOSTIC - SENSORS: {'LST': 14921.55, 'NDVI': 0.640225, 'NDMI': 0.22240392863750458, 'Aerosol': 0.1, 'rain_list': [0.2, 0.0, 0.0, 7.7, 2.2, 0.3, 0.0, 0.9, 0.0, 0.0, 0.0, 0.0, 0.0, 0.0], 'pr': 91.0, 'soil': 613.0, 'Slope': 19.246354682908525, 'Aspect': 253.848102323185, 'TPI': 44.851735015772874}
Flat terrain detected. Running Storm Hunter Catchment Scan...
Flat terrain detected. Running Storm Hunter Catchment Scan...
  TerraClimate: pr=91.0mm, soil=613.0mm
  TerraClimate: pr=91.0mm, soil=613.0mm
DIAGNOSTIC - FINAL CALIBRATED PROB: 0.4%
DIAGNOSTIC - FINAL CALIBRATED PROB: 0.0%
  TerraClimate: pr=91.0mm, soil=613.0mm
DIAGNOSTIC - FINAL CALIBRATED PROB: 0.0%
  TerraClimate: pr=91.0mm, soil=613.0mm
DIAGNOSTIC - FINAL CALIBRATED PROB: 0.0%

[AREA SCAN] Started Center (29.6747, 80.5619)

[AREA SCAN] Started North (29.6882, 80.5619)

[AREA SCAN] Started South (29.6612, 80.5619)

[AREA SCAN] Started East (29.6747, 80.5754)

[AREA SCAN] Started West (29.6747, 80.5484)
  TerraClimate: pr=91.0mm, soil=613.0mm
DIAGNOSTIC - SENSORS: {'LST': 14966.45, 'NDVI': 0.542325, 'NDMI': 0.15108925104141235, 'Aerosol': 0.1, 'rain_list': [0.3, 7.1, 0.2, 0.0, 0.0, 7.7, 2.2, 0.3, 0.0, 0.9, 0.0, 0.0, 0.0, 0.0], 'pr': 91.0, 'soil': 613.0, 'Slope': 12.28370251954103, 'Aspect': 194.87450824879946, 'TPI': -12.381703470031539}
Flat terrain detected. Running Storm Hunter Catchment Scan...
  TerraClimate: pr=91.0mm, soil=613.0mm
DIAGNOSTIC - SENSORS: {'LST': 14932.1, 'NDVI': 0.645125, 'NDMI': 0.2024451643228531, 'Aerosol': 0.1, 'rain_list': [0.3, 7.1, 0.2, 0.0, 0.0, 7.7, 2.2, 0.3, 0.0, 0.9, 0.0, 0.0, 0.0, 0.0], 'pr': 91.0, 'soil': 613.0, 'Slope': 31.384198896794633, 'Aspect': 257.74340045128605, 'TPI': -47.99369085173498}
  TerraClimate: pr=91.0mm, soil=613.0mm
DIAGNOSTIC - SENSORS: {'LST': 14955.1, 'NDVI': 0.5509, 'NDMI': 0.14653903245925903, 'Aerosol': 0.1, 'rain_list': [0.3, 7.1, 0.2, 0.0, 0.0, 7.7, 2.2, 0.3, 0.0, 0.9, 0.0, 0.0, 0.0, 0.0], 'pr': 91.0, 'soil': 613.0, 'Slope': 11.873761711565855, 'Aspect': 147.87642475153748, 'TPI': 45.50473186119871}
  TerraClimate: pr=91.0mm, soil=613.0mm
DIAGNOSTIC - SENSORS: {'LST': 14935.8, 'NDVI': 0.640225, 'NDMI': 0.22240392863750458, 'Aerosol': 0.1, 'rain_list': [0.3, 7.1, 0.2, 0.0, 0.0, 7.7, 2.2, 0.3, 0.0, 0.9, 0.0, 0.0, 0.0, 0.0], 'pr': 91.0, 'soil': 613.0, 'Slope': 19.246354682908525, 'Aspect': 253.848102323185, 'TPI': 44.851735015772874}
Flat terrain detected. Running Storm Hunter Catchment Scan...
DIAGNOSTIC - FINAL CALIBRATED PROB: 0.0%
Flat terrain detected. Running Storm Hunter Catchment Scan...
  TerraClimate: pr=91.0mm, soil=613.0mm
DIAGNOSTIC - SENSORS: {'LST': 14977.15, 'NDVI': 0.54655, 'NDMI': 0.14801223576068878, 'Aerosol': 0.1, 'rain_list': [0.3, 7.1, 0.2, 0.0, 0.0, 7.7, 2.2, 0.3, 0.0, 0.9, 0.0, 0.0, 0.0, 0.0], 'pr': 91.0, 'soil': 613.0, 'Slope': 11.873329094657683, 'Aspect': 147.87984698114724, 'TPI': 10.214511041009473}
Flat terrain detected. Running Storm Hunter Catchment Scan...
  TerraClimate: pr=91.0mm, soil=613.0mm
DIAGNOSTIC - FINAL CALIBRATED PROB: 0.0%
  TerraClimate: pr=91.0mm, soil=613.0mm
DIAGNOSTIC - FINAL CALIBRATED PROB: 0.0%
  TerraClimate: pr=91.0mm, soil=613.0mm
DIAGNOSTIC - FINAL CALIBRATED PROB: 0.7%
  TerraClimate: pr=91.0mm, soil=613.0mm
DIAGNOSTIC - FINAL CALIBRATED PROB: 0.0%

[AREA SCAN] Started Center (29.6747, 80.5619)

[AREA SCAN] Started North (29.6882, 80.5619)

[AREA SCAN] Started South (29.6612, 80.5619)

[AREA SCAN] Started East (29.6747, 80.5754)

[AREA SCAN] Started West (29.6747, 80.5484)
  TerraClimate: pr=91.0mm, soil=613.0mm
DIAGNOSTIC - SENSORS: {'LST': 14952.45, 'NDVI': 0.5509, 'NDMI': 0.14653903245925903, 'Aerosol': 0.1, 'rain_list': [0.0, 0.3, 7.1, 0.2, 0.0, 0.0, 7.7, 2.2, 0.3, 0.0, 0.9, 0.0, 0.0, 0.0], 'pr': 91.0, 'soil': 613.0, 'Slope': 11.873761711565855, 'Aspect': 147.87642475153748, 'TPI': 45.50473186119871}
Flat terrain detected. Running Storm Hunter Catchment Scan...
  TerraClimate: pr=91.0mm, soil=613.0mm
DIAGNOSTIC - SENSORS: {'LST': 14932.7, 'NDVI': 0.640225, 'NDMI': 0.22240392863750458, 'Aerosol': 0.1, 'rain_list': [0.0, 0.3, 7.1, 0.2, 0.0, 0.0, 7.7, 2.2, 0.3, 0.0, 0.9, 0.0, 0.0, 0.0], 'pr': 91.0, 'soil': 613.0, 'Slope': 19.246354682908525, 'Aspect': 253.848102323185, 'TPI': 44.851735015772874}
Flat terrain detected. Running Storm Hunter Catchment Scan...
  TerraClimate: pr=91.0mm, soil=613.0mm
DIAGNOSTIC - SENSORS: {'LST': 14928.45, 'NDVI': 0.645125, 'NDMI': 0.2024451643228531, 'Aerosol': 0.1, 'rain_list': [0.0, 0.3, 7.1, 0.2, 0.0, 0.0, 7.7, 2.2, 0.3, 0.0, 0.9, 0.0, 0.0, 0.0], 'pr': 91.0, 'soil': 613.0, 'Slope': 31.384198896794633, 'Aspect': 257.74340045128605, 'TPI': -47.99369085173498}
  TerraClimate: pr=91.0mm, soil=613.0mm
127.0.0.1 - - [01/Jun/2026 16:10:51] "POST /predict_area HTTP/1.1" 200 -
