Verified,Title,Description,Source,Hazard,Incident on,Province,District,Municipality,Ward,Total estimated loss (NPR),Agriculture economic loss (NPR),Infrastructure economic loss (NPR),Total infrastructure destroyed,House destroyed,House affected,Total livestock destroyed,Total - People Death,Male - People Death,Female - People Death,Unknown - People Death,Disabled - People Death,Total - People Missing,Male - People Missing,Female - People Missing,Unknown - People Missing,Disabled - People Missing,Total - People Injured,Male - People Injured,Female - People Injured,Unknown - People Injured,Disabled - People Injured,date,search_str,latitude,longitude
Yes,Landslide at Chhathar Rural Municipality-2,,nepal_police,Landslide,2022-11-06,Koshi,Terhathum,Chhathar,2,,0,0,0,0,0,0,0,0,0,0,0,0,0,0,0,0,0,0,0,0,0,2022-11-06,"Chhathar, Terhathum, Nepal",27.035690000000045,87.48387000000008
Yes,"Landslide at Chilinkha, Bigu Rural Municipality-5",,nepal_police,Landslide,2022-11-04,Bagmati,Dolakha,Bigu,5,,0,0,0,0,0,0,0,0,0,0,0,0,0,0,0,0,1,0,1,0,0,2022-11-04,"Bigu, Dolakha, Nepal",27.95366000000007,86.20476000000008
Yes,"Landslide at Nepalitole, Tribeni Municipality-8",,nepal_police,Landslide,2022-10-12,Sudurpashchim,Bajura,Tribeni,8,,0,0,3,3,0,0,0,0,0,0,0,0,0,0,0,0,0,0,0,0,0,2022-10-12,"Tribeni, Bajura, Nepal",29.33594000000005,81.43072000000006
Yes,Landslide at Mahawai Rural Municipality-3,,nepal_police,Landslide,2022-10-12,Karnali,Kalikot,Mahawai,3,,0,0,4,4,0,0,0,0,0,0,0,0,0,0,0,0,0,0,0,0,0,2022-10-12,"Mahawai, Kalikot, Nepal",29.04137000000003,81.85773000000006
Yes,"Landslide at Dayaune, Binayee Tribeni Rural Municipality-2",,nepal_police,Landslide,2022-10-12,Gandaki,Nawalparasi East,Binayee Tribeni,2,,0,0,0,0,3,0,0,0,0,0,0,0,0,0,0,0,0,0,0,0,0,2022-10-12,"Binayee Tribeni, Nawalparasi East, Nepal",27.630790000000047,83.86238000000003
Yes,"Landslide at bhuwa, Budhinanda Municipality-3",,nepal_police,Landslide,2022-10-12,Sudurpashchim,Bajura,Budhinanda,3,,0,0,0,0,0,5,0,0,0,0,0,0,0,0,0,0,0,0,0,0,0,2022-10-12,"Budhinanda, Bajura, Nepal",29.538280000000043,81.61780000000005
Yes,Landslide at Gaumul Rural Municipality-1,,nepal_police,Landslide,2022-10-11,Sudurpashchim,Bajura,Gaumul,1,,0,0,0,0,0,15,0,0,0,0,0,0,0,0,0,0,0,0,0,0,0,2022-10-11,"Gaumul, Bajura, Nepal",29.56923000000006,81.48293000000007
Yes,"Landslide at Chhapre, Tilagufa Municipality-7",,nepal_police,Landslide,2022-10-11,Karnali,Kalikot,Tilagufa,7,,0,0,0,0,0,0,0,0,0,0,0,0,0,0,0,0,1,1,0,0,0,2022-10-11,"Tilagufa, Kalikot, Nepal",29.146120000000053,81.85448000000008
Yes,"Landslide at Kabhripatali , Jagannath Rural Municipality-6",,nepal_police,Landslide,2022-10-11,Sudurpashchim,Bajura,Jagannath,6,,0,0,0,0,46,0,0,0,0,0,0,0,0,0,0,0,0,0,0,0,0,2022-10-11,"Jagannath, Bajura, Nepal",28.373320000000035,83.53203000000008
Yes,"Landslide at kawadi, Himali Rural Municipality-5",,nepal_police,Landslide,2022-10-11,Sudurpashchim,Bajura,Himali,5,,0,0,0,0,0,0,0,0,0,0,0,0,0,0,0,0,0,0,0,0,0,2022-10-11,"Himali, Bajura, Nepal",29.71252000000004,81.61904000000004
Yes,"Landslide at Syalkatyaya, Budhiganga Municipality-7",,nepal_police,Landslide,2022-10-11,Sudurpashchim,Bajura,Budhiganga,7,,0,0,2,2,0,0,0,0,0,0,0,0,0,0,0,0,0,0,0,0,0,2022-10-11,"Budhiganga, Bajura, Nepal",29.360340000000065,81.32408000000004
Yes,"Landslide at Malaikhola, Babai Rural Municipality-7",,nepal_police,Landslide,2022-10-11,Lumbini,Dang,Babai,7,,0,0,0,0,0,0,0,0,0,0,0,0,0,0,0,0,1,1,0,0,0,2022-10-11,"Babai, Dang, Nepal",28.16829000000007,82.08431000000007
Yes,"Landslide at Tolipani, Dullu Municipality-6",,nepal_police,Landslide,2022-10-11,Karnali,Dailekh,Dullu,6,,0,0,2,2,6,0,0,0,0,0,0,0,0,0,0,0,0,0,0,0,0,2022-10-11,"Dullu, Dailekh, Nepal",28.834110000000067,81.61001000000005
Yes,"Landslide at Shristhan, Bhairabi Rural Municipality-1",,nepal_police,Landslide,2022-10-10,Karnali,Dailekh,Bhairabi,1,,0,0,0,0,0,0,0,0,0,0,0,0,0,0,0,0,0,0,0,0,0,2022-10-10,"Bhairabi, Dailekh, Nepal",28.945840000000032,81.63676000000004
Yes,"Landslide at Salim, Chhayanath Rara Municipality-11",,nepal_police,Landslide,2022-10-10,Karnali,Mugu,Chhayanath Rara,11,,0,0,130,130,79,0,8,4,4,0,0,0,0,0,0,0,5,0,5,0,0,2022-10-10,"Chhayanath Rara, Mugu, Nepal",29.533970000000068,82.15771000000007
Yes,"Landslide at Jogimare, Sandhikharka Municipality-11",,nepal_police,Landslide,2022-10-10,Lumbini,Arghakhanchi,Sandhikharka,11,,0,0,6,6,0,0,0,0,0,0,0,0,0,0,0,0,0,0,0,0,0,2022-10-10,"Sandhikharka, Arghakhanchi, Nepal",27.965960000000052,83.15486000000004
Yes,"Landslide at Dhadakot, Jagannath Rural Municipality-1",,nepal_police,Landslide,2022-10-10,Sudurpashchim,Bajura,Jagannath,1,,0,0,5,5,0,2,1,1,0,0,0,0,0,0,0,0,1,0,1,0,0,2022-10-10,"Jagannath, Bajura, Nepal",28.373320000000035,83.53203000000008
Yes,"Landslide at Dhalebaj, Aathabis Municipality-8",,nepal_police,Landslide,2022-10-10,Karnali,Dailekh,Aathabis,8,,0,0,0,0,1,0,0,0,0,0,0,0,0,0,0,0,0,0,0,0,0,2022-10-10,"Aathabis, Dailekh, Nepal",28.844340000000045,81.71011000000004
Yes,"Landslide at Phaita, Swami Kartik Rural Municipality-4",,nepal_police,Landslide,2022-10-10,Sudurpashchim,Bajura,Swami Kartik,4,,0,0,0,0,0,0,0,0,0,0,0,0,0,0,0,0,0,0,0,0,0,2022-10-10,"Swami Kartik, Bajura, Nepal",29.427170000000046,81.75914000000006
Yes,"Landslide at Athkhola, Purchaudi Municipality-9",,nepal_police,Landslide,2022-10-10,Sudurpashchim,Baitadi,Purchaudi,9,,0,0,1,1,0,5,0,0,0,0,0,0,0,0,0,0,0,0,0,0,0,2022-10-10,"Purchaudi, Baitadi, Nepal",29.60326000000003,80.70177000000007
Yes,Landslide at Tilagufa Municipality-11,,nepal_police,Landslide,2022-10-10,Karnali,Kalikot,Tilagufa,11,,0,0,2,2,0,2,0,0,0,0,0,0,0,0,0,0,0,0,0,0,0,2022-10-10,"Tilagufa, Kalikot, Nepal",29.146120000000053,81.85448000000008
Yes,"Flood at Kalika Mandir, Bhajani Municipality-8",,nepal_police,Flood,2022-10-10,Sudurpashchim,Kailali,Bhajani,8,,0,0,0,0,0,2,0,0,0,0,0,0,0,0,0,0,0,0,0,0,0,2022-10-10,"Bhajani, Kailali, Nepal",28.52027000000004,80.96565000000004
Yes,"Flood at Baguwakhola, Barah Municipality-1",,nepal_police,Flood,2022-10-10,Koshi,Sunsari,Barah,1,,0,0,0,0,0,0,0,0,0,0,0,0,0,0,0,0,0,0,0,0,0,2022-10-10,"Barah, Sunsari, Nepal",26.75279000000006,87.15755000000007
Yes,"Flood at Thirpu, Palata Rural Municipality-9",,nepal_police,Flood,2022-10-09,Karnali,Kalikot,Palata,9,,0,0,3,3,0,6,0,0,0,0,0,0,0,0,0,0,0,0,0,0,0,2022-10-09,"Palata, Kalikot, Nepal",29.33922000000007,81.84204000000005
Yes,"Landslide at Baligaun, Tilagufa Municipality-7",,nepal_police,Landslide,2022-10-09,Karnali,Kalikot,Tilagufa,7,,0,0,2,2,44,16,4,3,1,0,0,2,0,0,2,0,0,0,0,0,0,2022-10-09,"Tilagufa, Kalikot, Nepal",29.146120000000053,81.85448000000008
Yes,"Landslide at Bhaisegoda, Tilagufa Municipality-6",,nepal_police,Landslide,2022-10-09,Karnali,Kalikot,Tilagufa,6,,0,0,1,1,0,0,0,0,0,0,0,1,0,0,1,0,0,0,0,0,0,2022-10-09,"Tilagufa, Kalikot, Nepal",29.146120000000053,81.85448000000008
Yes,"Landslide at Kusunde, Sworgadwary Municipality-1",,nepal_police,Landslide,2022-10-09,Lumbini,Pyuthan,Sworgadwary,1,,0,0,4,4,0,0,0,0,0,0,0,0,0,0,0,0,0,0,0,0,0,2022-10-09,"Sworgadwary, Pyuthan, Nepal",28.13282000000004,82.69597000000005
Yes,"Flood at PULCHOK, Tilagufa Municipality-1",,nepal_police,Flood,2022-10-09,Karnali,Kalikot,Tilagufa,1,,0,0,1,1,0,0,0,0,0,0,0,0,0,0,0,0,0,0,0,0,0,2022-10-09,"Tilagufa, Kalikot, Nepal",29.146120000000053,81.85448000000008
Yes,"Landslide at Mumra, Sanni Tribeni Rural Municipality-8",,nepal_police,Landslide,2022-10-09,Karnali,Kalikot,Sanni Tribeni,8,,0,0,142,142,0,0,1,1,0,0,0,0,0,0,0,0,2,0,2,0,0,2022-10-09,"Sanni Tribeni, Kalikot, Nepal",29.26276000000007,81.58511000000004
Yes,"Landslide at Puranobaspark, Khandachakra Municipality-1",,nepal_police,Landslide,2022-10-09,Karnali,Kalikot,Khandachakra,1,,0,0,1,1,0,0,0,0,0,0,0,0,0,0,0,0,0,0,0,0,0,2022-10-09,"Khandachakra, Kalikot, Nepal",29.158830000000023,81.66961000000003
Yes,"Flood at Pulchok, Tilagufa Municipality-1",,nepal_police,Flood,2022-10-09,Karnali,Kalikot,Tilagufa,1,,0,0,1,1,0,0,0,0,0,0,0,0,0,0,0,0,0,0,0,0,0,2022-10-09,"Tilagufa, Kalikot, Nepal",29.146120000000053,81.85448000000008
Yes,"Landslide at Dauke, Pachaljharana Rural Municipality-3",,nepal_police,Landslide,2022-10-09,Karnali,Kalikot,Pachaljharana,3,,0,0,1,1,0,6,0,0,0,0,0,0,0,0,0,0,0,0,0,0,0,2022-10-09,"Pachaljharana, Kalikot, Nepal",29.260510000000068,81.72308000000004
Yes,"Landslide at Pallobali, Tilagufa Municipality-7",,nepal_police,Landslide,2022-10-09,Karnali,Kalikot,Tilagufa,7,,0,0,1,1,0,0,0,0,0,0,0,1,0,0,1,0,0,0,0,0,0,2022-10-09,"Tilagufa, Kalikot, Nepal",29.146120000000053,81.85448000000008
Yes,"Landslide at Rachuli, Tilagufa Municipality-4",,nepal_police,Landslide,2022-10-09,Karnali,Kalikot,Tilagufa,4,,0,0,0,0,0,0,1,1,0,0,0,12,0,0,12,0,5,5,0,0,0,2022-10-09,"Tilagufa, Kalikot, Nepal",29.146120000000053,81.85448000000008
Yes,"Landslide at Melchham, Chankheli Rural Municipality-6",,nepal_police,Landslide,2022-10-09,Karnali,Humla,Chankheli,6,,0,0,29,29,17,0,4,0,4,0,0,0,0,0,0,0,5,2,3,0,0,2022-10-09,"Chankheli, Humla, Nepal",29.855810000000076,82.23629000000005
Yes,"Landslide at Bagthala, Kedarseu Rural Municipality-4",,nepal_police,Landslide,2022-10-09,Sudurpashchim,Bajhang,Kedarseu,4,,0,0,1,1,0,7,0,0,0,0,0,0,0,0,0,0,0,0,0,0,0,2022-10-09,"Kedarseu, Bajhang, Nepal",29.51347000000004,80.93567000000007
Yes,"Landslide at Bhaisegoda, Tilagufa Municipality-5",,nepal_police,Landslide,2022-10-09,Karnali,Kalikot,Tilagufa,5,,0,0,3,3,0,0,0,0,0,0,0,0,0,0,0,0,0,0,0,0,0,2022-10-09,"Tilagufa, Kalikot, Nepal",29.146120000000053,81.85448000000008
Yes,"Landslide at Madan, Tanjakot Rural Municipality-5",,nepal_police,Landslide,2022-10-09,Karnali,Humla,Tanjakot,5,,0,0,1,1,0,0,0,0,0,0,0,0,0,0,0,0,1,1,0,0,0,2022-10-09,"Tanjakot, Humla, Nepal",29.705350000000067,81.75130000000007
Yes,"Landslide at Nuwaghar, Pachaljharana Rural Municipality-7",,nepal_police,Landslide,2022-10-09,Karnali,Kalikot,Pachaljharana,7,,0,0,1,1,0,0,1,1,0,0,0,0,0,0,0,0,2,0,2,0,0,2022-10-09,"Pachaljharana, Kalikot, Nepal",29.260510000000068,81.72308000000004
Yes,"Landslide at Ratada, Tilagufa Municipality-2",,nepal_police,Landslide,2022-10-08,Karnali,Kalikot,Tilagufa,2,,0,0,2,2,0,0,0,0,0,0,0,0,0,0,0,0,0,0,0,0,0,2022-10-08,"Tilagufa, Kalikot, Nepal",29.146120000000053,81.85448000000008
Yes,Flood at Hima Rural Municipality-3,,other,Flood,2022-10-08,Karnali,Jumla,Hima,3,,0,0,0,0,0,0,2,1,1,0,0,1,0,0,1,0,0,0,0,0,0,2022-10-08,"Hima, Jumla, Nepal",29.26973000000004,81.92985000000004
Yes,"Landslide at Marke, Sharada Municipality-8",,nepal_police,Landslide,2022-10-08,Karnali,Salyan,Sharada,8,,0,0,0,0,0,0,1,1,0,0,0,0,0,0,0,0,0,0,0,0,0,2022-10-08,"Sharada, Salyan, Nepal",28.389170000000036,82.14556000000005
Yes,"Landslide at Barekot danda, Kanakasundari Rural Municipality-3",,nepal_police,Landslide,2022-10-08,Karnali,Jumla,Kanakasundari,3,,0,0,316,316,726,0,7,5,2,0,0,0,0,0,0,0,2,1,1,0,0,2022-10-08,"Kanakasundari, Jumla, Nepal",29.41384000000005,82.05030000000005
Yes,"Landslide at Pharinde, Mandavi Rural Municipality-4",,nepal_police,Landslide,2022-10-08,Lumbini,Pyuthan,Mandavi,4,,0,0,1,1,0,0,6,3,3,0,0,0,0,0,0,0,0,0,0,0,0,2022-10-08,"Mandavi, Pyuthan, Nepal",28.047340000000077,82.77364000000006
Yes,"Landslide at Mahakharka, Nisikhola Rural Municipality-1",,nepal_police,Landslide,2022-10-08,Gandaki,Baglung,Nisikhola,1,,0,0,1,1,0,0,0,0,0,0,0,0,0,0,0,0,0,0,0,0,0,2022-10-08,"Nisikhola, Baglung, Nepal",28.37636000000003,83.02216000000004
Yes,Landslide at Madi Rural Municipality-3,,nepal_police,Landslide,2022-10-07,Lumbini,Rolpa,Madi,3,,0,0,0,0,0,0,0,0,0,0,0,0,0,0,0,0,1,1,0,0,0,2022-10-07,"Madi, Rolpa, Nepal",28.402390000000025,82.50796000000008
Yes,"Landslide at Rathma, Shiwalaya Rural Municipality-3",,nepal_police,Landslide,2022-10-07,Karnali,Jajarkot,Shiwalaya,3,,0,0,1,1,0,0,0,0,0,0,0,0,0,0,0,0,0,0,0,0,0,2022-10-07,"Shiwalaya, Jajarkot, Nepal",28.688570000000027,81.93365000000006
Yes,"Landslide at Salam, Kapurkot Rural Municipality-3",,nepal_police,Landslide,2022-10-07,Karnali,Salyan,Kapurkot,3,,0,0,3,3,0,6,0,0,0,0,0,0,0,0,0,0,0,0,0,0,0,2022-10-07,"Kapurkot, Salyan, Nepal",28.24885000000006,82.36148000000009
Yes,"Landslide at Byureni, Birendranagar Municipality-11",,nepal_police,Landslide,2022-10-07,Karnali,Surkhet,Birendranagar,11,,0,0,0,0,0,0,0,0,0,0,0,0,0,0,0,0,2,2,0,0,0,2022-10-07,"Birendranagar, Surkhet, Nepal",28.596690000000024,81.61658000000006
Yes,"Landslide at Chautara, Badigad Rural Municipality-7",,nepal_police,Landslide,2022-10-07,Gandaki,Baglung,Badigad,7,20000.0,0,0,1,1,0,4,0,0,0,0,0,0,0,0,0,0,0,0,0,0,0,2022-10-07,"Badigad, Baglung, Nepal",28.26792000000006,83.25370000000004
Yes,"Landslide at Syaule, Naubahini Rural Municipality-7",,nepal_police,Landslide,2022-10-07,Lumbini,Pyuthan,Naubahini,7,,0,0,1,1,0,2,0,0,0,0,0,0,0,0,0,0,0,0,0,0,0,2022-10-07,"Naubahini, Pyuthan, Nepal",28.253160000000037,82.91058000000004
Yes,"Landslide at Dhungepani, Tribeni Rural Municipality-6",,nepal_police,Landslide,2022-10-07,Karnali,Rukum West,Tribeni,6,,0,0,0,0,0,1,0,0,0,0,0,0,0,0,0,0,0,0,0,0,0,2022-10-07,"Tribeni, Rukum West, Nepal",28.56905000000006,82.42802000000006
Yes,"Landslide at Jagat, Panini Rural Municipality-7",,nepal_police,Landslide,2022-10-07,Lumbini,Arghakhanchi,Panini,7,,0,0,1,1,3,0,0,0,0,0,0,0,0,0,0,0,0,0,0,0,0,2022-10-07,"Panini, Arghakhanchi, Nepal",27.884160000000065,83.25291000000004
Yes,"Flood at Badachaur, Mandavi Rural Municipality-1",,nepal_police,Flood,2022-10-07,Lumbini,Pyuthan,Mandavi,1,1096000.0,0,0,1,1,0,6,0,0,0,0,0,0,0,0,0,0,0,0,0,0,0,2022-10-07,"Mandavi, Pyuthan, Nepal",28.047340000000077,82.77364000000006
Yes,Landslide at Banglachuli Rural Municipality-4,,nepal_police,Landslide,2022-10-07,Lumbini,Dang,Banglachuli,4,,0,0,0,0,0,0,1,0,1,0,0,0,0,0,0,0,0,0,0,0,0,2022-10-07,"Banglachuli, Dang, Nepal",27.99384000000003,82.67143000000004
Yes,"Landslide at Chidis, Tinau Rural Municipality-6",,nepal_police,Landslide,2022-10-07,Lumbini,Palpa,Tinau,6,,0,0,2,2,0,0,0,0,0,0,0,0,0,0,0,0,2,0,2,0,0,2022-10-07,"Tinau, Palpa, Nepal",27.76465000000007,83.47024000000005
Yes,Landslide at Myagde Rural Municipality-1,,nepal_police,Landslide,2022-10-07,Gandaki,Tanahu,Myagde,1,,0,0,0,0,0,0,0,0,0,0,0,0,0,0,0,0,0,0,0,0,0,2022-10-07,"Myagde, Tanahu, Nepal",28.007160000000056,84.15608000000003
Yes,"Landslide at Budhichaur, Sarumarani Rural Municipality-6",,nepal_police,Landslide,2022-10-07,Lumbini,Pyuthan,Sarumarani,6,,0,0,3,3,0,16,0,0,0,0,0,0,0,0,0,0,0,0,0,0,0,2022-10-07,"Sarumarani, Pyuthan, Nepal",27.945050000000037,82.83908000000008
Yes,Landslide at Aathbiskot Municipality-10,,nepal_police,Landslide,2022-10-07,Karnali,Rukum West,Aathbiskot,10,,0,0,0,0,0,0,0,0,0,0,0,0,0,0,0,0,1,0,1,0,0,2022-10-07,"Aathbiskot, Rukum West, Nepal",28.84600000000006,82.52065000000005
Yes,"Landslide at Kapti, Barekot Rural Municipality-9",,nepal_police,Landslide,2022-10-07,Karnali,Jajarkot,Barekot,9,,0,0,0,0,0,2,0,0,0,0,0,0,0,0,0,0,0,0,0,0,0,2022-10-07,"Barekot, Jajarkot, Nepal",28.96303000000006,82.25361000000004
Yes,"Flood at Armala, Nisdi Rural Municipality-1",,other,Flood,2022-10-07,Lumbini,Palpa,Nisdi,1,,0,0,0,0,0,0,2,1,1,0,0,0,0,0,0,0,0,0,0,0,0,2022-10-07,"Nisdi, Palpa, Nepal",27.785150000000044,83.90900000000005
Yes,"Landslide at Naulapani, Sandhikharka Municipality-9",,nepal_police,Landslide,2022-10-07,Lumbini,Arghakhanchi,Sandhikharka,9,,0,0,1,1,0,4,0,0,0,0,0,0,0,0,0,0,0,0,0,0,0,2022-10-07,"Sandhikharka, Arghakhanchi, Nepal",27.965960000000052,83.15486000000004
Yes,"Landslide at Dyan kendra, Chandragiri Municipality-2",,nepal_police,Landslide,2022-10-07,Bagmati,Kathmandu,Chandragiri,2,,0,0,0,0,0,0,3,1,2,0,0,0,0,0,0,0,0,0,0,0,0,2022-10-07,"Chandragiri, Kathmandu, Nepal",27.686960000000056,85.23522000000008
Yes,"Landslide at Bhalkotbari, Nisikhola Rural Municipality-6",,nepal_police,Landslide,2022-10-06,Gandaki,Baglung,Nisikhola,6,,0,0,1,1,0,0,0,0,0,0,0,0,0,0,0,0,0,0,0,0,0,2022-10-06,"Nisikhola, Baglung, Nepal",28.37636000000003,83.02216000000004
Yes,"Landslide at Ghartigaun, Madi Rural Municipality-2",,nepal_police,Landslide,2022-10-06,Lumbini,Rolpa,Madi,2,2000000.0,0,0,0,0,1,0,0,0,0,0,0,0,0,0,0,0,0,0,0,0,0,2022-10-06,"Madi, Rolpa, Nepal",28.402390000000025,82.50796000000008
Yes,"Flood at Dolabhanjing, Thakre Rural Municipality-3",,other,Flood,2022-10-06,Bagmati,Dhading,Thakre,3,,0,0,0,0,0,0,0,0,0,0,0,1,0,0,1,0,0,0,0,0,0,2022-10-06,"Thakre, Dhading, Nepal",27.73944000000006,85.07190000000008
Yes,"Flood at Jhiwang, Airawati Rural Municipality-5",,nepal_police,Flood,2022-10-06,Lumbini,Pyuthan,Airawati,5,,0,0,0,0,0,0,0,0,0,0,0,1,0,0,1,0,0,0,0,0,0,2022-10-06,"Airawati, Pyuthan, Nepal",27.990350000000035,82.91276000000005
Yes,"Landslide at Magini, Raksirang Rural Municipality-5",,nepal_police,Landslide,2022-10-06,Bagmati,Makwanpur,Raksirang,5,,0,0,1,1,0,0,1,1,0,0,0,0,0,0,0,0,0,0,0,0,0,2022-10-06,"Raksirang, Makwanpur, Nepal",27.59758000000005,84.85797000000008
Yes,"Landslide at Khar, Chum Nubri Rural Municipality-6",,nepal_police,Landslide,2022-10-06,Gandaki,Gorkha,Chum Nubri,6,,0,0,3,3,0,0,0,0,0,0,0,0,0,0,0,0,3,2,1,0,0,2022-10-06,"Chum Nubri, Gorkha, Nepal",28.54200000000003,84.87538000000006
Yes,"Landslide at Sakindhara, Malarani Rural Municipality-6",,nepal_police,Landslide,2022-10-06,Lumbini,Arghakhanchi,Malarani,6,,0,0,0,0,0,2,0,0,0,0,0,0,0,0,0,0,0,0,0,0,0,2022-10-06,"Malarani, Arghakhanchi, Nepal",28.06702000000007,83.07274000000007
Yes,"Landslide at Kolbot, Airawati Rural Municipality-1",,nepal_police,Landslide,2022-10-06,Lumbini,Pyuthan,Airawati,1,550000.0,0,0,0,0,0,4,0,0,0,0,0,0,0,0,0,0,0,0,0,0,0,2022-10-06,"Airawati, Pyuthan, Nepal",27.990350000000035,82.91276000000005
Yes,"Landslide at bathakot, Sani Bheri Rural Municipality-6",,nepal_police,Landslide,2022-10-06,Karnali,Rukum West,Sani Bheri,6,,0,0,0,0,0,1,0,0,0,0,0,0,0,0,0,0,0,0,0,0,0,2022-10-06,"Sani Bheri, Rukum West, Nepal",28.691980000000058,82.28000000000003
Yes,"Landslide at Khatripauwa, Dhunibesi Municipality-9",,other,Landslide,2022-10-06,Bagmati,Dhading,Dhunibesi,9,,0,0,0,0,0,0,0,0,0,0,0,0,0,0,0,0,0,0,0,0,0,2022-10-06,"Dhunibesi, Dhading, Nepal",27.722830000000044,85.17161000000004
Yes,"Landslide at Chhapagaun, Dhunibesi Municipality-4",,nepal_police,Landslide,2022-10-06,Bagmati,Dhading,Dhunibesi,4,,0,0,0,0,0,0,1,1,0,0,0,0,0,0,0,0,0,0,0,0,0,2022-10-06,"Dhunibesi, Dhading, Nepal",27.722830000000044,85.17161000000004
Yes,"Flood at Sherpakhola, Nisikhola Rural Municipality-5",,nepal_police,Flood,2022-10-06,Gandaki,Baglung,Nisikhola,5,,0,0,0,0,0,0,0,0,0,0,0,0,0,0,0,0,0,0,0,0,0,2022-10-06,"Nisikhola, Baglung, Nepal",28.37636000000003,83.02216000000004
Yes,Landslide at Gosaikunda Rural Municipality-3,,nepal_police,Landslide,2022-10-06,Bagmati,Rasuwa,Gosaikunda,3,,0,0,0,0,0,0,0,0,0,0,0,0,0,0,0,0,0,0,0,0,0,2022-10-06,"Gosaikunda, Rasuwa, Nepal",28.083330000000046,85.42667000000006
Yes,"Landslide at Jiula, Chhatreshwori Rural Municipality-1",,nepal_police,Landslide,2022-10-06,Karnali,Salyan,Chhatreshwori,1,,0,0,0,0,1,0,0,0,0,0,0,0,0,0,0,0,0,0,0,0,0,2022-10-06,"Chhatreshwori, Salyan, Nepal",28.35770000000008,82.30807000000004
Yes,Flood at Sandhikharka Municipality-7,,nepal_police,Flood,2022-10-06,Lumbini,Arghakhanchi,Sandhikharka,7,,0,0,0,0,0,0,0,0,0,0,0,1,0,0,1,0,0,0,0,0,0,2022-10-06,"Sandhikharka, Arghakhanchi, Nepal",27.965960000000052,83.15486000000004
Yes,"Flood at  Raitole, Hetauda Submetropolitan City-3",,nepal_police,Flood,2022-10-05,Bagmati,Makwanpur,Hetauda,3,250000.0,0,0,0,0,0,45,0,0,0,0,0,0,0,0,0,0,0,0,0,0,0,2022-10-05,"Hetauda, Makwanpur, Nepal",27.428390000000036,85.03219000000007
Yes,"Landslide at kILU, Annapurna Rural Municipality-10",,nepal_police,Landslide,2022-10-05,Gandaki,Kaski,Annapurna,10,,0,0,0,0,0,0,0,0,0,0,0,0,0,0,0,0,0,0,0,0,0,2022-10-05,"Annapurna, Kaski, Nepal",28.545930000000055,83.92078000000004
Yes,"Landslide at Dhad, Naubahini Rural Municipality-6",,nepal_police,Landslide,2022-10-05,Lumbini,Pyuthan,Naubahini,6,,0,0,0,0,1,0,0,0,0,0,0,0,0,0,0,0,0,0,0,0,0,2022-10-05,"Naubahini, Pyuthan, Nepal",28.253160000000037,82.91058000000004
Yes,"Landslide at takura, Pyuthan Municipality-10",,nepal_police,Landslide,2022-10-05,Lumbini,Pyuthan,Pyuthan,10,,0,0,1,1,0,0,0,0,0,0,0,0,0,0,0,0,0,0,0,0,0,2022-10-05,"Pyuthan, Pyuthan, Nepal",28.0999165,82.8828583
Yes,"Landslide at Charaghsareni, Bagchaur Municipality-9",,nepal_police,Landslide,2022-10-05,Karnali,Salyan,Bagchaur,9,,0,0,1,1,0,0,0,0,0,0,0,0,0,0,0,0,0,0,0,0,0,2022-10-05,"Bagchaur, Salyan, Nepal",28.47168000000005,82.32016000000004
Yes,"Landslide at Bhutbajar, Bhotekoshi Rural Municipality-2",,nepal_police,Landslide,2022-10-05,Bagmati,Sindhupalchok,Bhotekoshi,2,,0,0,0,0,0,0,0,0,0,0,0,0,0,0,0,0,0,0,0,0,0,2022-10-05,"Bhotekoshi, Sindhupalchok, Nepal",27.93172000000004,85.90808000000004
Yes,"Landslide at Satranumbar, Barah Municipality-1",,nepal_police,Landslide,2022-09-29,Koshi,Sunsari,Barah,1,,0,0,0,0,0,0,0,0,0,0,0,0,0,0,0,0,0,0,0,0,0,2022-09-29,"Barah, Sunsari, Nepal",26.75279000000006,87.15755000000007
Yes,"Landslide at Malachaur, Aathabis Municipality-5",,nepal_police,Landslide,2022-09-26,Karnali,Dailekh,Aathabis,5,,0,0,0,0,0,0,0,0,0,0,0,0,0,0,0,0,0,0,0,0,0,2022-09-26,"Aathabis, Dailekh, Nepal",28.844340000000045,81.71011000000004
Yes,Landslide at Pathibhara Yangwarak Rural Municipality-1,,nepal_police,Landslide,2022-09-26,Koshi,Taplejung,Pathibhara Yangwarak,1,,0,0,100,100,44,0,0,0,0,0,0,0,0,0,0,0,1,1,0,0,0,2022-09-26,"Pathibhara Yangwarak, Taplejung, Nepal",27.325140000000033,87.73428000000007
Yes,"Landslide at Badiya, Dogadakedar Rural Municipality-2",,nepal_police,Landslide,2022-09-25,Sudurpashchim,Baitadi,Dogadakedar,2,,0,0,1,1,0,2,0,0,0,0,0,0,0,0,0,0,0,0,0,0,0,2022-09-25,"Dogadakedar, Baitadi, Nepal",29.59137000000004,80.52900000000005
Yes,"Landslide at kunaute, Raghuganga Rural Municipality-2",,nepal_police,Landslide,2022-09-25,Gandaki,Myagdi,Raghuganga,2,,0,0,0,0,0,0,0,0,0,0,0,0,0,0,0,0,0,0,0,0,0,2022-09-25,"Raghuganga, Myagdi, Nepal",28.535030000000063,83.51666000000006
Yes,"Flood at Pahariya, Krishnapur Municipality-1",,nepal_police,Flood,2022-09-25,Sudurpashchim,Kanchanpur,Krishnapur,1,,0,0,0,0,1,0,0,0,0,0,0,0,0,0,0,0,0,0,0,0,0,2022-09-25,"Krishnapur, Kanchanpur, Nepal",28.873680000000036,80.44668000000007
Yes,Landslide at Hupsekot Rural Municipality-5,,nepal_police,Landslide,2022-09-24,Gandaki,Nawalparasi East,Hupsekot,5,,0,0,0,0,0,0,0,0,0,0,0,0,0,0,0,0,0,0,0,0,0,2022-09-24,"Hupsekot, Nawalparasi East, Nepal",27.70028000000008,84.06548000000004
Yes,"Landslide at Sathranumber, Barah Municipality-1",,nepal_police,Landslide,2022-09-24,Koshi,Sunsari,Barah,1,,0,0,0,0,0,0,0,0,0,0,0,0,0,0,0,0,0,0,0,0,0,2022-09-24,"Barah, Sunsari, Nepal",26.75279000000006,87.15755000000007
Yes,"Landslide at Mulpani, Kageshwori Manahora Municipality-5",,nepal_police,Landslide,2022-09-23,Bagmati,Kathmandu,Kageshwori Manahora,5,,0,0,0,0,0,0,0,0,0,0,0,0,0,0,0,0,0,0,0,0,0,2022-09-23,"Kageshwori Manahora, Kathmandu, Nepal",27.73165000000006,85.41696000000007
Yes,"Landslide at Baisari, Raghuganga Rural Municipality-2",,nepal_police,Landslide,2022-09-23,Gandaki,Myagdi,Raghuganga,2,,0,0,0,0,0,0,0,0,0,0,0,0,0,0,0,0,0,0,0,0,0,2022-09-23,"Raghuganga, Myagdi, Nepal",28.535030000000063,83.51666000000006
Yes,Landslide at Besishahar Municipality-1,,nepal_police,Landslide,2022-09-21,Gandaki,Lamjung,Besishahar,1,,0,0,0,0,0,0,0,0,0,0,0,0,0,0,0,0,0,0,0,0,0,2022-09-21,"Besishahar, Lamjung, Nepal",28.218920000000026,84.35283000000004
Yes,"Landslide at Bhanggobari, Tribeni Rural Municipality-2",,nepal_police,Landslide,2022-09-20,Lumbini,Rolpa,Tribeni,2,,0,0,0,0,0,0,0,0,0,0,0,0,0,0,0,0,0,0,0,0,0,2022-09-20,"Tribeni, Rolpa, Nepal",28.293540000000064,82.48467000000005
Yes,"Landslide at Dakshinkali, Dakshinkali Municipality-8",,nepal_police,Landslide,2022-09-19,Bagmati,Kathmandu,Dakshinkali,8,,0,0,0,0,0,0,0,0,0,0,0,0,0,0,0,0,0,0,0,0,0,2022-09-19,"Dakshinkali, Kathmandu, Nepal",27.616640000000075,85.26694000000003
Yes,"Landslide at Chepang , Barahtal Rural Municipality-5",,nepal_police,Landslide,2022-09-18,Karnali,Surkhet,Barahtal,5,11856000.0,0,0,13,13,2,29,0,0,0,0,0,0,0,0,0,0,0,0,0,0,0,2022-09-18,"Barahtal, Surkhet, Nepal",28.65372000000008,81.45104000000003
Yes,"Landslide at Lamapatan, Chankheli Rural Municipality-6",,nepal_police,Landslide,2022-09-18,Karnali,Humla,Chankheli,6,1586000.0,0,0,0,0,0,97,0,0,0,0,0,0,0,0,0,0,0,0,0,0,0,2022-09-18,"Chankheli, Humla, Nepal",29.855810000000076,82.23629000000005
Yes,"Landslide at Baisari, Raghuganga Rural Municipality-2",,nepal_police,Landslide,2022-09-18,Gandaki,Myagdi,Raghuganga,2,,0,0,0,0,0,0,0,0,0,0,0,0,0,0,0,0,0,0,0,0,0,2022-09-18,"Raghuganga, Myagdi, Nepal",28.535030000000063,83.51666000000006
Yes,"Landslide at Rag, Panchpuri Municipality-9",,nepal_police,Landslide,2022-09-17,Karnali,Surkhet,Panchpuri,9,1040000.0,0,0,0,0,0,25,0,0,0,0,0,0,0,0,0,0,0,0,0,0,0,2022-09-17,"Panchpuri, Surkhet, Nepal",28.789630000000045,81.40383000000008
Yes,"Landslide at Gutu, Chaukune Rural Municipality-8",,nepal_police,Landslide,2022-09-17,Karnali,Surkhet,Chaukune,8,3125000.0,0,0,0,0,0,0,0,0,0,0,0,0,0,0,0,0,0,0,0,0,0,2022-09-17,"Chaukune, Surkhet, Nepal",28.85994000000005,81.27875000000006
Yes,"Landslide at Khimane, Dhakari Rural Municipality-6",,nepal_police,Landslide,2022-09-17,Sudurpashchim,Achham,Dhakari,6,,0,0,1,1,0,0,1,1,0,0,0,0,0,0,0,0,3,1,2,0,0,2022-09-17,"Dhakari, Achham, Nepal",28.976180000000056,81.22569000000004
Yes,"Landslide at Salle, Musikot Municipality-1",,nepal_police,Landslide,2022-09-17,Karnali,Rukum West,Musikot,1,,0,0,0,0,0,2,0,0,0,0,0,0,0,0,0,0,0,0,0,0,0,2022-09-17,"Musikot, Rukum West, Nepal",28.612720000000024,82.47214000000008
Yes,"Flood at Simalkhet, Parashuram Municipality-6",,other,Flood,2022-09-17,Sudurpashchim,Dadeldhura,Parashuram,6,,0,0,0,0,0,9,0,0,0,0,0,0,0,0,0,0,0,0,0,0,0,2022-09-17,"Parashuram, Dadeldhura, Nepal",29.129920000000027,80.34167000000008
Yes,"Landslide at Shajapur, Chure Rural Municipality-3",,nepal_police,Landslide,2022-09-17,Sudurpashchim,Kailali,Chure,3,,0,0,0,0,0,0,0,0,0,0,0,0,0,0,0,0,1,1,0,0,0,2022-09-17,"Chure, Kailali, Nepal",28.92739000000006,80.74607000000003
Yes,"Flood at Goruchauda, Bhajani Municipality-8",,nepal_police,Flood,2022-09-17,Sudurpashchim,Kailali,Bhajani,8,,0,0,0,0,0,0,1,1,0,0,0,0,0,0,0,0,0,0,0,0,0,2022-09-17,"Bhajani, Kailali, Nepal",28.52027000000004,80.96565000000004
Yes,"Landslide at Nada, Turmakhad Rural Municipality-5",,nepal_police,Landslide,2022-09-17,Sudurpashchim,Achham,Turmakhad,5,,0,0,2,2,0,0,9,2,7,0,0,0,0,0,0,0,0,0,0,0,0,2022-09-17,"Turmakhad, Achham, Nepal",28.886390000000063,81.48960000000005
Yes,"Landslide at Thatikhadh, Kamalbazar Municipality-6",,nepal_police,Landslide,2022-09-17,Sudurpashchim,Achham,Kamalbazar,6,,0,0,1,1,0,0,7,1,6,0,0,0,0,0,0,0,7,3,4,0,0,2022-09-17,"Kamalbazar, Achham, Nepal",29.063500000000033,81.33134000000007
Yes,"Landslide at Dhungachalna, Kamalbazar Municipality-8",,nepal_police,Landslide,2022-09-17,Sudurpashchim,Achham,Kamalbazar,8,,0,0,1,1,0,0,5,1,4,0,0,0,0,0,0,0,0,0,0,0,0,2022-09-17,"Kamalbazar, Achham, Nepal",29.063500000000033,81.33134000000007
Yes,"Landslide at sawa, Dhakari Rural Municipality-1",,nepal_police,Landslide,2022-09-17,Sudurpashchim,Achham,Dhakari,1,,0,0,1,1,0,0,0,0,0,0,0,1,0,0,1,0,0,0,0,0,0,2022-09-17,"Dhakari, Achham, Nepal",28.976180000000056,81.22569000000004
Yes,"Landslide at Singadi, Aathabis Municipality-2",,nepal_police,Landslide,2022-09-16,Karnali,Dailekh,Aathabis,2,,0,0,0,0,0,7,0,0,0,0,0,0,0,0,0,0,0,0,0,0,0,2022-09-16,"Aathabis, Dailekh, Nepal",28.844340000000045,81.71011000000004
Yes,"Landslide at chalal, Bethanchowk Rural Municipality-4",,nepal_police,Landslide,2022-09-15,Bagmati,Kavrepalanchok,Bethanchowk,4,,0,0,1,1,0,0,3,1,2,0,0,0,0,0,0,0,0,0,0,0,0,2022-09-15,"Bethanchowk, Kavrepalanchok, Nepal",27.504720000000077,85.50667000000004
Yes,Landslide at Raghuganga Rural Municipality-8,,nepal_police,Landslide,2022-09-15,Gandaki,Myagdi,Raghuganga,8,,0,0,0,0,0,0,0,0,0,0,0,0,0,0,0,0,0,0,0,0,0,2022-09-15,"Raghuganga, Myagdi, Nepal",28.535030000000063,83.51666000000006
Yes,"Landslide at Chaherea, Chautara SangachokGadhi Municipality-12",,nepal_police,Landslide,2022-09-15,Bagmati,Sindhupalchok,Chautara SangachokGadhi,12,,0,0,0,0,0,0,0,0,0,0,0,0,0,0,0,0,0,0,0,0,0,2022-09-15,"Chautara SangachokGadhi, Sindhupalchok, Nepal",27.750920000000065,85.73006000000004
Yes,"Landslide at Inarpani, Kanthekhola Rural Municipality-6",,nepal_police,Landslide,2022-09-15,Gandaki,Baglung,Kanthekhola,6,,0,0,0,0,0,0,0,0,0,0,0,0,0,0,0,0,0,0,0,0,0,2022-09-15,"Kanthekhola, Baglung, Nepal",28.263000000000034,83.50821000000008
Yes,"Landslide at Rupse, Annapurna Rural Municipality-3",,nepal_police,Landslide,2022-09-13,Gandaki,Myagdi,Annapurna,3,,0,0,0,0,0,0,0,0,0,0,0,0,0,0,0,0,0,0,0,0,0,2022-09-13,"Annapurna, Myagdi, Nepal",28.59914000000003,83.82277000000005
Yes,"Landslide at Kabeli, Hilihang Rural Municipality-2",,nepal_police,Landslide,2022-09-13,Koshi,Panchthar,Hilihang,2,,0,0,0,0,0,0,0,0,0,0,0,0,0,0,0,0,0,0,0,0,0,2022-09-13,"Hilihang, Panchthar, Nepal",27.22121000000004,87.79430000000008
Yes,"Landslide at Simalchaur, Marsyangdi Rural Municipality-8",,nepal_police,Landslide,2022-09-13,Gandaki,Lamjung,Marsyangdi,8,,0,0,0,0,0,0,0,0,0,0,0,0,0,0,0,0,0,0,0,0,0,2022-09-13,"Marsyangdi, Lamjung, Nepal",28.083330000000046,84.46667000000008
Yes,"Landslide at Beni, Thasang Rural Municipality-4",,nepal_police,Landslide,2022-09-13,Gandaki,Mustang,Thasang,4,,0,0,0,0,0,0,0,0,0,0,0,0,0,0,0,0,0,0,0,0,0,2022-09-13,"Thasang, Mustang, Nepal",28.690620000000024,83.58839000000006
Yes,"Landslide at Udipur, Besishahar Municipality-1",,nepal_police,Landslide,2022-09-12,Gandaki,Lamjung,Besishahar,1,,0,0,0,0,0,0,0,0,0,0,0,0,0,0,0,0,0,0,0,0,0,2022-09-12,"Besishahar, Lamjung, Nepal",28.218920000000026,84.35283000000004
Yes,"Landslide at Lumbajung, Sangurigadhi Rural Municipality-5",,nepal_police,Landslide,2022-09-12,Koshi,Dhankuta,Sangurigadhi,5,,0,0,0,0,0,0,0,0,0,0,0,0,0,0,0,0,0,0,0,0,0,2022-09-12,"Sangurigadhi, Dhankuta, Nepal",26.90018000000003,87.29004000000003
Yes,"Landslide at Kharikhola, Khumbupasanglahmu Rural Municipality-1",,nepal_police,Landslide,2022-09-11,Koshi,Solukhumbu,Khumbupasanglahmu,1,,0,0,1,1,0,0,0,0,0,0,0,0,0,0,0,0,0,0,0,0,0,2022-09-11,"Khumbupasanglahmu, Solukhumbu, Nepal",27.844190000000022,86.72059000000007
Yes,"Landslide at Kalipokhari, Bhanu Municipality-10",,nepal_police,Landslide,2022-09-10,Gandaki,Tanahu,Bhanu,10,350000.0,0,0,1,1,0,0,0,0,0,0,0,0,0,0,0,0,0,0,0,0,0,2022-09-10,"Bhanu, Tanahu, Nepal",28.041810000000055,84.40635000000003
Yes,Flood at Apihimal Rural Municipality-6,,nepal_police,Flood,2022-09-09,Sudurpashchim,Darchula,Apihimal,6,,0,0,42,42,9,0,6,3,3,0,0,9,0,0,9,0,11,7,4,0,0,2022-09-09,"Apihimal, Darchula, Nepal",29.870160000000055,80.88376000000005
Yes,"Flood at Amaltar, Temal Rural Municipality-1",,nepal_police,Flood,2022-09-08,Bagmati,Kavrepalanchok,Temal,1,,0,0,0,0,0,0,0,0,0,0,0,1,0,0,1,0,0,0,0,0,0,2022-09-08,"Temal, Kavrepalanchok, Nepal",27.511280000000056,85.75572000000005
Yes,"Landslide at Balephi, Barhabise Municipality-9",,nepal_police,Landslide,2022-09-07,Bagmati,Sindhupalchok,Barhabise,9,,0,0,0,0,0,0,0,0,0,0,0,0,0,0,0,0,0,0,0,0,0,2022-09-07,"Barhabise, Sindhupalchok, Nepal",27.836190000000045,85.87637000000007
Yes,"Landslide at Satranumbar, Barah Municipality-1",,nepal_police,Landslide,2022-09-07,Koshi,Sunsari,Barah,1,,0,0,0,0,0,0,0,0,0,0,0,0,0,0,0,0,0,0,0,0,0,2022-09-07,"Barah, Sunsari, Nepal",26.75279000000006,87.15755000000007
Yes,Landslide at Phungling Municipality-8,,nepal_police,Landslide,2022-09-07,Koshi,Taplejung,Phungling,8,,0,0,0,0,0,0,0,0,0,0,0,0,0,0,0,0,0,0,0,0,0,2022-09-07,"Phungling, Taplejung, Nepal",27.38172000000003,87.71120000000008
Yes,Landslide at Tinau Rural Municipality-3,,nepal_police,Landslide,2022-09-06,Lumbini,Palpa,Tinau,3,,0,0,0,0,0,0,0,0,0,0,0,0,0,0,0,0,0,0,0,0,0,2022-09-06,"Tinau, Palpa, Nepal",27.76465000000007,83.47024000000005
Yes,"Landslide at Khanigaun, Chisankhugadhi Rural Municipality-5",,nepal_police,Landslide,2022-09-06,Koshi,Okhaldhunga,Chisankhugadhi,5,,0,0,0,0,0,1,0,0,0,0,0,0,0,0,0,0,0,0,0,0,0,2022-09-06,"Chisankhugadhi, Okhaldhunga, Nepal",27.31756000000007,86.62007000000006
Yes,"Landslide at Ghattekhola, Patan Municipality-6",,nepal_police,Landslide,2022-09-05,Sudurpashchim,Baitadi,Patan,6,,0,0,0,0,0,0,0,0,0,0,0,0,0,0,0,0,0,0,0,0,0,2022-09-05,"Patan, Baitadi, Nepal",29.449510000000032,80.58402000000007
Yes,"Landslide at Tilkeni, Illam Municipality-8",,nepal_police,Landslide,2022-09-05,Koshi,Ilam,Illam,8,1300000.0,0,0,1,1,0,0,0,0,0,0,0,0,0,0,0,0,0,0,0,0,0,2022-09-05,"Illam, Ilam, Nepal",26.909430000000043,87.92824000000007
Yes,"Landslide at Kharawang, Putha Uttarganga Rural Municipality-9",,nepal_police,Landslide,2022-09-04,Lumbini,Rukum East,Putha Uttarganga,9,,0,0,0,0,0,0,0,0,0,0,0,0,0,0,0,0,0,0,0,0,0,2022-09-04,"Putha Uttarganga, Rukum East, Nepal",28.657820000000072,82.80700000000007
Yes,"Landslide at Jumkhola, Kalimati Rural Municipality-5",,nepal_police,Landslide,2022-09-04,Karnali,Salyan,Kalimati,5,,0,0,2,2,0,0,0,0,0,0,0,0,0,0,0,0,0,0,0,0,0,2022-09-04,"Kalimati, Salyan, Nepal",28.270790000000034,81.99644000000006
Yes,"Landslide at Nade, Gurbhakot Municipality-3",,nepal_police,Landslide,2022-09-04,Karnali,Surkhet,Gurbhakot,3,150000.0,0,0,1,1,0,0,0,0,0,0,0,0,0,0,0,0,0,0,0,0,0,2022-09-04,"Gurbhakot, Surkhet, Nepal",28.439290000000028,81.90146000000004
Yes,"Landslide at Beni, Thasang Rural Municipality-4",,nepal_police,Landslide,2022-09-03,Gandaki,Mustang,Thasang,4,,0,0,0,0,0,0,0,0,0,0,0,0,0,0,0,0,0,0,0,0,0,2022-09-03,"Thasang, Mustang, Nepal",28.690620000000024,83.58839000000006
Yes,"Landslide at Baishasri, Raghuganga Rural Municipality-2",,nepal_police,Landslide,2022-09-02,Gandaki,Myagdi,Raghuganga,2,,0,0,0,0,0,0,0,0,0,0,0,0,0,0,0,0,0,0,0,0,0,2022-09-02,"Raghuganga, Myagdi, Nepal",28.535030000000063,83.51666000000006
Yes,"Landslide at Satranumbar, Barah Municipality-1",,nepal_police,Landslide,2022-09-02,Koshi,Sunsari,Barah,1,,0,0,0,0,0,0,0,0,0,0,0,0,0,0,0,0,0,0,0,0,0,2022-09-02,"Barah, Sunsari, Nepal",26.75279000000006,87.15755000000007
Yes,"Landslide at Sukrabare, Silichong Rural Municipality-3",,nepal_police,Landslide,2022-09-02,Koshi,Sankhuwasabha,Silichong,3,,0,0,0,0,1,0,0,0,0,0,0,0,0,0,0,0,0,0,0,0,0,2022-09-02,"Silichong, Sankhuwasabha, Nepal",27.514760000000024,87.07129000000003
Yes,"Landslide at Atharakilo, Bharatpur Metropolitan City-29",,nepal_police,Landslide,2022-09-02,Bagmati,Chitwan,Bharatpur,29,,0,0,0,0,0,0,0,0,0,0,0,0,0,0,0,0,0,0,0,0,0,2022-09-02,"Bharatpur, Chitwan, Nepal",27.67680000000007,84.43589000000009
Yes,Landslide at Bharatpur Metropolitan City-29,,nepal_police,Landslide,2022-09-01,Bagmati,Chitwan,Bharatpur,29,,0,0,0,0,0,0,0,0,0,0,0,0,0,0,0,0,0,0,0,0,0,2022-09-01,"Bharatpur, Chitwan, Nepal",27.67680000000007,84.43589000000009
Yes,"Landslide at Ghattakhola, Budhiganga Municipality-8",,nepal_police,Landslide,2022-09-01,Sudurpashchim,Bajura,Budhiganga,8,,0,0,0,0,0,0,0,0,0,0,0,0,0,0,0,0,0,0,0,0,0,2022-09-01,"Budhiganga, Bajura, Nepal",29.360340000000065,81.32408000000004
Yes,"Landslide at Archalini, Sundarbazar Municipality-4",,nepal_police,Landslide,2022-09-01,Gandaki,Lamjung,Sundarbazar,4,,0,0,0,0,0,2,0,0,0,0,0,0,0,0,0,0,0,0,0,0,0,2022-09-01,"Sundarbazar, Lamjung, Nepal",28.15578000000005,84.36446000000007
Yes,Landslide at Khaptad Chhededaha Rural Municipality-1,,nepal_police,Landslide,2022-09-01,Sudurpashchim,Bajura,Khaptad Chhededaha,1,74000.0,0,0,0,0,0,0,0,0,0,0,0,0,0,0,0,0,0,0,0,0,0,2022-09-01,"Khaptad Chhededaha, Bajura, Nepal",29.39867000000004,81.28290000000004
Yes,Landslide at Budhiganga Municipality-8,,nepal_police,Landslide,2022-09-01,Sudurpashchim,Bajura,Budhiganga,8,,0,0,0,0,1,0,0,0,0,0,0,0,0,0,0,0,0,0,0,0,0,2022-09-01,"Budhiganga, Bajura, Nepal",29.360340000000065,81.32408000000004
Yes,"Landslide at purbhuta, Tribeni Municipality-3",,nepal_police,Landslide,2022-09-01,Sudurpashchim,Bajura,Tribeni,3,250000.0,0,0,1,1,0,0,0,0,0,0,0,0,0,0,0,0,0,0,0,0,0,2022-09-01,"Tribeni, Bajura, Nepal",29.33594000000005,81.43072000000006
Yes,"Landslide at Ashigada, Mahakali_Darchula Municipality-8",,nepal_police,Landslide,2022-09-01,Sudurpashchim,Darchula,Mahakali_Darchula,8,,0,0,0,0,0,0,0,0,0,0,0,0,0,0,0,0,0,0,0,0,0,2022-09-01,"Mahakali_Darchula, Darchula, Nepal",29.807840000000056,80.56564000000003
Yes,"Landslide at Hiudekhola, Tinau Rural Municipality-5",,nepal_police,Landslide,2022-09-01,Lumbini,Palpa,Tinau,5,,0,0,0,0,0,0,0,0,0,0,0,0,0,0,0,0,0,0,0,0,0,2022-09-01,"Tinau, Palpa, Nepal",27.76465000000007,83.47024000000005
Yes,"Landslide at Darwang, Malika Rural Municipality-6",,nepal_police,Landslide,2022-09-01,Gandaki,Myagdi,Malika,6,,0,0,0,0,0,0,0,0,0,0,0,0,0,0,0,0,0,0,0,0,0,2022-09-01,"Malika, Myagdi, Nepal",28.421250000000043,83.36207000000007
Yes,"Landslide at Sandel, Silichong Rural Municipality-3",,nepal_police,Landslide,2022-09-01,Koshi,Sankhuwasabha,Silichong,3,,0,0,0,0,0,1,0,0,0,0,0,0,0,0,0,0,0,0,0,0,0,2022-09-01,"Silichong, Sankhuwasabha, Nepal",27.514760000000024,87.07129000000003
Yes,"Landslide at Jumkhola, Kalimati Rural Municipality-5",,nepal_police,Landslide,2022-09-01,Karnali,Salyan,Kalimati,5,,0,0,0,0,0,31,0,0,0,0,0,0,0,0,0,0,0,0,0,0,0,2022-09-01,"Kalimati, Salyan, Nepal",28.270790000000034,81.99644000000006
Yes,"Landslide at Naktadi, Shailyashikhar Municipality-9",,nepal_police,Landslide,2022-08-31,Sudurpashchim,Darchula,Shailyashikhar,9,,0,0,0,0,0,0,0,0,0,0,0,0,0,0,0,0,0,0,0,0,0,2022-08-31,"Shailyashikhar, Darchula, Nepal",29.70637000000005,80.57500000000005
Yes,Landslide at Bharatpur Metropolitan City-29,,nepal_police,Landslide,2022-08-31,Bagmati,Chitwan,Bharatpur,29,,0,0,0,0,0,0,0,0,0,0,0,0,0,0,0,0,0,0,0,0,0,2022-08-31,"Bharatpur, Chitwan, Nepal",27.67680000000007,84.43589000000009
Yes,"Landslide at Ambote, Modi Rural Municipality-5",,nepal_police,Landslide,2022-08-31,Gandaki,Parbat,Modi,5,,0,0,0,0,0,0,0,0,0,0,0,0,0,0,0,0,0,0,0,0,0,2022-08-31,"Modi, Parbat, Nepal",28.31015000000008,83.71883000000008
Yes,"Landslide at Aambote, Modi Rural Municipality-5",,nepal_police,Landslide,2022-08-30,Gandaki,Parbat,Modi,5,,0,0,0,0,0,0,0,0,0,0,0,0,0,0,0,0,0,0,0,0,0,2022-08-30,"Modi, Parbat, Nepal",28.31015000000008,83.71883000000008
Yes,"Landslide at guralthum, Chabispathivera Rural Municipality-1",,nepal_police,Landslide,2022-08-30,Sudurpashchim,Bajhang,Chabispathivera,1,,0,0,0,0,1,3,0,0,0,0,0,0,0,0,0,0,0,0,0,0,0,2022-08-30,"Chabispathivera, Bajhang, Nepal",29.560820000000035,81.06176000000005
Yes,"Landslide at Sireni, Kalimati Rural Municipality-6",,nepal_police,Landslide,2022-08-29,Karnali,Salyan,Kalimati,6,,0,0,0,0,0,2,0,0,0,0,0,0,0,0,0,0,0,0,0,0,0,2022-08-29,"Kalimati, Salyan, Nepal",28.270790000000034,81.99644000000006
Yes,"Landslide at Chourkhola, Kapurkot Rural Municipality-3",,nepal_police,Landslide,2022-08-29,Karnali,Salyan,Kapurkot,3,,0,0,0,0,0,0,0,0,0,0,0,0,0,0,0,0,0,0,0,0,0,2022-08-29,"Kapurkot, Salyan, Nepal",28.24885000000006,82.36148000000009
Yes,"Flood at Jogidaha, Triyuga Municipality-1",,nepal_police,Flood,2022-08-28,Koshi,Udayapur,Triyuga,1,,0,0,0,0,0,0,0,0,0,0,0,0,0,0,0,0,0,0,0,0,0,2022-08-28,"Triyuga, Udayapur, Nepal",26.791900000000055,86.69900000000007
Yes,Landslide at Aathbiskot Municipality-14,,nepal_police,Landslide,2022-08-28,Karnali,Rukum West,Aathbiskot,14,,0,0,0,0,0,0,2,0,2,0,0,0,0,0,0,0,1,0,1,0,0,2022-08-28,"Aathbiskot, Rukum West, Nepal",28.84600000000006,82.52065000000005
Yes,"Landslide at Thamdada, Musikot Municipality-1",,nepal_police,Landslide,2022-08-28,Karnali,Rukum West,Musikot,1,,0,0,0,0,1,2,0,0,0,0,0,0,0,0,0,0,1,0,1,0,0,2022-08-28,"Musikot, Rukum West, Nepal",28.612720000000024,82.47214000000008
Yes,"Landslide at Pangre, Hupsekot Rural Municipality-5",,nepal_police,Landslide,2022-08-28,Gandaki,Nawalparasi East,Hupsekot,5,,0,0,0,0,0,0,0,0,0,0,0,0,0,0,0,0,0,0,0,0,0,2022-08-28,"Hupsekot, Nawalparasi East, Nepal",27.70028000000008,84.06548000000004
Yes,"Landslide at Saubada, Budhiganga Municipality-4",,nepal_police,Landslide,2022-08-28,Sudurpashchim,Bajura,Budhiganga,4,50000.0,0,0,0,0,1,0,0,0,0,0,0,0,0,0,0,0,0,0,0,0,0,2022-08-28,"Budhiganga, Bajura, Nepal",29.360340000000065,81.32408000000004
Yes,"Landslide at Pahalman, Nechasalyan Rural Municipality-6",,nepal_police,Landslide,2022-08-28,Koshi,Solukhumbu,Nechasalyan,6,,0,0,0,0,0,0,0,0,0,0,0,0,0,0,0,0,0,0,0,0,0,2022-08-28,"Nechasalyan, Solukhumbu, Nepal",27.39566000000008,86.59779000000003
Yes,"Landslide at Baisari, Raghuganga Rural Municipality-2",,nepal_police,Landslide,2022-08-28,Gandaki,Myagdi,Raghuganga,2,,0,0,0,0,0,0,0,0,0,0,0,0,0,0,0,0,0,0,0,0,0,2022-08-28,"Raghuganga, Myagdi, Nepal",28.535030000000063,83.51666000000006
Yes,"Landslide at Akeravir, Golanjor Rural Municipality-6",,nepal_police,Landslide,2022-08-28,Bagmati,Sindhuli,Golanjor,6,,0,0,0,0,0,0,0,0,0,0,0,0,0,0,0,0,0,0,0,0,0,2022-08-28,"Golanjor, Sindhuli, Nepal",27.26159000000007,86.05895000000004
Yes,"Landslide at Bhursu, Naumule Rural Municipality-1",,nepal_police,Landslide,2022-08-28,Karnali,Dailekh,Naumule,1,,0,0,0,0,0,0,0,0,0,0,0,0,0,0,0,0,0,0,0,0,0,2022-08-28,"Naumule, Dailekh, Nepal",28.92554000000007,81.84465000000006
Yes,"Landslide at Relpairo, Marma Rural Municipality-3",,nepal_police,Landslide,2022-08-27,Sudurpashchim,Darchula,Marma,3,,0,0,0,0,0,0,0,0,0,0,0,0,0,0,0,0,0,0,0,0,0,2022-08-27,"Marma, Darchula, Nepal",29.741630000000043,80.84767000000005
Yes,"Landslide at Samata, Gaurishankar Rural Municipality-7",,nepal_police,Landslide,2022-08-27,Bagmati,Dolakha,Gaurishankar,7,,0,0,1,1,0,7,0,0,0,0,0,0,0,0,0,0,1,1,0,0,0,2022-08-27,"Gaurishankar, Dolakha, Nepal",27.809750000000065,86.32435000000004
Yes,"Landslide at Bhadikharka, Madi Rural Municipality-6",,nepal_police,Landslide,2022-08-26,Gandaki,Kaski,Madi,6,,0,0,0,0,0,1,0,0,0,0,0,0,0,0,0,0,0,0,0,0,0,2022-08-26,"Madi, Kaski, Nepal",28.36611000000005,84.13913000000008
Yes,"Landslide at Hadevir, Beni Municipality-2",,nepal_police,Landslide,2022-08-25,Gandaki,Myagdi,Beni,2,,0,0,0,0,0,0,0,0,0,0,0,0,0,0,0,0,0,0,0,0,0,2022-08-25,"Beni, Myagdi, Nepal",28.35524000000004,83.52645000000007
Yes,"Landslide at Pedang, Sirijangha Rural Municipality-5",,nepal_police,Landslide,2022-08-24,Koshi,Taplejung,Sirijangha,5,,0,0,0,0,0,0,0,0,0,0,0,0,0,0,0,0,1,1,0,0,0,2022-08-24,"Sirijangha, Taplejung, Nepal",27.494260000000057,87.96349000000004
Yes,"Landslide at Dinga, Rolpa Municipality-6",,nepal_police,Landslide,2022-08-24,Lumbini,Rolpa,Rolpa,6,,0,0,0,0,0,0,0,0,0,0,0,0,0,0,0,0,0,0,0,0,0,2022-08-24,"Rolpa, Rolpa, Nepal",28.325420000000065,82.64442000000008
Yes,"Landslide at Muglin, Bharatpur Metropolitan City-29",,nepal_police,Landslide,2022-08-24,Bagmati,Chitwan,Bharatpur,29,,0,0,0,0,0,0,0,0,0,0,0,0,0,0,0,0,0,0,0,0,0,2022-08-24,"Bharatpur, Chitwan, Nepal",27.67680000000007,84.43589000000009
Yes,"Landslide at Hadevir, Beni Municipality-2",,nepal_police,Landslide,2022-08-23,Gandaki,Myagdi,Beni,2,,0,0,0,0,0,0,0,0,0,0,0,0,0,0,0,0,2,0,2,0,0,2022-08-23,"Beni, Myagdi, Nepal",28.35524000000004,83.52645000000007
Yes,"Landslide at Simra, Narayan Municipality-8",,nepal_police,Landslide,2022-08-21,Karnali,Dailekh,Narayan,8,,0,0,0,0,0,0,0,0,0,0,0,0,0,0,0,0,0,0,0,0,0,2022-08-21,"Narayan, Dailekh, Nepal",28.878390000000024,81.74146000000007
Yes,"Landslide at Tarkuche, Bagmati Rural Municipality-3",,nepal_police,Landslide,2022-08-20,Bagmati,Lalitpur,Bagmati,3,,0,0,0,0,0,0,0,0,0,0,0,0,0,0,0,0,0,0,0,0,0,2022-08-20,"Bagmati, Lalitpur, Nepal",27.6666175,85.3333337
Yes,"Landslide at Ghoptavir, Thasang Rural Municipality-4",,nepal_police,Landslide,2022-08-20,Gandaki,Mustang,Thasang,4,,0,0,0,0,0,0,0,0,0,0,0,0,0,0,0,0,0,0,0,0,0,2022-08-20,"Thasang, Mustang, Nepal",28.690620000000024,83.58839000000006
Yes,"Landslide at Sisnari, Indrasarowar Rural Municipality-3",,nepal_police,Landslide,2022-08-20,Bagmati,Makwanpur,Indrasarowar,3,,0,0,0,0,0,0,0,0,0,0,0,0,0,0,0,0,0,0,0,0,0,2022-08-20,"Indrasarowar, Makwanpur, Nepal",27.601470000000063,85.18921000000006
Yes,"Flood at Mikwakhola, Meringden Rural Municipality-5",,nepal_police,Flood,2022-08-18,Koshi,Taplejung,Meringden,5,,0,0,0,0,0,0,0,0,0,0,0,0,0,0,0,0,0,0,0,0,0,2022-08-18,"Meringden, Taplejung, Nepal",27.48237000000006,87.54417000000007
Yes,"Landslide at Handigaira, Pyuthan Municipality-10",,nepal_police,Landslide,2022-08-18,Lumbini,Pyuthan,Pyuthan,10,,0,0,0,0,0,0,0,0,0,0,0,0,0,0,0,0,0,0,0,0,0,2022-08-18,"Pyuthan, Pyuthan, Nepal",28.0999165,82.8828583
Yes,"Landslide at EkamPhedi, Gokulganga Rural Municipality-2",,nepal_police,Landslide,2022-08-18,Bagmati,Ramechhap,Gokulganga,2,,0,0,3,3,2,2,0,0,0,0,0,0,0,0,0,0,0,0,0,0,0,2022-08-18,"Gokulganga, Ramechhap, Nepal",27.583840000000063,86.28000000000003
Yes,Landslide at Dullu Municipality-3,,nepal_police,Landslide,2022-08-18,Karnali,Dailekh,Dullu,3,,0,0,0,0,0,0,0,0,0,0,0,0,0,0,0,0,0,0,0,0,0,2022-08-18,"Dullu, Dailekh, Nepal",28.834110000000067,81.61001000000005
Yes,"Flood at ChanbaTole, Gokulganga Rural Municipality-1",,nepal_police,Flood,2022-08-18,Bagmati,Ramechhap,Gokulganga,1,2500000.0,0,0,1,1,0,1,0,0,0,0,0,0,0,0,0,0,0,0,0,0,0,2022-08-18,"Gokulganga, Ramechhap, Nepal",27.583840000000063,86.28000000000003
Yes,"Landslide at Chhahara, Khandachakra Municipality-2",,nepal_police,Landslide,2022-08-16,Karnali,Kalikot,Khandachakra,2,,0,0,0,0,0,0,0,0,0,0,0,0,0,0,0,0,0,0,0,0,0,2022-08-16,"Khandachakra, Kalikot, Nepal",29.158830000000023,81.66961000000003
Yes,"Landslide at Jiu, Tripurasundari Municipality-3",,nepal_police,Landslide,2022-08-14,Karnali,Dolpa,Tripurasundari,3,,0,0,0,0,0,0,1,1,0,0,0,0,0,0,0,0,0,0,0,0,0,2022-08-14,"Tripurasundari, Dolpa, Nepal",29.017180000000053,82.76359000000008
Yes,"Landslide at Gagalphidi, Kageshwori Manahora Municipality-1",,nepal_police,Landslide,2022-08-10,Bagmati,Kathmandu,Kageshwori Manahora,1,500000.0,0,0,1,1,0,0,0,0,0,0,0,0,0,0,0,0,0,0,0,0,0,2022-08-10,"Kageshwori Manahora, Kathmandu, Nepal",27.73165000000006,85.41696000000007
Yes,"Landslide at Thuladhik, Kageshwori Manahora Municipality-1",,nepal_police,Landslide,2022-08-10,Bagmati,Kathmandu,Kageshwori Manahora,1,500000.0,0,0,0,0,0,5,0,0,0,0,0,0,0,0,0,0,0,0,0,0,0,2022-08-10,"Kageshwori Manahora, Kathmandu, Nepal",27.73165000000006,85.41696000000007
Yes,"Flood at Sanothami, Madhyapur Thimi Municipality-2",,nepal_police,Flood,2022-08-10,Bagmati,Bhaktapur,Madhyapur Thimi,2,3788000.0,0,0,0,0,0,0,0,0,0,0,0,0,0,0,0,0,0,0,0,0,0,2022-08-10,"Madhyapur Thimi, Bhaktapur, Nepal",27.68056000000007,85.38750000000005
Yes,"Flood at Duwakotbesi, Changunarayan Municipality-1",,nepal_police,Flood,2022-08-10,Bagmati,Bhaktapur,Changunarayan,1,850000.0,0,0,0,0,0,0,0,0,0,0,0,0,0,0,0,0,0,0,0,0,0,2022-08-10,"Changunarayan, Bhaktapur, Nepal",27.692080000000033,85.45493000000005
Yes,"Flood at Indrayanipool, Changunarayan Municipality-4",,nepal_police,Flood,2022-08-10,Bagmati,Bhaktapur,Changunarayan,4,1085000.0,0,0,0,0,0,0,0,0,0,0,0,0,0,0,0,0,0,0,0,0,0,2022-08-10,"Changunarayan, Bhaktapur, Nepal",27.692080000000033,85.45493000000005
Yes,"Landslide at Buntang, Meghang Rural Municipality-2",,nepal_police,Landslide,2022-08-09,Bagmati,Nuwakot,Meghang,2,1470000.0,0,0,0,0,0,7,0,0,0,0,0,0,0,0,0,0,0,0,0,0,0,2022-08-09,"Meghang, Nuwakot, Nepal",27.996300000000076,85.07340000000005
Yes,"Flood at Jungle Chhap, Chautara SangachokGadhi Municipality-13",,nepal_police,Flood,2022-08-08,Bagmati,Sindhupalchok,Chautara SangachokGadhi,13,,0,0,8,8,0,4,0,0,0,0,0,0,0,0,0,0,0,0,0,0,0,2022-08-08,"Chautara SangachokGadhi, Sindhupalchok, Nepal",27.750920000000065,85.73006000000004
Yes,"Landslide at Mane Bhanjang, Jiri Municipality-9",,nepal_police,Landslide,2022-08-08,Bagmati,Dolakha,Jiri,9,,0,0,0,0,0,32,0,0,0,0,0,0,0,0,0,0,0,0,0,0,0,2022-08-08,"Jiri, Dolakha, Nepal",27.667890000000057,86.29205000000007
Yes,"Landslide at Ranopokhari, Chautara SangachokGadhi Municipality-8",,nepal_police,Landslide,2022-08-08,Bagmati,Sindhupalchok,Chautara SangachokGadhi,8,,0,0,0,0,0,0,0,0,0,0,0,0,0,0,0,0,0,0,0,0,0,2022-08-08,"Chautara SangachokGadhi, Sindhupalchok, Nepal",27.750920000000065,85.73006000000004
Yes,"Landslide at Basantadada, Yangwarak Rural Municipality-3",,nepal_police,Landslide,2022-08-07,Koshi,Panchthar,Yangwarak,3,350000.0,0,0,0,0,1,0,0,0,0,0,0,0,0,0,0,0,0,0,0,0,0,2022-08-07,"Yangwarak, Panchthar, Nepal",27.326170000000047,88.03053000000006
Yes,"Landslide at Mulsam, Barekot Rural Municipality-3",,nepal_police,Landslide,2022-08-07,Karnali,Jajarkot,Barekot,3,,0,0,1,1,0,0,0,0,0,0,0,0,0,0,0,0,0,0,0,0,0,2022-08-07,"Barekot, Jajarkot, Nepal",28.96303000000006,82.25361000000004
Yes,"Landslide at Singa, Beni Municipality-4",,nepal_police,Landslide,2022-08-07,Gandaki,Myagdi,Beni,4,,0,0,0,0,0,0,0,0,0,0,0,0,0,0,0,0,0,0,0,0,0,2022-08-07,"Beni, Myagdi, Nepal",28.35524000000004,83.52645000000007
Yes,"Landslide at Sisne, Madi Rural Municipality-3",,nepal_police,Landslide,2022-08-07,Lumbini,Rolpa,Madi,3,,0,0,0,0,0,0,0,0,0,0,0,0,0,0,0,0,0,0,0,0,0,2022-08-07,"Madi, Rolpa, Nepal",28.402390000000025,82.50796000000008
Yes,"Landslide at Dhansi, Rolpa Municipality-10",,nepal_police,Landslide,2022-08-07,Lumbini,Rolpa,Rolpa,10,1300000.0,0,0,1,1,0,0,0,0,0,0,0,0,0,0,0,0,0,0,0,0,0,2022-08-07,"Rolpa, Rolpa, Nepal",28.325420000000065,82.64442000000008
Yes,"Landslide at Gadhikhola, Dhorpatan Municipality-6",,other,Landslide,2022-08-07,Gandaki,Baglung,Dhorpatan,6,1050000.0,0,0,2,2,2,0,0,0,0,0,0,0,0,0,0,0,0,0,0,0,0,2022-08-07,"Dhorpatan, Baglung, Nepal",28.390090000000043,83.11711000000008
Yes,"Landslide at Mawakha, Pathibhara Yangwarak Rural Municipality-1",,nepal_police,Landslide,2022-08-06,Koshi,Taplejung,Pathibhara Yangwarak,1,,0,0,0,0,0,0,0,0,0,0,0,0,0,0,0,0,0,0,0,0,0,2022-08-06,"Pathibhara Yangwarak, Taplejung, Nepal",27.325140000000033,87.73428000000007
Yes,"Landslide at Tadbasauni, Barhabise Municipality-9",,nepal_police,Landslide,2022-08-06,Bagmati,Sindhupalchok,Barhabise,9,,0,0,0,0,3,0,0,0,0,0,0,0,0,0,0,0,0,0,0,0,0,2022-08-06,"Barhabise, Sindhupalchok, Nepal",27.836190000000045,85.87637000000007
Yes,"Landslide at Samangsu, Yangwarak Rural Municipality-3",,nepal_police,Landslide,2022-08-06,Koshi,Panchthar,Yangwarak,3,310000.0,0,0,1,1,0,0,0,0,0,0,0,0,0,0,0,0,0,0,0,0,0,2022-08-06,"Yangwarak, Panchthar, Nepal",27.326170000000047,88.03053000000006
Yes,"Landslide at Sallabote, Paribartan Rural Municipality-4",,nepal_police,Landslide,2022-08-06,Lumbini,Rolpa,Paribartan,4,690000.0,0,0,1,1,0,0,0,0,0,0,0,0,0,0,0,0,0,0,0,0,0,2022-08-06,"Paribartan, Rolpa, Nepal",28.39289000000008,82.49874000000005
Yes,"Flood at Tulsitole, Saptakoshi Municipality-4",,nepal_police,Flood,2022-08-06,Madhesh,Saptari,Saptakoshi,4,,0,0,0,0,1,0,0,0,0,0,0,0,0,0,0,0,0,0,0,0,0,2022-08-06,"Saptakoshi, Saptari, Nepal",26.71733000000006,86.93621000000007
Yes,"Landslide at Malma, Dhorpatan Municipality-8",,nepal_police,Landslide,2022-08-06,Gandaki,Baglung,Dhorpatan,8,600000.0,0,0,1,1,0,3,0,0,0,0,0,0,0,0,0,0,0,0,0,0,0,2022-08-06,"Dhorpatan, Baglung, Nepal",28.390090000000043,83.11711000000008
Yes,"Landslide at Laptang, Mahalaxmi Municipality-2",,nepal_police,Landslide,2022-08-05,Koshi,Dhankuta,Mahalaxmi,2,7000000.0,0,0,2,2,0,0,0,0,0,0,0,0,0,0,0,0,1,0,1,0,0,2022-08-05,"Mahalaxmi, Dhankuta, Nepal",27.133670000000052,87.33563000000004
Yes,"Landslide at Selaghat, Badimalika Municipality-9",,nepal_police,Landslide,2022-08-05,Sudurpashchim,Bajura,Badimalika,9,,0,0,0,0,0,0,0,0,0,0,0,0,0,0,0,0,0,0,0,0,0,2022-08-05,"Badimalika, Bajura, Nepal",29.43947000000003,81.49920000000003
Yes,"Landslide at Salghat, Badimalika Municipality-9",,nepal_police,Landslide,2022-08-05,Sudurpashchim,Bajura,Badimalika,9,,0,0,0,0,0,0,0,0,0,0,0,0,0,0,0,0,0,0,0,0,0,2022-08-05,"Badimalika, Bajura, Nepal",29.43947000000003,81.49920000000003
Yes,"Landslide at Aamalachaur, Sisne Rural Municipality-4",,nepal_police,Landslide,2022-08-04,Lumbini,Rukum East,Sisne,4,279700.0,0,0,1,1,0,0,0,0,0,0,0,0,0,0,0,0,0,0,0,0,0,2022-08-04,"Sisne, Rukum East, Nepal",28.78377000000006,82.68303000000003
Yes,"Landslide at Baskot, Naubahini Rural Municipality-7",,nepal_police,Landslide,2022-08-04,Lumbini,Pyuthan,Naubahini,7,,0,0,0,0,0,0,0,0,0,0,0,0,0,0,0,0,0,0,0,0,0,2022-08-04,"Naubahini, Pyuthan, Nepal",28.253160000000037,82.91058000000004
Yes,"Landslide at Barjhang, Yangwarak Rural Municipality-3",,other,Landslide,2022-08-03,Koshi,Panchthar,Yangwarak,3,,0,0,0,0,0,0,0,0,0,0,0,0,0,0,0,0,0,0,0,0,0,2022-08-03,"Yangwarak, Panchthar, Nepal",27.326170000000047,88.03053000000006
Yes,"Flood at Thapagau, Talkot Rural Municipality-5",,nepal_police,Flood,2022-08-03,Sudurpashchim,Bajhang,Talkot,5,,0,0,0,0,0,0,0,0,0,0,0,0,0,0,0,0,0,0,0,0,0,2022-08-03,"Talkot, Bajhang, Nepal",29.686690000000056,81.27845000000008
Yes,"Landslide at Roomma, Malika Rural Municipality-2",,nepal_police,Landslide,2022-08-02,Gandaki,Myagdi,Malika,2,,0,0,2,2,0,0,5,3,2,0,0,0,0,0,0,0,2,1,1,0,0,2022-08-02,"Malika, Myagdi, Nepal",28.421250000000043,83.36207000000007
Yes,Flood at Banganga Municipality-9,,nepal_police,Flood,2022-08-02,Lumbini,Kapilbastu,Banganga,9,,0,0,0,0,0,0,2,1,1,0,0,0,0,0,0,0,0,0,0,0,0,2022-08-02,"Banganga, Kapilbastu, Nepal",27.683470000000057,83.15558000000004
Yes,"Landslide at Baluwa, Gangadev Rural Municipality-7",,nepal_police,Landslide,2022-08-02,Gandaki,Gorkha,Gangadev,7,,0,0,1,1,0,0,0,0,0,0,0,0,0,0,0,0,0,0,0,0,0,2022-08-02,"Gangadev, Gorkha, Nepal",28.273870000000045,84.84087000000005
Yes,"Landslide at Khadagau, Talkot Rural Municipality-6",,nepal_police,Landslide,2022-08-02,Sudurpashchim,Bajhang,Talkot,6,,0,0,0,0,1,5,0,0,0,0,0,0,0,0,0,0,0,0,0,0,0,2022-08-02,"Talkot, Bajhang, Nepal",29.686690000000056,81.27845000000008
Yes,"Landslide at Mahavir, Malika Rural Municipality-4",,nepal_police,Landslide,2022-08-02,Gandaki,Myagdi,Malika,4,,0,0,0,0,0,0,0,0,0,0,0,0,0,0,0,0,1,0,1,0,0,2022-08-02,"Malika, Myagdi, Nepal",28.421250000000043,83.36207000000007
Yes,"Landslide at Daklang, Bhotekoshi Rural Municipality-4",,nepal_police,Landslide,2022-08-01,Bagmati,Sindhupalchok,Bhotekoshi,4,,0,0,0,0,0,0,0,0,0,0,0,0,0,0,0,0,0,0,0,0,0,2022-08-01,"Bhotekoshi, Sindhupalchok, Nepal",27.93172000000004,85.90808000000004
Yes,"Flood at Sowang, Annapurna Rural Municipality-5",,nepal_police,Flood,2022-08-01,Gandaki,Kaski,Annapurna,5,,0,0,0,0,0,0,0,0,0,0,0,0,0,0,0,0,0,0,0,0,0,2022-08-01,"Annapurna, Kaski, Nepal",28.545930000000055,83.92078000000004
Yes,Landslide at Anbukhaireni Rural Municipality-4,,nepal_police,Landslide,2022-08-01,Gandaki,Tanahu,Anbukhaireni,4,,0,0,0,0,0,0,0,0,0,0,0,0,0,0,0,0,0,0,0,0,0,2022-08-01,"Anbukhaireni, Tanahu, Nepal",27.93548000000004,84.22325000000006
Yes,Landslide at Bharatpur Metropolitan City-29,,nepal_police,Landslide,2022-08-01,Bagmati,Chitwan,Bharatpur,29,,0,0,0,0,0,0,0,0,0,0,0,0,0,0,0,0,0,0,0,0,0,2022-08-01,"Bharatpur, Chitwan, Nepal",27.67680000000007,84.43589000000009
Yes,"Landslide at Degopaten, Pokhara Lekhnath Metropolitan City-6",,nepal_police,Landslide,2022-08-01,Gandaki,Kaski,Pokhara Lekhnath,6,,0,0,0,0,1,0,1,1,0,0,0,0,0,0,0,0,1,0,1,0,0,2022-08-01,"Pokhara Lekhnath, Kaski, Nepal",28.20806000000005,83.98452000000003
Yes,"Landslide at Dhalkepul, Pokhara Lekhnath Metropolitan City-12",,nepal_police,Landslide,2022-08-01,Gandaki,Kaski,Pokhara Lekhnath,12,150000.0,0,0,0,0,1,0,0,0,0,0,0,0,0,0,0,0,0,0,0,0,0,2022-08-01,"Pokhara Lekhnath, Kaski, Nepal",28.20806000000005,83.98452000000003
Yes,"Landslide at Lahachullipakha, Aathbiskot Municipality-3",,nepal_police,Landslide,2022-08-01,Karnali,Rukum West,Aathbiskot,3,,0,0,1,1,0,2,0,0,0,0,0,0,0,0,0,0,0,0,0,0,0,2022-08-01,"Aathbiskot, Rukum West, Nepal",28.84600000000006,82.52065000000005
Yes,"Flood at M.b lokmarga, Udayapurgadhi Rural Municipality-6",,nepal_police,Flood,2022-07-31,Koshi,Udayapur,Udayapurgadhi,6,,0,0,0,0,0,0,0,0,0,0,0,0,0,0,0,0,0,0,0,0,0,2022-07-31,"Udayapurgadhi, Udayapur, Nepal",26.91515000000004,86.55004000000008
Yes,"Landslide at Sim, Mangala Rural Municipality-1",,nepal_police,Landslide,2022-07-31,Gandaki,Myagdi,Mangala,1,,0,0,0,0,0,0,0,0,0,0,0,0,0,0,0,0,0,0,0,0,0,2022-07-31,"Mangala, Myagdi, Nepal",28.378610000000037,83.44644000000005
Yes,"Landslide at Pangre, Hupsekot Rural Municipality-5",,nepal_police,Landslide,2022-07-31,Gandaki,Nawalparasi East,Hupsekot,5,,0,0,0,0,0,0,0,0,0,0,0,0,0,0,0,0,0,0,0,0,0,2022-07-31,"Hupsekot, Nawalparasi East, Nepal",27.70028000000008,84.06548000000004
Yes,"Landslide at Kirnetawer, Tamakoshi Rural Municipality-5",,nepal_police,Landslide,2022-07-31,Bagmati,Dolakha,Tamakoshi,5,,0,0,0,0,0,0,0,0,0,0,0,0,0,0,0,0,0,0,0,0,0,2022-07-31,"Tamakoshi, Dolakha, Nepal",27.542640000000063,86.12390000000005
Yes,"Landslide at Pankhukhola, Diktel Rupakot Majhuwagadhi Municipality-8",,nepal_police,Landslide,2022-07-31,Koshi,Khotang,Diktel Rupakot Majhuwagadhi,8,,0,0,0,0,0,0,0,0,0,0,0,0,0,0,0,0,0,0,0,0,0,2022-07-31,"Diktel Rupakot Majhuwagadhi, Khotang, Nepal",27.215970000000027,86.79353000000003
Yes,"Landslide at Charlawang, Thawang Rural Municipality-3",,nepal_police,Landslide,2022-07-31,Lumbini,Rolpa,Thawang,3,,0,0,0,0,0,0,0,0,0,0,0,0,0,0,0,0,0,0,0,0,0,2022-07-31,"Thawang, Rolpa, Nepal",28.45897000000008,82.74293000000006
Yes,"Landslide at Surunga, Myanglung Municipality-9",,nepal_police,Landslide,2022-07-31,Koshi,Terhathum,Myanglung,9,,0,0,0,0,0,0,0,0,0,0,0,0,0,0,0,0,0,0,0,0,0,2022-07-31,"Myanglung, Terhathum, Nepal",27.12680000000006,87.53680000000008
Yes,"Landslide at Naunibagar, Annapurna Rural Municipality-2",,nepal_police,Landslide,2022-07-31,Gandaki,Myagdi,Annapurna,2,,0,0,0,0,0,0,0,0,0,0,0,0,0,0,0,0,0,0,0,0,0,2022-07-31,"Annapurna, Myagdi, Nepal",28.59914000000003,83.82277000000005
Yes,"Landslide at Jamakhue, Rolpa Municipality-8",,other,Landslide,2022-07-29,Lumbini,Rolpa,Rolpa,8,800000.0,0,0,0,0,1,0,0,0,0,0,0,0,0,0,0,0,0,0,0,0,0,2022-07-29,"Rolpa, Rolpa, Nepal",28.325420000000065,82.64442000000008
Yes,"Landslide at Jogimara, Sworgadwary Municipality-2",,nepal_police,Landslide,2022-07-28,Lumbini,Pyuthan,Sworgadwary,2,,0,0,0,0,0,0,0,0,0,0,0,0,0,0,0,0,0,0,0,0,0,2022-07-28,"Sworgadwary, Pyuthan, Nepal",28.13282000000004,82.69597000000005
Yes,Flood at Aathbiskot Municipality-7,,other,Flood,2022-07-28,Karnali,Rukum West,Aathbiskot,7,,0,0,0,0,0,0,0,0,0,0,0,0,0,0,0,0,0,0,0,0,0,2022-07-28,"Aathbiskot, Rukum West, Nepal",28.84600000000006,82.52065000000005
Yes,Landslide at Bhume Rural Municipality-1,,nepal_police,Landslide,2022-07-28,Lumbini,Rukum East,Bhume,1,,0,0,0,0,0,0,0,0,0,0,0,0,0,0,0,0,0,0,0,0,0,2022-07-28,"Bhume, Rukum East, Nepal",28.566590000000076,82.68457000000006
Yes,Landslide at Ghorahi Submetropolitan City-13,,nepal_police,Landslide,2022-07-28,Lumbini,Dang,Ghorahi,13,,0,0,0,0,0,0,0,0,0,0,0,0,0,0,0,0,0,0,0,0,0,2022-07-28,"Ghorahi, Dang, Nepal",28.02500000000003,82.46558000000005
Yes,"Landslide at Borsaawang, Madi Rural Municipality-3",,nepal_police,Landslide,2022-07-28,Lumbini,Rolpa,Madi,3,,0,0,0,0,0,0,0,0,0,0,0,0,0,0,0,0,0,0,0,0,0,2022-07-28,"Madi, Rolpa, Nepal",28.402390000000025,82.50796000000008
Yes,"Landslide at Sigawa, Yangwarak Rural Municipality-4",,nepal_police,Landslide,2022-07-27,Koshi,Panchthar,Yangwarak,4,1000000.0,0,0,1,1,0,0,0,0,0,0,0,0,0,0,0,0,0,0,0,0,0,2022-07-27,"Yangwarak, Panchthar, Nepal",27.326170000000047,88.03053000000006
Yes,"Landslide at Chanakhu, Manthali Municipality-10",,nepal_police,Landslide,2022-07-27,Bagmati,Ramechhap,Manthali,10,,0,0,0,0,1,0,0,0,0,0,0,0,0,0,0,0,0,0,0,0,0,2022-07-27,"Manthali, Ramechhap, Nepal",27.40898000000004,86.05571000000003
Yes,"Landslide at Ranagau, Neelakantha Municipality-4",,nepal_police,Landslide,2022-07-26,Bagmati,Dhading,Neelakantha,4,,0,0,1,1,0,0,1,0,1,0,0,0,0,0,0,0,0,0,0,0,0,2022-07-26,"Neelakantha, Dhading, Nepal",27.8639717,84.9144974
Yes,Landslide at Jugal Rural Municipality-2,,nepal_police,Landslide,2022-07-26,Bagmati,Sindhupalchok,Jugal,2,,0,0,0,0,0,0,0,0,0,0,0,0,0,0,0,0,0,0,0,0,0,2022-07-26,"Jugal, Sindhupalchok, Nepal",28.00347000000005,85.80813000000006
Yes,"Flood at Dwarika, Belkotgadhi Municipality-10",,nepal_police,Flood,2022-07-26,Bagmati,Nuwakot,Belkotgadhi,10,,0,0,0,0,0,0,1,0,1,0,0,0,0,0,0,0,0,0,0,0,0,2022-07-26,"Belkotgadhi, Nuwakot, Nepal",27.82594000000006,85.11147000000005
Yes,"Landslide at Ambote, Manthali Municipality-11",,nepal_police,Landslide,2022-07-26,Bagmati,Ramechhap,Manthali,11,,0,0,2,2,0,0,0,0,0,0,0,0,0,0,0,0,0,0,0,0,0,2022-07-26,"Manthali, Ramechhap, Nepal",27.40898000000004,86.05571000000003
Yes,"Flood at Matela, Chamunda Bindrasaini Municipality-3",,nepal_police,Flood,2022-07-26,Karnali,Dailekh,Chamunda Bindrasaini,3,,0,0,0,0,0,0,1,1,0,0,0,0,0,0,0,0,0,0,0,0,0,2022-07-26,"Chamunda Bindrasaini, Dailekh, Nepal",28.93497000000008,81.56441000000007
Yes,"Landslide at Bhulu, Turmakhad Rural Municipality-2",,nepal_police,Landslide,2022-07-25,Sudurpashchim,Achham,Turmakhad,2,,0,0,1,1,0,7,3,2,1,0,0,0,0,0,0,0,1,0,1,0,0,2022-07-25,"Turmakhad, Achham, Nepal",28.886390000000063,81.48960000000005
Yes,"Landslide at Mldhunga, Kushma Municipality-1",,nepal_police,Landslide,2022-07-25,Gandaki,Parbat,Kushma,1,,0,0,0,0,0,0,0,0,0,0,0,0,0,0,0,0,0,0,0,0,0,2022-07-25,"Kushma, Parbat, Nepal",28.23368000000005,83.68756000000008
Yes,"Landslide at Chughat, Tripurasundari Municipality-9",,nepal_police,Landslide,2022-07-25,Karnali,Dolpa,Tripurasundari,9,,0,0,0,0,0,0,0,0,0,0,0,0,0,0,0,0,0,0,0,0,0,2022-07-25,"Tripurasundari, Dolpa, Nepal",29.017180000000053,82.76359000000008
Yes,"Landslide at Gangetara, Chamunda Bindrasaini Municipality-7",,nepal_police,Landslide,2022-07-25,Karnali,Dailekh,Chamunda Bindrasaini,7,,0,0,0,0,0,0,0,0,0,0,0,0,0,0,0,0,0,0,0,0,0,2022-07-25,"Chamunda Bindrasaini, Dailekh, Nepal",28.93497000000008,81.56441000000007
Yes,"Landslide at Ghoptebhir, Thasang Rural Municipality-4",,nepal_police,Landslide,2022-07-25,Gandaki,Mustang,Thasang,4,,0,0,0,0,0,0,0,0,0,0,0,0,0,0,0,0,0,0,0,0,0,2022-07-25,"Thasang, Mustang, Nepal",28.690620000000024,83.58839000000006
Yes,"Landslide at Tilpung, Likhu Tamakoshi Rural Municipality-7",,nepal_police,Landslide,2022-07-25,Bagmati,Ramechhap,Likhu Tamakoshi,7,,0,0,0,0,0,0,0,0,0,0,0,0,0,0,0,0,0,0,0,0,0,2022-07-25,"Likhu Tamakoshi, Ramechhap, Nepal",27.449730000000045,86.10706000000005
Yes,"Landslide at Saping, Bhumlu Rural Municipality-1",,nepal_police,Landslide,2022-07-25,Bagmati,Kavrepalanchok,Bhumlu,1,,0,0,0,0,0,0,0,0,0,0,0,0,0,0,0,0,0,0,0,0,0,2022-07-25,"Bhumlu, Kavrepalanchok, Nepal",27.62689000000006,85.74215000000004
Yes,"Landslide at Mahadeva, Dordi Rural Municipality-1",,nepal_police,Landslide,2022-07-25,Gandaki,Lamjung,Dordi,1,,0,0,0,0,1,0,0,0,0,0,0,0,0,0,0,0,0,0,0,0,0,2022-07-25,"Dordi, Lamjung, Nepal",28.29170000000005,84.52849000000003
Yes,"Landslide at Surkeni, Falelung Rural Municipality-8",,nepal_police,Landslide,2022-07-25,Koshi,Panchthar,Falelung,8,800000.0,0,0,0,0,1,0,0,0,0,0,0,0,0,0,0,0,0,0,0,0,0,2022-07-25,"Falelung, Panchthar, Nepal",27.16811000000007,87.92890000000006
Yes,"Flood at Malukhola, Tamakoshi Rural Municipality-4",,nepal_police,Flood,2022-07-24,Bagmati,Dolakha,Tamakoshi,4,,0,0,0,0,0,0,0,0,0,0,0,0,0,0,0,0,0,0,0,0,0,2022-07-24,"Tamakoshi, Dolakha, Nepal",27.542640000000063,86.12390000000005
Yes,"Landslide at Mrigetole, Melung Rural Municipality-1",,nepal_police,Landslide,2022-07-24,Bagmati,Dolakha,Melung,1,,0,0,0,0,1,1,0,0,0,0,0,0,0,0,0,0,0,0,0,0,0,2022-07-24,"Melung, Dolakha, Nepal",27.55412000000007,86.03634000000005
Yes,"Landslide at lahare chhara, Madi Rural Municipality-3",,nepal_police,Landslide,2022-07-23,Lumbini,Rolpa,Madi,3,,0,0,0,0,0,0,0,0,0,0,0,0,0,0,0,0,0,0,0,0,0,2022-07-23,"Madi, Rolpa, Nepal",28.402390000000025,82.50796000000008
Yes,"Landslide at Bhutlug, Sandakpur Rural Municipality-3",,other,Landslide,2022-07-23,Koshi,Ilam,Sandakpur,3,,0,0,0,0,1,0,0,0,0,0,0,0,0,0,0,0,0,0,0,0,0,2022-07-23,"Sandakpur, Ilam, Nepal",27.048190000000034,87.95381000000003
Yes,Landslide at Ichchhyakamana Rural Municipality-5,,nepal_police,Landslide,2022-07-23,Bagmati,Chitwan,Ichchhyakamana,5,,0,0,0,0,0,0,0,0,0,0,0,0,0,0,0,0,0,0,0,0,0,2022-07-23,"Ichchhyakamana, Chitwan, Nepal",27.80278000000004,84.58055000000007
Yes,"Landslide at Talmardi, Nashong Rural Municipality-1",,nepal_police,Landslide,2022-07-23,Gandaki,Manang,Nashong,1,,0,0,0,0,0,0,0,0,0,0,0,0,0,0,0,0,0,0,0,0,0,2022-07-23,"Nashong, Manang, Nepal",28.604720000000043,84.39891000000006
Yes,"Landslide at chinisedhara, Gorkha Municipality-8",,nepal_police,Landslide,2022-07-22,Gandaki,Gorkha,Gorkha,8,,0,0,0,0,1,0,0,0,0,0,0,0,0,0,0,0,0,0,0,0,0,2022-07-22,"Gorkha, Gorkha, Nepal",28.273870000000045,84.84087000000005
Yes,"Landslide at Laharechhahara, Madi Rural Municipality-3",,nepal_police,Landslide,2022-07-22,Lumbini,Rolpa,Madi,3,,0,0,0,0,0,0,0,0,0,0,0,0,0,0,0,0,0,0,0,0,0,2022-07-22,"Madi, Rolpa, Nepal",28.402390000000025,82.50796000000008
Yes,"Landslide at Gherang, Nashong Rural Municipality-1",,nepal_police,Landslide,2022-07-22,Gandaki,Manang,Nashong,1,,0,0,0,0,1,0,0,0,0,0,0,0,0,0,0,0,0,0,0,0,0,2022-07-22,"Nashong, Manang, Nepal",28.604720000000043,84.39891000000006
Yes,"Landslide at Khoriya, Bareng Rural Municipality-1",,nepal_police,Landslide,2022-07-21,Gandaki,Baglung,Bareng,1,,0,0,1,1,0,0,0,0,0,0,0,0,0,0,0,0,0,0,0,0,0,2022-07-21,"Bareng, Baglung, Nepal",28.13795000000005,83.51379000000009
Yes,"Landslide at Kumalaganu, Putalibazar Municipality-3",,other,Landslide,2022-07-21,Gandaki,Syangja,Putalibazar,3,,0,0,0,0,0,0,0,0,0,0,0,0,0,0,0,0,0,0,0,0,0,2022-07-21,"Putalibazar, Syangja, Nepal",28.093260000000043,83.88923000000005
Yes,"Landslide at Pili, Khandachakra Municipality-7",,other,Landslide,2022-07-21,Karnali,Kalikot,Khandachakra,7,,0,0,0,0,0,0,0,0,0,0,0,0,0,0,0,0,0,0,0,0,0,2022-07-21,"Khandachakra, Kalikot, Nepal",29.158830000000023,81.66961000000003
Yes,"Landslide at Khawang, Nisikhola Rural Municipality-6",,nepal_police,Landslide,2022-07-21,Gandaki,Baglung,Nisikhola,6,800000.0,0,0,1,1,0,0,0,0,0,0,0,0,0,0,0,0,0,0,0,0,0,2022-07-21,"Nisikhola, Baglung, Nepal",28.37636000000003,83.02216000000004
Yes,"Landslide at Chulegum, Sinja Rural Municipality-2",,nepal_police,Landslide,2022-07-21,Karnali,Jumla,Sinja,2,,0,0,0,0,1,0,0,0,0,0,0,0,0,0,0,0,0,0,0,0,0,2022-07-21,"Sinja, Jumla, Nepal",29.34107000000006,82.03155000000004
Yes,"Flood at Chapakot, Shivapuri Rural Municipality-7",,other,Flood,2022-07-20,Bagmati,Nuwakot,Shivapuri,7,,0,0,0,0,0,0,0,0,0,0,0,0,0,0,0,0,1,1,0,0,0,2022-07-20,"Shivapuri, Nuwakot, Nepal",27.811740000000043,85.38590000000005
Yes,"Landslide at JHOR, Tokha Municipality-1",,other,Landslide,2022-07-20,Bagmati,Kathmandu,Tokha,1,,0,0,0,0,0,0,0,0,0,0,0,0,0,0,0,0,1,1,0,0,0,2022-07-20,"Tokha, Kathmandu, Nepal",27.77490000000006,85.33492000000007
Yes,Flood at Mahakali_Darchula Municipality-5,,other,Flood,2022-07-20,Sudurpashchim,Darchula,Mahakali_Darchula,5,,0,0,0,0,0,7,0,0,0,0,0,0,0,0,0,0,0,0,0,0,0,2022-07-20,"Mahakali_Darchula, Darchula, Nepal",29.807840000000056,80.56564000000003
Yes,"Landslide at Bhsagobari, Tribeni Rural Municipality-2",,nepal_police,Landslide,2022-07-20,Lumbini,Rolpa,Tribeni,2,,0,0,0,0,0,0,0,0,0,0,0,0,0,0,0,0,0,0,0,0,0,2022-07-20,"Tribeni, Rolpa, Nepal",28.293540000000064,82.48467000000005
Yes,"Flood at Phalamesaghu, Roshi Rural Municipality-1",,other,Flood,2022-07-20,Bagmati,Kavrepalanchok,Roshi,1,,0,0,0,0,0,0,1,1,0,0,0,0,0,0,0,0,0,0,0,0,0,2022-07-20,"Roshi, Kavrepalanchok, Nepal",27.46843000000007,85.65714000000008
Yes,"Landslide at Thalaunpani, Naugad Rural Municipality-2",,nepal_police,Landslide,2022-07-19,Sudurpashchim,Darchula,Naugad,2,,0,0,1,1,0,0,0,0,0,0,0,0,0,0,0,0,0,0,0,0,0,2022-07-19,"Naugad, Darchula, Nepal",29.797800000000052,80.67992000000004
Yes,"Landslide at Chamchet, Aarughat Rural Municipality-1",,nepal_police,Landslide,2022-07-15,Gandaki,Gorkha,Aarughat,1,,0,0,0,0,0,0,0,0,0,0,0,0,0,0,0,0,4,4,0,0,0,2022-07-15,"Aarughat, Gorkha, Nepal",28.11909000000003,84.81688000000008
Yes,"Landslide at Chumehet, Aarughat Rural Municipality-1",,other,Landslide,2022-07-13,Gandaki,Gorkha,Aarughat,1,,0,0,1,1,0,0,0,0,0,0,0,0,0,0,0,0,0,0,0,0,0,2022-07-13,"Aarughat, Gorkha, Nepal",28.11909000000003,84.81688000000008
Yes,"Landslide at Majhitole, Thulung Dudhkoshi Rural Municipality-5",,nepal_police,Landslide,2022-07-13,Koshi,Solukhumbu,Thulung Dudhkoshi,5,853000.0,0,0,0,0,0,6,0,0,0,0,0,0,0,0,0,0,0,0,0,0,0,2022-07-13,"Thulung Dudhkoshi, Solukhumbu, Nepal",27.53875000000005,86.69517000000008
Yes,"Landslide at Gairigaun, Siranchok Rural Municipality-6",,other,Landslide,2022-07-12,Gandaki,Gorkha,Siranchok,6,,0,0,0,0,0,0,1,1,0,0,0,0,0,0,0,0,0,0,0,0,0,2022-07-12,"Siranchok, Gorkha, Nepal",28.08588000000003,84.58840000000004
Yes,Landslide at Khandachakra Municipality-1,,nepal_police,Landslide,2022-07-10,Karnali,Kalikot,Khandachakra,1,,0,0,0,0,0,0,0,0,0,0,0,0,0,0,0,0,6,2,4,0,0,2022-07-10,"Khandachakra, Kalikot, Nepal",29.158830000000023,81.66961000000003
Yes,"Landslide at Bhaladi, Satyawati Rural Municipality-6",,nepal_police,Landslide,2022-07-09,Lumbini,Gulmi,Satyawati,6,400000.0,0,0,0,0,0,2,0,0,0,0,0,0,0,0,0,0,0,0,0,0,0,2022-07-09,"Satyawati, Gulmi, Nepal",28.02869000000004,83.47358000000008
Yes,"Landslide at Galda, Nisdi Rural Municipality-5",,nepal_police,Landslide,2022-07-09,Lumbini,Palpa,Nisdi,5,500000.0,0,0,0,0,0,0,0,0,0,0,0,0,0,0,0,0,0,0,0,0,0,2022-07-09,"Nisdi, Palpa, Nepal",27.785150000000044,83.90900000000005
Yes,"Landslide at Sunnu, Sayal Rural Municipality-5",,nepal_police,Landslide,2022-07-09,Sudurpashchim,Doti,Sayal,5,,0,0,0,0,0,0,1,1,0,0,0,0,0,0,0,0,0,0,0,0,0,2022-07-09,"Sayal, Doti, Nepal",29.368540000000053,80.97519000000005
Yes,"Flood at Jimichaur, Mudkechula Rural Municipality-8",,nepal_police,Flood,2022-07-09,Karnali,Dolpa,Mudkechula,8,,0,0,0,0,0,0,0,0,0,0,0,1,0,0,1,0,0,0,0,0,0,2022-07-09,"Mudkechula, Dolpa, Nepal",29.055300000000045,82.53463000000005
Yes,"Landslide at Dauri, Panchpuri Municipality-7",,nepal_police,Landslide,2022-07-05,Karnali,Surkhet,Panchpuri,7,,0,0,0,0,0,0,1,0,1,0,0,0,0,0,0,0,1,1,0,0,0,2022-07-05,"Panchpuri, Surkhet, Nepal",28.789630000000045,81.40383000000008
Yes,"Landslide at Parigaun, Naugad Rural Municipality-6",,nepal_police,Landslide,2022-07-03,Sudurpashchim,Darchula,Naugad,6,,0,0,0,0,0,0,1,1,0,0,0,0,0,0,0,0,0,0,0,0,0,2022-07-03,"Naugad, Darchula, Nepal",29.797800000000052,80.67992000000004
Yes,"Landslide at SANJHMELA, Chhedagad Municipality-6",,other,Landslide,2022-07-03,Karnali,Jajarkot,Chhedagad,6,,0,0,0,0,1,1,0,0,0,0,0,0,0,0,0,0,0,0,0,0,0,2022-07-03,"Chhedagad, Jajarkot, Nepal",28.750890000000027,82.01912000000004
Yes,"Landslide at Bangabazer, Mahakali_Darchula Municipality-4",,nepal_police,Landslide,2022-07-02,Sudurpashchim,Darchula,Mahakali_Darchula,4,,0,0,0,0,0,0,0,0,0,0,0,0,0,0,0,0,0,0,0,0,0,2022-07-02,"Mahakali_Darchula, Darchula, Nepal",29.807840000000056,80.56564000000003
Yes,"Landslide at Phadi, Kepilasagadhi Rural Municipality-1",,nepal_police,Landslide,2022-07-02,Koshi,Khotang,Kepilasagadhi,1,300000.0,0,0,0,0,0,1,0,0,0,0,0,0,0,0,0,0,0,0,0,0,0,2022-07-02,"Kepilasagadhi, Khotang, Nepal",27.349120000000028,86.88847000000004
Yes,"Landslide at Gorunda, Umakunda Rural Municipality-2",,nepal_police,Landslide,2022-07-01,Bagmati,Ramechhap,Umakunda,2,50000.0,0,0,0,0,0,3,0,0,0,0,0,0,0,0,0,0,0,0,0,0,0,2022-07-01,"Umakunda, Ramechhap, Nepal",27.64432000000005,86.44809000000004
Yes,"Landslide at Bidin, Falelung Rural Municipality-7",,nepal_police,Landslide,2022-07-01,Koshi,Panchthar,Falelung,7,,0,0,1,1,0,9,3,1,2,0,0,0,0,0,0,0,0,0,0,0,0,2022-07-01,"Falelung, Panchthar, Nepal",27.16811000000007,87.92890000000006
Yes,Landslide at Rawa Besi Rural Municipality-6,,nepal_police,Landslide,2022-07-01,Koshi,Khotang,Rawa Besi,6,100000.0,0,0,0,0,1,2,0,0,0,0,0,0,0,0,0,0,0,0,0,0,0,2022-07-01,"Rawa Besi, Khotang, Nepal",27.156340000000057,86.68077000000005
Yes,"Flood at Baliya, Katari Municipality-5",,nepal_police,Flood,2022-07-01,Koshi,Udayapur,Katari,5,366000.0,0,0,0,0,1,0,0,0,0,0,0,0,0,0,0,0,0,0,0,0,0,2022-07-01,"Katari, Udayapur, Nepal",27.021750000000058,86.42236000000008
Yes,"Landslide at Bakhre, Molung Rural Municipality-7",,nepal_police,Landslide,2022-07-01,Koshi,Okhaldhunga,Molung,7,1200000.0,0,0,1,1,0,0,0,0,0,0,0,0,0,0,0,0,0,0,0,0,0,2022-07-01,"Molung, Okhaldhunga, Nepal",27.366340000000037,86.41156000000007
Yes,"Landslide at Mahabir, Dharmadevi Municipality-1",,other,Landslide,2022-06-29,Koshi,Sankhuwasabha,Dharmadevi,1,,0,0,0,0,1,5,0,0,0,0,0,0,0,0,0,0,0,0,0,0,0,2022-06-29,"Dharmadevi, Sankhuwasabha, Nepal",27.200500000000034,87.35910000000007
Yes,"Landslide at Gairigau, Sotang Rural Municipality-5",,other,Landslide,2022-06-29,Koshi,Solukhumbu,Sotang,5,5065000.0,0,0,1,1,0,0,0,0,0,0,0,0,0,0,0,0,0,0,0,0,0,2022-06-29,"Sotang, Solukhumbu, Nepal",27.51415000000003,86.77729000000005
Yes,"Landslide at Salte, Chhathar Jorpati Rural Municipality-2",,other,Landslide,2022-06-29,Koshi,Dhankuta,Chhathar Jorpati,2,,0,0,0,0,0,5,0,0,0,0,0,0,0,0,0,0,0,0,0,0,0,2022-06-29,"Chhathar Jorpati, Dhankuta, Nepal",27.025850000000048,87.40540000000004
Yes,"Flood at Simarwana, Itahari Submetropolitan City-5",,other,Flood,2022-06-29,Koshi,Sunsari,Itahari,5,,0,0,0,0,1,0,0,0,0,0,0,0,0,0,0,0,0,0,0,0,0,2022-06-29,"Itahari, Sunsari, Nepal",26.663710000000037,87.27403000000004
Yes,"Landslide at Khedok, Falelung Rural Municipality-5",,other,Landslide,2022-06-29,Koshi,Panchthar,Falelung,5,400000.0,0,0,1,1,0,0,0,0,0,0,0,0,0,0,0,0,0,0,0,0,0,2022-06-29,"Falelung, Panchthar, Nepal",27.16811000000007,87.92890000000006
Yes,"Flood at Seti, Barhadashi Rural Municipality-7",,other,Flood,2022-06-29,Koshi,Jhapa,Barhadashi,7,,0,0,0,0,0,0,0,0,0,0,0,0,0,0,0,0,0,0,0,0,0,2022-06-29,"Barhadashi, Jhapa, Nepal",26.58773000000008,87.93721000000005
Yes,"Landslide at Jaluke, Malika Rural Municipality-3",,other,Landslide,2022-06-29,Lumbini,Gulmi,Malika,3,,0,0,0,0,0,1,0,0,0,0,0,0,0,0,0,0,0,0,0,0,0,2022-06-29,"Malika, Gulmi, Nepal",28.213590000000067,83.14999000000006
Yes,"Landslide at Liwang, Gaumukhi Rural Municipality-6",,nepal_police,Landslide,2022-06-28,Lumbini,Pyuthan,Gaumukhi,6,200000.0,0,0,0,0,0,7,0,0,0,0,0,0,0,0,0,0,0,0,0,0,0,2022-06-28,"Gaumukhi, Pyuthan, Nepal",28.25377000000003,83.03231000000005
Yes,"Landslide at Milanchong, Butwal Submetropolitan City-9",,other,Landslide,2022-06-28,Lumbini,Rupandehi,Butwal,9,,0,0,0,0,0,0,0,0,0,0,0,0,0,0,0,0,0,0,0,0,0,2022-06-28,"Butwal, Rupandehi, Nepal",27.70055000000008,83.44836000000004
Yes,"Landslide at Khutuki, Umakunda Rural Municipality-6",,other,Landslide,2022-06-28,Bagmati,Ramechhap,Umakunda,6,,0,0,0,0,0,1,0,0,0,0,0,0,0,0,0,0,0,0,0,0,0,2022-06-28,"Umakunda, Ramechhap, Nepal",27.64432000000005,86.44809000000004
Yes,"Landslide at Simara, Krishnanagar Municipality-1",,other,Landslide,2022-06-28,Lumbini,Kapilbastu,Krishnanagar,1,30000.0,0,0,0,0,0,0,0,0,0,0,0,0,0,0,0,0,0,0,0,0,0,2022-06-28,"Krishnanagar, Kapilbastu, Nepal",27.534240000000068,82.82002000000006
Yes,"Landslide at Lata, Kuse Rural Municipality-8",,other,Landslide,2022-06-28,Karnali,Jajarkot,Kuse,8,,0,0,0,0,0,0,0,0,0,0,0,0,0,0,0,0,0,0,0,0,0,2022-06-28,"Kuse, Jajarkot, Nepal",28.88024000000007,82.14900000000006
Yes,"Flood at Santhal, Shivasataxi Municipality-4",,other,Flood,2022-06-28,Koshi,Jhapa,Shivasataxi,4,1040000.0,0,0,0,0,0,0,0,0,0,0,0,0,0,0,0,0,0,0,0,0,0,2022-06-28,"Shivasataxi, Jhapa, Nepal",26.608880000000056,87.81451000000004
Yes,"Landslide at Majhgaun, Butwal Submetropolitan City-11",,other,Landslide,2022-06-28,Lumbini,Rupandehi,Butwal,11,,0,0,0,0,0,0,0,0,0,0,0,0,0,0,0,0,0,0,0,0,0,2022-06-28,"Butwal, Rupandehi, Nepal",27.70055000000008,83.44836000000004
Yes,"Flood at Bhaluwatole, Kanepokhari Rural Municipality-6",,other,Flood,2022-06-27,Koshi,Morang,Kanepokhari,6,28000.0,0,0,0,0,0,7,0,0,0,0,0,0,0,0,0,0,0,0,0,0,0,2022-06-27,"Kanepokhari, Morang, Nepal",26.601300000000037,87.50008000000008
Yes,Landslide at Naukunda Rural Municipality-4,,nepal_police,Landslide,2022-06-26,Bagmati,Rasuwa,Naukunda,4,,0,0,0,0,0,1,0,0,0,0,0,0,0,0,0,0,0,0,0,0,0,2022-06-26,"Naukunda, Rasuwa, Nepal",28.01946000000004,85.30304000000007
Yes,Landslide at Machhapuchchhre Rural Municipality-4,,nepal_police,Landslide,2022-06-26,Gandaki,Kaski,Machhapuchchhre,4,,0,0,1,1,0,0,0,0,0,0,0,0,0,0,0,0,0,0,0,0,0,2022-06-26,"Machhapuchchhre, Kaski, Nepal",28.49565000000007,83.94614000000007
Yes,"Landslide at Phusre, Annapurna Rural Municipality-1",,nepal_police,Landslide,2022-06-26,Gandaki,Kaski,Annapurna,1,,0,0,1,1,0,0,0,0,0,0,0,0,0,0,0,0,0,0,0,0,0,2022-06-26,"Annapurna, Kaski, Nepal",28.545930000000055,83.92078000000004
Yes,"Landslide at Dillikote, Mahawai Rural Municipality-4",,nepal_police,Landslide,2022-06-26,Karnali,Kalikot,Mahawai,4,,0,0,0,0,1,0,0,0,0,0,0,0,0,0,0,0,0,0,0,0,0,2022-06-26,"Mahawai, Kalikot, Nepal",29.04137000000003,81.85773000000006
Yes,"Landslide at Bamdi, Pokhara Lekhnath Metropolitan City-23",,nepal_police,Landslide,2022-06-26,Gandaki,Kaski,Pokhara Lekhnath,23,,0,0,0,0,1,0,0,0,0,0,0,0,0,0,0,0,0,0,0,0,0,2022-06-26,"Pokhara Lekhnath, Kaski, Nepal",28.20806000000005,83.98452000000003
Yes,Landslide at Machhapuchchhre Rural Municipality-5,,nepal_police,Landslide,2022-06-26,Gandaki,Kaski,Machhapuchchhre,5,,0,0,0,0,0,4,0,0,0,0,0,0,0,0,0,0,0,0,0,0,0,2022-06-26,"Machhapuchchhre, Kaski, Nepal",28.49565000000007,83.94614000000007
Yes,"Landslide at SALGHARI, Pokhara Lekhnath Metropolitan City-16",,nepal_police,Landslide,2022-06-25,Gandaki,Kaski,Pokhara Lekhnath,16,,0,0,1,1,0,0,0,0,0,0,0,0,0,0,0,0,0,0,0,0,0,2022-06-25,"Pokhara Lekhnath, Kaski, Nepal",28.20806000000005,83.98452000000003
Yes,"Landslide at Sirpali, Annapurna Rural Municipality-1",,nepal_police,Landslide,2022-06-25,Gandaki,Kaski,Annapurna,1,,0,0,0,0,1,0,0,0,0,0,0,0,0,0,0,0,0,0,0,0,0,2022-06-25,"Annapurna, Kaski, Nepal",28.545930000000055,83.92078000000004
Yes,"Landslide at Ghumle, Madi Rural Municipality-12",,nepal_police,Landslide,2022-06-25,Gandaki,Kaski,Madi,12,,0,0,0,0,1,0,0,0,0,0,0,0,0,0,0,0,0,0,0,0,0,2022-06-25,"Madi, Kaski, Nepal",28.36611000000005,84.13913000000008
Yes,Landslide at Pokhara Lekhnath Metropolitan City-23,,nepal_police,Landslide,2022-06-25,Gandaki,Kaski,Pokhara Lekhnath,23,6000000.0,0,0,1,1,0,0,0,0,0,0,0,0,0,0,0,0,0,0,0,0,0,2022-06-25,"Pokhara Lekhnath, Kaski, Nepal",28.20806000000005,83.98452000000003
Yes,Landslide at Pokhara Lekhnath Metropolitan City-24,,nepal_police,Landslide,2022-06-25,Gandaki,Kaski,Pokhara Lekhnath,24,,0,0,1,1,0,0,0,0,0,0,0,0,0,0,0,0,0,0,0,0,0,2022-06-25,"Pokhara Lekhnath, Kaski, Nepal",28.20806000000005,83.98452000000003
Yes,"Landslide at Hemja, Pokhara Lekhnath Metropolitan City-25",,nepal_police,Landslide,2022-06-25,Gandaki,Kaski,Pokhara Lekhnath,25,,0,0,0,0,0,9,0,0,0,0,0,0,0,0,0,0,0,0,0,0,0,2022-06-25,"Pokhara Lekhnath, Kaski, Nepal",28.20806000000005,83.98452000000003
Yes,"Flood at Laxminarayantole, Kachankawal Rural Municipality-1",,nepal_police,Flood,2022-06-23,Koshi,Jhapa,Kachankawal,1,,0,0,0,0,0,0,0,0,0,0,0,0,0,0,0,0,0,0,0,0,0,2022-06-23,"Kachankawal, Jhapa, Nepal",26.41516000000007,88.00720000000007
Yes,"Flood at Pindalbari, Kachankawal Rural Municipality-1",,nepal_police,Flood,2022-06-21,Koshi,Jhapa,Kachankawal,1,400000.0,0,0,0,0,0,0,0,0,0,0,0,0,0,0,0,0,0,0,0,0,0,2022-06-21,"Kachankawal, Jhapa, Nepal",26.41516000000007,88.00720000000007
Yes,"Flood at laxinarayan, Kachankawal Rural Municipality-1",,nepal_police,Flood,2022-06-21,Koshi,Jhapa,Kachankawal,1,,0,0,0,0,0,0,0,0,0,0,0,0,0,0,0,0,0,0,0,0,0,2022-06-21,"Kachankawal, Jhapa, Nepal",26.41516000000007,88.00720000000007
Yes,"Flood at Katauja, Parashuram Municipality-11",,nepal_police,Flood,2022-06-21,Sudurpashchim,Dadeldhura,Parashuram,11,,0,0,0,0,0,0,1,1,0,0,0,0,0,0,0,0,2,2,0,0,0,2022-06-21,"Parashuram, Dadeldhura, Nepal",29.129920000000027,80.34167000000008
Yes,"Landslide at Patigaun, Belbari Municipality-1",,nepal_police,Landslide,2022-06-20,Koshi,Morang,Belbari,1,,0,0,0,0,1,4,0,0,0,0,0,0,0,0,0,0,0,0,0,0,0,2022-06-20,"Belbari, Morang, Nepal",26.628360000000043,87.44500000000005
Yes,"Landslide at Mamankhe, Sirijangha Rural Municipality-6",,nepal_police,Landslide,2022-06-20,Koshi,Taplejung,Sirijangha,6,,0,0,0,0,0,0,0,0,0,0,0,0,0,0,0,0,1,1,0,0,0,2022-06-20,"Sirijangha, Taplejung, Nepal",27.494260000000057,87.96349000000004
Yes,Landslide at Chichila Rural Municipality-1,,nepal_police,Landslide,2022-06-20,Koshi,Sankhuwasabha,Chichila,1,,0,0,0,0,1,0,0,0,0,0,0,0,0,0,0,0,0,0,0,0,0,2022-06-20,"Chichila, Sankhuwasabha, Nepal",27.483190000000036,87.23172000000005
Yes,"Landslide at Samekham, Meringden Rural Municipality-4",,nepal_police,Landslide,2022-06-20,Koshi,Taplejung,Meringden,4,,0,0,0,0,0,4,0,0,0,0,0,0,0,0,0,0,0,0,0,0,0,2022-06-20,"Meringden, Taplejung, Nepal",27.48237000000006,87.54417000000007
Yes,"Flood at Baguwa, Barah Municipality-1",,other,Flood,2022-06-19,Koshi,Sunsari,Barah,1,,0,0,0,0,0,0,1,0,1,0,0,0,0,0,0,0,1,0,1,0,0,2022-06-19,"Barah, Sunsari, Nepal",26.75279000000006,87.15755000000007
Yes,"Flood at Redcross, Damak Municipality-1",,other,Flood,2022-06-19,Koshi,Jhapa,Damak,1,,0,0,1,1,0,0,0,0,0,0,0,0,0,0,0,0,0,0,0,0,0,2022-06-19,"Damak, Jhapa, Nepal",26.671410000000037,87.68287000000004
Yes,"Landslide at Taku, Phaktanglung Rural Municipality-2",,nepal_police,Landslide,2022-06-18,Koshi,Taplejung,Phaktanglung,2,,0,0,1,1,0,1,0,0,0,0,0,0,0,0,0,0,0,0,0,0,0,2022-06-18,"Phaktanglung, Taplejung, Nepal",27.68142000000006,87.92025000000007
Yes,"Landslide at Chisapani, Besishahar Municipality-2",,nepal_police,Landslide,2022-06-18,Gandaki,Lamjung,Besishahar,2,,0,0,1,1,1,0,0,0,0,0,0,0,0,0,0,0,0,0,0,0,0,2022-06-18,"Besishahar, Lamjung, Nepal",28.218920000000026,84.35283000000004
Yes,"Landslide at Baglungpani, Kwholasothar Rural Municipality-1",,nepal_police,Landslide,2022-06-18,Gandaki,Lamjung,Kwholasothar,1,,0,0,0,0,1,0,0,0,0,0,0,0,0,0,0,0,0,0,0,0,0,2022-06-18,"Kwholasothar, Lamjung, Nepal",28.310970000000054,84.24882000000008
Yes,"Landslide at Purankot, Besishahar Municipality-4",,nepal_police,Landslide,2022-06-18,Gandaki,Lamjung,Besishahar,4,,0,0,0,0,1,0,0,0,0,0,0,0,0,0,0,0,3,2,1,0,0,2022-06-18,"Besishahar, Lamjung, Nepal",28.218920000000026,84.35283000000004
Yes,"Flood at Lamikhet, Sundarbazar Municipality-3",,other,Flood,2022-06-18,Gandaki,Lamjung,Sundarbazar,3,,0,0,0,0,0,0,0,0,0,0,0,0,0,0,0,0,0,0,0,0,0,2022-06-18,"Sundarbazar, Lamjung, Nepal",28.15578000000005,84.36446000000007
Yes,"Landslide at Borangkhola, Rainas Municipality-1",,nepal_police,Landslide,2022-06-18,Gandaki,Lamjung,Rainas,1,,0,0,0,0,1,0,0,0,0,0,0,0,0,0,0,0,0,0,0,0,0,2022-06-18,"Rainas, Lamjung, Nepal",28.108630000000066,84.49414000000007
Yes,"Landslide at Charkilo, Ichchhyakamana Rural Municipality-6",,nepal_police,Landslide,2022-06-18,Bagmati,Chitwan,Ichchhyakamana,6,,0,0,0,0,0,0,0,0,0,0,0,0,0,0,0,0,2,0,2,0,0,2022-06-18,"Ichchhyakamana, Chitwan, Nepal",27.80278000000004,84.58055000000007
Yes,"Flood at Sardikhola, Machhapuchchhre Rural Municipality-2",,other,Flood,2022-06-18,Gandaki,Kaski,Machhapuchchhre,2,2750000.0,0,0,0,0,0,0,0,0,0,0,0,0,0,0,0,0,0,0,0,0,0,2022-06-18,"Machhapuchchhre, Kaski, Nepal",28.49565000000007,83.94614000000007
Yes,"Landslide at Yangpang, Sirijangha Rural Municipality-5",,nepal_police,Landslide,2022-06-17,Koshi,Taplejung,Sirijangha,5,1670000.0,0,0,0,0,0,15,0,0,0,0,0,0,0,0,0,0,0,0,0,0,0,2022-06-17,"Sirijangha, Taplejung, Nepal",27.494260000000057,87.96349000000004
Yes,"Landslide at Mamankhe, Sirijangha Rural Municipality-6",,nepal_police,Landslide,2022-06-17,Koshi,Taplejung,Sirijangha,6,3700000.0,0,0,4,4,0,5,0,0,0,0,0,0,0,0,0,0,0,0,0,0,0,2022-06-17,"Sirijangha, Taplejung, Nepal",27.494260000000057,87.96349000000004
Yes,"Landslide at Okhle, Pathibhara Yangwarak Rural Municipality-4",,nepal_police,Landslide,2022-06-17,Koshi,Taplejung,Pathibhara Yangwarak,4,900000.0,0,0,1,1,0,0,0,0,0,0,0,0,0,0,0,0,0,0,0,0,0,2022-06-17,"Pathibhara Yangwarak, Taplejung, Nepal",27.325140000000033,87.73428000000007
Yes,"Landslide at Chichila Bajar, Chichila Rural Municipality-1",,nepal_police,Landslide,2022-06-17,Koshi,Sankhuwasabha,Chichila,1,,0,0,0,0,1,0,0,0,0,0,0,0,0,0,0,0,1,0,1,0,0,2022-06-17,"Chichila, Sankhuwasabha, Nepal",27.483190000000036,87.23172000000005
Yes,"Flood at Baguwa, Barah Municipality-1",,nepal_police,Flood,2022-06-17,Koshi,Sunsari,Barah,1,,0,0,0,0,0,0,0,0,0,0,0,0,0,0,0,0,1,1,0,0,0,2022-06-17,"Barah, Sunsari, Nepal",26.75279000000006,87.15755000000007
Yes,Landslide at Sirijangha Rural Municipality-6,,nepal_police,Landslide,2022-06-16,Koshi,Taplejung,Sirijangha,6,21300000.0,0,0,0,0,0,1,0,0,0,0,0,0,0,0,0,0,0,0,0,0,0,2022-06-16,"Sirijangha, Taplejung, Nepal",27.494260000000057,87.96349000000004
Yes,"Landslide at Thyampu, Sidingba Rural Municipality-7",,nepal_police,Landslide,2022-06-16,Koshi,Taplejung,Sidingba,7,,0,0,0,0,0,0,2,0,2,0,0,0,0,0,0,0,1,1,0,0,0,2022-06-16,"Sidingba, Taplejung, Nepal",27.35794000000004,87.94596000000007
Yes,"Landslide at SAKHAR, Anbukhaireni Rural Municipality-4",,other,Landslide,2022-06-15,Gandaki,Tanahu,Anbukhaireni,4,,0,0,0,0,0,0,2,2,0,0,0,0,0,0,0,0,2,1,1,0,0,2022-06-15,"Anbukhaireni, Tanahu, Nepal",27.93548000000004,84.22325000000006
Yes,"Flood at Simaldhara, Khandachakra Municipality-2",,other,Flood,2022-06-15,Karnali,Kalikot,Khandachakra,2,,0,0,0,0,0,0,1,1,0,0,0,0,0,0,0,0,1,0,1,0,0,2022-06-15,"Khandachakra, Kalikot, Nepal",29.158830000000023,81.66961000000003
Yes,Landslide at Netrawati Dabjong Rural Municipality-1,,other,Landslide,2022-06-15,Bagmati,Dhading,Netrawati Dabjong,1,,0,0,0,0,0,0,0,0,0,0,0,0,0,0,0,0,0,0,0,0,0,2022-06-15,"Netrawati Dabjong, Dhading, Nepal",27.989940000000047,84.97375000000005
Yes,"Landslide at Sallaghari, Gangajamuna Rural Municipality-6",,other,Landslide,2022-06-15,Bagmati,Dhading,Gangajamuna,6,,0,0,0,0,0,3,0,0,0,0,0,0,0,0,0,0,0,0,0,0,0,2022-06-15,"Gangajamuna, Dhading, Nepal",28.091410000000053,84.92378000000008
Yes,"Landslide at Thalang, Sirijangha Rural Municipality-1",,other,Landslide,2022-06-14,Koshi,Taplejung,Sirijangha,1,900000.0,0,0,0,0,0,25,0,0,0,0,0,0,0,0,0,0,0,0,0,0,0,2022-06-14,"Sirijangha, Taplejung, Nepal",27.494260000000057,87.96349000000004
Yes,"Landslide at Golphinbesi, Bhimphedi Rural Municipality-3",,nepal_police,Landslide,2022-06-14,Bagmati,Makwanpur,Bhimphedi,3,,0,0,0,0,0,0,0,0,0,0,0,0,0,0,0,0,0,0,0,0,0,2022-06-14,"Bhimphedi, Makwanpur, Nepal",27.53260000000006,85.11616000000004
Yes,"Landslide at Raneda, Gaumul Rural Municipality-2",,nepal_police,Landslide,2022-06-12,Sudurpashchim,Bajura,Gaumul,2,410000.0,0,0,0,0,2,0,0,0,0,0,0,0,0,0,0,0,0,0,0,0,0,2022-06-12,"Gaumul, Bajura, Nepal",29.56923000000006,81.48293000000007
Yes,"Landslide at Daunne, Paribartan Rural Municipality-5",,nepal_police,Landslide,2022-06-12,Lumbini,Rolpa,Paribartan,5,,0,0,0,0,0,0,2,0,2,0,0,0,0,0,0,0,0,0,0,0,0,2022-06-12,"Paribartan, Rolpa, Nepal",28.39289000000008,82.49874000000005
Yes,"Landslide at Ghimire Gaun, Tripura Sundari Rural Municipality-5",,nepal_police,Landslide,2022-06-10,Bagmati,Dhading,Tripura Sundari,5,,0,0,6,6,0,0,1,1,0,0,0,0,0,0,0,0,0,0,0,0,0,2022-06-10,"Tripura Sundari, Dhading, Nepal",28.019870000000022,84.87145000000004
Yes,"Landslide at Ladari Bhanjyang, Bhanu Municipality-10",,nepal_police,Landslide,2022-06-10,Gandaki,Tanahu,Bhanu,10,,0,0,0,0,1,0,0,0,0,0,0,0,0,0,0,0,0,0,0,0,0,2022-06-10,"Bhanu, Tanahu, Nepal",28.041810000000055,84.40635000000003
Yes,"Landslide at Beltakura, Simta Rural Municipality-8",,nepal_police,Landslide,2022-06-10,Karnali,Surkhet,Simta,8,1000000.0,0,0,1,1,0,1,0,0,0,0,0,0,0,0,0,0,0,0,0,0,0,2022-06-10,"Simta, Surkhet, Nepal",28.546920000000057,81.94508000000008
Yes,"Landslide at Sitala, Naraharinath Rural Municipality-9",,nepal_police,Landslide,2022-06-09,Karnali,Kalikot,Naraharinath,9,,0,0,0,0,0,7,0,0,0,0,0,0,0,0,0,0,0,0,0,0,0,2022-06-09,"Naraharinath, Kalikot, Nepal",29.220120000000065,81.53317000000004
Yes,"Landslide at kiureni, Palungtar Municipality-6",,other,Landslide,2022-06-09,Gandaki,Gorkha,Palungtar,6,,0,0,0,0,1,0,0,0,0,0,0,0,0,0,0,0,0,0,0,0,0,2022-06-09,"Palungtar, Gorkha, Nepal",28.012700000000052,84.52199000000007
Yes,"Landslide at Rengil, Sanni Tribeni Rural Municipality-1",,nepal_police,Landslide,2022-06-09,Karnali,Kalikot,Sanni Tribeni,1,,0,0,0,0,0,0,0,0,0,0,0,0,0,0,0,0,0,0,0,0,0,2022-06-09,"Sanni Tribeni, Kalikot, Nepal",29.26276000000007,81.58511000000004
Yes,"Landslide at syala, Galkot Municipality-3",,nepal_police,Landslide,2022-06-09,Gandaki,Baglung,Galkot,3,,0,0,1,1,0,2,0,0,0,0,0,0,0,0,0,0,0,0,0,0,0,2022-06-09,"Galkot, Baglung, Nepal",28.253160000000037,83.38330000000008
Yes,"Landslide at Bhandar khola, Bareng Rural Municipality-2",,other,Landslide,2022-06-08,Gandaki,Baglung,Bareng,2,200000.0,0,0,0,0,0,1,0,0,0,0,0,0,0,0,0,0,0,0,0,0,0,2022-06-08,"Bareng, Baglung, Nepal",28.13795000000005,83.51379000000009
Yes,"Landslide at Kamul, Galkot Municipality-1",,other,Landslide,2022-06-08,Gandaki,Baglung,Galkot,1,,0,0,0,0,0,7,0,0,0,0,0,0,0,0,0,0,0,0,0,0,0,2022-06-08,"Galkot, Baglung, Nepal",28.253160000000037,83.38330000000008
Yes,"Landslide at Anglung, Madane Rural Municipality-6",,nepal_police,Landslide,2022-06-04,Lumbini,Gulmi,Madane,6,,0,0,0,0,0,6,0,0,0,0,0,0,0,0,0,0,0,0,0,0,0,2022-06-04,"Madane, Gulmi, Nepal",28.175050000000056,83.06921000000006
Yes,"Landslide at Nundjhaki, Chichila Rural Municipality-1",,other,Landslide,2022-06-01,Koshi,Sankhuwasabha,Chichila,1,,0,0,0,0,0,0,2,2,0,0,0,0,0,0,0,0,0,0,0,0,0,2022-06-01,"Chichila, Sankhuwasabha, Nepal",27.483190000000036,87.23172000000005
Yes,Landslide at Mahakulung Rural Municipality-4,,nepal_police,Landslide,2022-05-30,Koshi,Solukhumbu,Mahakulung,4,3000000.0,0,0,1,1,0,0,0,0,0,0,0,0,0,0,0,0,0,0,0,0,0,2022-05-30,"Mahakulung, Solukhumbu, Nepal",27.655590000000075,86.90195000000006
Yes,Flood at Golbazar Municipality-6,,other,Flood,2022-05-29,Madhesh,Siraha,Golbazar,6,435000.0,0,0,0,0,0,0,0,0,0,0,0,0,0,0,0,0,0,0,0,0,0,2022-05-29,"Golbazar, Siraha, Nepal",26.803220000000067,86.33460000000008
Yes,"Landslide at charkiol, Ichchhyakamana Rural Municipality-6",,other,Landslide,2022-05-27,Bagmati,Chitwan,Ichchhyakamana,6,,0,0,0,0,0,0,0,0,0,0,0,0,0,0,0,0,1,1,0,0,0,2022-05-27,"Ichchhyakamana, Chitwan, Nepal",27.80278000000004,84.58055000000007
Yes,"Landslide at Bibirapani, Pokhara Lekhnath Metropolitan City-28",,other,Landslide,2022-05-05,Gandaki,Kaski,Pokhara Lekhnath,28,,0,0,0,0,0,2,0,0,0,0,0,0,0,0,0,0,0,0,0,0,0,2022-05-05,"Pokhara Lekhnath, Kaski, Nepal",28.20806000000005,83.98452000000003
Yes,"Landslide at Rajime , Bhumekasthan Municipality-1",,other,Landslide,2022-04-29,Lumbini,Arghakhanchi,Bhumekasthan,1,,0,0,1,1,0,0,0,0,0,0,0,0,0,0,0,0,0,0,0,0,0,2022-04-29,"Bhumekasthan, Arghakhanchi, Nepal",27.99794000000003,83.00839000000008
Yes,"Landslide at Kacal, Tinau Rural Municipality-1",,nepal_police,Landslide,2022-04-19,Lumbini,Palpa,Tinau,1,,0,0,0,0,0,0,1,1,0,0,0,0,0,0,0,0,0,0,0,0,0,2022-04-19,"Tinau, Palpa, Nepal",27.76465000000007,83.47024000000005
Yes,"Flood at aarubot, Dhulikhel Municipality-12",,other,Flood,2022-04-11,Bagmati,Kavrepalanchok,Dhulikhel,12,,0,0,0,0,0,7,0,0,0,0,0,0,0,0,0,0,0,0,0,0,0,2022-04-11,"Dhulikhel, Kavrepalanchok, Nepal",27.62210000000005,85.54281000000003
Yes,"Landslide at Jagatthali, Khanikhola Rural Municipality-4",,nepal_police,Landslide,2022-03-24,Bagmati,Kavrepalanchok,Khanikhola,4,,0,0,0,0,0,0,0,0,0,0,0,0,0,0,0,0,2,2,0,0,0,2022-03-24,"Khanikhola, Kavrepalanchok, Nepal",27.427430000000072,85.49119000000007
Yes,"Landslide at Bhangtar, Dharmadevi Municipality-6",,nepal_police,Landslide,2022-03-08,Koshi,Sankhuwasabha,Dharmadevi,6,,0,0,0,0,0,0,0,0,0,0,0,0,0,0,0,0,0,0,0,0,0,2022-03-08,"Dharmadevi, Sankhuwasabha, Nepal",27.200500000000034,87.35910000000007
Yes,"Landslide at Phulbari, Sundarbazar Municipality-9",,nepal_police,Landslide,2022-03-08,Gandaki,Lamjung,Sundarbazar,9,,0,0,0,0,0,0,1,1,0,0,0,0,0,0,0,0,1,1,0,0,0,2022-03-08,"Sundarbazar, Lamjung, Nepal",28.15578000000005,84.36446000000007
Yes,"Landslide at Aasapuri, Banepa Municipality-14",,nepal_police,Landslide,2022-02-26,Bagmati,Kavrepalanchok,Banepa,14,,0,0,0,0,0,0,1,1,0,0,0,0,0,0,0,0,2,2,0,0,0,2022-02-26,"Banepa, Kavrepalanchok, Nepal",27.632450000000063,85.52192000000008
Yes,"Landslide at chorkhla, Kapurkot Rural Municipality-3",,nepal_police,Landslide,2022-01-26,Karnali,Salyan,Kapurkot,3,,0,0,0,0,0,0,0,0,0,0,0,0,0,0,0,0,0,0,0,0,0,2022-01-26,"Kapurkot, Salyan, Nepal",28.24885000000006,82.36148000000009
Yes,"Landslide at gomggang, Aamachhodingmo Rural Municipality-5",,nepal_police,Landslide,2022-01-26,Bagmati,Rasuwa,Aamachhodingmo,5,,0,0,0,0,0,0,1,1,0,0,0,0,0,0,0,0,1,1,0,0,0,2022-01-26,"Aamachhodingmo, Rasuwa, Nepal",28.176370000000077,85.48227000000009
Yes,"Landslide at Lamidada, Katari Municipality-14",,nepal_police,Landslide,2022-01-22,Koshi,Udayapur,Katari,14,,0,0,0,0,0,0,0,0,0,0,0,0,0,0,0,0,0,0,0,0,0,2022-01-22,"Katari, Udayapur, Nepal",27.021750000000058,86.42236000000008
Yes,"Landslide at Linjo, Rubi Valley Rural Municipality-1",,nepal_police,Landslide,2022-01-13,Bagmati,Dhading,Rubi Valley,1,,0,0,0,0,0,0,1,1,0,0,0,2,0,0,2,0,0,0,0,0,0,2022-01-13,"Rubi Valley, Dhading, Nepal",28.22589000000005,85.08414000000005
Yes,"Flood at Gara, Bangad Kupinde Municipality-11",,nepal_police,Flood,2021-10-22,Karnali,Salyan,Bangad Kupinde,11,,0,0,0,0,0,0,1,1,0,0,0,0,0,0,0,0,0,0,0,0,0,2021-10-22,"Bangad Kupinde, Salyan, Nepal",28.493000000000052,82.06911000000008
Yes,"Flood at Singhiya, Biratnagar Metropolitan City-1",,nepal_police,Flood,2021-10-22,Koshi,Morang,Biratnagar,1,,0,0,0,0,0,0,1,1,0,0,0,0,0,0,0,0,0,0,0,0,0,2021-10-22,"Biratnagar, Morang, Nepal",26.45505000000003,87.27007000000003
Yes,"Landslide at Bhanu, Phungling Municipality-2",,nepal_police,Landslide,2021-10-21,Koshi,Taplejung,Phungling,2,,0,0,1,1,0,0,0,0,0,0,0,0,0,0,0,0,0,0,0,0,0,2021-10-21,"Phungling, Taplejung, Nepal",27.38172000000003,87.71120000000008
Yes,"Flood at Kusundea, Binayee Tribeni Rural Municipality-5",,nepal_police,Flood,2021-10-21,Gandaki,Nawalparasi East,Binayee Tribeni,5,,0,0,0,0,0,0,2,1,1,0,0,0,0,0,0,0,0,0,0,0,0,2021-10-21,"Binayee Tribeni, Nawalparasi East, Nepal",27.630790000000047,83.86238000000003
Yes,Flood at Itahari Submetropolitan City-7,,nepal_police,Flood,2021-10-21,Koshi,Sunsari,Itahari,7,,0,0,0,0,0,0,1,1,0,0,0,0,0,0,0,0,0,0,0,0,0,2021-10-21,"Itahari, Sunsari, Nepal",26.663710000000037,87.27403000000004
Yes,"Landslide at Sunkhola, Alital Rural Municipality-8",,nepal_police,Landslide,2021-10-21,Sudurpashchim,Dadeldhura,Alital,8,,0,0,0,0,0,0,2,1,1,0,0,0,0,0,0,0,0,0,0,0,0,2021-10-21,"Alital, Dadeldhura, Nepal",29.11393000000004,80.49384000000003
Yes,"Landslide at Paruwa, Purchaudi Municipality-6",,nepal_police,Landslide,2021-10-21,Sudurpashchim,Baitadi,Purchaudi,6,,0,0,1,1,0,9,0,0,0,0,0,0,0,0,0,0,0,0,0,0,0,2021-10-21,"Purchaudi, Baitadi, Nepal",29.60326000000003,80.70177000000007
Yes,"Landslide at Bata, Himali Rural Municipality-4",,nepal_police,Landslide,2021-10-21,Sudurpashchim,Bajura,Himali,4,,0,0,1,1,0,0,0,0,0,0,0,0,0,0,0,0,0,0,0,0,0,2021-10-21,"Himali, Bajura, Nepal",29.71252000000004,81.61904000000004
Yes,"Landslide at Jilgau, Suryodaya Municipality-3",,nepal_police,Landslide,2021-10-20,Koshi,Ilam,Suryodaya,3,,0,0,1,1,0,0,2,1,1,0,0,0,0,0,0,0,0,0,0,0,0,2021-10-20,"Suryodaya, Ilam, Nepal",26.895880000000034,88.06804000000005
Yes,"Landslide at Lutimaya, Deumai Municipality-2",,nepal_police,Landslide,2021-10-20,Koshi,Ilam,Deumai,2,,0,0,0,0,0,0,1,0,1,0,0,0,0,0,0,0,0,0,0,0,0,2021-10-20,"Deumai, Ilam, Nepal",26.93196000000006,87.84665000000007
Yes,Landslide at Itahari Submetropolitan City-2,,nepal_police,Landslide,2021-10-20,Koshi,Sunsari,Itahari,2,,0,0,0,0,0,0,2,2,0,0,0,0,0,0,0,0,0,0,0,0,0,2021-10-20,"Itahari, Sunsari, Nepal",26.663710000000037,87.27403000000004
Yes,"Landslide at yotha, Mahawai Rural Municipality-2",,nepal_police,Landslide,2021-10-20,Karnali,Kalikot,Mahawai,2,,0,0,0,0,0,2,0,0,0,0,0,0,0,0,0,0,0,0,0,0,0,2021-10-20,"Mahawai, Kalikot, Nepal",29.04137000000003,81.85773000000006
Yes,Landslide at Shikhar Municipality-2,,nepal_police,Landslide,2021-10-20,Sudurpashchim,Doti,Shikhar,2,,0,0,1,1,0,3,0,0,0,0,0,0,0,0,0,0,0,0,0,0,0,2021-10-20,"Shikhar, Doti, Nepal",29.24472000000003,80.82259000000005
Yes,Flood at Bithadchir Rural Municipality-1,,nepal_police,Flood,2021-10-20,Sudurpashchim,Bajhang,Bithadchir,1,,0,0,3,3,0,0,0,0,0,0,0,0,0,0,0,0,0,0,0,0,0,2021-10-20,"Bithadchir, Bajhang, Nepal",29.504040000000032,80.85600000000005
Yes,Landslide at Bungal Municipality-6,,nepal_police,Landslide,2021-10-20,Sudurpashchim,Bajhang,Bungal,6,,0,0,1,1,0,0,0,0,0,0,0,0,0,0,0,0,0,0,0,0,0,2021-10-20,"Bungal, Bajhang, Nepal",29.68936000000008,80.94905000000006
Yes,"Landslide at arkhala, Bulingtar Rural Municipality-4",,nepal_police,Landslide,2021-10-20,Gandaki,Nawalparasi East,Bulingtar,4,90000.0,0,0,0,0,0,1,0,0,0,0,0,0,0,0,0,0,0,0,0,0,0,2021-10-20,"Bulingtar, Nawalparasi East, Nepal",27.80627000000004,84.20516000000003
Yes,"Flood at nuwakot, Tila Rural Municipality-4",,nepal_police,Flood,2021-10-20,Karnali,Jumla,Tila,4,,0,0,0,0,0,19,0,0,0,0,0,0,0,0,0,0,0,0,0,0,0,2021-10-20,"Tila, Jumla, Nepal",29.2500001,82.2167016
Yes,Landslide at Purchaudi Municipality-6,,nepal_police,Landslide,2021-10-20,Sudurpashchim,Baitadi,Purchaudi,6,,0,0,1,1,0,9,0,0,0,0,0,0,0,0,0,0,0,0,0,0,0,2021-10-20,"Purchaudi, Baitadi, Nepal",29.60326000000003,80.70177000000007
Yes,"Flood at arrugkhola, Mandavi Rural Municipality-4",,nepal_police,Flood,2021-10-20,Lumbini,Pyuthan,Mandavi,4,,0,0,0,0,0,0,3,1,2,0,0,0,0,0,0,0,0,0,0,0,0,2021-10-20,"Mandavi, Pyuthan, Nepal",28.047340000000077,82.77364000000006
Yes,"Landslide at Nageshwari, Dharan Submetropolitan City-13",,nepal_police,Landslide,2021-10-20,Koshi,Sunsari,Dharan,13,,0,0,1,1,0,0,2,1,1,0,0,0,0,0,0,0,0,0,0,0,0,2021-10-20,"Dharan, Sunsari, Nepal",26.81436000000008,87.27972000000005
Yes,Landslide at Dogadakedar Rural Municipality-2,,nepal_police,Landslide,2021-10-20,Sudurpashchim,Baitadi,Dogadakedar,2,,0,0,0,0,0,9,0,0,0,0,0,0,0,0,0,0,0,0,0,0,0,2021-10-20,"Dogadakedar, Baitadi, Nepal",29.59137000000004,80.52900000000005
Yes,"Landslide at pasalbagar, Khaptadchhanna Rural Municipality-4",,nepal_police,Landslide,2021-10-20,Sudurpashchim,Bajhang,Khaptadchhanna,4,,0,0,1,1,0,2,2,1,1,0,0,0,0,0,0,0,0,0,0,0,0,2021-10-20,"Khaptadchhanna, Bajhang, Nepal",29.457710000000077,81.21321000000006
Yes,"Landslide at Subakot, Bithadchir Rural Municipality-7",,nepal_police,Landslide,2021-10-20,Sudurpashchim,Bajhang,Bithadchir,7,,0,0,0,0,0,0,1,1,0,0,0,0,0,0,0,0,0,0,0,0,0,2021-10-20,"Bithadchir, Bajhang, Nepal",29.504040000000032,80.85600000000005
Yes,Flood at Hanumannagar Kankalini Municipality-9,,nepal_police,Flood,2021-10-20,Madhesh,Saptari,Hanumannagar Kankalini,9,,0,0,0,0,0,0,1,1,0,0,0,0,0,0,0,0,0,0,0,0,0,2021-10-20,"Hanumannagar Kankalini, Saptari, Nepal",26.511720000000025,86.87737000000004
Yes,"Landslide at Betini, Maijogmai Rural Municipality-3",,nepal_police,Landslide,2021-10-20,Koshi,Ilam,Maijogmai,3,,0,0,1,1,0,0,1,0,1,0,0,0,0,0,0,0,0,0,0,0,0,2021-10-20,"Maijogmai, Ilam, Nepal",26.960860000000025,88.00746000000004
Yes,"Flood at Biggauri, Buddhabhumi Municipality-10",,nepal_police,Flood,2021-10-20,Lumbini,Kapilbastu,Buddhabhumi,10,,0,0,0,0,0,0,2,1,1,0,0,0,0,0,0,0,0,0,0,0,0,2021-10-20,"Buddhabhumi, Kapilbastu, Nepal",27.684090000000023,83.00297000000006
Yes,Landslide at Ganayapdhura Rural Municipality-2,,nepal_police,Landslide,2021-10-20,Sudurpashchim,Dadeldhura,Ganayapdhura,2,,0,0,1,1,0,5,0,0,0,0,0,0,0,0,0,0,0,0,0,0,0,2021-10-20,"Ganayapdhura, Dadeldhura, Nepal",29.248410000000035,80.68054000000006
Yes,"Landslide at siradi, Badimalika Municipality-3",,nepal_police,Landslide,2021-10-20,Sudurpashchim,Bajura,Badimalika,3,,0,0,0,0,0,8,0,0,0,0,0,0,0,0,0,0,0,0,0,0,0,2021-10-20,"Badimalika, Bajura, Nepal",29.43947000000003,81.49920000000003
Yes,Flood at Udayapurgadhi Rural Municipality-8,,nepal_police,Flood,2021-10-20,Koshi,Udayapur,Udayapurgadhi,8,,0,0,0,0,0,0,1,1,0,0,0,0,0,0,0,0,0,0,0,0,0,2021-10-20,"Udayapurgadhi, Udayapur, Nepal",26.91515000000004,86.55004000000008
Yes,Landslide at Bhokraha Rural Municipality-7,,nepal_police,Landslide,2021-10-20,Koshi,Sunsari,Bhokraha,7,,0,0,0,0,0,0,1,1,0,0,0,0,0,0,0,0,0,0,0,0,0,2021-10-20,"Bhokraha, Sunsari, Nepal",26.59187000000003,87.10534000000007
Yes,Landslide at Shikhar Municipality-2,,nepal_police,Landslide,2021-10-20,Sudurpashchim,Doti,Shikhar,2,,0,0,1,1,0,3,0,0,0,0,0,0,0,0,0,0,0,0,0,0,0,2021-10-20,"Shikhar, Doti, Nepal",29.24472000000003,80.82259000000005
Yes,Flood at Itahari Submetropolitan City-18,,nepal_police,Flood,2021-10-20,Koshi,Sunsari,Itahari,18,,0,0,0,0,0,0,1,1,0,0,0,0,0,0,0,0,0,0,0,0,0,2021-10-20,"Itahari, Sunsari, Nepal",26.663710000000037,87.27403000000004
Yes,Flood at Itahari Submetropolitan City-7,,nepal_police,Flood,2021-10-20,Koshi,Sunsari,Itahari,7,,0,0,0,0,0,0,1,1,0,0,0,0,0,0,0,0,0,0,0,0,0,2021-10-20,"Itahari, Sunsari, Nepal",26.663710000000037,87.27403000000004
Yes,Landslide at Biratnagar Metropolitan City-12,,nepal_police,Landslide,2021-10-20,Koshi,Morang,Biratnagar,12,,0,0,0,0,0,0,1,1,0,0,0,2,0,0,2,0,0,0,0,0,0,2021-10-20,"Biratnagar, Morang, Nepal",26.45505000000003,87.27007000000003
Yes,"Flood at Pelmang, Mahakulung Rural Municipality-2",,nepal_police,Flood,2021-10-20,Koshi,Solukhumbu,Mahakulung,2,,0,0,0,0,0,0,1,1,0,0,0,0,0,0,0,0,0,0,0,0,0,2021-10-20,"Mahakulung, Solukhumbu, Nepal",27.655590000000075,86.90195000000006
Yes,Landslide at Bhageshwar Rural Municipality-4,,nepal_police,Landslide,2021-10-20,Sudurpashchim,Dadeldhura,Bhageshwar,4,,0,0,0,0,0,3,0,0,0,0,0,0,0,0,0,0,0,0,0,0,0,2021-10-20,"Bhageshwar, Dadeldhura, Nepal",29.282850000000053,80.41321000000005
Yes,"Landslide at khesang, Pauwadungma Rural Municipality-6",,nepal_police,Landslide,2021-10-20,Koshi,Bhojpur,Pauwadungma,6,,0,0,1,1,0,0,0,0,0,0,0,0,0,0,0,0,0,0,0,0,0,2021-10-20,"Pauwadungma, Bhojpur, Nepal",27.12322000000006,87.14726000000007
Yes,"Landslide at kaklukheti, Khaptad Chhededaha Rural Municipality-5",,nepal_police,Landslide,2021-10-20,Sudurpashchim,Bajura,Khaptad Chhededaha,5,,0,0,1,1,0,0,2,1,1,0,0,0,0,0,0,0,0,0,0,0,0,2021-10-20,"Khaptad Chhededaha, Bajura, Nepal",29.39867000000004,81.28290000000004
Yes,"Landslide at patal, Khaptad Chhededaha Rural Municipality-5",,nepal_police,Landslide,2021-10-20,Sudurpashchim,Bajura,Khaptad Chhededaha,5,,0,0,0,0,0,0,1,1,0,0,0,0,0,0,0,0,1,0,1,0,0,2021-10-20,"Khaptad Chhededaha, Bajura, Nepal",29.39867000000004,81.28290000000004
Yes,"Flood at karmidand , Tikapur Municipality-8",,nepal_police,Flood,2021-10-20,Sudurpashchim,Kailali,Tikapur,8,,0,0,0,0,0,0,1,1,0,0,0,1,0,0,1,0,0,0,0,0,0,2021-10-20,"Tikapur, Kailali, Nepal",28.528230000000065,81.11798000000005
Yes,"Landslide at Saigada, Jorayal Rural Municipality-4",,nepal_police,Landslide,2021-10-19,Sudurpashchim,Doti,Jorayal,4,,0,0,0,0,0,0,5,4,1,0,0,0,0,0,0,0,0,0,0,0,0,2021-10-19,"Jorayal, Doti, Nepal",29.10286000000008,80.67617000000007
Yes,Landslide at Phidim Municipality-6,,nepal_police,Landslide,2021-10-19,Koshi,Panchthar,Phidim,6,,0,0,0,0,0,0,1,1,0,0,0,0,0,0,0,0,0,0,0,0,0,2021-10-19,"Phidim, Panchthar, Nepal",27.12137000000007,87.79307000000006
Yes,"Landslide at Bistapali, Surnaya Rural Municipality-5",,nepal_police,Landslide,2021-10-19,Sudurpashchim,Baitadi,Surnaya,5,,0,0,0,0,1,0,1,0,1,0,0,1,0,0,1,0,2,0,2,0,0,2021-10-19,"Surnaya, Baitadi, Nepal",29.529670000000067,80.61500000000007
Yes,"Landslide at Gauradi, K I Singh Rural Municipality-4",,nepal_police,Landslide,2021-10-19,Sudurpashchim,Doti,K I Singh,4,,0,0,0,0,0,0,0,0,0,0,0,0,0,0,0,0,1,0,1,0,0,2021-10-19,"K I Singh, Doti, Nepal",29.17769000000004,80.98034000000007
Yes,"Landslide at Chisopani, Mangsebung Rural Municipality-6",,nepal_police,Landslide,2021-10-19,Koshi,Ilam,Mangsebung,6,,0,0,1,1,0,0,3,1,2,0,0,0,0,0,0,0,1,1,0,0,0,2021-10-19,"Mangsebung, Ilam, Nepal",26.827410000000043,87.73528000000005
Yes,Landslide at JayaPrithivi Municipality-9,,nepal_police,Landslide,2021-10-19,Sudurpashchim,Bajhang,JayaPrithivi,9,,0,0,0,0,0,0,0,0,0,0,0,0,0,0,0,0,0,0,0,0,0,2021-10-19,"JayaPrithivi, Bajhang, Nepal",29.552010000000053,81.16174000000007
Yes,Landslide at Miklajung Rural Municipality-4,,nepal_police,Landslide,2021-10-19,Koshi,Panchthar,Miklajung,4,,0,0,0,0,0,0,2,2,0,0,0,3,0,0,3,0,2,1,1,0,0,2021-10-19,"Miklajung, Panchthar, Nepal",26.93790000000007,87.65494000000007
Yes,Landslide at Miklajung Rural Municipality-1,,nepal_police,Landslide,2021-10-19,Koshi,Panchthar,Miklajung,1,,0,0,0,0,0,0,1,1,0,0,0,0,0,0,0,0,0,0,0,0,0,2021-10-19,"Miklajung, Panchthar, Nepal",26.93790000000007,87.65494000000007
Yes,Landslide at Falgunanda Rural Municipality-3,,nepal_police,Landslide,2021-10-19,Koshi,Panchthar,Falgunanda,3,,0,0,0,0,0,0,2,2,0,0,0,0,0,0,0,0,10,6,4,0,0,2021-10-19,"Falgunanda, Panchthar, Nepal",27.04758000000004,87.76423000000005
Yes,Landslide at Miklajung Rural Municipality-5,,nepal_police,Landslide,2021-10-19,Koshi,Panchthar,Miklajung,5,,0,0,0,0,0,0,12,8,4,0,0,0,0,0,0,0,0,0,0,0,0,2021-10-19,"Miklajung, Panchthar, Nepal",26.93790000000007,87.65494000000007
Yes,Landslide at JayaPrithivi Municipality-3,,nepal_police,Landslide,2021-10-19,Sudurpashchim,Bajhang,JayaPrithivi,3,,0,0,0,0,1,0,0,0,0,0,0,0,0,0,0,0,0,0,0,0,0,2021-10-19,"JayaPrithivi, Bajhang, Nepal",29.552010000000053,81.16174000000007
Yes,Landslide at Kummayak Rural Municipality-2,,nepal_police,Landslide,2021-10-19,Koshi,Panchthar,Kummayak,2,,0,0,0,0,0,0,1,0,1,0,0,0,0,0,0,0,0,0,0,0,0,2021-10-19,"Kummayak, Panchthar, Nepal",27.07484000000005,87.62347000000005
Yes,"Landslide at upallagaum, Bogtan Rural Municipality-5",,nepal_police,Landslide,2021-10-19,Sudurpashchim,Doti,Bogtan,5,,0,0,0,0,0,0,1,0,1,0,0,0,0,0,0,0,5,2,3,0,0,2021-10-19,"Bogtan, Doti, Nepal",29.04997000000003,81.06600000000003
Yes,Landslide at Jorayal Rural Municipality-3,,nepal_police,Landslide,2021-10-19,Sudurpashchim,Doti,Jorayal,3,,0,0,0,0,0,0,1,1,0,0,0,0,0,0,0,0,1,0,1,0,0,2021-10-19,"Jorayal, Doti, Nepal",29.10286000000008,80.67617000000007
Yes,Landslide at Shivanath Rural Municipality-5,,nepal_police,Landslide,2021-10-19,Sudurpashchim,Baitadi,Shivanath,5,,0,0,1,1,0,0,3,2,1,0,0,0,0,0,0,0,0,0,0,0,0,2021-10-19,"Shivanath, Baitadi, Nepal",29.384120000000053,80.33562000000006
Yes,Landslide at Ganayapdhura Rural Municipality-3,,nepal_police,Landslide,2021-10-19,Sudurpashchim,Dadeldhura,Ganayapdhura,3,,0,0,0,0,0,0,1,1,0,0,0,0,0,0,0,0,0,0,0,0,0,2021-10-19,"Ganayapdhura, Dadeldhura, Nepal",29.248410000000035,80.68054000000006
Yes,Landslide at Budhiganga Municipality-6,,nepal_police,Landslide,2021-10-19,Sudurpashchim,Bajura,Budhiganga,6,,0,0,1,1,0,0,0,0,0,0,0,0,0,0,0,0,0,0,0,0,0,2021-10-19,"Budhiganga, Bajura, Nepal",29.360340000000065,81.32408000000004
Yes,Flood at Phikkal Rural Municipality-4,,nepal_police,Flood,2021-10-19,Bagmati,Sindhuli,Phikkal,4,,0,0,0,0,0,0,1,0,1,0,0,0,0,0,0,0,0,0,0,0,0,2021-10-19,"Phikkal, Sindhuli, Nepal",27.184100000000058,86.29469000000006
Yes,"Landslide at Kharegaun, Kharpunath Rural Municipality-5",,nepal_police,Landslide,2021-10-19,Karnali,Humla,Kharpunath,5,,0,0,1,1,0,0,6,6,0,0,0,0,0,0,0,0,0,0,0,0,0,2021-10-19,"Kharpunath, Humla, Nepal",30.083770000000072,82.10182000000003
Yes,"Flood at Birabagar, Bungal Municipality-4",,nepal_police,Flood,2021-10-19,Sudurpashchim,Bajhang,Bungal,4,,0,0,1,1,0,0,0,0,0,0,0,0,0,0,0,0,0,0,0,0,0,2021-10-19,"Bungal, Bajhang, Nepal",29.68936000000008,80.94905000000006
Yes,Landslide at Kharpunath Rural Municipality-4,,nepal_police,Landslide,2021-10-19,Karnali,Humla,Kharpunath,4,,0,0,0,0,0,3,0,0,0,0,0,0,0,0,0,0,0,0,0,0,0,2021-10-19,"Kharpunath, Humla, Nepal",30.083770000000072,82.10182000000003
Yes,"Landslide at pataliwada, Raskot Municipality-8",,nepal_police,Landslide,2021-10-19,Karnali,Kalikot,Raskot,8,,0,0,0,0,0,0,0,0,0,0,0,0,0,0,0,0,2,1,1,0,0,2021-10-19,"Raskot, Kalikot, Nepal",29.274650000000065,81.64553000000006
Yes,Landslide at Sayal Rural Municipality-4,,nepal_police,Landslide,2021-10-19,Sudurpashchim,Doti,Sayal,4,,0,0,0,0,0,0,1,1,0,0,0,0,0,0,0,0,0,0,0,0,0,2021-10-19,"Sayal, Doti, Nepal",29.368540000000053,80.97519000000005
Yes,"Flood at Dahare, Satyawati Rural Municipality-6",,nepal_police,Flood,2021-10-19,Lumbini,Gulmi,Satyawati,6,,0,0,0,0,0,0,0,0,0,0,0,0,0,0,0,0,0,0,0,0,0,2021-10-19,"Satyawati, Gulmi, Nepal",28.02869000000004,83.47358000000008
Yes,"Landslide at Nawalpur, Jorayal Rural Municipality-3",,nepal_police,Landslide,2021-10-19,Sudurpashchim,Doti,Jorayal,3,,0,0,1,1,0,0,2,1,1,0,0,0,0,0,0,0,1,0,1,0,0,2021-10-19,"Jorayal, Doti, Nepal",29.10286000000008,80.67617000000007
Yes,Flood at Ramprasad Rai Rural Municipality-6,,nepal_police,Flood,2021-10-19,Koshi,Bhojpur,Ramprasad Rai,6,,0,0,0,0,0,0,1,1,0,0,0,0,0,0,0,0,0,0,0,0,0,2021-10-19,"Ramprasad Rai, Bhojpur, Nepal",27.081200000000024,87.03347000000008
Yes,"Flood at Rokaya, Sayal Rural Municipality-1",,nepal_police,Flood,2021-10-19,Sudurpashchim,Doti,Sayal,1,,0,0,0,0,0,0,0,0,0,0,0,1,0,0,1,0,0,0,0,0,0,2021-10-19,"Sayal, Doti, Nepal",29.368540000000053,80.97519000000005
Yes,"Flood at Kalakatta, Belauri Municipality-8",,nepal_police,Flood,2021-10-19,Sudurpashchim,Kanchanpur,Belauri,8,,0,0,0,0,0,0,0,0,0,0,0,0,0,0,0,0,0,0,0,0,0,2021-10-19,"Belauri, Kanchanpur, Nepal",28.702510000000075,80.35681000000005
Yes,"Landslide at Tadipate, Amargadhi Municipality-1",,nepal_police,Landslide,2021-10-19,Sudurpashchim,Dadeldhura,Amargadhi,1,,0,0,1,1,0,4,0,0,0,0,0,0,0,0,0,0,2,1,1,0,0,2021-10-19,"Amargadhi, Dadeldhura, Nepal",29.306220000000053,80.61021000000005
Yes,"Landslide at pikhu, Khatyad Rural Municipality-4",,nepal_police,Landslide,2021-10-19,Karnali,Mugu,Khatyad,4,,0,0,0,0,0,5,0,0,0,0,0,0,0,0,0,0,0,0,0,0,0,2021-10-19,"Khatyad, Mugu, Nepal",29.53028000000006,81.90175000000005
Yes,"Landslide at Barbata, Shikhar Municipality-11",,nepal_police,Landslide,2021-10-19,Sudurpashchim,Doti,Shikhar,11,,0,0,0,0,0,0,1,0,1,0,0,0,0,0,0,0,0,0,0,0,0,2021-10-19,"Shikhar, Doti, Nepal",29.24472000000003,80.82259000000005
Yes,"Flood at kagate, Mahalaxmi Municipality-3",,nepal_police,Flood,2021-10-19,Koshi,Dhankuta,Mahalaxmi,3,,0,0,0,0,0,0,0,0,0,0,0,0,0,0,0,0,0,0,0,0,0,2021-10-19,"Mahalaxmi, Dhankuta, Nepal",27.133670000000052,87.33563000000004
Yes,Flood at Bheriganga Municipality-4,,nepal_police,Flood,2021-10-19,Karnali,Surkhet,Bheriganga,4,,0,0,0,0,0,0,0,0,0,0,0,0,0,0,0,0,1,1,0,0,0,2021-10-19,"Bheriganga, Surkhet, Nepal",28.47025000000008,81.68014000000005
Yes,"Landslide at Bhatkada, Ganayapdhura Rural Municipality-1",,nepal_police,Landslide,2021-10-19,Sudurpashchim,Dadeldhura,Ganayapdhura,1,,0,0,1,1,0,0,1,1,0,0,0,0,0,0,0,0,0,0,0,0,0,2021-10-19,"Ganayapdhura, Dadeldhura, Nepal",29.248410000000035,80.68054000000006
Yes,"Landslide at Dhikla, Thalara Rural Municipality-4",,nepal_police,Landslide,2021-10-19,Sudurpashchim,Bajhang,Thalara,4,,0,0,140,140,60,0,0,0,0,0,0,19,0,0,19,0,1,1,0,0,0,2021-10-19,"Thalara, Bajhang, Nepal",29.451770000000067,80.99607000000003
Yes,Landslide at Itahari Submetropolitan City-5,,nepal_police,Landslide,2021-10-19,Koshi,Sunsari,Itahari,5,,0,0,0,0,0,0,1,1,0,0,0,0,0,0,0,0,0,0,0,0,0,2021-10-19,"Itahari, Sunsari, Nepal",26.663710000000037,87.27403000000004
Yes,"Landslide at Khairekhola, Dharan Submetropolitan City-20",,nepal_police,Landslide,2021-10-19,Koshi,Sunsari,Dharan,20,,0,0,0,0,0,0,1,1,0,0,0,0,0,0,0,0,0,0,0,0,0,2021-10-19,"Dharan, Sunsari, Nepal",26.81436000000008,87.27972000000005
Yes,"Landslide at Melbote, Suryodaya Municipality-3",,nepal_police,Landslide,2021-10-19,Koshi,Ilam,Suryodaya,3,,0,0,1,1,0,0,1,0,1,0,0,0,0,0,0,0,0,0,0,0,0,2021-10-19,"Suryodaya, Ilam, Nepal",26.895880000000034,88.06804000000005
Yes,"Landslide at Salleri, Fakphokthum Rural Municipality-3",,nepal_police,Landslide,2021-10-19,Koshi,Ilam,Fakphokthum,3,,0,0,1,1,0,0,4,4,0,0,0,0,0,0,0,0,0,0,0,0,0,2021-10-19,"Fakphokthum, Ilam, Nepal",26.968860000000063,87.75438000000008
Yes,Landslide at Sayal Rural Municipality-1,,nepal_police,Landslide,2021-10-19,Sudurpashchim,Doti,Sayal,1,,0,0,0,0,0,0,1,1,0,0,0,0,0,0,0,0,0,0,0,0,0,2021-10-19,"Sayal, Doti, Nepal",29.368540000000053,80.97519000000005
Yes,Landslide at Illam Municipality-12,,nepal_police,Landslide,2021-10-19,Koshi,Ilam,Illam,12,,0,0,1,1,0,0,1,0,1,0,0,0,0,0,0,0,0,0,0,0,0,2021-10-19,"Illam, Ilam, Nepal",26.909430000000043,87.92824000000007
Yes,Landslide at Miklajung Rural Municipality-2,,nepal_police,Landslide,2021-10-19,Koshi,Panchthar,Miklajung,2,,0,0,0,0,0,0,6,1,5,0,0,0,0,0,0,0,0,0,0,0,0,2021-10-19,"Miklajung, Panchthar, Nepal",26.93790000000007,87.65494000000007
Yes,"Flood at Leguwa, Mahalaxmi Municipality-4",,nepal_police,Flood,2021-10-19,Koshi,Dhankuta,Mahalaxmi,4,,0,0,0,0,1,0,0,0,0,0,0,0,0,0,0,0,0,0,0,0,0,2021-10-19,"Mahalaxmi, Dhankuta, Nepal",27.133670000000052,87.33563000000004
Yes,Landslide at JayaPrithivi Municipality-2,,nepal_police,Landslide,2021-10-19,Sudurpashchim,Bajhang,JayaPrithivi,2,,0,0,0,0,1,0,0,0,0,0,0,0,0,0,0,0,0,0,0,0,0,2021-10-19,"JayaPrithivi, Bajhang, Nepal",29.552010000000053,81.16174000000007
Yes,Flood at Damak Municipality-7,,nepal_police,Flood,2021-10-19,Koshi,Jhapa,Damak,7,,0,0,7,7,0,0,0,0,0,0,0,0,0,0,0,0,0,0,0,0,0,2021-10-19,"Damak, Jhapa, Nepal",26.671410000000037,87.68287000000004
Yes,"Flood at Dungri, JayaPrithivi Municipality-3",,nepal_police,Flood,2021-10-19,Sudurpashchim,Bajhang,JayaPrithivi,3,,0,0,5,5,0,0,0,0,0,0,0,0,0,0,0,0,0,0,0,0,0,2021-10-19,"JayaPrithivi, Bajhang, Nepal",29.552010000000053,81.16174000000007
Yes,Landslide at Chainpur Municipality-11,,nepal_police,Landslide,2021-10-19,Koshi,Sankhuwasabha,Chainpur,11,,0,0,0,0,0,0,0,0,0,0,0,0,0,0,0,0,1,1,0,0,0,2021-10-19,"Chainpur, Sankhuwasabha, Nepal",27.30895000000004,87.40104000000008
Yes,"Flood at darlam, Tara Khola Rural Municipality-4",,nepal_police,Flood,2021-10-19,Gandaki,Baglung,Tara Khola,4,,0,0,0,0,0,0,0,0,0,0,0,0,0,0,0,0,0,0,0,0,0,2021-10-19,"Tara Khola, Baglung, Nepal",28.306050000000027,83.41532000000007
Yes,Landslide at Miklajung Rural Municipality-7,,nepal_police,Landslide,2021-10-19,Koshi,Panchthar,Miklajung,7,,0,0,0,0,0,0,2,1,1,0,0,0,0,0,0,0,0,0,0,0,0,2021-10-19,"Miklajung, Panchthar, Nepal",26.93790000000007,87.65494000000007
Yes,"Landslide at khirejagatol, Bhajani Municipality-8",,nepal_police,Landslide,2021-10-19,Sudurpashchim,Kailali,Bhajani,8,,0,0,1,1,0,0,0,0,0,0,0,0,0,0,0,0,0,0,0,0,0,2021-10-19,"Bhajani, Kailali, Nepal",28.52027000000004,80.96565000000004
Yes,Flood at Triyuga Municipality-5,,nepal_police,Flood,2021-10-19,Koshi,Udayapur,Triyuga,5,,0,0,0,0,0,0,1,1,0,0,0,0,0,0,0,0,0,0,0,0,0,2021-10-19,"Triyuga, Udayapur, Nepal",26.791900000000055,86.69900000000007
Yes,Landslide at Aadarsha Rural Municipality-1,,nepal_police,Landslide,2021-10-19,Sudurpashchim,Doti,Aadarsha,1,,0,0,0,0,0,0,2,2,0,0,0,0,0,0,0,0,3,1,2,0,0,2021-10-19,"Aadarsha, Doti, Nepal",29.18730000000005,80.85140000000007
Yes,"Landslide at Mulpani, Chaubise Rural Municipality-1",,nepal_police,Landslide,2021-10-19,Koshi,Dhankuta,Chaubise,1,,0,0,0,0,0,0,7,0,0,7,0,0,0,0,0,0,5,5,0,0,0,2021-10-19,"Chaubise, Dhankuta, Nepal",26.92253000000005,87.46656000000007
Yes,Landslide at Phidim Municipality-13,,nepal_police,Landslide,2021-10-19,Koshi,Panchthar,Phidim,13,,0,0,0,0,0,0,2,1,1,0,0,0,0,0,0,0,0,0,0,0,0,2021-10-19,"Phidim, Panchthar, Nepal",27.12137000000007,87.79307000000006
Yes,Landslide at Falgunanda Rural Municipality-4,,nepal_police,Landslide,2021-10-19,Koshi,Panchthar,Falgunanda,4,,0,0,0,0,0,0,2,1,1,0,0,0,0,0,0,0,0,0,0,0,0,2021-10-19,"Falgunanda, Panchthar, Nepal",27.04758000000004,87.76423000000005
Yes,"Flood at koshi tappu, Saptakoshi Municipality-9",,nepal_police,Flood,2021-10-19,Madhesh,Saptari,Saptakoshi,9,7000000.0,0,0,0,0,0,8,0,0,0,0,0,0,0,0,0,0,0,0,0,0,0,2021-10-19,"Saptakoshi, Saptari, Nepal",26.71733000000006,86.93621000000007
Yes,"Flood at Nawagau, Dhakari Rural Municipality-3",,nepal_police,Flood,2021-10-19,Sudurpashchim,Achham,Dhakari,3,,0,0,0,0,0,0,1,0,1,0,0,0,0,0,0,0,0,0,0,0,0,2021-10-19,"Dhakari, Achham, Nepal",28.976180000000056,81.22569000000004
Yes,"Landslide at Tengepur, Fakphokthum Rural Municipality-1",,nepal_police,Landslide,2021-10-19,Koshi,Ilam,Fakphokthum,1,,0,0,0,0,0,0,2,1,1,0,0,0,0,0,0,0,4,2,2,0,0,2021-10-19,"Fakphokthum, Ilam, Nepal",26.968860000000063,87.75438000000008
Yes,"Flood at Mallo, Chure Rural Municipality-4",,nepal_police,Flood,2021-10-18,Sudurpashchim,Kailali,Chure,4,,0,0,0,0,0,40,0,0,0,0,0,0,0,0,0,0,0,0,0,0,0,2021-10-18,"Chure, Kailali, Nepal",28.92739000000006,80.74607000000003
Yes,"Landslide at Boharatole, Bithadchir Rural Municipality-5",,nepal_police,Landslide,2021-10-18,Sudurpashchim,Bajhang,Bithadchir,5,,0,0,0,0,3,0,0,0,0,0,0,0,0,0,0,0,0,0,0,0,0,2021-10-18,"Bithadchir, Bajhang, Nepal",29.504040000000032,80.85600000000005
Yes,"Landslide at Badha gau, Mahakali_Darchula Municipality-2",,nepal_police,Landslide,2021-10-18,Sudurpashchim,Darchula,Mahakali_Darchula,2,,0,0,4,4,0,0,0,0,0,0,0,0,0,0,0,0,0,0,0,0,0,2021-10-18,"Mahakali_Darchula, Darchula, Nepal",29.807840000000056,80.56564000000003
Yes,Flood at Tatopani Rural Municipality-8,,nepal_police,Flood,2021-10-18,Karnali,Jumla,Tatopani,8,,0,0,0,0,0,0,0,0,0,0,0,1,0,0,1,0,0,0,0,0,0,2021-10-18,"Tatopani, Jumla, Nepal",29.186090000000036,81.98523000000006
Yes,Landslide at Sayal Rural Municipality-5,,nepal_police,Landslide,2021-10-18,Sudurpashchim,Doti,Sayal,5,,0,0,0,0,0,0,3,3,0,0,0,0,0,0,0,0,0,0,0,0,0,2021-10-18,"Sayal, Doti, Nepal",29.368540000000053,80.97519000000005
Yes,"Flood at Kantipath, Kathmandu Metropolitan City-1",,nepal_police,Flood,2021-10-05,Bagmati,Kathmandu,Kathmandu,1,30000000.0,0,0,0,0,0,0,0,0,0,0,0,0,0,0,0,0,0,0,0,0,0,2021-10-05,"Kathmandu, Kathmandu, Nepal",27.7120171,85.3129501
Yes,"Landslide at gulfa, Marma Rural Municipality-5",,nepal_police,Landslide,2021-09-29,Sudurpashchim,Darchula,Marma,5,,0,0,0,0,0,7,0,0,0,0,0,0,0,0,0,0,1,0,1,0,0,2021-09-29,"Marma, Darchula, Nepal",29.741630000000043,80.84767000000005
Yes,Flood at Raksirang Rural Municipality-8,,nepal_police,Flood,2021-09-28,Bagmati,Makwanpur,Raksirang,8,,0,0,0,0,0,0,1,0,1,0,0,0,0,0,0,0,0,0,0,0,0,2021-09-28,"Raksirang, Makwanpur, Nepal",27.59758000000005,84.85797000000008
Yes,"Landslide at Aadhimuhan, Kaligandagi Rural Municipality-7",,nepal_police,Landslide,2021-09-26,Gandaki,Syangja,Kaligandagi,7,,0,0,0,0,0,0,0,0,0,0,0,0,0,0,0,0,0,0,0,0,0,2021-09-26,"Kaligandagi, Syangja, Nepal",27.953040000000044,83.53811000000007
Yes,"Landslide at Thumka, Resunga Municipality-8",,nepal_police,Landslide,2021-09-22,Lumbini,Gulmi,Resunga,8,,0,0,1,1,0,0,3,0,3,0,0,0,0,0,0,0,0,0,0,0,0,2021-09-22,"Resunga, Gulmi, Nepal",28.052670000000035,83.25598000000008
Yes,"Flood at Tarikhet, Dhorpatan Municipality-1",,other,Flood,2021-09-22,Gandaki,Baglung,Dhorpatan,1,,0,0,1,1,0,0,0,0,0,0,0,0,0,0,0,0,0,0,0,0,0,2021-09-22,"Dhorpatan, Baglung, Nepal",28.390090000000043,83.11711000000008
Yes,"Landslide at Mohorai, Resunga Municipality-10",,nepal_police,Landslide,2021-09-22,Lumbini,Gulmi,Resunga,10,,0,0,0,0,0,2,0,0,0,0,0,0,0,0,0,0,0,0,0,0,0,2021-09-22,"Resunga, Gulmi, Nepal",28.052670000000035,83.25598000000008
Yes,"Landslide at Gard Ransi, Bheri Municipality-2",,nepal_police,Landslide,2021-09-21,Karnali,Jajarkot,Bheri,2,,0,0,0,0,0,0,0,0,0,0,0,0,0,0,0,0,1,1,0,0,0,2021-09-21,"Bheri, Jajarkot, Nepal",28.6975002,82.2187805
Yes,Landslide at Sanni Tribeni Rural Municipality-8,,nepal_police,Landslide,2021-09-21,Karnali,Kalikot,Sanni Tribeni,8,,0,0,0,0,0,0,0,0,0,0,0,0,0,0,0,0,1,1,0,0,0,2021-09-21,"Sanni Tribeni, Kalikot, Nepal",29.26276000000007,81.58511000000004
Yes,"Landslide at Chamarya, Gaumul Rural Municipality-1",,nepal_police,Landslide,2021-09-21,Sudurpashchim,Bajura,Gaumul,1,,0,0,0,0,0,2,0,0,0,0,0,0,0,0,0,0,0,0,0,0,0,2021-09-21,"Gaumul, Bajura, Nepal",29.56923000000006,81.48293000000007
Yes,"Flood at aaticharu, Badimalika Municipality-7",,nepal_police,Flood,2021-09-21,Sudurpashchim,Bajura,Badimalika,7,,0,0,2,2,0,0,0,0,0,0,0,0,0,0,0,0,0,0,0,0,0,2021-09-21,"Badimalika, Bajura, Nepal",29.43947000000003,81.49920000000003
Yes,"Flood at tribeni chok, Chandragiri Municipality-1",,nepal_police,Flood,2021-09-20,Bagmati,Kathmandu,Chandragiri,1,813000.0,0,0,0,0,0,0,0,0,0,0,0,0,0,0,0,0,0,0,0,0,0,2021-09-20,"Chandragiri, Kathmandu, Nepal",27.686960000000056,85.23522000000008
Yes,"Landslide at Melkhani, Chhedagad Municipality-11",,nepal_police,Landslide,2021-09-08,Karnali,Jajarkot,Chhedagad,11,,0,0,0,0,0,0,1,1,0,0,0,0,0,0,0,0,0,0,0,0,0,2021-09-08,"Chhedagad, Jajarkot, Nepal",28.750890000000027,82.01912000000004
Yes,"Flood at Mankhola, Khajura Rural Municipality-7",,nepal_police,Flood,2021-09-08,Lumbini,Banke,Khajura,7,,0,0,0,0,0,0,1,1,0,0,0,0,0,0,0,0,0,0,0,0,0,2021-09-08,"Khajura, Banke, Nepal",28.121140000000025,81.55185000000006
Yes,"Landslide at sunthakhani, Gokarneshwor Municipality-3",,nepal_police,Landslide,2021-09-07,Bagmati,Kathmandu,Gokarneshwor,3,,0,0,0,0,0,0,0,0,0,0,0,0,0,0,0,0,0,0,0,0,0,2021-09-07,"Gokarneshwor, Kathmandu, Nepal",27.765270000000044,85.40792000000005
Yes,"Landslide at Bamla, Rolpa Municipality-10",,nepal_police,Landslide,2021-09-06,Lumbini,Rolpa,Rolpa,10,,0,0,0,0,0,0,2,1,1,0,0,0,0,0,0,0,2,0,2,0,0,2021-09-06,"Rolpa, Rolpa, Nepal",28.325420000000065,82.64442000000008
Yes,"Landslide at Ghimiregau, Banepa Municipality-2",,nepal_police,Landslide,2021-09-06,Bagmati,Kavrepalanchok,Banepa,2,,0,0,1,1,0,0,0,0,0,0,0,0,0,0,0,0,2,1,1,0,0,2021-09-06,"Banepa, Kavrepalanchok, Nepal",27.632450000000063,85.52192000000008
Yes,"Landslide at Dulalgau, Banepa Municipality-2",,nepal_police,Landslide,2021-09-06,Bagmati,Kavrepalanchok,Banepa,2,3000000.0,0,0,0,0,1,1,0,0,0,0,0,0,0,0,0,0,0,0,0,0,0,2021-09-06,"Banepa, Kavrepalanchok, Nepal",27.632450000000063,85.52192000000008
Yes,"Flood at Sulichaur, Sunil Smriti Rural Municipality-4",,nepal_police,Flood,2021-09-06,Lumbini,Rolpa,Sunil Smriti,4,,0,0,0,0,0,0,0,0,0,0,0,0,0,0,0,0,0,0,0,0,0,2021-09-06,"Sunil Smriti, Rolpa, Nepal",28.325420000000065,82.64442000000008
Yes,"Flood at gothara, Kageshwori Manahora Municipality-8",,nepal_police,Flood,2021-09-06,Bagmati,Kathmandu,Kageshwori Manahora,8,2000000.0,0,0,0,0,0,0,0,0,0,0,0,0,0,0,0,0,0,0,0,0,0,2021-09-06,"Kageshwori Manahora, Kathmandu, Nepal",27.73165000000006,85.41696000000007
Yes,"Landslide at Dhadsirke, Nalgaad Municipality-5",,nepal_police,Landslide,2021-09-06,Karnali,Jajarkot,Nalgaad,5,,0,0,0,0,0,0,1,1,0,0,0,0,0,0,0,0,2,1,1,0,0,2021-09-06,"Nalgaad, Jajarkot, Nepal",28.6975002,82.2187805
Yes,"Landslide at saphithug, Phaktanglung Rural Municipality-6",,nepal_police,Landslide,2021-09-05,Koshi,Taplejung,Phaktanglung,6,,0,0,1,1,0,0,0,0,0,0,0,0,0,0,0,0,1,1,0,0,0,2021-09-05,"Phaktanglung, Taplejung, Nepal",27.68142000000006,87.92025000000007
Yes,"Flood at Kapan Tarkari bajar, Budhanilakantha Municipality-11",,nepal_police,Flood,2021-09-05,Bagmati,Kathmandu,Budhanilakantha,11,,0,0,0,0,0,0,1,1,0,0,0,0,0,0,0,0,0,0,0,0,0,2021-09-05,"Budhanilakantha, Kathmandu, Nepal",27.767520000000047,85.36397000000005
Yes,"Landslide at Gyankhola, Musikot Municipality-7",,nepal_police,Landslide,2021-09-05,Karnali,Rukum West,Musikot,7,,0,0,1,1,0,0,0,0,0,0,0,0,0,0,0,0,4,2,2,0,0,2021-09-05,"Musikot, Rukum West, Nepal",28.612720000000024,82.47214000000008
Yes,"Landslide at Durlung, Kushma Municipality-3",,nepal_police,Landslide,2021-09-03,Gandaki,Parbat,Kushma,3,,0,0,1,1,0,0,5,1,4,0,0,0,0,0,0,0,0,0,0,0,0,2021-09-03,"Kushma, Parbat, Nepal",28.23368000000005,83.68756000000008
Yes,"Landslide at Ambote, Modi Rural Municipality-5",,nepal_police,Landslide,2021-09-03,Gandaki,Parbat,Modi,5,,0,0,1,1,0,0,1,0,1,0,0,0,0,0,0,0,0,0,0,0,0,2021-09-03,"Modi, Parbat, Nepal",28.31015000000008,83.71883000000008
Yes,"Landslide at Simli, Kushma Municipality-11",,nepal_police,Landslide,2021-09-03,Gandaki,Parbat,Kushma,11,,0,0,1,1,0,0,2,2,0,0,0,0,0,0,0,0,0,0,0,0,0,2021-09-03,"Kushma, Parbat, Nepal",28.23368000000005,83.68756000000008
Yes,Flood at Hetauda Submetropolitan City-17,,nepal_police,Flood,2021-09-03,Bagmati,Makwanpur,Hetauda,17,,0,0,0,0,0,0,2,2,0,0,0,0,0,0,0,0,0,0,0,0,0,2021-09-03,"Hetauda, Makwanpur, Nepal",27.428390000000036,85.03219000000007
Yes,"Landslide at Bhirkatari, Bareng Rural Municipality-3",,nepal_police,Landslide,2021-09-03,Gandaki,Baglung,Bareng,3,,0,0,0,0,0,0,0,0,0,0,0,0,0,0,0,0,0,0,0,0,0,2021-09-03,"Bareng, Baglung, Nepal",28.13795000000005,83.51379000000009
Yes,"Landslide at Yakhopcha, Meringden Rural Municipality-5",,nepal_police,Landslide,2021-09-03,Koshi,Taplejung,Meringden,5,6000000.0,0,0,0,0,0,0,0,0,0,0,0,0,0,0,0,0,0,0,0,0,0,2021-09-03,"Meringden, Taplejung, Nepal",27.48237000000006,87.54417000000007
Yes,"Flood at Kahu, Pokhara Lekhnath Metropolitan City-11",,nepal_police,Flood,2021-09-02,Gandaki,Kaski,Pokhara Lekhnath,11,,0,0,0,0,0,0,0,0,0,0,0,0,0,0,0,0,0,0,0,0,0,2021-09-02,"Pokhara Lekhnath, Kaski, Nepal",28.20806000000005,83.98452000000003
Yes,"Landslide at Bhalam, Pokhara Lekhnath Metropolitan City-20",,nepal_police,Landslide,2021-09-02,Gandaki,Kaski,Pokhara Lekhnath,20,,0,0,1,1,0,0,3,1,2,0,0,0,0,0,0,0,0,0,0,0,0,2021-09-02,"Pokhara Lekhnath, Kaski, Nepal",28.20806000000005,83.98452000000003
Yes,Landslide at Pokhara Lekhnath Metropolitan City-11,,nepal_police,Landslide,2021-09-02,Gandaki,Kaski,Pokhara Lekhnath,11,,0,0,1,1,0,0,1,1,0,0,0,0,0,0,0,0,1,0,1,0,0,2021-09-02,"Pokhara Lekhnath, Kaski, Nepal",28.20806000000005,83.98452000000003
Yes,"Flood at Kahukhola, Pokhara Lekhnath Metropolitan City-13",,nepal_police,Flood,2021-09-02,Gandaki,Kaski,Pokhara Lekhnath,13,,0,0,0,0,0,1,0,0,0,0,0,0,0,0,0,0,0,0,0,0,0,2021-09-02,"Pokhara Lekhnath, Kaski, Nepal",28.20806000000005,83.98452000000003
Yes,"Flood at Bara, Pokhara Lekhnath Metropolitan City-8",,nepal_police,Flood,2021-09-01,Gandaki,Kaski,Pokhara Lekhnath,8,,0,0,0,0,0,0,0,0,0,0,0,0,0,0,0,0,0,0,0,0,0,2021-09-01,"Pokhara Lekhnath, Kaski, Nepal",28.20806000000005,83.98452000000003
Yes,"Landslide at Hayaya, Golanjor Rural Municipality-6",,nepal_police,Landslide,2021-09-01,Bagmati,Sindhuli,Golanjor,6,,0,0,0,0,0,0,0,0,0,0,0,0,0,0,0,0,0,0,0,0,0,2021-09-01,"Golanjor, Sindhuli, Nepal",27.26159000000007,86.05895000000004
Yes,"Landslide at bhamalam, Pokhara Lekhnath Metropolitan City-20",,nepal_police,Landslide,2021-09-01,Gandaki,Kaski,Pokhara Lekhnath,20,,0,0,0,0,1,0,2,1,1,0,0,0,0,0,0,0,0,0,0,0,0,2021-09-01,"Pokhara Lekhnath, Kaski, Nepal",28.20806000000005,83.98452000000003
Yes,"Flood at Gogli, Ghorahi Submetropolitan City-4",,nepal_police,Flood,2021-09-01,Lumbini,Dang,Ghorahi,4,,0,0,0,0,0,0,4,0,4,0,0,0,0,0,0,0,1,1,0,0,0,2021-09-01,"Ghorahi, Dang, Nepal",28.02500000000003,82.46558000000005
Yes,"Landslide at dalla, Dunhu Rural Municipality-5",,nepal_police,Landslide,2021-09-01,Sudurpashchim,Darchula,Dunhu,5,,0,0,1,1,0,0,1,1,0,0,0,0,0,0,0,0,1,0,1,0,0,2021-09-01,"Dunhu, Darchula, Nepal",29.892100000000028,80.61957000000007
Yes,"Landslide at phatpur, Suryagadhi Rural Municipality-2",,nepal_police,Landslide,2021-08-31,Bagmati,Nuwakot,Suryagadhi,2,400000.0,0,0,1,1,0,0,0,0,0,0,0,0,0,0,0,0,0,0,0,0,0,2021-08-31,"Suryagadhi, Nuwakot, Nepal",27.94628000000006,85.23922000000005
Yes,"Flood at kumalthandi, Likhu Rural Municipality-6",,nepal_police,Flood,2021-08-31,Bagmati,Nuwakot,Likhu,6,8100000.0,0,0,0,0,0,0,0,0,0,0,0,0,0,0,0,0,0,0,0,0,0,2021-08-31,"Likhu, Nuwakot, Nepal",27.889080000000035,85.21776000000006
Yes,"Landslide at jhandrek, Panini Rural Municipality-7",,nepal_police,Landslide,2021-08-31,Lumbini,Arghakhanchi,Panini,7,,0,0,0,0,0,7,1,0,1,0,0,0,0,0,0,0,3,3,0,0,0,2021-08-31,"Panini, Arghakhanchi, Nepal",27.884160000000065,83.25291000000004
Yes,Flood at Raghuganga Rural Municipality-8,,nepal_police,Flood,2021-08-30,Gandaki,Myagdi,Raghuganga,8,,0,0,0,0,5,0,0,0,0,0,0,0,0,0,0,0,3,1,2,0,0,2021-08-30,"Raghuganga, Myagdi, Nepal",28.535030000000063,83.51666000000006
Yes,"Landslide at baspani, Dunhu Rural Municipality-1",,nepal_police,Landslide,2021-08-30,Sudurpashchim,Darchula,Dunhu,1,,0,0,1,1,0,0,2,1,1,0,0,0,0,0,0,0,0,0,0,0,0,2021-08-30,"Dunhu, Darchula, Nepal",29.892100000000028,80.61957000000007
Yes,"Landslide at hatiya, Ribdikot Rural Municipality-4",,nepal_police,Landslide,2021-08-30,Lumbini,Palpa,Ribdikot,4,,0,0,1,1,0,0,0,0,0,0,0,0,0,0,0,0,0,0,0,0,0,2021-08-30,"Ribdikot, Palpa, Nepal",27.86674000000005,83.45471000000003
Yes,"Landslide at kaule, Kakani Rural Municipality-2",,nepal_police,Landslide,2021-08-30,Bagmati,Nuwakot,Kakani,2,200000.0,0,0,1,1,0,0,0,0,0,0,0,0,0,0,0,0,0,0,0,0,0,2021-08-30,"Kakani, Nuwakot, Nepal",27.822460000000035,85.24631000000005
Yes,"Landslide at dalla, Dunhu Rural Municipality-5",,nepal_police,Landslide,2021-08-30,Sudurpashchim,Darchula,Dunhu,5,,0,0,1,1,0,0,1,1,0,0,0,0,0,0,0,0,1,0,1,0,0,2021-08-30,"Dunhu, Darchula, Nepal",29.892100000000028,80.61957000000007
Yes,"Flood at rigur, Apihimal Rural Municipality-3",,nepal_police,Flood,2021-08-30,Sudurpashchim,Darchula,Apihimal,3,,0,0,0,0,0,0,0,0,0,0,0,0,0,0,0,0,0,0,0,0,0,2021-08-30,"Apihimal, Darchula, Nepal",29.870160000000055,80.88376000000005
Yes,"Landslide at pakpa, Barahtal Rural Municipality-2",,nepal_police,Landslide,2021-08-29,Karnali,Surkhet,Barahtal,2,,0,0,0,0,0,0,1,0,1,0,0,0,0,0,0,0,0,0,0,0,0,2021-08-29,"Barahtal, Surkhet, Nepal",28.65372000000008,81.45104000000003
Yes,Flood at Dunhu Rural Municipality-3,,nepal_police,Flood,2021-08-29,Sudurpashchim,Darchula,Dunhu,3,,0,0,0,0,0,0,0,0,0,0,0,0,0,0,0,0,0,0,0,0,0,2021-08-29,"Dunhu, Darchula, Nepal",29.892100000000028,80.61957000000007
Yes,"Flood at shreebagar, Mahakali_Darchula Municipality-1",,nepal_police,Flood,2021-08-29,Sudurpashchim,Darchula,Mahakali_Darchula,1,,0,0,10,10,0,0,0,0,0,0,0,0,0,0,0,0,0,0,0,0,0,2021-08-29,"Mahakali_Darchula, Darchula, Nepal",29.807840000000056,80.56564000000003
Yes,"Landslide at thada gholcjer, Marma Rural Municipality-1",,nepal_police,Landslide,2021-08-29,Sudurpashchim,Darchula,Marma,1,,0,0,0,0,0,22,0,0,0,0,0,0,0,0,0,0,0,0,0,0,0,2021-08-29,"Marma, Darchula, Nepal",29.741630000000043,80.84767000000005
Yes,"Landslide at katunje, Roshi Rural Municipality-7",,nepal_police,Landslide,2021-08-29,Bagmati,Kavrepalanchok,Roshi,7,,0,0,0,0,0,0,1,1,0,0,0,0,0,0,0,0,1,1,0,0,0,2021-08-29,"Roshi, Kavrepalanchok, Nepal",27.46843000000007,85.65714000000008
Yes,"Landslide at ramdi, Galyang Municipality-1",,nepal_police,Landslide,2021-08-29,Gandaki,Syangja,Galyang,1,,0,0,1,1,0,0,1,1,0,0,0,0,0,0,0,0,3,2,1,0,0,2021-08-29,"Galyang, Syangja, Nepal",27.958170000000052,83.65736000000004
Yes,"Landslide at dumaredanda , Tansen Municipality-8",,nepal_police,Landslide,2021-08-29,Lumbini,Palpa,Tansen,8,,0,0,1,1,0,0,0,0,0,0,0,0,0,0,0,0,0,0,0,0,0,2021-08-29,"Tansen, Palpa, Nepal",27.867310000000032,83.54670000000004
Yes,"Flood at boradadi , Dhangadhi Submetropolitan City-3",,nepal_police,Flood,2021-08-28,Sudurpashchim,Kailali,Dhangadhi,3,,0,0,0,0,0,0,0,0,0,0,0,1,0,0,1,0,0,0,0,0,0,2021-08-28,"Dhangadhi, Kailali, Nepal",28.701370000000058,80.58975000000004
Yes,"Landslide at Chaudandi, Kedarseu Rural Municipality-5",,nepal_police,Landslide,2021-08-28,Sudurpashchim,Bajhang,Kedarseu,5,,0,0,0,0,1,0,0,0,0,0,0,0,0,0,0,0,0,0,0,0,0,2021-08-28,"Kedarseu, Bajhang, Nepal",29.51347000000004,80.93567000000007
Yes,"Landslide at Dogade, Godawari_Kailali Municipality-4",,nepal_police,Landslide,2021-08-28,Sudurpashchim,Kailali,Godawari_Kailali,4,150000.0,0,0,0,0,1,3,0,0,0,0,0,0,0,0,0,0,0,0,0,0,0,2021-08-28,"Godawari_Kailali, Kailali, Nepal",28.878270000000043,80.58259000000004
Yes,Flood at Binayee Tribeni Rural Municipality-4,,nepal_police,Flood,2021-08-27,Gandaki,Nawalparasi East,Binayee Tribeni,4,276000.0,0,0,0,0,0,0,0,0,0,0,0,0,0,0,0,0,0,0,0,0,0,2021-08-27,"Binayee Tribeni, Nawalparasi East, Nepal",27.630790000000047,83.86238000000003
Yes,"Landslide at Milan Choke, Katari Municipality-2",,nepal_police,Landslide,2021-08-27,Koshi,Udayapur,Katari,2,,0,0,0,0,0,0,1,1,0,0,0,0,0,0,0,0,0,0,0,0,0,2021-08-27,"Katari, Udayapur, Nepal",27.021750000000058,86.42236000000008
Yes,"Flood at Kothe pul, Godawari_Kailali Municipality-4",,nepal_police,Flood,2021-08-27,Sudurpashchim,Kailali,Godawari_Kailali,4,,0,0,0,0,0,0,0,0,0,0,0,0,0,0,0,0,0,0,0,0,0,2021-08-27,"Godawari_Kailali, Kailali, Nepal",28.878270000000043,80.58259000000004
Yes,"Landslide at Matillo Char, Hupsekot Rural Municipality-4",,nepal_police,Landslide,2021-08-27,Gandaki,Nawalparasi East,Hupsekot,4,,0,0,1,1,0,0,3,0,3,0,0,0,0,0,0,0,0,0,0,0,0,2021-08-27,"Hupsekot, Nawalparasi East, Nepal",27.70028000000008,84.06548000000004
Yes,"Flood at Betauliya, Omsatiya Rural Municipality-4",,nepal_police,Flood,2021-08-27,Lumbini,Rupandehi,Omsatiya,4,,0,0,0,0,0,0,1,1,0,0,0,0,0,0,0,0,0,0,0,0,0,2021-08-27,"Omsatiya, Rupandehi, Nepal",27.531780000000023,83.52423000000005
Yes,"Flood at Bittijor, Golanjor Rural Municipality-2",,nepal_police,Flood,2021-08-27,Bagmati,Sindhuli,Golanjor,2,,0,0,0,0,0,0,0,0,0,0,0,1,0,0,1,0,1,1,0,0,0,2021-08-27,"Golanjor, Sindhuli, Nepal",27.26159000000007,86.05895000000004
Yes,"Flood at Baki, Dangisharan Rural Municipality-1",,nepal_police,Flood,2021-08-27,Lumbini,Dang,Dangisharan,1,,0,0,0,0,0,0,1,1,0,0,0,0,0,0,0,0,0,0,0,0,0,2021-08-27,"Dangisharan, Dang, Nepal",28.08608000000004,82.15646000000004
Yes,"Landslide at Ulje, Jorayal Rural Municipality-2",,nepal_police,Landslide,2021-08-26,Sudurpashchim,Doti,Jorayal,2,,0,0,0,0,0,2,0,0,0,0,0,0,0,0,0,0,0,0,0,0,0,2021-08-26,"Jorayal, Doti, Nepal",29.10286000000008,80.67617000000007
Yes,"Landslide at Salmatole, Shadananda Municipality-6",,nepal_police,Landslide,2021-08-26,Koshi,Bhojpur,Shadananda,6,4000000.0,0,0,0,0,0,0,0,0,0,0,0,0,0,0,0,0,0,0,0,0,0,2021-08-26,"Shadananda, Bhojpur, Nepal",27.33764000000008,87.10635000000008
Yes,"Flood at Baitada, Bedkot Municipality-4",,nepal_police,Flood,2021-08-26,Sudurpashchim,Kanchanpur,Bedkot,4,1750000.0,0,0,0,0,0,0,0,0,0,0,0,0,0,0,0,0,0,0,0,0,0,2021-08-26,"Bedkot, Kanchanpur, Nepal",28.98192000000006,80.26710000000008
Yes,"Flood at Narayangadh, Madi Municipality-4",,nepal_police,Flood,2021-08-26,Bagmati,Chitwan,Madi,4,,0,0,0,0,0,0,0,0,0,0,0,0,0,0,0,0,0,0,0,0,0,2021-08-26,"Madi, Chitwan, Nepal",27.434610000000077,84.35334000000006
Yes,"Landslide at Mainakhola, Gurans Rural Municipality-1",,nepal_police,Landslide,2021-08-25,Karnali,Dailekh,Gurans,1,,0,0,0,0,0,0,0,0,0,0,0,0,0,0,0,0,3,2,1,0,0,2021-08-25,"Gurans, Dailekh, Nepal",28.710710000000063,81.64515000000006
Yes,"Landslide at Nimri, Rolpa Municipality-7",,nepal_police,Landslide,2021-08-25,Lumbini,Rolpa,Rolpa,7,,0,0,0,0,0,0,0,0,0,0,0,0,0,0,0,0,0,0,0,0,0,2021-08-25,"Rolpa, Rolpa, Nepal",28.325420000000065,82.64442000000008
Yes,Flood at Kumakh Rural Municipality-4,,nepal_police,Flood,2021-08-24,Karnali,Salyan,Kumakh,4,,0,0,0,0,0,0,1,0,1,0,0,0,0,0,0,0,0,0,0,0,0,2021-08-24,"Kumakh, Salyan, Nepal",27.38271000000003,86.58654000000007
Yes,"Flood at Lalipur, Dhangadhi Submetropolitan City-19",,nepal_police,Flood,2021-08-24,Sudurpashchim,Kailali,Dhangadhi,19,,0,0,0,0,0,0,0,0,0,0,0,0,0,0,0,0,0,0,0,0,0,2021-08-24,"Dhangadhi, Kailali, Nepal",28.701370000000058,80.58975000000004
Yes,"Flood at Pagiyapasar, Bhajani Municipality-5",,nepal_police,Flood,2021-08-24,Sudurpashchim,Kailali,Bhajani,5,,0,0,0,0,0,0,0,0,0,0,0,0,0,0,0,0,0,0,0,0,0,2021-08-24,"Bhajani, Kailali, Nepal",28.52027000000004,80.96565000000004
Yes,"Landslide at Phulib, Sunchhahari Rural Municipality-1",,nepal_police,Landslide,2021-08-21,Lumbini,Rolpa,Sunchhahari,1,,0,0,0,0,3,0,0,0,0,0,0,0,0,0,0,0,0,0,0,0,0,2021-08-21,"Sunchhahari, Rolpa, Nepal",28.380250000000046,82.83012000000008
Yes,Landslide at Alital Rural Municipality-1,,nepal_police,Landslide,2021-08-20,Sudurpashchim,Dadeldhura,Alital,1,,0,0,0,0,0,0,0,0,0,0,0,0,0,0,0,0,0,0,0,0,0,2021-08-20,"Alital, Dadeldhura, Nepal",29.11393000000004,80.49384000000003
Yes,"Landslide at Thumlung, Salpasilichho Rural Municipality-6",,nepal_police,Landslide,2021-08-20,Koshi,Bhojpur,Salpasilichho,6,1075000.0,0,0,0,0,0,0,0,0,0,0,0,0,0,0,0,0,0,0,0,0,0,2021-08-20,"Salpasilichho, Bhojpur, Nepal",27.383150000000057,86.98153000000008
Yes,"Landslide at phandra, Bhimphedi Rural Municipality-3",,nepal_police,Landslide,2021-08-20,Bagmati,Makwanpur,Bhimphedi,3,,0,0,0,0,0,0,0,0,0,0,0,0,0,0,0,0,0,0,0,0,0,2021-08-20,"Bhimphedi, Makwanpur, Nepal",27.53260000000006,85.11616000000004
Yes,"Landslide at kalipula, Jaljala Rural Municipality-3",,nepal_police,Landslide,2021-08-19,Gandaki,Parbat,Jaljala,3,,0,0,0,0,0,0,1,1,0,0,0,0,0,0,0,0,2,2,0,0,0,2021-08-19,"Jaljala, Parbat, Nepal",28.327360000000056,83.62489000000005
Yes,"Landslide at kaldharu, Belkotgadhi Municipality-5",,nepal_police,Landslide,2021-08-19,Bagmati,Nuwakot,Belkotgadhi,5,,0,0,0,0,0,0,1,1,0,0,0,0,0,0,0,0,0,0,0,0,0,2021-08-19,"Belkotgadhi, Nuwakot, Nepal",27.82594000000006,85.11147000000005
Yes,Landslide at Naubahini Rural Municipality-5,,nepal_police,Landslide,2021-08-19,Lumbini,Pyuthan,Naubahini,5,253500.0,0,0,1,1,0,3,0,0,0,0,0,0,0,0,0,0,0,0,0,0,0,2021-08-19,"Naubahini, Pyuthan, Nepal",28.253160000000037,82.91058000000004
Yes,"Flood at Mulpani, Kageshwori Manahora Municipality-5",,nepal_police,Flood,2021-08-19,Bagmati,Kathmandu,Kageshwori Manahora,5,,0,0,0,0,0,0,0,0,0,0,0,0,0,0,0,0,0,0,0,0,0,2021-08-19,"Kageshwori Manahora, Kathmandu, Nepal",27.73165000000006,85.41696000000007
Yes,"Landslide at OKharpauwa, Kakani Rural Municipality-5",,nepal_police,Landslide,2021-08-19,Bagmati,Nuwakot,Kakani,5,,0,0,0,0,1,0,0,0,0,0,0,0,0,0,0,0,1,1,0,0,0,2021-08-19,"Kakani, Nuwakot, Nepal",27.822460000000035,85.24631000000005
Yes,"Landslide at kodadha, Naukunda Rural Municipality-5",,nepal_police,Landslide,2021-08-19,Bagmati,Rasuwa,Naukunda,5,,0,0,1,1,0,0,4,1,3,0,0,0,0,0,0,0,1,1,0,0,0,2021-08-19,"Naukunda, Rasuwa, Nepal",28.01946000000004,85.30304000000007
Yes,"Landslide at Chumling, Chum Nubri Rural Municipality-6",,nepal_police,Landslide,2021-08-19,Gandaki,Gorkha,Chum Nubri,6,,0,0,0,0,0,0,0,0,0,0,0,0,0,0,0,0,0,0,0,0,0,2021-08-19,"Chum Nubri, Gorkha, Nepal",28.54200000000003,84.87538000000006
Yes,"Landslide at Dumredanda, Airawati Rural Municipality-1",,nepal_police,Landslide,2021-08-15,Lumbini,Pyuthan,Airawati,1,150000.0,0,0,0,0,0,5,0,0,0,0,0,0,0,0,0,0,0,0,0,0,0,2021-08-15,"Airawati, Pyuthan, Nepal",27.990350000000035,82.91276000000005
Yes,"Landslide at Pakhresiude, Kailash Rural Municipality-8",,nepal_police,Landslide,2021-08-15,Bagmati,Makwanpur,Kailash,8,1000000.0,0,0,0,0,0,0,0,0,0,0,0,0,0,0,0,0,0,0,0,0,0,2021-08-15,"Kailash, Makwanpur, Nepal",27.609880000000032,84.95558000000005
Yes,"Landslide at Pachhawang, Bhume Rural Municipality-8",,nepal_police,Landslide,2021-08-15,Lumbini,Rukum East,Bhume,8,,0,0,1,1,0,0,0,0,0,0,0,0,0,0,0,0,0,0,0,0,0,2021-08-15,"Bhume, Rukum East, Nepal",28.566590000000076,82.68457000000006
Yes,Landslide at Tadi Rural Municipality-6,,nepal_police,Landslide,2021-08-14,Bagmati,Nuwakot,Tadi,6,,0,0,0,0,0,0,0,0,0,0,0,0,0,0,0,0,0,0,0,0,0,2021-08-14,"Tadi, Nuwakot, Nepal",27.966570000000047,85.33973000000003
Yes,"Landslide at Dubidada, Runtigadi Rural Municipality-5",,nepal_police,Landslide,2021-08-13,Lumbini,Rolpa,Runtigadi,5,200000.0,0,0,1,1,0,0,0,0,0,0,0,0,0,0,0,0,0,0,0,0,0,2021-08-13,"Runtigadi, Rolpa, Nepal",28.17731000000003,82.51468000000006
Yes,"Landslide at Maidan, Panini Rural Municipality-5",,nepal_police,Landslide,2021-08-13,Lumbini,Arghakhanchi,Panini,5,,0,0,0,0,1,0,1,1,0,0,0,0,0,0,0,0,0,0,0,0,0,2021-08-13,"Panini, Arghakhanchi, Nepal",27.884160000000065,83.25291000000004
Yes,Landslide at Tatopani Rural Municipality-7,,nepal_police,Landslide,2021-08-12,Karnali,Jumla,Tatopani,7,,0,0,0,0,0,0,3,2,1,0,0,0,0,0,0,0,0,0,0,0,0,2021-08-12,"Tatopani, Jumla, Nepal",29.186090000000036,81.98523000000006
Yes,"Landslide at Patakharka, Malika Rural Municipality-2",,nepal_police,Landslide,2021-08-12,Lumbini,Gulmi,Malika,2,,0,0,0,0,0,0,1,0,1,0,0,0,0,0,0,0,0,0,0,0,0,2021-08-12,"Malika, Gulmi, Nepal",28.213590000000067,83.14999000000006
Yes,"Flood at Ruinibang, Sunil Smriti Rural Municipality-3",,nepal_police,Flood,2021-08-12,Lumbini,Rolpa,Sunil Smriti,3,1400000.0,0,0,0,0,0,0,0,0,0,0,0,0,0,0,0,0,0,0,0,0,0,2021-08-12,"Sunil Smriti, Rolpa, Nepal",28.325420000000065,82.64442000000008
Yes,"Landslide at Pokhregaun, Changunarayan Municipality-4",,nepal_police,Landslide,2021-08-12,Bagmati,Bhaktapur,Changunarayan,4,300000.0,0,0,0,0,0,0,0,0,0,0,0,0,0,0,0,0,0,0,0,0,0,2021-08-12,"Changunarayan, Bhaktapur, Nepal",27.692080000000033,85.45493000000005
Yes,"Landslide at Chudarikhola, Mallarani Rural Municipality-1",,nepal_police,Landslide,2021-08-11,Lumbini,Pyuthan,Mallarani,1,,0,0,1,1,0,5,0,0,0,0,0,0,0,0,0,0,0,0,0,0,0,2021-08-11,"Mallarani, Pyuthan, Nepal",28.075630000000046,82.91985000000005
Yes,"Landslide at Hedbox , Tinau Rural Municipality-3",,nepal_police,Landslide,2021-08-10,Lumbini,Palpa,Tinau,3,,0,0,0,0,0,0,0,0,0,0,0,0,0,0,0,0,4,4,0,0,0,2021-08-10,"Tinau, Palpa, Nepal",27.76465000000007,83.47024000000005
Yes,Landslide at Gosaikunda Rural Municipality-4,,nepal_police,Landslide,2021-08-10,Bagmati,Rasuwa,Gosaikunda,4,,0,0,0,0,0,0,1,1,0,0,0,0,0,0,0,0,0,0,0,0,0,2021-08-10,"Gosaikunda, Rasuwa, Nepal",28.083330000000046,85.42667000000006
Yes,"Flood at Simleni, Tulsipur Submetropolitan City-4",,nepal_police,Flood,2021-08-09,Lumbini,Dang,Tulsipur,4,,0,0,0,0,0,0,2,1,1,0,0,0,0,0,0,0,0,0,0,0,0,2021-08-09,"Tulsipur, Dang, Nepal",28.130990000000057,82.29726000000005
Yes,"Flood at Jutdhunga, Chhatreshwori Rural Municipality-4",,nepal_police,Flood,2021-08-07,Karnali,Salyan,Chhatreshwori,4,,0,0,0,0,0,0,1,1,0,0,0,0,0,0,0,0,1,0,1,0,0,2021-08-07,"Chhatreshwori, Salyan, Nepal",28.35770000000008,82.30807000000004
Yes,"Landslide at Kharkhare, Musikot Municipality-3",,nepal_police,Landslide,2021-08-05,Karnali,Rukum West,Musikot,3,,0,0,0,0,0,0,0,0,0,0,0,0,0,0,0,0,2,1,1,0,0,2021-08-05,"Musikot, Rukum West, Nepal",28.612720000000024,82.47214000000008
Yes,"Landslide at Lokpa, Chum Nubri Rural Municipality-6",,nepal_police,Landslide,2021-08-05,Gandaki,Gorkha,Chum Nubri,6,,0,0,0,0,0,0,0,0,0,0,0,0,0,0,0,0,0,0,0,0,0,2021-08-05,"Chum Nubri, Gorkha, Nepal",28.54200000000003,84.87538000000006
Yes,"Flood at thaudilkhola, Halesi Tuwachung Municipality-1",,nepal_police,Flood,2021-08-04,Koshi,Khotang,Halesi Tuwachung,1,7500000.0,0,0,0,0,0,0,0,0,0,0,0,0,0,0,0,0,0,0,0,0,0,2021-08-04,"Halesi Tuwachung, Khotang, Nepal",27.167500000000075,86.60338000000007
Yes,"Landslide at siddhibaba, Tinau Rural Municipality-3",,nepal_police,Landslide,2021-08-02,Lumbini,Palpa,Tinau,3,,0,0,0,0,0,0,1,1,0,0,0,0,0,0,0,0,0,0,0,0,0,2021-08-02,"Tinau, Palpa, Nepal",27.76465000000007,83.47024000000005
Yes,"Landslide at Migu, Swami Kartik Rural Municipality-5",,nepal_police,Landslide,2021-08-02,Sudurpashchim,Bajura,Swami Kartik,5,,0,0,1,1,0,0,0,0,0,0,0,0,0,0,0,0,0,0,0,0,0,2021-08-02,"Swami Kartik, Bajura, Nepal",29.427170000000046,81.75914000000006
Yes,"Landslide at Khatigaun, Sukidaha Rural Municipality-1",,nepal_police,Landslide,2021-08-02,Lumbini,Rolpa,Sukidaha,1,80000.0,0,0,0,0,1,0,0,0,0,0,0,0,0,0,0,0,0,0,0,0,0,2021-08-02,"Sukidaha, Rolpa, Nepal",28.446260000000052,82.42218000000008
Yes,"Flood at Chanaute, Helambu Rural Municipality-7",,nepal_police,Flood,2021-08-01,Bagmati,Sindhupalchok,Helambu,7,,0,0,1,1,0,0,0,0,0,0,0,0,0,0,0,0,0,0,0,0,0,2021-08-01,"Helambu, Sindhupalchok, Nepal",28.006340000000023,85.53386000000006
Yes,Flood at Helambu Rural Municipality-4,,nepal_police,Flood,2021-08-01,Bagmati,Sindhupalchok,Helambu,4,,0,0,2,2,0,0,0,0,0,0,0,0,0,0,0,0,0,0,0,0,0,2021-08-01,"Helambu, Sindhupalchok, Nepal",28.006340000000023,85.53386000000006
Yes,"Flood at Gauribyasi, Helambu Rural Municipality-3",,nepal_police,Flood,2021-08-01,Bagmati,Sindhupalchok,Helambu,3,,0,0,1,1,0,0,0,0,0,0,0,0,0,0,0,0,0,0,0,0,0,2021-08-01,"Helambu, Sindhupalchok, Nepal",28.006340000000023,85.53386000000006
Yes,"Flood at Palchokimai, Helambu Rural Municipality-2",,nepal_police,Flood,2021-08-01,Bagmati,Sindhupalchok,Helambu,2,,0,0,5,5,0,0,0,0,0,0,0,0,0,0,0,0,0,0,0,0,0,2021-08-01,"Helambu, Sindhupalchok, Nepal",28.006340000000023,85.53386000000006
Yes,"Flood at bugarhai, Tripurasundari Rural Municipality-2",,nepal_police,Flood,2021-08-01,Bagmati,Sindhupalchok,Tripurasundari,2,85000.0,0,0,1,1,0,0,0,0,0,0,0,0,0,0,0,0,0,0,0,0,0,2021-08-01,"Tripurasundari, Sindhupalchok, Nepal",27.75215000000003,85.95203000000004
Yes,"Flood at Chiurikharka, Helambu Rural Municipality-1",,nepal_police,Flood,2021-08-01,Bagmati,Sindhupalchok,Helambu,1,,0,0,4,4,0,0,0,0,0,0,0,0,0,0,0,0,0,0,0,0,0,2021-08-01,"Helambu, Sindhupalchok, Nepal",28.006340000000023,85.53386000000006
Yes,"Flood at Melamchibajar, Melamchi Municipality-11",,nepal_police,Flood,2021-07-31,Bagmati,Sindhupalchok,Melamchi,11,,0,0,0,0,0,0,0,0,0,0,0,0,0,0,0,0,0,0,0,0,0,2021-07-31,"Melamchi, Sindhupalchok, Nepal",27.81918000000007,85.52994000000007
Yes,Flood at Helambu Rural Municipality-7,,nepal_police,Flood,2021-07-31,Bagmati,Sindhupalchok,Helambu,7,,0,0,0,0,0,0,0,0,0,0,0,0,0,0,0,0,0,0,0,0,0,2021-07-31,"Helambu, Sindhupalchok, Nepal",28.006340000000023,85.53386000000006
Yes,"Landslide at Bandre, Bidur Municipality-1",,nepal_police,Landslide,2021-07-30,Bagmati,Nuwakot,Bidur,1,,0,0,0,0,1,0,0,0,0,0,0,0,0,0,0,0,1,0,1,0,0,2021-07-30,"Bidur, Nuwakot, Nepal",27.919220000000053,85.13351000000006
Yes,"Landslide at Doblam, Doramba Rural Municipality-7",,nepal_police,Landslide,2021-07-30,Bagmati,Ramechhap,Doramba,7,100000.0,0,0,0,0,0,6,0,0,0,0,0,0,0,0,0,0,0,0,0,0,0,2021-07-30,"Doramba, Ramechhap, Nepal",27.51176000000004,85.93942000000004
Yes,"Landslide at Thingdanda, Indrasarowar Rural Municipality-3",,nepal_police,Landslide,2021-07-30,Bagmati,Makwanpur,Indrasarowar,3,,0,0,0,0,0,0,0,0,0,0,0,0,0,0,0,0,1,1,0,0,0,2021-07-30,"Indrasarowar, Makwanpur, Nepal",27.601470000000063,85.18921000000006
Yes,"Landslide at Pinkhuri, Khadadevi Rural Municipality-9",,nepal_police,Landslide,2021-07-29,Bagmati,Ramechhap,Khadadevi,9,,0,0,0,0,1,9,0,0,0,0,0,0,0,0,0,0,1,1,0,0,0,2021-07-29,"Khadadevi, Ramechhap, Nepal",27.426410000000033,85.91784000000007
Yes,"Landslide at saipatug, Bhume Rural Municipality-2",,nepal_police,Landslide,2021-07-29,Lumbini,Rukum East,Bhume,2,,0,0,0,0,0,0,0,0,0,0,0,0,0,0,0,0,1,1,0,0,0,2021-07-29,"Bhume, Rukum East, Nepal",28.566590000000076,82.68457000000006
Yes,"Landslide at Kuduha, Gaumul Rural Municipality-2",,nepal_police,Landslide,2021-07-28,Sudurpashchim,Bajura,Gaumul,2,,0,0,0,0,0,0,0,0,0,0,0,0,0,0,0,0,0,0,0,0,0,2021-07-28,"Gaumul, Bajura, Nepal",29.56923000000006,81.48293000000007
Yes,"Landslide at halig, Madi Rural Municipality-6",,nepal_police,Landslide,2021-07-28,Lumbini,Rolpa,Madi,6,,0,0,0,0,0,0,0,0,0,0,0,0,0,0,0,0,0,0,0,0,0,2021-07-28,"Madi, Rolpa, Nepal",28.402390000000025,82.50796000000008
Yes,"Landslide at kabharrukha, Naraharinath Rural Municipality-6",,nepal_police,Landslide,2021-07-28,Karnali,Kalikot,Naraharinath,6,,0,0,0,0,0,0,1,0,1,0,0,0,0,0,0,0,0,0,0,0,0,2021-07-28,"Naraharinath, Kalikot, Nepal",29.220120000000065,81.53317000000004
Yes,Landslide at Bhotekoshi Rural Municipality-4,,nepal_police,Landslide,2021-07-26,Bagmati,Sindhupalchok,Bhotekoshi,4,,0,0,0,0,0,0,0,0,0,0,0,0,0,0,0,0,0,0,0,0,0,2021-07-26,"Bhotekoshi, Sindhupalchok, Nepal",27.93172000000004,85.90808000000004
Yes,"Flood at chuma, Patrasi Rural Municipality-3",,nepal_police,Flood,2021-07-26,Karnali,Jumla,Patrasi,3,,0,0,0,0,0,0,1,0,1,0,0,0,0,0,0,0,0,0,0,0,0,2021-07-26,"Patrasi, Jumla, Nepal",29.370790000000056,82.36889000000008
Yes,"Landslide at Gurung Gau, Shivapuri Rural Municipality-6",,nepal_police,Landslide,2021-07-25,Bagmati,Nuwakot,Shivapuri,6,,0,0,0,0,0,0,0,0,0,0,0,0,0,0,0,0,0,0,0,0,0,2021-07-25,"Shivapuri, Nuwakot, Nepal",27.811740000000043,85.38590000000005
Yes,"Landslide at Chhepatta, Dilasaini Rural Municipality-2",,nepal_police,Landslide,2021-07-25,Sudurpashchim,Baitadi,Dilasaini,2,,0,0,1,1,0,3,0,0,0,0,0,0,0,0,0,0,0,0,0,0,0,2021-07-25,"Dilasaini, Baitadi, Nepal",29.65922000000006,80.60709000000008
Yes,"Landslide at Hulma, Khandachakra Municipality-2",,nepal_police,Landslide,2021-07-23,Karnali,Kalikot,Khandachakra,2,,0,0,0,0,0,0,0,0,0,0,0,0,0,0,0,0,0,0,0,0,0,2021-07-23,"Khandachakra, Kalikot, Nepal",29.158830000000023,81.66961000000003
Yes,Landslide at Mapya Dudhkoshi Rural Municipality-6,,nepal_police,Landslide,2021-07-22,Koshi,Solukhumbu,Mapya Dudhkoshi,6,900000.0,0,0,0,0,0,0,0,0,0,0,0,0,0,0,0,0,0,0,0,0,0,2021-07-22,"Mapya Dudhkoshi, Solukhumbu, Nepal",27.53875000000005,86.69517000000008
Yes,"Landslide at Jalkani, Udayapurgadhi Rural Municipality-4",,nepal_police,Landslide,2021-07-22,Koshi,Udayapur,Udayapurgadhi,4,1400000.0,0,0,0,0,1,4,0,0,0,0,0,0,0,0,0,0,0,0,0,0,0,2021-07-22,"Udayapurgadhi, Udayapur, Nepal",26.91515000000004,86.55004000000008
Yes,"Landslide at basali, Budhiganga Municipality-3",,nepal_police,Landslide,2021-07-22,Sudurpashchim,Bajura,Budhiganga,3,,0,0,2,2,1,0,0,0,0,0,0,0,0,0,0,0,0,0,0,0,0,2021-07-22,"Budhiganga, Bajura, Nepal",29.360340000000065,81.32408000000004
Yes,"Flood at Mankhola, Apihimal Rural Municipality-3",,nepal_police,Flood,2021-07-22,Sudurpashchim,Darchula,Apihimal,3,,0,0,0,0,0,0,0,0,0,0,0,0,0,0,0,0,0,0,0,0,0,2021-07-22,"Apihimal, Darchula, Nepal",29.870160000000055,80.88376000000005
Yes,"Landslide at Suvang, Hilihang Rural Municipality-5",,nepal_police,Landslide,2021-07-22,Koshi,Panchthar,Hilihang,5,,0,0,0,0,0,0,1,1,0,0,0,0,0,0,0,0,0,0,0,0,0,2021-07-22,"Hilihang, Panchthar, Nepal",27.22121000000004,87.79430000000008
Yes,"Landslide at Gangate, Bangad Kupinde Municipality-11",,nepal_police,Landslide,2021-07-21,Karnali,Salyan,Bangad Kupinde,11,5500000.0,0,0,1,1,0,0,0,0,0,0,0,0,0,0,0,0,2,2,0,0,0,2021-07-21,"Bangad Kupinde, Salyan, Nepal",28.493000000000052,82.06911000000008
Yes,"Landslide at Shikerbashi, Dupcheshwar Rural Municipality-7",,nepal_police,Landslide,2021-07-21,Bagmati,Nuwakot,Dupcheshwar,7,,0,0,2,2,0,2,0,0,0,0,0,0,0,0,0,0,1,0,1,0,0,2021-07-21,"Dupcheshwar, Nuwakot, Nepal",27.98195000000004,85.43297000000007
Yes,Landslide at Thulung Dudhkoshi Rural Municipality-3,,nepal_police,Landslide,2021-07-21,Koshi,Solukhumbu,Thulung Dudhkoshi,3,45000.0,0,0,0,0,1,0,0,0,0,0,0,0,0,0,0,0,0,0,0,0,0,2021-07-21,"Thulung Dudhkoshi, Solukhumbu, Nepal",27.53875000000005,86.69517000000008
Yes,Landslide at Mapya Dudhkoshi Rural Municipality-7,,nepal_police,Landslide,2021-07-21,Koshi,Solukhumbu,Mapya Dudhkoshi,7,500000.0,0,0,0,0,0,0,0,0,0,0,0,0,0,0,0,0,0,0,0,0,0,2021-07-21,"Mapya Dudhkoshi, Solukhumbu, Nepal",27.53875000000005,86.69517000000008
Yes,"Flood at Osara, Janakpur Submetropolitan City-17",,nepal_police,Flood,2021-07-21,Madhesh,Dhanusa,Janakpur,17,50000.0,0,0,0,0,1,0,0,0,0,0,0,0,0,0,0,0,0,0,0,0,0,2021-07-21,"Janakpur, Dhanusa, Nepal",26.72882000000004,85.92628000000008
Yes,"Landslide at Majhuwa, Shadananda Municipality-10",,nepal_police,Landslide,2021-07-18,Koshi,Bhojpur,Shadananda,10,2300000.0,0,0,0,0,0,2,0,0,0,0,0,0,0,0,0,0,0,0,0,0,0,2021-07-18,"Shadananda, Bhojpur, Nepal",27.33764000000008,87.10635000000008
Yes,"Flood at Nikal, Hansapur Municipality-5",,nepal_police,Flood,2021-07-18,Madhesh,Dhanusa,Hansapur,5,75000.0,0,0,0,0,1,0,0,0,0,0,0,0,0,0,0,0,0,0,0,0,0,2021-07-18,"Hansapur, Dhanusa, Nepal",26.755880000000047,86.01212000000004
Yes,"Landslide at Minangtole, Baudikali Rural Municipality-1",,nepal_police,Landslide,2021-07-18,Gandaki,Nawalparasi East,Baudikali,1,,0,0,1,1,1,0,0,0,0,0,0,0,0,0,0,0,0,0,0,0,0,2021-07-18,"Baudikali, Nawalparasi East, Nepal",27.65399000000008,84.03213000000005
Yes,"Landslide at Bhusinga, Khijidemba Rural Municipality-8",,nepal_police,Landslide,2021-07-18,Koshi,Okhaldhunga,Khijidemba,8,,0,0,4,4,4,0,0,0,0,0,0,0,0,0,0,0,0,0,0,0,0,2021-07-18,"Khijidemba, Okhaldhunga, Nepal",27.449370000000044,86.35829000000007
Yes,"Landslide at Dumre, Tinau Rural Municipality-6",,nepal_police,Landslide,2021-07-16,Lumbini,Palpa,Tinau,6,,0,0,0,0,0,0,1,1,0,0,0,0,0,0,0,0,1,1,0,0,0,2021-07-16,"Tinau, Palpa, Nepal",27.76465000000007,83.47024000000005
Yes,"Flood at Bkkhor, Hupsekot Rural Municipality-5",,nepal_police,Flood,2021-07-16,Gandaki,Nawalparasi East,Hupsekot,5,,0,0,3,3,0,0,0,0,0,0,0,0,0,0,0,0,0,0,0,0,0,2021-07-16,"Hupsekot, Nawalparasi East, Nepal",27.70028000000008,84.06548000000004
Yes,"Landslide at Hadepakha, Baglung Municipality-3",,nepal_police,Landslide,2021-07-16,Gandaki,Baglung,Baglung,3,,0,0,0,0,0,0,0,0,0,0,0,0,0,0,0,0,0,0,0,0,0,2021-07-16,"Baglung, Baglung, Nepal",28.2666961,83.5832976
Yes,"Landslide at Ralpa, Byas Rural Municipality-2",,nepal_police,Landslide,2021-07-15,Sudurpashchim,Darchula,Byas,2,,0,0,0,0,0,0,1,0,1,0,0,0,0,0,0,0,1,0,1,0,0,2021-07-15,"Byas, Darchula, Nepal",30.05753000000004,80.93850000000003
Yes,"Landslide at Hemja, Pokhara Lekhnath Metropolitan City-25",,nepal_police,Landslide,2021-07-15,Gandaki,Kaski,Pokhara Lekhnath,25,,0,0,0,0,1,0,0,0,0,0,0,0,0,0,0,0,0,0,0,0,0,2021-07-15,"Pokhara Lekhnath, Kaski, Nepal",28.20806000000005,83.98452000000003
Yes,Flood at Sanphebagar Municipality-1,,nepal_police,Flood,2021-07-14,Sudurpashchim,Achham,Sanphebagar,1,,0,0,0,0,0,0,1,0,0,1,0,0,0,0,0,0,0,0,0,0,0,2021-07-14,"Sanphebagar, Achham, Nepal",29.25887000000006,81.18146000000007
Yes,Flood at Sainamaina Municipality-10,,nepal_police,Flood,2021-07-14,Lumbini,Rupandehi,Sainamaina,10,,0,0,0,0,0,0,1,0,1,0,0,1,0,0,1,0,0,0,0,0,0,2021-07-14,"Sainamaina, Rupandehi, Nepal",27.707460000000022,83.30405000000007
Yes,"Landslide at Khalbang, Nisikhola Rural Municipality-5",,nepal_police,Landslide,2021-07-14,Gandaki,Baglung,Nisikhola,5,,0,0,1,1,0,0,0,0,0,0,0,0,0,0,0,0,0,0,0,0,0,2021-07-14,"Nisikhola, Baglung, Nepal",28.37636000000003,83.02216000000004
Yes,Flood at Rajpur Rural Municipality-5,,nepal_police,Flood,2021-07-14,Lumbini,Dang,Rajpur,5,1000000.0,0,0,0,0,0,0,0,0,0,0,0,0,0,0,0,0,0,0,0,0,0,2021-07-14,"Rajpur, Dang, Nepal",27.829630000000066,82.35444000000007
Yes,"Landslide at Gaudepul, Tansen Municipality-8",,nepal_police,Landslide,2021-07-12,Lumbini,Palpa,Tansen,8,,0,0,0,0,0,0,0,0,0,0,0,0,0,0,0,0,0,0,0,0,0,2021-07-12,"Tansen, Palpa, Nepal",27.867310000000032,83.54670000000004
Yes,"Flood at Badhimuhan, Marin Rural Municipality-5",,nepal_police,Flood,2021-07-11,Bagmati,Sindhuli,Marin,5,,0,0,0,0,0,0,1,1,0,0,0,0,0,0,0,0,0,0,0,0,0,2021-07-11,"Marin, Sindhuli, Nepal",27.248060000000063,85.70006000000006
Yes,"Landslide at Kauradi Gaitola, Sayal Rural Municipality-1",,nepal_police,Landslide,2021-07-11,Sudurpashchim,Doti,Sayal,1,,0,0,0,0,1,2,0,0,0,0,0,0,0,0,0,0,0,0,0,0,0,2021-07-11,"Sayal, Doti, Nepal",29.368540000000053,80.97519000000005
Yes,Landslide at Halesi Tuwachung Municipality-11,,nepal_police,Landslide,2021-07-11,Koshi,Khotang,Halesi Tuwachung,11,,0,0,0,0,0,0,0,0,0,0,0,0,0,0,0,0,1,1,0,0,0,2021-07-11,"Halesi Tuwachung, Khotang, Nepal",27.167500000000075,86.60338000000007
Yes,"Landslide at Javamire, Naugad Rural Municipality-3",,nepal_police,Landslide,2021-07-10,Sudurpashchim,Darchula,Naugad,3,,0,0,1,1,0,0,0,0,0,0,0,0,0,0,0,0,0,0,0,0,0,2021-07-10,"Naugad, Darchula, Nepal",29.797800000000052,80.67992000000004
Yes,"Landslide at Kharanitar, Tadi Rural Municipality-3",,nepal_police,Landslide,2021-07-10,Bagmati,Nuwakot,Tadi,3,,0,0,0,0,0,1,0,0,0,0,0,0,0,0,0,0,0,0,0,0,0,2021-07-10,"Tadi, Nuwakot, Nepal",27.966570000000047,85.33973000000003
Yes,"Landslide at Olina, Badimalika Municipality-4",,nepal_police,Landslide,2021-07-10,Sudurpashchim,Bajura,Badimalika,4,,0,0,0,0,0,0,0,0,0,0,0,0,0,0,0,0,0,0,0,0,0,2021-07-10,"Badimalika, Bajura, Nepal",29.43947000000003,81.49920000000003
Yes,"Landslide at Jungu, Gaurishankar Rural Municipality-2",,nepal_police,Landslide,2021-07-10,Bagmati,Dolakha,Gaurishankar,2,,0,0,0,0,2,0,0,0,0,0,0,0,0,0,0,0,1,0,1,0,0,2021-07-10,"Gaurishankar, Dolakha, Nepal",27.809750000000065,86.32435000000004
Yes,"Landslide at Chithang, Bhimeshwor Municipality-6",,nepal_police,Landslide,2021-07-10,Bagmati,Dolakha,Bhimeshwor,6,,0,0,0,0,1,0,0,0,0,0,0,0,0,0,0,0,0,0,0,0,0,2021-07-10,"Bhimeshwor, Dolakha, Nepal",27.67855000000003,86.02374000000003
Yes,Landslide at Thulung Dudhkoshi Rural Municipality-9,,nepal_police,Landslide,2021-07-09,Koshi,Solukhumbu,Thulung Dudhkoshi,9,50000.0,0,0,0,0,0,1,0,0,0,0,0,0,0,0,0,0,0,0,0,0,0,2021-07-09,"Thulung Dudhkoshi, Solukhumbu, Nepal",27.53875000000005,86.69517000000008
Yes,"Landslide at Kalanki, Kathmandu Metropolitan City-14",,nepal_police,Landslide,2021-07-09,Bagmati,Kathmandu,Kathmandu,14,,0,0,0,0,0,0,0,0,0,0,0,0,0,0,0,0,0,0,0,0,0,2021-07-09,"Kathmandu, Kathmandu, Nepal",27.7120171,85.3129501
Yes,"Flood at Batasa, Madhyabindu Municipality-11",,nepal_police,Flood,2021-07-08,Gandaki,Nawalparasi East,Madhyabindu,11,,0,0,2,2,1,0,0,0,0,0,0,0,0,0,0,0,0,0,0,0,0,2021-07-08,"Madhyabindu, Nawalparasi East, Nepal",27.63571000000007,83.98817000000008
Yes,"Landslide at Dadhiban, Rhishing Rural Municipality-7",,nepal_police,Landslide,2021-07-08,Gandaki,Tanahu,Rhishing,7,,0,0,3,3,0,0,1,0,1,0,0,0,0,0,0,0,0,0,0,0,0,2021-07-08,"Rhishing, Tanahu, Nepal",27.90138000000007,84.22744000000006
Yes,"Flood at Khahare, Bandipur Rural Municipality-2",,nepal_police,Flood,2021-07-08,Gandaki,Tanahu,Bandipur,2,,0,0,2,2,0,0,0,0,0,0,0,0,0,0,0,0,0,0,0,0,0,2021-07-08,"Bandipur, Tanahu, Nepal",27.918600000000023,84.39420000000007
Yes,"Landslide at Bhirgaun, Sandakpur Rural Municipality-3",,nepal_police,Landslide,2021-07-08,Koshi,Ilam,Sandakpur,3,306000.0,0,0,0,0,0,1,0,0,0,0,0,0,0,0,0,0,0,0,0,0,0,2021-07-08,"Sandakpur, Ilam, Nepal",27.048190000000034,87.95381000000003
Yes,"Landslide at Baghmara, Pokhara Lekhnath Metropolitan City-33",,nepal_police,Landslide,2021-07-08,Gandaki,Kaski,Pokhara Lekhnath,33,,0,0,0,0,0,0,0,0,0,0,0,0,0,0,0,0,0,0,0,0,0,2021-07-08,"Pokhara Lekhnath, Kaski, Nepal",28.20806000000005,83.98452000000003
Yes,"Landslide at Gittikhani, Tinau Rural Municipality-5",,nepal_police,Landslide,2021-07-08,Lumbini,Palpa,Tinau,5,,0,0,5,5,0,0,3,2,1,0,0,0,0,0,0,0,6,2,4,0,0,2021-07-08,"Tinau, Palpa, Nepal",27.76465000000007,83.47024000000005
Yes,"Landslide at Mudhabas, Nisdi Rural Municipality-4",,nepal_police,Landslide,2021-07-08,Lumbini,Palpa,Nisdi,4,,0,0,0,0,0,1,0,0,0,0,0,0,0,0,0,0,0,0,0,0,0,2021-07-08,"Nisdi, Palpa, Nepal",27.785150000000044,83.90900000000005
Yes,"Landslide at Chautara, Ruru Rural Municipality-4",,nepal_police,Landslide,2021-07-08,Lumbini,Gulmi,Ruru,4,,0,0,0,0,0,12,0,0,0,0,0,0,0,0,0,0,0,0,0,0,0,2021-07-08,"Ruru, Gulmi, Nepal",27.983790000000056,83.42567000000008
Yes,"Flood at Ghumte, Myagde Rural Municipality-7",,nepal_police,Flood,2021-07-08,Gandaki,Tanahu,Myagde,7,,0,0,0,0,0,0,1,1,0,0,0,0,0,0,0,0,0,0,0,0,0,2021-07-08,"Myagde, Tanahu, Nepal",28.007160000000056,84.15608000000003
Yes,"Flood at Garmitole, Madhyabindu Municipality-15",,nepal_police,Flood,2021-07-08,Gandaki,Nawalparasi East,Madhyabindu,15,100000.0,0,0,1,1,0,0,0,0,0,0,0,0,0,0,0,0,0,0,0,0,0,2021-07-08,"Madhyabindu, Nawalparasi East, Nepal",27.63571000000007,83.98817000000008
Yes,"Landslide at Majhkot, Rhishing Rural Municipality-8",,nepal_police,Landslide,2021-07-08,Gandaki,Tanahu,Rhishing,8,,0,0,0,0,0,0,1,1,0,0,0,0,0,0,0,0,0,0,0,0,0,2021-07-08,"Rhishing, Tanahu, Nepal",27.90138000000007,84.22744000000006
Yes,"Landslide at Ghusmeli, Taman Khola Rural Municipality-1",,nepal_police,Landslide,2021-07-07,Gandaki,Baglung,Taman Khola,1,,0,0,0,0,0,0,0,0,0,0,0,1,0,0,1,0,0,0,0,0,0,2021-07-07,"Taman Khola, Baglung, Nepal",28.44011000000006,83.21649000000008
Yes,"Landslide at Simle, Khandbari Municipality-1",,nepal_police,Landslide,2021-07-07,Koshi,Sankhuwasabha,Khandbari,1,,0,0,0,0,1,0,0,0,0,0,0,0,0,0,0,0,0,0,0,0,0,2021-07-07,"Khandbari, Sankhuwasabha, Nepal",27.37604000000005,87.20767000000006
Yes,"Flood at Chankhapur, Pokhara Lekhnath Metropolitan City-18",,nepal_police,Flood,2021-07-07,Gandaki,Kaski,Pokhara Lekhnath,18,115000.0,0,0,0,0,0,0,0,0,0,0,0,0,0,0,0,0,0,0,0,0,0,2021-07-07,"Pokhara Lekhnath, Kaski, Nepal",28.20806000000005,83.98452000000003
Yes,"Landslide at Jamir, Naugad Rural Municipality-3",,nepal_police,Landslide,2021-07-07,Sudurpashchim,Darchula,Naugad,3,,0,0,3,3,0,0,3,0,3,0,0,0,0,0,0,0,1,0,1,0,0,2021-07-07,"Naugad, Darchula, Nepal",29.797800000000052,80.67992000000004
Yes,"Landslide at Tintale, Sandakpur Rural Municipality-4",,nepal_police,Landslide,2021-07-07,Koshi,Ilam,Sandakpur,4,150000.0,0,0,0,0,0,0,0,0,0,0,0,0,0,0,0,0,0,0,0,0,0,2021-07-07,"Sandakpur, Ilam, Nepal",27.048190000000034,87.95381000000003
Yes,"Landslide at Gusmeli, Tara Khola Rural Municipality-3",,nepal_police,Landslide,2021-07-07,Gandaki,Baglung,Tara Khola,3,,0,0,0,0,0,0,0,0,0,0,0,0,0,0,0,0,2,2,0,0,0,2021-07-07,"Tara Khola, Baglung, Nepal",28.306050000000027,83.41532000000007
Yes,"Landslide at Ratamata, Tara Khola Rural Municipality-3",,nepal_police,Landslide,2021-07-07,Gandaki,Baglung,Tara Khola,3,,0,0,0,0,0,12,0,0,0,0,0,0,0,0,0,0,0,0,0,0,0,2021-07-07,"Tara Khola, Baglung, Nepal",28.306050000000027,83.41532000000007
Yes,"Landslide at Pogram, Tara Khola Rural Municipality-2",,nepal_police,Landslide,2021-07-07,Gandaki,Baglung,Tara Khola,2,,0,0,1,1,0,0,0,0,0,0,0,0,0,0,0,0,0,0,0,0,0,2021-07-07,"Tara Khola, Baglung, Nepal",28.306050000000027,83.41532000000007
Yes,"Landslide at Stupa, Pokhara Lekhnath Metropolitan City-22",,nepal_police,Landslide,2021-07-07,Gandaki,Kaski,Pokhara Lekhnath,22,,0,0,0,0,1,0,0,0,0,0,0,0,0,0,0,0,0,0,0,0,0,2021-07-07,"Pokhara Lekhnath, Kaski, Nepal",28.20806000000005,83.98452000000003
Yes,"Flood at mahuli, Agnisair Krishna Savaran Rural Municipality-1",,nepal_police,Flood,2021-07-06,Madhesh,Saptari,Agnisair Krishna Savaran,1,,0,0,0,0,0,0,1,0,1,0,0,0,0,0,0,0,0,0,0,0,0,2021-07-06,"Agnisair Krishna Savaran, Saptari, Nepal",26.640040000000056,86.78881000000007
Yes,"Landslide at Dobilla, Kushma Municipality-8",,nepal_police,Landslide,2021-07-06,Gandaki,Parbat,Kushma,8,,0,0,0,0,0,0,1,1,0,0,0,1,0,0,1,0,0,0,0,0,0,2021-07-06,"Kushma, Parbat, Nepal",28.23368000000005,83.68756000000008
Yes,"Flood at Chhisbang, Mangala Rural Municipality-5",,nepal_police,Flood,2021-07-06,Gandaki,Myagdi,Mangala,5,,0,0,0,0,0,0,2,1,1,0,0,0,0,0,0,0,0,0,0,0,0,2021-07-06,"Mangala, Myagdi, Nepal",28.378610000000037,83.44644000000005
Yes,"Landslide at Mungling, Bharatpur Metropolitan City-29",,nepal_police,Landslide,2021-07-06,Bagmati,Chitwan,Bharatpur,29,,0,0,0,0,0,0,0,0,0,0,0,0,0,0,0,0,1,1,0,0,0,2021-07-06,"Bharatpur, Chitwan, Nepal",27.67680000000007,84.43589000000009
Yes,Flood at Raksirang Rural Municipality-9,,nepal_police,Flood,2021-07-05,Bagmati,Makwanpur,Raksirang,9,,0,0,0,0,0,0,1,1,0,0,0,0,0,0,0,0,0,0,0,0,0,2021-07-05,"Raksirang, Makwanpur, Nepal",27.59758000000005,84.85797000000008
Yes,"Landslide at Bot Gaun, Sabhapokhari Rural Municipality-2",,nepal_police,Landslide,2021-07-05,Koshi,Sankhuwasabha,Sabhapokhari,2,400000.0,0,0,1,1,0,0,0,0,0,0,0,0,0,0,0,0,0,0,0,0,0,2021-07-05,"Sabhapokhari, Sankhuwasabha, Nepal",27.437680000000057,87.35873000000004
Yes,"Landslide at Tenchhong, Silichong Rural Municipality-1",,nepal_police,Landslide,2021-07-05,Koshi,Sankhuwasabha,Silichong,1,,0,0,1,1,0,0,0,0,0,0,0,0,0,0,0,0,0,0,0,0,0,2021-07-05,"Silichong, Sankhuwasabha, Nepal",27.514760000000024,87.07129000000003
Yes,"Flood at GhorDhaira, Ghorahi Submetropolitan City-19",,nepal_police,Flood,2021-07-05,Lumbini,Dang,Ghorahi,19,,0,0,0,0,0,0,1,1,0,0,0,0,0,0,0,0,0,0,0,0,0,2021-07-05,"Ghorahi, Dang, Nepal",28.02500000000003,82.46558000000005
Yes,"Landslide at Kubinde, Triyuga Municipality-15",,nepal_police,Landslide,2021-07-04,Koshi,Udayapur,Triyuga,15,100000.0,0,0,0,0,1,0,0,0,0,0,0,0,0,0,0,0,0,0,0,0,0,2021-07-04,"Triyuga, Udayapur, Nepal",26.791900000000055,86.69900000000007
Yes,"Landslide at Gurunda, Umakunda Rural Municipality-2",,nepal_police,Landslide,2021-07-04,Bagmati,Ramechhap,Umakunda,2,,0,0,0,0,0,2,0,0,0,0,0,0,0,0,0,0,0,0,0,0,0,2021-07-04,"Umakunda, Ramechhap, Nepal",27.64432000000005,86.44809000000004
Yes,Landslide at Aathrai Tribeni Rural Municipality-1,,nepal_police,Landslide,2021-07-04,Koshi,Taplejung,Aathrai Tribeni,1,250000.0,0,0,0,0,0,0,0,0,0,0,0,0,0,0,0,0,0,0,0,0,0,2021-07-04,"Aathrai Tribeni, Taplejung, Nepal",27.31899000000004,87.61039000000005
Yes,Flood at Ishworpur Municipality-13,,nepal_police,Flood,2021-07-04,Madhesh,Sarlahi,Ishworpur,13,,0,0,0,0,0,0,1,1,0,0,0,0,0,0,0,0,0,0,0,0,0,2021-07-04,"Ishworpur, Sarlahi, Nepal",27.03917000000007,85.71704000000005
Yes,"Landslide at Solaban, Mapya Dudhkoshi Rural Municipality-6",,nepal_police,Landslide,2021-07-04,Koshi,Solukhumbu,Mapya Dudhkoshi,6,800000.0,0,0,1,1,0,0,0,0,0,0,0,0,0,0,0,0,0,0,0,0,0,2021-07-04,"Mapya Dudhkoshi, Solukhumbu, Nepal",27.53875000000005,86.69517000000008
Yes,"Landslide at Banchare, Tadi Rural Municipality-5",,nepal_police,Landslide,2021-07-04,Bagmati,Nuwakot,Tadi,5,300000.0,0,0,0,0,0,0,0,0,0,0,0,0,0,0,0,0,0,0,0,0,0,2021-07-04,"Tadi, Nuwakot, Nepal",27.966570000000047,85.33973000000003
Yes,Flood at Bandipur Rural Municipality-1,,nepal_police,Flood,2021-07-03,Gandaki,Tanahu,Bandipur,1,1500000.0,0,0,0,0,0,0,0,0,0,0,0,0,0,0,0,0,0,0,0,0,0,2021-07-03,"Bandipur, Tanahu, Nepal",27.918600000000023,84.39420000000007
Yes,"Flood at Sokhukhola, Phikkal Rural Municipality-6",,nepal_police,Flood,2021-07-03,Bagmati,Sindhuli,Phikkal,6,,0,0,0,0,0,0,0,0,0,0,0,0,0,0,0,0,0,0,0,0,0,2021-07-03,"Phikkal, Sindhuli, Nepal",27.184100000000058,86.29469000000006
Yes,"Landslide at Yarang, Bhanu Municipality-10",,nepal_police,Landslide,2021-07-03,Gandaki,Tanahu,Bhanu,10,,0,0,1,1,0,0,0,0,0,0,0,0,0,0,0,0,0,0,0,0,0,2021-07-03,"Bhanu, Tanahu, Nepal",28.041810000000055,84.40635000000003
Yes,"Landslide at Taraling, Raksirang Rural Municipality-9",,nepal_police,Landslide,2021-07-03,Bagmati,Makwanpur,Raksirang,9,,0,0,0,0,2,2,0,0,0,0,0,0,0,0,0,0,0,0,0,0,0,2021-07-03,"Raksirang, Makwanpur, Nepal",27.59758000000005,84.85797000000008
Yes,"Flood at Sakraul, Kaudena Rural Municipality-7",,nepal_police,Flood,2021-07-03,Madhesh,Sarlahi,Kaudena,7,500000.0,0,0,0,0,1,0,0,0,0,0,0,0,0,0,0,0,0,0,0,0,0,2021-07-03,"Kaudena, Sarlahi, Nepal",26.864510000000053,85.51732000000004
Yes,"Flood at Ekuwar, Bhirkot Municipality-6",,nepal_police,Flood,2021-07-03,Gandaki,Syangja,Bhirkot,6,,0,0,0,0,1,0,0,0,0,0,0,0,0,0,0,0,0,0,0,0,0,2021-07-03,"Bhirkot, Syangja, Nepal",28.04099000000008,83.76336000000003
Yes,"Landslide at Padhere, Pokhara Lekhnath Metropolitan City-6",,nepal_police,Landslide,2021-07-03,Gandaki,Kaski,Pokhara Lekhnath,6,,0,0,0,0,1,0,0,0,0,0,0,0,0,0,0,0,0,0,0,0,0,2021-07-03,"Pokhara Lekhnath, Kaski, Nepal",28.20806000000005,83.98452000000003
Yes,"Flood at Soti, Aarughat Rural Municipality-3",,nepal_police,Flood,2021-07-03,Gandaki,Gorkha,Aarughat,3,,0,0,0,0,0,0,1,1,0,0,0,1,0,0,1,0,0,0,0,0,0,2021-07-03,"Aarughat, Gorkha, Nepal",28.11909000000003,84.81688000000008
Yes,"Landslide at Pipalamod, Dhunibesi Municipality-9",,nepal_police,Landslide,2021-07-03,Bagmati,Dhading,Dhunibesi,9,,0,0,0,0,0,0,0,0,0,0,0,0,0,0,0,0,0,0,0,0,0,2021-07-03,"Dhunibesi, Dhading, Nepal",27.722830000000044,85.17161000000004
Yes,"Landslide at Chhaling, Changunarayan Municipality-5",,nepal_police,Landslide,2021-07-02,Bagmati,Bhaktapur,Changunarayan,5,,0,0,0,0,0,0,0,0,0,0,0,0,0,0,0,0,0,0,0,0,0,2021-07-02,"Changunarayan, Bhaktapur, Nepal",27.692080000000033,85.45493000000005
Yes,"Landslide at Jewang Khola, Benighat Rorang Rural Municipality-10",,nepal_police,Landslide,2021-07-02,Bagmati,Dhading,Benighat Rorang,10,,0,0,0,0,0,0,2,1,1,0,0,0,0,0,0,0,6,6,0,0,0,2021-07-02,"Benighat Rorang, Dhading, Nepal",27.74682000000007,84.75988000000007
Yes,"Flood at Chudi, Bhanu Municipality-4",,nepal_police,Flood,2021-07-02,Gandaki,Tanahu,Bhanu,4,,0,0,0,0,0,0,0,0,0,0,0,0,0,0,0,0,0,0,0,0,0,2021-07-02,"Bhanu, Tanahu, Nepal",28.041810000000055,84.40635000000003
Yes,"Landslide at Gauriphat, Bhanu Municipality-8",,nepal_police,Landslide,2021-07-02,Gandaki,Tanahu,Bhanu,8,,0,0,0,0,0,0,0,0,0,0,0,0,0,0,0,0,2,2,0,0,0,2021-07-02,"Bhanu, Tanahu, Nepal",28.041810000000055,84.40635000000003
Yes,Landslide at Dharan Submetropolitan City-13,,nepal_police,Landslide,2021-07-02,Koshi,Sunsari,Dharan,13,500000.0,0,0,1,1,0,0,0,0,0,0,0,0,0,0,0,0,0,0,0,0,0,2021-07-02,"Dharan, Sunsari, Nepal",26.81436000000008,87.27972000000005
Yes,"Landslide at Chhakdole, Kathmandu Metropolitan City-5",,nepal_police,Landslide,2021-07-02,Bagmati,Kathmandu,Kathmandu,5,,0,0,0,0,0,0,0,0,0,0,0,0,0,0,0,0,0,0,0,0,0,2021-07-02,"Kathmandu, Kathmandu, Nepal",27.7120171,85.3129501
Yes,"Flood at Barya, Vyas Municipality-9",,nepal_police,Flood,2021-07-02,Gandaki,Tanahu,Vyas,9,,0,0,0,0,0,0,0,0,0,0,0,1,0,0,1,0,0,0,0,0,0,2021-07-02,"Vyas, Tanahu, Nepal",27.93548000000004,84.22325000000006
Yes,"Landslide at Charimara, Raksirang Rural Municipality-7",,nepal_police,Landslide,2021-07-02,Bagmati,Makwanpur,Raksirang,7,,0,0,3,3,0,3,0,0,0,0,0,0,0,0,0,0,0,0,0,0,0,2021-07-02,"Raksirang, Makwanpur, Nepal",27.59758000000005,84.85797000000008
Yes,"Landslide at Setibagar, Tyamkemaiyung Rural Municipality-1",,nepal_police,Landslide,2021-07-02,Koshi,Bhojpur,Tyamkemaiyung,1,,0,0,0,0,0,0,0,0,0,0,0,0,0,0,0,0,0,0,0,0,0,2021-07-02,"Tyamkemaiyung, Bhojpur, Nepal",27.208290000000034,86.96277000000003
Yes,"Flood at Balawa, Rajpur Municipality-3",,nepal_police,Flood,2021-07-02,Madhesh,Rautahat,Rajpur,3,200000.0,0,0,1,1,0,0,0,0,0,0,0,0,0,0,0,0,0,0,0,0,0,2021-07-02,"Rajpur, Rautahat, Nepal",26.812860000000057,85.25954000000007
Yes,"Landslide at Upallo gorahe, Siranchok Rural Municipality-7",,nepal_police,Landslide,2021-07-02,Gandaki,Gorkha,Siranchok,7,,0,0,1,1,0,0,2,1,1,0,0,0,0,0,0,0,0,0,0,0,0,2021-07-02,"Siranchok, Gorkha, Nepal",28.08588000000003,84.58840000000004
Yes,"Landslide at Purano di, Sundarbazar Municipality-4",,nepal_police,Landslide,2021-07-02,Gandaki,Lamjung,Sundarbazar,4,,0,0,3,3,0,6,0,0,0,0,0,0,0,0,0,0,0,0,0,0,0,2021-07-02,"Sundarbazar, Lamjung, Nepal",28.15578000000005,84.36446000000007
Yes,"Landslide at Jinakhu, Dudhouli Municipality-12",,nepal_police,Landslide,2021-07-01,Bagmati,Sindhuli,Dudhouli,12,,0,0,0,0,0,0,0,0,0,0,0,0,0,0,0,0,0,0,0,0,0,2021-07-01,"Dudhouli, Sindhuli, Nepal",27.026050000000055,86.21790000000004
Yes,"Flood at Hurke, Benighat Rorang Rural Municipality-2",,nepal_police,Flood,2021-07-01,Bagmati,Dhading,Benighat Rorang,2,200000.0,0,0,0,0,0,0,0,0,0,0,0,0,0,0,0,0,0,0,0,0,0,2021-07-01,"Benighat Rorang, Dhading, Nepal",27.74682000000007,84.75988000000007
Yes,"Flood at Bhaluwai, Dudhouli Municipality-1",,nepal_police,Flood,2021-07-01,Bagmati,Sindhuli,Dudhouli,1,,0,0,0,0,0,0,0,0,0,0,0,0,0,0,0,0,0,0,0,0,0,2021-07-01,"Dudhouli, Sindhuli, Nepal",27.026050000000055,86.21790000000004
Yes,"Landslide at Chhap, Changunarayan Municipality-4",,nepal_police,Landslide,2021-07-01,Bagmati,Bhaktapur,Changunarayan,4,30000.0,0,0,0,0,0,2,0,0,0,0,0,0,0,0,0,0,0,0,0,0,0,2021-07-01,"Changunarayan, Bhaktapur, Nepal",27.692080000000033,85.45493000000005
Yes,"Landslide at Pahadi, Shuklagandaki Municipality-8",,nepal_police,Landslide,2021-07-01,Gandaki,Tanahu,Shuklagandaki,8,,0,0,0,0,1,0,0,0,0,0,0,0,0,0,0,0,0,0,0,0,0,2021-07-01,"Shuklagandaki, Tanahu, Nepal",28.061280000000068,84.04733000000004
Yes,"Landslide at Bijulidanda, Palungtar Municipality-2",,nepal_police,Landslide,2021-07-01,Gandaki,Gorkha,Palungtar,2,,0,0,0,0,1,0,0,0,0,0,0,0,0,0,0,0,0,0,0,0,0,2021-07-01,"Palungtar, Gorkha, Nepal",28.012700000000052,84.52199000000007
Yes,"Flood at Shisaghat, Vyas Municipality-6",,nepal_police,Flood,2021-07-01,Gandaki,Tanahu,Vyas,6,250000.0,0,0,0,0,1,0,0,0,0,0,0,0,0,0,0,0,0,0,0,0,0,2021-07-01,"Vyas, Tanahu, Nepal",27.93548000000004,84.22325000000006
Yes,Flood at Madi Rural Municipality-9,,nepal_police,Flood,2021-07-01,Gandaki,Kaski,Madi,9,,0,0,0,0,0,0,0,0,0,0,0,0,0,0,0,0,1,1,0,0,0,2021-07-01,"Madi, Kaski, Nepal",28.36611000000005,84.13913000000008
Yes,"Landslide at Chhapthoik, Palungtar Municipality-4",,nepal_police,Landslide,2021-07-01,Gandaki,Gorkha,Palungtar,4,,0,0,0,0,0,20,0,0,0,0,0,0,0,0,0,0,2,2,0,0,0,2021-07-01,"Palungtar, Gorkha, Nepal",28.012700000000052,84.52199000000007
Yes,"Landslide at Sitagupha, Pokhara Lekhnath Metropolitan City-32",,nepal_police,Landslide,2021-07-01,Gandaki,Kaski,Pokhara Lekhnath,32,800000.0,0,0,1,1,0,0,0,0,0,0,0,0,0,0,0,0,0,0,0,0,0,2021-07-01,"Pokhara Lekhnath, Kaski, Nepal",28.20806000000005,83.98452000000003
Yes,"Landslide at Lyamhu, Khumbupasanglahmu Rural Municipality-1",,nepal_police,Landslide,2021-07-01,Koshi,Solukhumbu,Khumbupasanglahmu,1,108000.0,0,0,0,0,0,0,0,0,0,0,0,0,0,0,0,0,0,0,0,0,0,2021-07-01,"Khumbupasanglahmu, Solukhumbu, Nepal",27.844190000000022,86.72059000000007
Yes,"Flood at Chaukighat, Ratuwamai Municipality-3",,nepal_police,Flood,2021-07-01,Koshi,Morang,Ratuwamai,3,,0,0,0,0,0,0,0,0,0,0,0,0,0,0,0,0,0,0,0,0,0,2021-07-01,"Ratuwamai, Morang, Nepal",26.48445000000004,87.61591000000004
Yes,"Flood at Bishaltar, Benighat Rorang Rural Municipality-5",,nepal_police,Flood,2021-07-01,Bagmati,Dhading,Benighat Rorang,5,,0,0,0,0,0,0,0,0,0,0,0,1,0,0,1,0,0,0,0,0,0,2021-07-01,"Benighat Rorang, Dhading, Nepal",27.74682000000007,84.75988000000007
Yes,"Landslide at Danetar, Kalika Municipality-11",,nepal_police,Landslide,2021-07-01,Bagmati,Chitwan,Kalika,11,,0,0,0,0,0,0,1,1,0,0,0,0,0,0,0,0,0,0,0,0,0,2021-07-01,"Kalika, Chitwan, Nepal",27.715860000000077,84.60038000000003
Yes,"Landslide at Tamung, Bandipur Rural Municipality-3",,nepal_police,Landslide,2021-07-01,Gandaki,Tanahu,Bandipur,3,,0,0,1,1,0,0,2,2,0,0,0,0,0,0,0,0,3,1,2,0,0,2021-07-01,"Bandipur, Tanahu, Nepal",27.918600000000023,84.39420000000007
Yes,Landslide at Sidingba Rural Municipality-3,,nepal_police,Landslide,2021-07-01,Koshi,Taplejung,Sidingba,3,600000.0,0,0,1,1,0,0,0,0,0,0,0,0,0,0,0,0,0,0,0,0,0,2021-07-01,"Sidingba, Taplejung, Nepal",27.35794000000004,87.94596000000007
Yes,"Landslide at Tilahar, MadhyaNepal Municipality-4",,nepal_police,Landslide,2021-07-01,Gandaki,Lamjung,MadhyaNepal,4,150000.0,0,0,1,1,0,0,0,0,0,0,0,0,0,0,0,0,0,0,0,0,0,2021-07-01,"MadhyaNepal, Lamjung, Nepal",28.14758000000006,84.26809000000009
Yes,"Landslide at Parkhaltole, Rapti Municipality-12",,nepal_police,Landslide,2021-07-01,Bagmati,Chitwan,Rapti,12,,0,0,2,2,0,31,1,1,0,0,0,3,0,0,3,0,0,0,0,0,0,2021-07-01,"Rapti, Chitwan, Nepal",27.649440000000027,84.66375000000005
Yes,"Landslide at Garambesi, Rainas Municipality-7",,nepal_police,Landslide,2021-07-01,Gandaki,Lamjung,Rainas,7,,0,0,1,1,0,0,0,0,0,0,0,0,0,0,0,0,0,0,0,0,0,2021-07-01,"Rainas, Lamjung, Nepal",28.108630000000066,84.49414000000007
Yes,"Landslide at Chhirkane, Vyas Municipality-12",,nepal_police,Landslide,2021-07-01,Gandaki,Tanahu,Vyas,12,,0,0,0,0,0,0,0,0,0,0,0,0,0,0,0,0,0,0,0,0,0,2021-07-01,"Vyas, Tanahu, Nepal",27.93548000000004,84.22325000000006
Yes,"Landslide at Dhorpheri, Shuklagandaki Municipality-9",,nepal_police,Landslide,2021-07-01,Gandaki,Tanahu,Shuklagandaki,9,,0,0,0,0,0,11,0,0,0,0,0,0,0,0,0,0,0,0,0,0,0,2021-07-01,"Shuklagandaki, Tanahu, Nepal",28.061280000000068,84.04733000000004
Yes,Landslide at Myagde Rural Municipality-5,,nepal_police,Landslide,2021-07-01,Gandaki,Tanahu,Myagde,5,500000.0,0,0,0,0,1,0,0,0,0,0,0,0,0,0,0,0,2,2,0,0,0,2021-07-01,"Myagde, Tanahu, Nepal",28.007160000000056,84.15608000000003
Yes,"Landslide at Patneri, Bhimad Municipality-7",,nepal_police,Landslide,2021-07-01,Gandaki,Tanahu,Bhimad,7,100000.0,0,0,0,0,1,0,0,0,0,0,0,0,0,0,0,0,0,0,0,0,0,2021-07-01,"Bhimad, Tanahu, Nepal",27.967190000000073,84.04928000000007
Yes,"Landslide at Dhorpheri, Shuklagandaki Municipality-9",,nepal_police,Landslide,2021-07-01,Gandaki,Tanahu,Shuklagandaki,9,,0,0,1,1,0,0,0,0,0,0,0,0,0,0,0,0,2,1,1,0,0,2021-07-01,"Shuklagandaki, Tanahu, Nepal",28.061280000000068,84.04733000000004
Yes,"Landslide at pahire, Kamalamai Municipality-8",,nepal_police,Landslide,2021-07-01,Bagmati,Sindhuli,Kamalamai,8,,0,0,0,0,0,0,1,1,0,0,0,0,0,0,0,0,0,0,0,0,0,2021-07-01,"Kamalamai, Sindhuli, Nepal",27.173650000000062,85.91259000000008
Yes,Flood at Jagarnathpur Rural Municipality-4,,nepal_police,Flood,2021-06-30,Madhesh,Parsa,Jagarnathpur,4,230000.0,0,0,0,0,0,46,0,0,0,0,0,0,0,0,0,0,0,0,0,0,0,2021-06-30,"Jagarnathpur, Parsa, Nepal",27.14372000000003,84.71809000000007
Yes,"Flood at Tikuliya, Gaur Municipality-4",,nepal_police,Flood,2021-06-30,Madhesh,Rautahat,Gaur,4,,0,0,0,0,0,0,1,1,0,0,0,0,0,0,0,0,0,0,0,0,0,2021-06-30,"Gaur, Rautahat, Nepal",26.76448000000005,85.27841000000006
Yes,"Flood at Haripur, Ichchhyakamana Rural Municipality-7",,nepal_police,Flood,2021-06-30,Bagmati,Chitwan,Ichchhyakamana,7,,0,0,0,0,0,0,0,0,0,0,0,0,0,0,0,0,0,0,0,0,0,2021-06-30,"Ichchhyakamana, Chitwan, Nepal",27.80278000000004,84.58055000000007
Yes,"Landslide at Saharsha, Kushma Municipality-1",,nepal_police,Landslide,2021-06-29,Gandaki,Parbat,Kushma,1,,0,0,0,0,0,0,0,0,0,0,0,0,0,0,0,0,0,0,0,0,0,2021-06-29,"Kushma, Parbat, Nepal",28.23368000000005,83.68756000000008
Yes,"Landslide at Baipa, Sirijangha Rural Municipality-5",,nepal_police,Landslide,2021-06-29,Koshi,Taplejung,Sirijangha,5,,0,0,0,0,0,2,0,0,0,0,0,0,0,0,0,0,0,0,0,0,0,2021-06-29,"Sirijangha, Taplejung, Nepal",27.494260000000057,87.96349000000004
Yes,"Landslide at Dhawang, Rolpa Municipality-10",,nepal_police,Landslide,2021-06-29,Lumbini,Rolpa,Rolpa,10,,0,0,0,0,0,0,0,0,0,0,0,0,0,0,0,0,2,2,0,0,0,2021-06-29,"Rolpa, Rolpa, Nepal",28.325420000000065,82.64442000000008
Yes,"Flood at Kattike, Banglachuli Rural Municipality-3",,nepal_police,Flood,2021-06-28,Lumbini,Dang,Banglachuli,3,,0,0,0,0,0,0,0,0,0,0,0,1,0,0,1,0,0,0,0,0,0,2021-06-28,"Banglachuli, Dang, Nepal",27.99384000000003,82.67143000000004
Yes,"Landslide at Chuwa, Kushma Municipality-8",,nepal_police,Landslide,2021-06-28,Gandaki,Parbat,Kushma,8,,0,0,0,0,0,0,0,0,0,0,0,0,0,0,0,0,0,0,0,0,0,2021-06-28,"Kushma, Parbat, Nepal",28.23368000000005,83.68756000000008
Yes,"Landslide at Nayapul, Annapurna Rural Municipality-5",,nepal_police,Landslide,2021-06-28,Gandaki,Kaski,Annapurna,5,,0,0,0,0,0,0,0,0,0,0,0,0,0,0,0,0,0,0,0,0,0,2021-06-28,"Annapurna, Kaski, Nepal",28.545930000000055,83.92078000000004
Yes,"Flood at Piparajawada, Madhav Narayan Municipality-8",,nepal_police,Flood,2021-06-27,Madhesh,Rautahat,Madhav Narayan,8,,0,0,0,0,0,0,1,1,0,0,0,0,0,0,0,0,0,0,0,0,0,2021-06-27,"Madhav Narayan, Rautahat, Nepal",26.889320000000055,85.33878000000004
Yes,"Landslide at Pandrang, Bhimphedi Rural Municipality-3",,nepal_police,Landslide,2021-06-27,Bagmati,Makwanpur,Bhimphedi,3,,0,0,0,0,0,0,0,0,0,0,0,0,0,0,0,0,0,0,0,0,0,2021-06-27,"Bhimphedi, Makwanpur, Nepal",27.53260000000006,85.11616000000004
Yes,Landslide at Kapurkot Rural Municipality-3,,nepal_police,Landslide,2021-06-27,Karnali,Salyan,Kapurkot,3,,0,0,0,0,0,0,0,0,0,0,0,0,0,0,0,0,0,0,0,0,0,2021-06-27,"Kapurkot, Salyan, Nepal",28.24885000000006,82.36148000000009
Yes,"Flood at Shivapur, Ghorahi Submetropolitan City-11",,nepal_police,Flood,2021-06-26,Lumbini,Dang,Ghorahi,11,,0,0,0,0,0,0,0,0,0,0,0,1,0,0,1,0,0,0,0,0,0,2021-06-26,"Ghorahi, Dang, Nepal",28.02500000000003,82.46558000000005
Yes,"Flood at Nepalgunj Rajpur, Rajapur Municipality-4",,nepal_police,Flood,2021-06-26,Lumbini,Bardiya,Rajapur,4,,0,0,0,0,0,0,0,0,0,0,0,0,0,0,0,0,0,0,0,0,0,2021-06-26,"Rajapur, Bardiya, Nepal",28.428630000000055,81.12517000000008
Yes,Flood at Purbichauki Rural Municipality-4,,nepal_police,Flood,2021-06-26,Sudurpashchim,Doti,Purbichauki,4,,0,0,0,0,0,0,1,0,1,0,0,0,0,0,0,0,0,0,0,0,0,2021-06-26,"Purbichauki, Doti, Nepal",29.27055000000007,81.06172000000004
Yes,"Landslide at Lugai, Simta Rural Municipality-1",,nepal_police,Landslide,2021-06-24,Karnali,Surkhet,Simta,1,,0,0,0,0,0,0,0,0,0,0,0,0,0,0,0,0,0,0,0,0,0,2021-06-24,"Simta, Surkhet, Nepal",28.546920000000057,81.94508000000008
Yes,"Landslide at Lampata, Tila Rural Municipality-1",,nepal_police,Landslide,2021-06-24,Karnali,Jumla,Tila,1,,0,0,0,0,0,0,0,0,0,0,0,0,0,0,0,0,0,0,0,0,0,2021-06-24,"Tila, Jumla, Nepal",29.2500001,82.2167016
Yes,"Flood at Phalkapur, Lamahi Municipality-3",,nepal_police,Flood,2021-06-23,Lumbini,Dang,Lamahi,3,,0,0,0,0,0,0,1,1,0,0,0,0,0,0,0,0,0,0,0,0,0,2021-06-23,"Lamahi, Dang, Nepal",27.872970000000063,82.52283000000006
Yes,"Landslide at Dangdung, Rolpa Municipality-7",,nepal_police,Landslide,2021-06-23,Lumbini,Rolpa,Rolpa,7,220000.0,0,0,0,0,0,7,0,0,0,0,0,0,0,0,0,0,0,0,0,0,0,2021-06-23,"Rolpa, Rolpa, Nepal",28.325420000000065,82.64442000000008
Yes,"Landslide at Tallo Namli, Rolpa Municipality-8",,nepal_police,Landslide,2021-06-23,Lumbini,Rolpa,Rolpa,8,20000.0,0,0,0,0,0,2,0,0,0,0,0,0,0,0,0,0,0,0,0,0,0,2021-06-23,"Rolpa, Rolpa, Nepal",28.325420000000065,82.64442000000008
Yes,"Landslide at Hwama, Rolpa Municipality-9",,nepal_police,Landslide,2021-06-22,Lumbini,Rolpa,Rolpa,9,,0,0,1,1,0,0,3,0,3,0,0,0,0,0,0,0,0,0,0,0,0,2021-06-22,"Rolpa, Rolpa, Nepal",28.325420000000065,82.64442000000008
Yes,Landslide at Yangwarak Rural Municipality-2,,nepal_police,Landslide,2021-06-21,Koshi,Panchthar,Yangwarak,2,,0,0,0,0,0,0,1,1,0,0,0,0,0,0,0,0,1,1,0,0,0,2021-06-21,"Yangwarak, Panchthar, Nepal",27.326170000000047,88.03053000000006
Yes,"Landslide at Malbela, Mahakali_Darchula Municipality-4",,nepal_police,Landslide,2021-06-20,Sudurpashchim,Darchula,Mahakali_Darchula,4,,0,0,0,0,0,0,0,0,0,0,0,0,0,0,0,0,1,1,0,0,0,2021-06-20,"Mahakali_Darchula, Darchula, Nepal",29.807840000000056,80.56564000000003
Yes,"Landslide at Yamdi, Pokhara Lekhnath Metropolitan City-1",,nepal_police,Landslide,2021-06-20,Gandaki,Kaski,Pokhara Lekhnath,1,,0,0,0,0,0,0,0,0,0,0,0,0,0,0,0,0,1,1,0,0,0,2021-06-20,"Pokhara Lekhnath, Kaski, Nepal",28.20806000000005,83.98452000000003
Yes,"Landslide at Ghopte Bhir, Thasang Rural Municipality-4",,nepal_police,Landslide,2021-06-20,Gandaki,Mustang,Thasang,4,,0,0,0,0,0,0,0,0,0,0,0,0,0,0,0,0,0,0,0,0,0,2021-06-20,"Thasang, Mustang, Nepal",28.690620000000024,83.58839000000006
Yes,"Landslide at Sirkholasaina, Dipayal Silgadi Municipality-1",,nepal_police,Landslide,2021-06-19,Sudurpashchim,Doti,Dipayal Silgadi,1,,0,0,0,0,0,0,0,0,0,0,0,0,0,0,0,0,1,0,1,0,0,2021-06-19,"Dipayal Silgadi, Doti, Nepal",29.26010000000008,80.97434000000004
Yes,"Landslide at Jalbire, Ichchhyakamana Rural Municipality-6",,nepal_police,Landslide,2021-06-19,Bagmati,Chitwan,Ichchhyakamana,6,,0,0,0,0,0,0,0,0,0,0,0,0,0,0,0,0,1,1,0,0,0,2021-06-19,"Ichchhyakamana, Chitwan, Nepal",27.80278000000004,84.58055000000007
Yes,"Flood at Keruja, Dharche Rural Municipality-2",,nepal_police,Flood,2021-06-19,Gandaki,Gorkha,Dharche,2,1050000.0,0,0,0,0,0,0,0,0,0,0,0,0,0,0,0,0,0,0,0,0,0,2021-06-19,"Dharche, Gorkha, Nepal",28.313220000000054,84.89839000000006
Yes,"Landslide at Khanma, Simta Rural Municipality-9",,nepal_police,Landslide,2021-06-19,Karnali,Surkhet,Simta,9,,0,0,0,0,1,0,0,0,0,0,0,0,0,0,0,0,0,0,0,0,0,2021-06-19,"Simta, Surkhet, Nepal",28.546920000000057,81.94508000000008
Yes,"Landslide at Chitre Bazar, Bhotekoshi Rural Municipality-2",,nepal_police,Landslide,2021-06-19,Bagmati,Sindhupalchok,Bhotekoshi,2,,0,0,0,0,0,0,0,0,0,0,0,0,0,0,0,0,0,0,0,0,0,2021-06-19,"Bhotekoshi, Sindhupalchok, Nepal",27.93172000000004,85.90808000000004
Yes,"Landslide at Gadura, Gaumul Rural Municipality-4",,nepal_police,Landslide,2021-06-18,Sudurpashchim,Bajura,Gaumul,4,,0,0,0,0,1,0,0,0,0,0,0,0,0,0,0,0,0,0,0,0,0,2021-06-18,"Gaumul, Bajura, Nepal",29.56923000000006,81.48293000000007
Yes,"Landslide at Muktikot, Swami Kartik Rural Municipality-1",,nepal_police,Landslide,2021-06-18,Sudurpashchim,Bajura,Swami Kartik,1,,0,0,7,7,0,0,0,0,0,0,0,0,0,0,0,0,0,0,0,0,0,2021-06-18,"Swami Kartik, Bajura, Nepal",29.427170000000046,81.75914000000006
Yes,"Landslide at Sahu Khola, Simta Rural Municipality-8",,nepal_police,Landslide,2021-06-18,Karnali,Surkhet,Simta,8,350000.0,0,0,0,0,0,0,0,0,0,0,0,0,0,0,0,0,0,0,0,0,0,2021-06-18,"Simta, Surkhet, Nepal",28.546920000000057,81.94508000000008
Yes,"Landslide at Tangle, Byas Rural Municipality-6",,nepal_police,Landslide,2021-06-18,Sudurpashchim,Darchula,Byas,6,,0,0,0,0,0,0,0,0,0,0,0,0,0,0,0,0,0,0,0,0,0,2021-06-18,"Byas, Darchula, Nepal",30.05753000000004,80.93850000000003
Yes,"Landslide at Rajada, Talkot Rural Municipality-6",,nepal_police,Landslide,2021-06-18,Sudurpashchim,Bajhang,Talkot,6,,0,0,0,0,0,0,1,0,1,0,0,0,0,0,0,0,0,0,0,0,0,2021-06-18,"Talkot, Bajhang, Nepal",29.686690000000056,81.27845000000008
Yes,"Landslide at Pangre, Hupsekot Rural Municipality-5",,nepal_police,Landslide,2021-06-18,Gandaki,Nawalparasi East,Hupsekot,5,,0,0,0,0,0,0,0,0,0,0,0,0,0,0,0,0,0,0,0,0,0,2021-06-18,"Hupsekot, Nawalparasi East, Nepal",27.70028000000008,84.06548000000004
Yes,"Landslide at Gokuleshwar, Marma Rural Municipality-3",,nepal_police,Landslide,2021-06-18,Sudurpashchim,Darchula,Marma,3,,0,0,0,0,0,0,0,0,0,0,0,0,0,0,0,0,0,0,0,0,0,2021-06-18,"Marma, Darchula, Nepal",29.741630000000043,80.84767000000005
Yes,"Landslide at Jadinge, Dipayal Silgadi Municipality-5",,nepal_police,Landslide,2021-06-17,Sudurpashchim,Doti,Dipayal Silgadi,5,,0,0,0,0,0,0,2,1,1,0,0,0,0,0,0,0,0,0,0,0,0,2021-06-17,"Dipayal Silgadi, Doti, Nepal",29.26010000000008,80.97434000000004
Yes,"Landslide at Sakindhara, Malarani Rural Municipality-6",,nepal_police,Landslide,2021-06-17,Lumbini,Arghakhanchi,Malarani,6,,0,0,1,1,0,12,0,0,0,0,0,0,0,0,0,0,0,0,0,0,0,2021-06-17,"Malarani, Arghakhanchi, Nepal",28.06702000000007,83.07274000000007
Yes,Landslide at Rapti Sonari Rural Municipality-2,,nepal_police,Landslide,2021-06-17,Lumbini,Banke,Rapti Sonari,2,,0,0,0,0,0,0,0,0,0,0,0,0,0,0,0,0,1,0,1,0,0,2021-06-17,"Rapti Sonari, Banke, Nepal",28.097560000000044,81.87933000000004
Yes,"Flood at Chhapakhori, Temal Rural Municipality-8",,nepal_police,Flood,2021-06-17,Bagmati,Kavrepalanchok,Temal,8,,0,0,0,0,0,0,1,0,1,0,0,0,0,0,0,0,0,0,0,0,0,2021-06-17,"Temal, Kavrepalanchok, Nepal",27.511280000000056,85.75572000000005
Yes,"Landslide at Molfa, Khandachakra Municipality-6",,nepal_police,Landslide,2021-06-17,Karnali,Kalikot,Khandachakra,6,,0,0,0,0,0,0,1,1,0,0,0,1,0,0,1,0,0,0,0,0,0,2021-06-17,"Khandachakra, Kalikot, Nepal",29.158830000000023,81.66961000000003
Yes,"Flood at Gonaha, Mayadevi Rural Municipality-5",,nepal_police,Flood,2021-06-17,Lumbini,Rupandehi,Mayadevi,5,,0,0,0,0,0,0,0,0,0,0,0,1,0,0,1,0,0,0,0,0,0,2021-06-17,"Mayadevi, Rupandehi, Nepal",27.514350000000036,83.36778000000004
Yes,"Landslide at Lekhidhunga, Patrasi Rural Municipality-2",,nepal_police,Landslide,2021-06-16,Karnali,Jumla,Patrasi,2,,0,0,0,0,0,0,1,0,1,0,0,0,0,0,0,0,2,2,0,0,0,2021-06-16,"Patrasi, Jumla, Nepal",29.370790000000056,82.36889000000008
Yes,"Landslide at Karadi, Galyang Municipality-8",,nepal_police,Landslide,2021-06-16,Gandaki,Syangja,Galyang,8,,0,0,0,0,0,0,0,0,0,0,0,0,0,0,0,0,0,0,0,0,0,2021-06-16,"Galyang, Syangja, Nepal",27.958170000000052,83.65736000000004
Yes,"Landslide at Anahagadh, K I Singh Rural Municipality-3",,nepal_police,Landslide,2021-06-16,Sudurpashchim,Doti,K I Singh,3,,0,0,0,0,0,0,1,1,0,0,0,0,0,0,0,0,2,0,2,0,0,2021-06-16,"K I Singh, Doti, Nepal",29.17769000000004,80.98034000000007
Yes,"Flood at Mathurabesi, Chhatradev Rural Municipality-3",,nepal_police,Flood,2021-06-16,Lumbini,Arghakhanchi,Chhatradev,3,,0,0,0,0,0,0,1,1,0,0,0,0,0,0,0,0,0,0,0,0,0,2021-06-16,"Chhatradev, Arghakhanchi, Nepal",28.010240000000067,83.20679000000007
Yes,"Flood at Harisiddi, Mahalaxmi Municipality-4",,nepal_police,Flood,2021-06-16,Bagmati,Lalitpur,Mahalaxmi,4,,0,0,0,0,0,0,0,0,0,0,0,0,0,0,0,0,0,0,0,0,0,2021-06-16,"Mahalaxmi, Lalitpur, Nepal",27.632630000000063,85.38239000000004
Yes,"Landslide at Hasara, Satyawati Rural Municipality-5",,nepal_police,Landslide,2021-06-16,Lumbini,Gulmi,Satyawati,5,,0,0,0,0,8,0,0,0,0,0,0,0,0,0,0,0,0,0,0,0,0,2021-06-16,"Satyawati, Gulmi, Nepal",28.02869000000004,83.47358000000008
Yes,"Flood at Salreli, Chum Nubri Rural Municipality-3",,nepal_police,Flood,2021-06-16,Gandaki,Gorkha,Chum Nubri,3,,0,0,4,4,0,1,0,0,0,0,0,0,0,0,0,0,0,0,0,0,0,2021-06-16,"Chum Nubri, Gorkha, Nepal",28.54200000000003,84.87538000000006
Yes,"Landslide at Bhirkuna, Tara Khola Rural Municipality-5",,nepal_police,Landslide,2021-06-16,Gandaki,Baglung,Tara Khola,5,,0,0,1,1,0,0,0,0,0,0,0,0,0,0,0,0,0,0,0,0,0,2021-06-16,"Tara Khola, Baglung, Nepal",28.306050000000027,83.41532000000007
Yes,"Landslide at Mulka, Kaligandaki Rural Municipality-3",,nepal_police,Landslide,2021-06-16,Lumbini,Gulmi,Kaligandaki,3,,0,0,0,0,0,2,0,0,0,0,0,0,0,0,0,0,0,0,0,0,0,2021-06-16,"Kaligandaki, Gulmi, Nepal",28.052260000000047,83.52767000000006
Yes,"Flood at Bhirkuna, Tara Khola Rural Municipality-5",,nepal_police,Flood,2021-06-16,Gandaki,Baglung,Tara Khola,5,,0,0,3,3,0,0,0,0,0,0,0,0,0,0,0,0,0,0,0,0,0,2021-06-16,"Tara Khola, Baglung, Nepal",28.306050000000027,83.41532000000007
Yes,"Flood at Belhi, Balan Bihul Rural Municipality-4",,nepal_police,Flood,2021-06-16,Madhesh,Saptari,Balan Bihul,4,,0,0,0,0,0,0,1,1,0,0,0,0,0,0,0,0,0,0,0,0,0,2021-06-16,"Balan Bihul, Saptari, Nepal",26.606810000000053,86.74941000000007
Yes,"Flood at sadaiba, Rainadevi Chhahara Rural Municipality-2",,nepal_police,Flood,2021-06-16,Lumbini,Palpa,Rainadevi Chhahara,2,,0,0,0,0,0,0,0,0,0,0,0,0,0,0,0,0,0,0,0,0,0,2021-06-16,"Rainadevi Chhahara, Palpa, Nepal",27.858330000000024,83.35070000000007
Yes,"Flood at Ghimire bagar, Bhumlu Rural Municipality-10",,nepal_police,Flood,2021-06-16,Bagmati,Kavrepalanchok,Bhumlu,10,20000000.0,0,0,0,0,0,0,0,0,0,0,0,0,0,0,0,0,0,0,0,0,0,2021-06-16,"Bhumlu, Kavrepalanchok, Nepal",27.62689000000006,85.74215000000004
Yes,"Flood at Setibeni, Galyang Municipality-5",,nepal_police,Flood,2021-06-16,Gandaki,Syangja,Galyang,5,,0,0,8,8,0,0,0,0,0,0,0,0,0,0,0,0,0,0,0,0,0,2021-06-16,"Galyang, Syangja, Nepal",27.958170000000052,83.65736000000004
Yes,"Landslide at Pairabari, Baglung Municipality-7",,nepal_police,Landslide,2021-06-16,Gandaki,Baglung,Baglung,7,,0,0,1,1,0,1,0,0,0,0,0,0,0,0,0,0,0,0,0,0,0,2021-06-16,"Baglung, Baglung, Nepal",28.2666961,83.5832976
Yes,"Flood at Judikhet, Dordi Rural Municipality-8",,nepal_police,Flood,2021-06-16,Gandaki,Lamjung,Dordi,8,,0,0,24,24,56,2,0,0,0,0,0,0,0,0,0,0,0,0,0,0,0,2021-06-16,"Dordi, Lamjung, Nepal",28.29170000000005,84.52849000000003
Yes,Flood at Chame Rural Municipality-4,,nepal_police,Flood,2021-06-15,Gandaki,Manang,Chame,4,,0,0,0,0,1,0,0,0,0,0,0,0,0,0,0,0,0,0,0,0,0,2021-06-15,"Chame, Manang, Nepal",28.52047000000005,84.26056000000005
Yes,"Landslide at Sapru, Gosaikunda Rural Municipality-5",,nepal_police,Landslide,2021-06-15,Bagmati,Rasuwa,Gosaikunda,5,,0,0,0,0,0,0,0,0,0,0,0,0,0,0,0,0,0,0,0,0,0,2021-06-15,"Gosaikunda, Rasuwa, Nepal",28.083330000000046,85.42667000000006
Yes,"Landslide at malmul, Ribdikot Rural Municipality-2",,nepal_police,Landslide,2021-06-15,Lumbini,Palpa,Ribdikot,2,,0,0,0,0,0,0,0,0,0,0,0,0,0,0,0,0,0,0,0,0,0,2021-06-15,"Ribdikot, Palpa, Nepal",27.86674000000005,83.45471000000003
Yes,"Landslide at Baribeni, Jaljala Rural Municipality-3",,nepal_police,Landslide,2021-06-15,Gandaki,Parbat,Jaljala,3,,0,0,0,0,1,0,0,0,0,0,0,0,0,0,0,0,0,0,0,0,0,2021-06-15,"Jaljala, Parbat, Nepal",28.327360000000056,83.62489000000005
Yes,"Landslide at Baichhap, Purbakhola Rural Municipality-1",,nepal_police,Landslide,2021-06-15,Lumbini,Palpa,Purbakhola,1,,0,0,0,0,0,0,0,0,0,0,0,0,0,0,0,0,0,0,0,0,0,2021-06-15,"Purbakhola, Palpa, Nepal",27.824100000000044,83.78219000000007
Yes,"Landslide at Humin, Rambha Rural Municipality-4",,nepal_police,Landslide,2021-06-15,Lumbini,Palpa,Rambha,4,,0,0,0,0,0,0,0,0,0,0,0,0,0,0,0,0,0,0,0,0,0,2021-06-15,"Rambha, Palpa, Nepal",27.86715000000004,83.68860000000006
Yes,"Landslide at ota, Sukidaha Rural Municipality-1",,nepal_police,Landslide,2021-06-15,Lumbini,Rolpa,Sukidaha,1,50000.0,0,0,0,0,1,0,0,0,0,0,0,0,0,0,0,0,0,0,0,0,0,2021-06-15,"Sukidaha, Rolpa, Nepal",28.446260000000052,82.42218000000008
Yes,"Landslide at SetiKhola, Madi Rural Municipality-2",,nepal_police,Landslide,2021-06-15,Gandaki,Kaski,Madi,2,,0,0,0,0,0,0,0,0,0,0,0,0,0,0,0,0,0,0,0,0,0,2021-06-15,"Madi, Kaski, Nepal",28.36611000000005,84.13913000000008
Yes,"Landslide at Deurali, Bhimphedi Rural Municipality-6",,nepal_police,Landslide,2021-06-15,Bagmati,Makwanpur,Bhimphedi,6,,0,0,0,0,0,0,0,0,0,0,0,0,0,0,0,0,0,0,0,0,0,2021-06-15,"Bhimphedi, Makwanpur, Nepal",27.53260000000006,85.11616000000004
Yes,"Landslide at Kanchalikhola, JayaPrithivi Municipality-7",,nepal_police,Landslide,2021-06-15,Sudurpashchim,Bajhang,JayaPrithivi,7,,0,0,0,0,0,0,0,0,0,0,0,0,0,0,0,0,0,0,0,0,0,2021-06-15,"JayaPrithivi, Bajhang, Nepal",29.552010000000053,81.16174000000007
Yes,"Landslide at Sera, Bagnaskali Rural Municipality-4",,nepal_police,Landslide,2021-06-15,Lumbini,Palpa,Bagnaskali,4,,0,0,0,0,0,0,0,0,0,0,0,0,0,0,0,0,0,0,0,0,0,2021-06-15,"Bagnaskali, Palpa, Nepal",27.879450000000077,83.60755000000006
Yes,"Landslide at Purano Khajvang, Chatrakot Rural Municipality-5",,nepal_police,Landslide,2021-06-15,Lumbini,Gulmi,Chatrakot,5,,0,0,0,0,1,0,0,0,0,0,0,0,0,0,0,0,0,0,0,0,0,2021-06-15,"Chatrakot, Gulmi, Nepal",27.98666000000003,83.34978000000007
Yes,"Landslide at Gauri Khutta, Chandrakot Rural Municipality-5",,nepal_police,Landslide,2021-06-15,Lumbini,Gulmi,Chandrakot,5,,0,0,0,0,0,0,0,0,0,0,0,0,0,0,0,0,0,0,0,0,0,2021-06-15,"Chandrakot, Gulmi, Nepal",28.10781000000003,83.42563000000007
Yes,"Landslide at Sagurce, Ruru Rural Municipality-2",,nepal_police,Landslide,2021-06-15,Lumbini,Gulmi,Ruru,2,,0,0,0,0,0,0,0,0,0,0,0,0,0,0,0,0,0,0,0,0,0,2021-06-15,"Ruru, Gulmi, Nepal",27.983790000000056,83.42567000000008
Yes,"Landslide at Kharekhola, Sarumarani Rural Municipality-4",,nepal_police,Landslide,2021-06-15,Lumbini,Pyuthan,Sarumarani,4,,0,0,0,0,0,0,0,0,0,0,0,0,0,0,0,0,0,0,0,0,0,2021-06-15,"Sarumarani, Pyuthan, Nepal",27.945050000000037,82.83908000000008
Yes,"Landslide at Tilakhang, Benighat Rorang Rural Municipality-10",,nepal_police,Landslide,2021-06-15,Bagmati,Dhading,Benighat Rorang,10,,0,0,0,0,0,0,0,0,0,0,0,0,0,0,0,0,0,0,0,0,0,2021-06-15,"Benighat Rorang, Dhading, Nepal",27.74682000000007,84.75988000000007
Yes,"Landslide at Charang, Devdaha Municipality-10",,nepal_police,Landslide,2021-06-15,Lumbini,Rupandehi,Devdaha,10,,0,0,0,0,0,0,0,0,0,0,0,0,0,0,0,0,0,0,0,0,0,2021-06-15,"Devdaha, Rupandehi, Nepal",27.63345000000004,83.57195000000007
Yes,"Landslide at Shyaphru, Gosaikunda Rural Municipality-5",,nepal_police,Landslide,2021-06-15,Bagmati,Rasuwa,Gosaikunda,5,,0,0,0,0,0,0,0,0,0,0,0,0,0,0,0,0,0,0,0,0,0,2021-06-15,"Gosaikunda, Rasuwa, Nepal",28.083330000000046,85.42667000000006
Yes,"Flood at Tapmjhuwa, Butwal Submetropolitan City-11",,nepal_police,Flood,2021-06-15,Lumbini,Rupandehi,Butwal,11,,0,0,16,16,2,0,0,0,0,0,0,0,0,0,0,0,0,0,0,0,0,2021-06-15,"Butwal, Rupandehi, Nepal",27.70055000000008,83.44836000000004
Yes,Flood at Chame Rural Municipality-4,,nepal_police,Flood,2021-06-15,Gandaki,Manang,Chame,4,,0,0,1,1,0,0,0,0,0,0,0,0,0,0,0,0,0,0,0,0,0,2021-06-15,"Chame, Manang, Nepal",28.52047000000005,84.26056000000005
Yes,"Landslide at Silangthok, Ribdikot Rural Municipality-4",,nepal_police,Landslide,2021-06-15,Lumbini,Palpa,Ribdikot,4,,0,0,1,1,0,0,1,1,0,0,0,0,0,0,0,0,0,0,0,0,0,2021-06-15,"Ribdikot, Palpa, Nepal",27.86674000000005,83.45471000000003
Yes,"Landslide at Chisapani, Vyas Municipality-13",,nepal_police,Landslide,2021-06-15,Gandaki,Tanahu,Vyas,13,,0,0,6,6,0,0,0,0,0,0,0,0,0,0,0,0,0,0,0,0,0,2021-06-15,"Vyas, Tanahu, Nepal",27.93548000000004,84.22325000000006
Yes,"Flood at Bhalabot, Machhapuchchhre Rural Municipality-4",,other,Flood,2021-06-15,Gandaki,Kaski,Machhapuchchhre,4,,0,0,0,0,0,0,1,0,1,0,0,0,0,0,0,0,0,0,0,0,0,2021-06-15,"Machhapuchchhre, Kaski, Nepal",28.49565000000007,83.94614000000007
Yes,"Flood at Chisapani, Bandipur Rural Municipality-1",,nepal_police,Flood,2021-06-15,Gandaki,Tanahu,Bandipur,1,18000.0,0,0,0,0,0,0,0,0,0,0,0,0,0,0,0,0,0,0,0,0,0,2021-06-15,"Bandipur, Tanahu, Nepal",27.918600000000023,84.39420000000007
Yes,"Landslide at bagkhola, Chandrakot Rural Municipality-8",,nepal_police,Landslide,2021-06-15,Lumbini,Gulmi,Chandrakot,8,,0,0,0,0,0,0,0,0,0,0,0,0,0,0,0,0,0,0,0,0,0,2021-06-15,"Chandrakot, Gulmi, Nepal",28.10781000000003,83.42563000000007
Yes,"Landslide at Phutwang, Sandhikharka Municipality-3",,nepal_police,Landslide,2021-06-15,Lumbini,Arghakhanchi,Sandhikharka,3,,0,0,0,0,0,0,0,0,0,0,0,0,0,0,0,0,0,0,0,0,0,2021-06-15,"Sandhikharka, Arghakhanchi, Nepal",27.965960000000052,83.15486000000004
Yes,"Landslide at Hilebajar, Malarani Rural Municipality-9",,nepal_police,Landslide,2021-06-15,Lumbini,Arghakhanchi,Malarani,9,,0,0,0,0,0,2,0,0,0,0,0,0,0,0,0,0,0,0,0,0,0,2021-06-15,"Malarani, Arghakhanchi, Nepal",28.06702000000007,83.07274000000007
Yes,"Flood at ChiuriKharka, Helambu Rural Municipality-2",,nepal_police,Flood,2021-06-15,Bagmati,Sindhupalchok,Helambu,2,,0,0,349,349,38,0,5,5,0,0,0,20,0,0,20,0,6,6,0,0,0,2021-06-15,"Helambu, Sindhupalchok, Nepal",28.006340000000023,85.53386000000006
Yes,"Flood at Barbot, Mallarani Rural Municipality-3",,nepal_police,Flood,2021-06-15,Lumbini,Pyuthan,Mallarani,3,,0,0,0,0,0,0,1,1,0,0,0,0,0,0,0,0,0,0,0,0,0,2021-06-15,"Mallarani, Pyuthan, Nepal",28.075630000000046,82.91985000000005
Yes,"Landslide at Dauune, Binayee Tribeni Rural Municipality-2",,nepal_police,Landslide,2021-06-15,Gandaki,Nawalparasi East,Binayee Tribeni,2,,0,0,0,0,0,0,0,0,0,0,0,0,0,0,0,0,0,0,0,0,0,2021-06-15,"Binayee Tribeni, Nawalparasi East, Nepal",27.630790000000047,83.86238000000003
Yes,Landslide at Tansen Municipality-8,,nepal_police,Landslide,2021-06-15,Lumbini,Palpa,Tansen,8,,0,0,0,0,0,0,0,0,0,0,0,0,0,0,0,0,0,0,0,0,0,2021-06-15,"Tansen, Palpa, Nepal",27.867310000000032,83.54670000000004
Yes,"Landslide at Siraule, Harinas Rural Municipality-4",,nepal_police,Landslide,2021-06-15,Gandaki,Syangja,Harinas,4,,0,0,0,0,0,0,0,0,0,0,0,0,0,0,0,0,1,1,0,0,0,2021-06-15,"Harinas, Syangja, Nepal",27.976210000000037,83.95355000000006
Yes,"Flood at Paudi, Sundarbazar Municipality-7",,nepal_police,Flood,2021-06-15,Gandaki,Lamjung,Sundarbazar,7,,0,0,0,0,0,0,0,0,0,0,0,0,0,0,0,0,0,0,0,0,0,2021-06-15,"Sundarbazar, Lamjung, Nepal",28.15578000000005,84.36446000000007
Yes,"Flood at Dhodeni, Aarughat Rural Municipality-2",,nepal_police,Flood,2021-06-15,Gandaki,Gorkha,Aarughat,2,,0,0,11,11,56,0,1,1,0,0,0,0,0,0,0,0,0,0,0,0,0,2021-06-15,"Aarughat, Gorkha, Nepal",28.11909000000003,84.81688000000008
Yes,"Landslide at Sarangkot, Pokhara Lekhnath Metropolitan City-18",,nepal_police,Landslide,2021-06-15,Gandaki,Kaski,Pokhara Lekhnath,18,,0,0,0,0,0,0,0,0,0,0,0,0,0,0,0,0,0,0,0,0,0,2021-06-15,"Pokhara Lekhnath, Kaski, Nepal",28.20806000000005,83.98452000000003
Yes,"Flood at Machhikhola, Dharche Rural Municipality-3",,nepal_police,Flood,2021-06-15,Gandaki,Gorkha,Dharche,3,1485000.0,0,0,0,0,0,0,0,0,0,0,0,0,0,0,0,0,0,0,0,0,0,2021-06-15,"Dharche, Gorkha, Nepal",28.313220000000054,84.89839000000006
Yes,"Flood at Saplang, Madi Rural Municipality-6",,nepal_police,Flood,2021-06-15,Gandaki,Kaski,Madi,6,,0,0,13,13,0,0,0,0,0,0,0,0,0,0,0,0,0,0,0,0,0,2021-06-15,"Madi, Kaski, Nepal",28.36611000000005,84.13913000000008
Yes,"Landslide at Basdanda, Rainadevi Chhahara Rural Municipality-5",,nepal_police,Landslide,2021-06-15,Lumbini,Palpa,Rainadevi Chhahara,5,,0,0,0,0,0,2,0,0,0,0,0,0,0,0,0,0,1,1,0,0,0,2021-06-15,"Rainadevi Chhahara, Palpa, Nepal",27.858330000000024,83.35070000000007
Yes,"Flood at Narakot, Jagannath Rural Municipality-4",,nepal_police,Flood,2021-06-15,Sudurpashchim,Bajura,Jagannath,4,,0,0,0,0,0,5,0,0,0,0,0,0,0,0,0,0,0,0,0,0,0,2021-06-15,"Jagannath, Bajura, Nepal",28.373320000000035,83.53203000000008
Yes,Landslide at Panchadewal Binayak Municipality-4,,nepal_police,Landslide,2021-06-14,Sudurpashchim,Achham,Panchadewal Binayak,4,,0,0,0,0,0,0,0,0,0,0,0,0,0,0,0,0,0,0,0,0,0,2021-06-14,"Panchadewal Binayak, Achham, Nepal",29.100810000000024,81.44631000000004
Yes,"Flood at Bangala, Budhinanda Municipality-3",,nepal_police,Flood,2021-06-14,Sudurpashchim,Bajura,Budhinanda,3,,0,0,0,0,0,0,1,0,1,0,0,0,0,0,0,0,0,0,0,0,0,2021-06-14,"Budhinanda, Bajura, Nepal",29.538280000000043,81.61780000000005
Yes,"Landslide at Gaganea, Subha Kalika Rural Municipality-1",,nepal_police,Landslide,2021-06-14,Karnali,Kalikot,Subha Kalika,1,,0,0,0,0,0,0,0,0,0,0,0,0,0,0,0,0,0,0,0,0,0,2021-06-14,"Subha Kalika, Kalikot, Nepal",29.080930000000023,81.63039000000003
Yes,"Flood at Kimani, Tribeni Municipality-5",,nepal_police,Flood,2021-06-14,Sudurpashchim,Bajura,Tribeni,5,,0,0,0,0,0,0,0,0,0,0,0,1,0,0,1,0,0,0,0,0,0,2021-06-14,"Tribeni, Bajura, Nepal",29.33594000000005,81.43072000000006
Yes,"Flood at Marfakhola, Gharapjhong Rural Municipality-2",,nepal_police,Flood,2021-06-14,Gandaki,Mustang,Gharapjhong,2,,0,0,0,0,0,0,0,0,0,0,0,0,0,0,0,0,0,0,0,0,0,2021-06-14,"Gharapjhong, Mustang, Nepal",28.76995000000005,83.74752000000007
Yes,"Landslide at Aahalkhola, Bagnaskali Rural Municipality-4",,nepal_police,Landslide,2021-06-14,Lumbini,Palpa,Bagnaskali,4,,0,0,0,0,0,0,0,0,0,0,0,0,0,0,0,0,0,0,0,0,0,2021-06-14,"Bagnaskali, Palpa, Nepal",27.879450000000077,83.60755000000006
Yes,"Landslide at Gargare, Tribeni Rural Municipality-7",,nepal_police,Landslide,2021-06-14,Lumbini,Rolpa,Tribeni,7,,0,0,0,0,0,0,0,0,0,0,0,0,0,0,0,0,0,0,0,0,0,2021-06-14,"Tribeni, Rolpa, Nepal",28.293540000000064,82.48467000000005
Yes,"Landslide at Chuwa, Kushma Municipality-8",,nepal_police,Landslide,2021-06-13,Gandaki,Parbat,Kushma,8,,0,0,0,0,0,0,0,0,0,0,0,0,0,0,0,0,0,0,0,0,0,2021-06-13,"Kushma, Parbat, Nepal",28.23368000000005,83.68756000000008
Yes,"Landslide at Amkot, Budhiganga Municipality-1",,nepal_police,Landslide,2021-06-13,Sudurpashchim,Bajura,Budhiganga,1,,0,0,0,0,0,0,0,0,0,0,0,0,0,0,0,0,0,0,0,0,0,2021-06-13,"Budhiganga, Bajura, Nepal",29.360340000000065,81.32408000000004
Yes,"Landslide at Kharekhola, Sarumarani Rural Municipality-4",,nepal_police,Landslide,2021-06-13,Lumbini,Pyuthan,Sarumarani,4,,0,0,0,0,0,0,0,0,0,0,0,0,0,0,0,0,0,0,0,0,0,2021-06-13,"Sarumarani, Pyuthan, Nepal",27.945050000000037,82.83908000000008
Yes,"Landslide at Bhageshwori, Tribeni Rural Municipality-2",,nepal_police,Landslide,2021-06-13,Lumbini,Rolpa,Tribeni,2,,0,0,0,0,0,0,0,0,0,0,0,0,0,0,0,0,0,0,0,0,0,2021-06-13,"Tribeni, Rolpa, Nepal",28.293540000000064,82.48467000000005
Yes,"Landslide at Bhalupayad, Putalibazar Municipality-2",,nepal_police,Landslide,2021-06-13,Gandaki,Syangja,Putalibazar,2,,0,0,0,0,0,0,0,0,0,0,0,0,0,0,0,0,0,0,0,0,0,2021-06-13,"Putalibazar, Syangja, Nepal",28.093260000000043,83.88923000000005
Yes,"Landslide at Checkpost, Kapurkot Rural Municipality-3",,nepal_police,Landslide,2021-06-12,Karnali,Salyan,Kapurkot,3,,0,0,0,0,0,0,0,0,0,0,0,0,0,0,0,0,0,0,0,0,0,2021-06-12,"Kapurkot, Salyan, Nepal",28.24885000000006,82.36148000000009
Yes,"Landslide at Dampind Side, Sandhikharka Municipality-3",,nepal_police,Landslide,2021-06-12,Lumbini,Arghakhanchi,Sandhikharka,3,,0,0,0,0,0,0,0,0,0,0,0,0,0,0,0,0,0,0,0,0,0,2021-06-12,"Sandhikharka, Arghakhanchi, Nepal",27.965960000000052,83.15486000000004
Yes,"Landslide at GokuleshworLatinath, Marma Rural Municipality-3",,nepal_police,Landslide,2021-06-11,Sudurpashchim,Darchula,Marma,3,,0,0,0,0,0,0,0,0,0,0,0,0,0,0,0,0,0,0,0,0,0,2021-06-11,"Marma, Darchula, Nepal",29.741630000000043,80.84767000000005
Yes,"Flood at Daula, Bhairabi Rural Municipality-2",,nepal_police,Flood,2021-06-10,Karnali,Dailekh,Bhairabi,2,,0,0,0,0,0,0,0,0,0,0,0,1,0,0,1,0,0,0,0,0,0,2021-06-10,"Bhairabi, Dailekh, Nepal",28.945840000000032,81.63676000000004
Yes,"Landslide at Rodidewal, Pancheshwar Rural Municipality-6",,nepal_police,Landslide,2021-06-10,Sudurpashchim,Baitadi,Pancheshwar,6,,0,0,1,1,0,0,0,0,0,0,0,0,0,0,0,0,0,0,0,0,0,2021-06-10,"Pancheshwar, Baitadi, Nepal",29.44726000000003,80.30779000000007
Yes,"Landslide at Khirne, Kamalamai Municipality-12",,nepal_police,Landslide,2021-06-06,Bagmati,Sindhuli,Kamalamai,12,,0,0,1,1,0,0,0,0,0,0,0,0,0,0,0,0,1,1,0,0,0,2021-06-06,"Kamalamai, Sindhuli, Nepal",27.173650000000062,85.91259000000008
Yes,"Landslide at Naunibager, Annapurna Rural Municipality-2",,nepal_police,Landslide,2021-06-02,Gandaki,Myagdi,Annapurna,2,,0,0,0,0,0,0,0,0,0,0,0,0,0,0,0,0,0,0,0,0,0,2021-06-02,"Annapurna, Myagdi, Nepal",28.59914000000003,83.82277000000005
Yes,Landslide at Thawang Rural Municipality-2,,nepal_police,Landslide,2021-06-01,Lumbini,Rolpa,Thawang,2,,0,0,0,0,0,0,0,0,0,0,0,0,0,0,0,0,0,0,0,0,0,2021-06-01,"Thawang, Rolpa, Nepal",28.45897000000008,82.74293000000006
Yes,"Landslide at Gargare, Bhimphedi Rural Municipality-8",,nepal_police,Landslide,2021-05-31,Bagmati,Makwanpur,Bhimphedi,8,,0,0,0,0,0,0,0,0,0,0,0,0,0,0,0,0,0,0,0,0,0,2021-05-31,"Bhimphedi, Makwanpur, Nepal",27.53260000000006,85.11616000000004
Yes,"Landslide at Pangre, Hupsekot Rural Municipality-5",,nepal_police,Landslide,2021-05-30,Gandaki,Nawalparasi East,Hupsekot,5,,0,0,0,0,0,0,0,0,0,0,0,0,0,0,0,0,0,0,0,0,0,2021-05-30,"Hupsekot, Nawalparasi East, Nepal",27.70028000000008,84.06548000000004
Yes,"Landslide at Swyara, Pokhara Lekhnath Metropolitan City-22",,nepal_police,Landslide,2021-05-29,Gandaki,Kaski,Pokhara Lekhnath,22,107500.0,0,0,0,0,2,0,0,0,0,0,0,0,0,0,0,0,0,0,0,0,0,2021-05-29,"Pokhara Lekhnath, Kaski, Nepal",28.20806000000005,83.98452000000003
Yes,"Landslide at Nirmal tole, Vyas Municipality-1",,nepal_police,Landslide,2021-05-29,Gandaki,Tanahu,Vyas,1,,0,0,1,1,0,0,1,0,1,0,0,0,0,0,0,0,0,0,0,0,0,2021-05-29,"Vyas, Tanahu, Nepal",27.93548000000004,84.22325000000006
Yes,Flood at Lumbini Sanskritik Development Area Development Area-99,,nepal_police,Flood,2021-05-29,Lumbini,Rupandehi,Lumbini Sanskritik Development Area,99,400000.0,0,0,0,0,0,0,0,0,0,0,0,0,0,0,0,0,0,0,0,0,0,2021-05-29,"Lumbini Sanskritik Development Area, Rupandehi, Nepal",27.46987000000007,83.24785000000008
Yes,"Flood at Kameraphat, Sunkoshi Rural Municipality-2",,nepal_police,Flood,2021-05-28,Bagmati,Sindhuli,Sunkoshi,2,,0,0,0,0,0,0,0,0,0,0,0,0,0,0,0,0,0,0,0,0,0,2021-05-28,"Sunkoshi, Sindhuli, Nepal",27.380490000000066,85.87751000000009
Yes,"Flood at Nawabazer, Chame Rural Municipality-4",,nepal_police,Flood,2021-05-28,Gandaki,Manang,Chame,4,,0,0,0,0,5,0,0,0,0,0,0,0,0,0,0,0,0,0,0,0,0,2021-05-28,"Chame, Manang, Nepal",28.52047000000005,84.26056000000005
Yes,"Landslide at Dana, Annapurna Rural Municipality-3",,nepal_police,Landslide,2021-05-28,Gandaki,Myagdi,Annapurna,3,,0,0,0,0,0,0,0,0,0,0,0,0,0,0,0,0,0,0,0,0,0,2021-05-28,"Annapurna, Myagdi, Nepal",28.59914000000003,83.82277000000005
Yes,"Landslide at kalimati, Tinau Rural Municipality-5",,nepal_police,Landslide,2021-05-28,Lumbini,Palpa,Tinau,5,,0,0,0,0,0,0,0,0,0,0,0,0,0,0,0,0,0,0,0,0,0,2021-05-28,"Tinau, Palpa, Nepal",27.76465000000007,83.47024000000005
Yes,"Landslide at makre, Naubahini Rural Municipality-8",,nepal_police,Landslide,2021-05-28,Lumbini,Pyuthan,Naubahini,8,,0,0,0,0,0,0,0,0,0,0,0,0,0,0,0,0,0,0,0,0,0,2021-05-28,"Naubahini, Pyuthan, Nepal",28.253160000000037,82.91058000000004
Yes,Landslide at Barah Municipality-1,,nepal_police,Landslide,2021-05-28,Koshi,Sunsari,Barah,1,,0,0,0,0,0,0,0,0,0,0,0,0,0,0,0,0,0,0,0,0,0,2021-05-28,"Barah, Sunsari, Nepal",26.75279000000006,87.15755000000007
Yes,"Landslide at Samdin, Phidim Municipality-2",,nepal_police,Landslide,2021-05-28,Koshi,Panchthar,Phidim,2,1000000.0,0,0,2,2,0,0,0,0,0,0,0,0,0,0,0,0,0,0,0,0,0,2021-05-28,"Phidim, Panchthar, Nepal",27.12137000000007,87.79307000000006
Yes,"Flood at Mamdi, Roshi Rural Municipality-12",,nepal_police,Flood,2021-05-28,Bagmati,Kavrepalanchok,Roshi,12,,0,0,0,0,0,0,0,0,0,0,0,0,0,0,0,0,0,0,0,0,0,2021-05-28,"Roshi, Kavrepalanchok, Nepal",27.46843000000007,85.65714000000008
Yes,"Flood at Timang, Chame Rural Municipality-1",,nepal_police,Flood,2021-05-27,Gandaki,Manang,Chame,1,,0,0,0,0,0,0,0,0,0,0,0,0,0,0,0,0,0,0,0,0,0,2021-05-27,"Chame, Manang, Nepal",28.52047000000005,84.26056000000005
Yes,Flood at Sunkoshi Rural Municipality-2,,nepal_police,Flood,2021-05-26,Koshi,Okhaldhunga,Sunkoshi,2,,0,0,0,0,0,0,0,0,0,0,0,0,0,0,0,0,0,0,0,0,0,2021-05-26,"Sunkoshi, Okhaldhunga, Nepal",27.27451000000008,86.36924000000005
Yes,"Flood at Odali, Bhimdatta Municipality-12",,nepal_police,Flood,2021-05-21,Sudurpashchim,Kanchanpur,Bhimdatta,12,,0,0,0,0,0,0,0,0,0,0,0,0,0,0,0,0,0,0,0,0,0,2021-05-21,"Bhimdatta, Kanchanpur, Nepal",29.01615000000004,80.17194000000006
Yes,"Landslide at Amarkot, Budhiganga Municipality-1",,nepal_police,Landslide,2021-05-20,Sudurpashchim,Bajura,Budhiganga,1,,0,0,0,0,0,0,0,0,0,0,0,0,0,0,0,0,0,0,0,0,0,2021-05-20,"Budhiganga, Bajura, Nepal",29.360340000000065,81.32408000000004
Yes,Landslide at Purchaudi Municipality-6,,nepal_police,Landslide,2021-05-20,Sudurpashchim,Baitadi,Purchaudi,6,,0,0,0,0,0,0,0,0,0,0,0,0,0,0,0,0,0,0,0,0,0,2021-05-20,"Purchaudi, Baitadi, Nepal",29.60326000000003,80.70177000000007
Yes,"Landslide at Jumlivir, Gurbhakot Municipality-3",,nepal_police,Landslide,2021-05-11,Karnali,Surkhet,Gurbhakot,3,,0,0,0,0,0,0,0,0,0,0,0,0,0,0,0,0,0,0,0,0,0,2021-05-11,"Gurbhakot, Surkhet, Nepal",28.439290000000028,81.90146000000004
Yes,"Landslide at Khadikhola, Khandachakra Municipality-3",,nepal_police,Landslide,2021-05-11,Karnali,Kalikot,Khandachakra,3,,0,0,0,0,0,0,0,0,0,0,0,0,0,0,0,0,0,0,0,0,0,2021-05-11,"Khandachakra, Kalikot, Nepal",29.158830000000023,81.66961000000003
Yes,"Landslide at Kafaldada, Lungri Rural Municipality-7",,nepal_police,Landslide,2021-05-09,Lumbini,Rolpa,Lungri,7,100000.0,0,0,0,0,0,5,0,0,0,0,0,0,0,0,0,0,1,0,1,0,0,2021-05-09,"Lungri, Rolpa, Nepal",28.265870000000064,82.81048000000004
Yes,"Flood at Kudi, Budhiganga Municipality-1",,nepal_police,Flood,2021-05-06,Sudurpashchim,Bajura,Budhiganga,1,,0,0,0,0,1,3,0,0,0,0,0,0,0,0,0,0,0,0,0,0,0,2021-05-06,"Budhiganga, Bajura, Nepal",29.360340000000065,81.32408000000004
Yes,Flood at Thulung Dudhkoshi Rural Municipality-2,,nepal_police,Flood,2021-05-06,Koshi,Solukhumbu,Thulung Dudhkoshi,2,29044500.0,0,0,0,0,0,0,0,0,0,0,0,0,0,0,0,0,0,0,0,0,0,2021-05-06,"Thulung Dudhkoshi, Solukhumbu, Nepal",27.53875000000005,86.69517000000008
Yes,"Flood at Panchami, Fakphokthum Rural Municipality-1",,nepal_police,Flood,2021-05-03,Koshi,Ilam,Fakphokthum,1,250000.0,0,0,0,0,1,0,0,0,0,0,0,0,0,0,0,0,0,0,0,0,0,2021-05-03,"Fakphokthum, Ilam, Nepal",26.968860000000063,87.75438000000008
Yes,"Landslide at Bihanikhola, Khandachakra Municipality-5",,nepal_police,Landslide,2021-05-02,Karnali,Kalikot,Khandachakra,5,,0,0,0,0,0,0,0,0,0,0,0,0,0,0,0,0,0,0,0,0,0,2021-05-02,"Khandachakra, Kalikot, Nepal",29.158830000000023,81.66961000000003
Yes,"Landslide at Silkhubasi, Champadevi Rural Municipality-3",,nepal_police,Landslide,2021-05-01,Koshi,Okhaldhunga,Champadevi,3,,0,0,0,0,2,7,0,0,0,0,0,0,0,0,0,0,0,0,0,0,0,2021-05-01,"Champadevi, Okhaldhunga, Nepal",27.307920000000024,86.31107000000009
Yes,"Landslide at Battisjure, Kerabari Rural Municipality-2",,nepal_police,Landslide,2021-04-22,Koshi,Morang,Kerabari,2,,0,0,0,0,0,0,0,0,0,0,0,0,0,0,0,0,0,0,0,0,0,2021-04-22,"Kerabari, Morang, Nepal",26.77514000000008,87.38727000000006
Yes,"Landslide at Sukekhola, Naugad Rural Municipality-6",,nepal_police,Landslide,2021-04-19,Sudurpashchim,Darchula,Naugad,6,,0,0,0,0,0,0,0,0,0,0,0,0,0,0,0,0,1,1,0,0,0,2021-04-19,"Naugad, Darchula, Nepal",29.797800000000052,80.67992000000004
Yes,"Landslide at Gha GAu, Punarbas Municipality-4",,nepal_police,Landslide,2021-01-06,Sudurpashchim,Kanchanpur,Punarbas,4,,0,0,0,0,0,2,0,0,0,0,0,0,0,0,0,0,0,0,0,0,0,2021-01-06,"Punarbas, Kanchanpur, Nepal",28.638960000000058,80.46738000000005
Yes,Forest Fire at Waling Municipality-14,,nepal_police,Forest Fire,2022-12-21,Gandaki,Syangja,Waling,14,,0,0,0,0,0,0,0,0,0,0,0,0,0,0,0,0,0,0,0,0,0,2022-12-21,"Waling, Syangja, Nepal",27.9843444,83.7685296
Yes,"Forest Fire at Beldi, Chandrapur Municipality-6",,nepal_police,Forest Fire,2022-11-01,Madhesh,Rautahat,Chandrapur,6,,0,0,0,0,0,0,0,0,0,0,0,0,0,0,0,0,0,0,0,0,0,2022-11-01,"Chandrapur, Rautahat, Nepal",27.1270572,85.3810871
Yes,"Forest Fire at Rambagh, Gulariya Municipality-5",,nepal_police,Forest Fire,2022-06-26,Lumbini,Bardiya,Gulariya,5,,0,0,0,0,0,0,0,0,0,0,0,0,0,0,0,0,0,0,0,0,0,2022-06-26,"Gulariya, Bardiya, Nepal",28.2048538,81.3455485
Yes,"Forest Fire at bhandariwada , Chandannath Municipality-2",,other,Forest Fire,2022-06-19,Karnali,Jumla,Chandannath,2,,0,0,0,0,0,0,0,0,0,0,0,0,0,0,0,0,0,0,0,0,0,2022-06-19,"Chandannath, Jumla, Nepal",29.3031521,82.1501085
Yes,"Forest Fire at Dandakateri, Siddha Kumakh Rural Municipality-3",,nepal_police,Forest Fire,2022-06-18,Karnali,Salyan,Siddha Kumakh,3,,0,0,0,0,0,0,1,1,0,0,0,0,0,0,0,0,0,0,0,0,0,2022-06-18,"Siddha Kumakh, Salyan, Nepal",28.4068256,82.1675807
Yes,Forest Fire at Dhakari Rural Municipality-3,,nepal_police,Forest Fire,2022-06-12,Sudurpashchim,Achham,Dhakari,3,,0,0,0,0,0,0,0,0,0,0,0,0,0,0,0,0,0,0,0,0,0,2022-06-12,"Dhakari, Achham, Nepal",28.9769829,81.2246906
Yes,"Forest Fire at Mayang, Putha Uttarganga Rural Municipality-6",,nepal_police,Forest Fire,2022-06-08,Lumbini,Rukum East,Putha Uttarganga,6,,0,0,0,0,0,0,0,0,0,0,0,0,0,0,0,0,0,0,0,0,0,2022-06-08,"Putha Uttarganga, Rukum East, Nepal",28.6394558,82.5517807
Yes,"Forest Fire at Seule, Dhankuta Municipality-4",,other,Forest Fire,2022-06-02,Koshi,Dhankuta,Dhankuta,4,,0,0,0,0,0,0,0,0,0,0,0,0,0,0,0,0,0,0,0,0,0,2022-06-02,"Dhankuta, Dhankuta, Nepal",26.9825083,87.3451034
Yes,"Forest Fire at Sansare, Chhathar Jorpati Rural Municipality-3",,nepal_police,Forest Fire,2022-05-24,Koshi,Dhankuta,Chhathar Jorpati,3,,0,0,0,0,0,0,0,0,0,0,0,0,0,0,0,0,0,0,0,0,0,2022-05-24,"Chhathar Jorpati, Dhankuta, Nepal",27.022131,87.4031366
Yes,"Forest Fire at karmitar, Dhankuta Municipality-5",,other,Forest Fire,2022-05-20,Koshi,Dhankuta,Dhankuta,5,,0,0,0,0,0,0,0,0,0,0,0,0,0,0,0,0,0,0,0,0,0,2022-05-20,"Dhankuta, Dhankuta, Nepal",26.9825083,87.3451034
Yes,"Forest Fire at Sandanchbaur, Airawati Rural Municipality-5",,other,Forest Fire,2022-05-20,Lumbini,Pyuthan,Airawati,5,,0,0,0,0,0,0,0,0,0,0,0,0,0,0,0,0,0,0,0,0,0,2022-05-20,"Airawati, Pyuthan, Nepal",28.032859,82.9021693
Yes,"Forest Fire at thanthok, Chame Rural Municipality-2",,other,Forest Fire,2022-05-12,Gandaki,Manang,Chame,2,,0,0,0,0,0,0,0,0,0,0,0,0,0,0,0,0,0,0,0,0,0,2022-05-12,"Chame, Manang, Nepal",28.5507325,84.2423535
Yes,"Forest Fire at Lubhuwa, Pauwadungma Rural Municipality-5",,nepal_police,Forest Fire,2022-05-10,Koshi,Bhojpur,Pauwadungma,5,1815000.0,0,0,2,2,0,14,0,0,0,0,0,0,0,0,0,0,0,0,0,0,0,2022-05-10,"Pauwadungma, Bhojpur, Nepal",27.1229312,87.1453288
Yes,"Forest Fire at Syanilck, Sworgadwary Municipality-5",,nepal_police,Forest Fire,2022-05-01,Lumbini,Pyuthan,Sworgadwary,5,,0,0,0,0,0,0,0,0,0,0,0,0,0,0,0,0,1,1,0,0,0,2022-05-01,"Sworgadwary, Pyuthan, Nepal",28.1319035,82.6947379
Yes,Forest Fire at Sunil Smriti Rural Municipality-6,,nepal_police,Forest Fire,2022-05-01,Lumbini,Rolpa,Sunil Smriti,6,,0,0,0,0,0,0,0,0,0,0,0,0,0,0,0,0,0,0,0,0,0,2022-05-01,"Sunil Smriti, Rolpa, Nepal",28.2579868,82.7389803
Yes,Forest Fire at Mallarani Rural Municipality-2,,other,Forest Fire,2022-04-27,Lumbini,Pyuthan,Mallarani,2,,0,0,0,0,0,0,0,0,0,0,0,0,0,0,0,0,0,0,0,0,0,2022-04-27,"Mallarani, Pyuthan, Nepal",28.0735265,82.9182622
Yes,Forest Fire at Pyuthan Municipality-8,,other,Forest Fire,2022-04-27,Lumbini,Pyuthan,Pyuthan,8,,0,0,0,0,0,0,0,0,0,0,0,0,0,0,0,0,0,0,0,0,0,2022-04-27,"Pyuthan, Pyuthan, Nepal",28.1275303,82.8494422
Yes,"Forest Fire at Nala, Bandipur Rural Municipality-1",,other,Forest Fire,2022-04-27,Gandaki,Tanahu,Bandipur,1,,0,0,0,0,0,0,0,0,0,0,0,0,0,0,0,0,0,0,0,0,0,2022-04-27,"Bandipur, Tanahu, Nepal",27.7441108,85.3209226
Yes,Forest Fire at Pyuthan Municipality-10,,nepal_police,Forest Fire,2022-04-27,Lumbini,Pyuthan,Pyuthan,10,,0,0,0,0,0,0,0,0,0,0,0,0,0,0,0,0,0,0,0,0,0,2022-04-27,"Pyuthan, Pyuthan, Nepal",28.1275303,82.8494422
Yes,"Forest Fire at kur, Bhumekasthan Municipality-8",,other,Forest Fire,2022-04-27,Lumbini,Arghakhanchi,Bhumekasthan,8,,0,0,0,0,0,0,0,0,0,0,0,0,0,0,0,0,0,0,0,0,0,2022-04-27,"Bhumekasthan, Arghakhanchi, Nepal",27.9646263,83.0586617
Yes,Forest Fire at Nagarjun Municipality-3,,other,Forest Fire,2022-04-27,Bagmati,Kathmandu,Nagarjun,3,,0,0,0,0,0,0,0,0,0,0,0,0,0,0,0,0,0,0,0,0,0,2022-04-27,"Nagarjun, Kathmandu, Nepal",27.7174824,85.2693125
Yes,"Forest Fire at Phutke, Phedap Rural Municipality-1",,other,Forest Fire,2022-04-27,Koshi,Terhathum,Phedap,1,,0,0,0,0,0,0,0,0,0,0,0,0,0,0,0,0,0,0,0,0,0,2022-04-27,"Phedap, Terhathum, Nepal",27.1490811,87.5944603
Yes,"Forest Fire at Sima, Simta Rural Municipality-5",,nepal_police,Forest Fire,2022-04-26,Karnali,Surkhet,Simta,5,1800000.0,0,0,2,2,0,0,0,0,0,0,0,0,0,0,0,0,0,0,0,0,0,2022-04-26,"Simta, Surkhet, Nepal",28.5453997,81.9436431
Yes,"Forest Fire at Falate, Thulung Dudhkoshi Rural Municipality-3",,nepal_police,Forest Fire,2022-04-26,Koshi,Solukhumbu,Thulung Dudhkoshi,3,,0,0,0,0,0,0,0,0,0,0,0,0,0,0,0,0,1,1,0,0,0,2022-04-26,"Thulung Dudhkoshi, Solukhumbu, Nepal",27.4277211,86.713777
Yes,Forest Fire at Bheriganga Municipality-6,,nepal_police,Forest Fire,2022-04-26,Karnali,Surkhet,Bheriganga,6,80000.0,0,0,1,1,0,0,0,0,0,0,0,0,0,0,0,0,0,0,0,0,0,2022-04-26,"Bheriganga, Surkhet, Nepal",28.4709269,81.6770364
Yes,Forest Fire at Gokarneshwor Municipality-3,,other,Forest Fire,2022-04-26,Bagmati,Kathmandu,Gokarneshwor,3,,0,0,0,0,0,0,0,0,0,0,0,0,0,0,0,0,0,0,0,0,0,2022-04-26,"Gokarneshwor, Kathmandu, Nepal",27.7262875,85.3759059
Yes,Forest Fire at Budhanilakantha Municipality-1,,other,Forest Fire,2022-04-26,Bagmati,Kathmandu,Budhanilakantha,1,,0,0,0,0,0,0,0,0,0,0,0,0,0,0,0,0,0,0,0,0,0,2022-04-26,"Budhanilakantha, Kathmandu, Nepal",27.7815062,85.3594518
Yes,Forest Fire at Jhimruk Rural Municipality-5,,nepal_police,Forest Fire,2022-04-25,Lumbini,Pyuthan,Jhimruk,5,,0,0,0,0,0,0,0,0,0,0,0,0,0,0,0,0,0,0,0,0,0,2022-04-25,"Jhimruk, Pyuthan, Nepal",28.1486858,82.9840841
Yes,"Forest Fire at Hakula, Mapya Dudhkoshi Rural Municipality-7",,nepal_police,Forest Fire,2022-04-25,Koshi,Solukhumbu,Mapya Dudhkoshi,7,,0,0,0,0,0,0,0,0,0,0,0,0,0,0,0,0,0,0,0,0,0,2022-04-25,"Mapya Dudhkoshi, Solukhumbu, Nepal",27.5225725,86.6893182
Yes,"Forest Fire at Sankhet, Aathabis Municipality-6",,nepal_police,Forest Fire,2022-04-25,Karnali,Dailekh,Aathabis,6,,0,0,0,0,0,0,0,0,0,0,0,0,0,0,0,0,0,0,0,0,0,2022-04-25,"Aathabis, Dailekh, Nepal",29.0239458,81.4788235
Yes,"Forest Fire at Saptar, Budhanilakantha Municipality-13",,nepal_police,Forest Fire,2022-04-25,Bagmati,Kathmandu,Budhanilakantha,13,,0,0,0,0,0,0,0,0,0,0,0,0,0,0,0,0,0,0,0,0,0,2022-04-25,"Budhanilakantha, Kathmandu, Nepal",27.7815062,85.3594518
Yes,"Forest Fire at Kothiyagau, Madhuwan Municipality-5",,nepal_police,Forest Fire,2022-04-24,Lumbini,Bardiya,Madhuwan,5,,0,0,0,0,0,0,0,0,0,0,0,0,0,0,0,0,0,0,0,0,0,2022-04-24,"Madhuwan, Bardiya, Nepal",28.3361048,81.2689895
Yes,Forest Fire at Mallarani Rural Municipality-2,,nepal_police,Forest Fire,2022-04-24,Lumbini,Pyuthan,Mallarani,2,,0,0,0,0,0,0,0,0,0,0,0,0,0,0,0,0,0,0,0,0,0,2022-04-24,"Mallarani, Pyuthan, Nepal",28.0735265,82.9182622
Yes,"Forest Fire at gandhela, Rajpur Rural Municipality-7",,nepal_police,Forest Fire,2022-04-24,Lumbini,Dang,Rajpur,7,1050000.0,0,0,0,0,5,58,0,0,0,0,0,0,0,0,0,0,0,0,0,0,0,2022-04-24,"Rajpur, Dang, Nepal",27.8268287,82.3555524
Yes,"Forest Fire at Tauluwa, Budhanilakantha Municipality-1",,other,Forest Fire,2022-04-24,Bagmati,Kathmandu,Budhanilakantha,1,,0,0,0,0,0,0,0,0,0,0,0,0,0,0,0,0,0,0,0,0,0,2022-04-24,"Budhanilakantha, Kathmandu, Nepal",27.7815062,85.3594518
Yes,"Forest Fire at salleni, Diprung Chuichumma Rural Municipality-4",,nepal_police,Forest Fire,2022-04-24,Koshi,Khotang,Diprung Chuichumma,4,1080000.0,0,0,7,7,0,0,0,0,0,0,0,0,0,0,0,0,0,0,0,0,0,2022-04-24,"Diprung Chuichumma, Khotang, Nepal",27.0972229,86.7939178
Yes,Forest Fire at Thulung Dudhkoshi Rural Municipality-2,,nepal_police,Forest Fire,2022-04-24,Koshi,Solukhumbu,Thulung Dudhkoshi,2,,0,0,0,0,0,0,0,0,0,0,0,0,0,0,0,0,0,0,0,0,0,2022-04-24,"Thulung Dudhkoshi, Solukhumbu, Nepal",27.4277211,86.713777
Yes,Forest Fire at Airawati Rural Municipality-6,,nepal_police,Forest Fire,2022-04-23,Lumbini,Pyuthan,Airawati,6,,0,0,0,0,0,0,0,0,0,0,0,0,0,0,0,0,0,0,0,0,0,2022-04-23,"Airawati, Pyuthan, Nepal",28.032859,82.9021693
Yes,Forest Fire at Bansagadhi Municipality-7,,nepal_police,Forest Fire,2022-04-23,Lumbini,Bardiya,Bansagadhi,7,,0,0,0,0,0,0,0,0,0,0,0,0,0,0,0,0,0,0,0,0,0,2022-04-23,"Bansagadhi, Bardiya, Nepal",28.2654122,81.5400016
Yes,Forest Fire at Narayan Municipality-3,,nepal_police,Forest Fire,2022-04-21,Karnali,Dailekh,Narayan,3,,0,0,0,0,0,0,0,0,0,0,0,0,0,0,0,0,0,0,0,0,0,2022-04-21,"Narayan, Dailekh, Nepal",28.8776184,81.7394918
Yes,"Forest Fire at Upallocour, Badigad Rural Municipality-4",,nepal_police,Forest Fire,2022-04-19,Gandaki,Baglung,Badigad,4,,0,0,0,0,0,0,0,0,0,0,0,0,0,0,0,0,0,0,0,0,0,2022-04-19,"Badigad, Baglung, Nepal",28.2678013,83.2509541
Yes,"Forest Fire at Raniban, Mandavi Rural Municipality-1",,nepal_police,Forest Fire,2022-04-19,Lumbini,Pyuthan,Mandavi,1,,0,0,0,0,0,0,0,0,0,0,0,0,0,0,0,0,0,0,0,0,0,2022-04-19,"Mandavi, Pyuthan, Nepal",28.0471039,82.7718348
Yes,"Forest Fire at Jantanagar, Badhaiyatal Rural Municipality-5",,nepal_police,Forest Fire,2022-04-19,Lumbini,Bardiya,Badhaiyatal,5,,0,0,0,0,0,0,0,0,0,0,0,0,0,0,0,0,0,0,0,0,0,2022-04-19,"Badhaiyatal, Bardiya, Nepal",28.1518335,81.4776062
Yes,"Forest Fire at Hattikharka, Chhathar Jorpati Rural Municipality-1",,nepal_police,Forest Fire,2022-04-18,Koshi,Dhankuta,Chhathar Jorpati,1,,0,0,0,0,0,0,0,0,0,0,0,0,0,0,0,0,0,0,0,0,0,2022-04-18,"Chhathar Jorpati, Dhankuta, Nepal",27.022131,87.4031366
Yes,"Forest Fire at Rupaskada, Jorayal Rural Municipality-2",,nepal_police,Forest Fire,2022-04-18,Sudurpashchim,Doti,Jorayal,2,,0,0,0,0,0,0,0,0,0,0,0,0,0,0,0,0,0,0,0,0,0,2022-04-18,"Jorayal, Doti, Nepal",29.0998839,80.6732153
Yes,"Forest Fire at Local, Bhojpur Municipality-4",,nepal_police,Forest Fire,2022-04-18,Koshi,Bhojpur,Bhojpur,4,,0,0,0,0,0,0,0,0,0,0,0,0,0,0,0,0,0,0,0,0,0,2022-04-18,"Bhojpur, Bhojpur, Nepal",27.1879842,87.0498443
Yes,"Forest Fire at Palapu, Champadevi Rural Municipality-2",,nepal_police,Forest Fire,2022-04-18,Koshi,Okhaldhunga,Champadevi,2,,0,0,0,0,0,0,0,0,0,0,0,0,0,0,0,0,0,0,0,0,0,2022-04-18,"Champadevi, Okhaldhunga, Nepal",27.3331594,86.2908902
Yes,Forest Fire at Chhathar Rural Municipality-4,,nepal_police,Forest Fire,2022-04-17,Koshi,Terhathum,Chhathar,4,1700000.0,0,0,2,2,0,0,0,0,0,0,0,0,0,0,0,0,0,0,0,0,0,2022-04-17,"Chhathar, Terhathum, Nepal",27.0589568,87.4503131
Yes,"Forest Fire at haku, Aathrai Rural Municipality-3",,nepal_police,Forest Fire,2022-04-17,Koshi,Terhathum,Aathrai,3,500000.0,0,0,0,0,0,6,0,0,0,0,0,0,0,0,0,0,0,0,0,0,0,2022-04-17,"Aathrai, Terhathum, Nepal",27.7352668,85.309135
Yes,"Forest Fire at Kerabari, Ramprasad Rai Rural Municipality-3",,nepal_police,Forest Fire,2022-04-17,Koshi,Bhojpur,Ramprasad Rai,3,2500000.0,0,0,2,2,0,4,0,0,0,0,0,0,0,0,0,0,0,0,0,0,0,2022-04-17,"Ramprasad Rai, Bhojpur, Nepal",27.0815175,87.0299353
Yes,"Forest Fire at Chakari, Jitpur Simara Submetropolitan City-22",,nepal_police,Forest Fire,2022-04-17,Madhesh,Bara,Jitpur Simara,22,100000.0,0,0,0,0,0,0,0,0,0,0,0,0,0,0,0,0,0,0,0,0,0,2022-04-17,"Jitpur Simara, Bara, Nepal",27.2144488,85.0117808
Yes,"Forest Fire at Jaljalca, Phedap Rural Municipality-3",,nepal_police,Forest Fire,2022-04-16,Koshi,Terhathum,Phedap,3,1700000.0,0,0,0,0,1,0,0,0,0,0,0,0,0,0,0,0,0,0,0,0,0,2022-04-16,"Phedap, Terhathum, Nepal",27.1490811,87.5944603
Yes,"Forest Fire at Pipalchour, Lungri Rural Municipality-5",,nepal_police,Forest Fire,2022-04-15,Lumbini,Rolpa,Lungri,5,,0,0,0,0,0,2,0,0,0,0,0,0,0,0,0,0,0,0,0,0,0,2022-04-15,"Lungri, Rolpa, Nepal",28.266657,82.808739
Yes,"Forest Fire at Palasea, Suryabinayak Municipality-9",,nepal_police,Forest Fire,2022-04-15,Bagmati,Bhaktapur,Suryabinayak,9,,0,0,0,0,0,0,0,0,0,0,0,0,0,0,0,0,0,0,0,0,0,2022-04-15,"Suryabinayak, Bhaktapur, Nepal",27.6675536,85.4034057
Yes,"Forest Fire at badkadiale, Khotehang Rural Municipality-4",,nepal_police,Forest Fire,2022-04-15,Koshi,Khotang,Khotehang,4,60000.0,0,0,0,0,2,0,0,0,0,0,0,0,0,0,0,0,0,0,0,0,0,2022-04-15,"Khotehang, Khotang, Nepal",27.0351548,86.8454052
Yes,Forest Fire at Tikapur Municipality-1,,other,Forest Fire,2022-04-09,Sudurpashchim,Kailali,Tikapur,1,,0,0,0,0,0,0,0,0,0,0,0,0,0,0,0,0,0,0,0,0,0,2022-04-09,"Tikapur, Kailali, Nepal",28.5282679,81.119298
Yes,"Forest Fire at dhata, Pyuthan Municipality-2",,nepal_police,Forest Fire,2022-04-06,Lumbini,Pyuthan,Pyuthan,2,,0,0,0,0,0,0,0,0,0,0,0,0,0,0,0,0,0,0,0,0,0,2022-04-06,"Pyuthan, Pyuthan, Nepal",28.1275303,82.8494422
Yes,"Forest Fire at Bugmati, Lalitpur Metropolitan City-22",,nepal_police,Forest Fire,2022-04-05,Bagmati,Lalitpur,Lalitpur,22,,0,0,0,0,0,0,0,0,0,0,0,0,0,0,0,0,0,0,0,0,0,2022-04-05,"Lalitpur, Lalitpur, Nepal",27.6765635,85.3166069
Yes,"Forest Fire at Madhapur, Manebhanjyang Rural Municipality-9",,nepal_police,Forest Fire,2022-04-05,Koshi,Okhaldhunga,Manebhanjyang,9,,0,0,0,0,0,0,0,0,0,0,0,0,0,0,0,0,0,0,0,0,0,2022-04-05,"Manebhanjyang, Okhaldhunga, Nepal",27.2119455,86.4655248
Yes,"Forest Fire at Bhajipuruwa, Nepalgunj Submetropolitan City-23",,nepal_police,Forest Fire,2022-04-04,Lumbini,Banke,Nepalgunj,23,,0,0,0,0,0,0,0,0,0,0,0,0,0,0,0,0,0,0,0,0,0,2022-04-04,"Nepalgunj, Banke, Nepal",28.1023045,81.6622794
Yes,"Forest Fire at Jadi, Airawati Rural Municipality-2",,nepal_police,Forest Fire,2022-04-04,Lumbini,Pyuthan,Airawati,2,,0,0,0,0,0,0,0,0,0,0,0,0,0,0,0,0,0,0,0,0,0,2022-04-04,"Airawati, Pyuthan, Nepal",28.032859,82.9021693
Yes,"Forest Fire at Thoklung, Aathrai Rural Municipality-7",,nepal_police,Forest Fire,2022-04-04,Koshi,Terhathum,Aathrai,7,1000000.0,0,0,1,1,0,0,0,0,0,0,0,0,0,0,0,0,0,0,0,0,0,2022-04-04,"Aathrai, Terhathum, Nepal",27.7352668,85.309135
Yes,"Forest Fire at Nuwakot, Tila Rural Municipality-4",,nepal_police,Forest Fire,2022-03-30,Karnali,Jumla,Tila,4,,0,0,0,0,0,0,0,0,0,0,0,0,0,0,0,0,0,0,0,0,0,2022-03-30,"Tila, Jumla, Nepal",29.1865729,81.9839161
Yes,"Forest Fire at Chauphal, Katari Municipality-1",,nepal_police,Forest Fire,2022-03-28,Koshi,Udayapur,Katari,1,1066200.0,0,0,0,0,0,0,0,0,0,0,0,0,0,0,0,0,0,0,0,0,0,2022-03-28,"Katari, Udayapur, Nepal",26.962807,86.3705031
Yes,"Forest Fire at kot, Tyamkemaiyung Rural Municipality-7",,other,Forest Fire,2022-03-27,Koshi,Bhojpur,Tyamkemaiyung,7,,0,0,0,0,0,0,0,0,0,0,0,0,0,0,0,0,0,0,0,0,0,2022-03-27,"Tyamkemaiyung, Bhojpur, Nepal",27.1743038,87.0934775
Yes,"Forest Fire at Urathe, Myanglung Municipality-3",,nepal_police,Forest Fire,2022-03-27,Koshi,Terhathum,Myanglung,3,,0,0,0,0,0,0,0,0,0,0,0,0,0,0,0,0,0,0,0,0,0,2022-03-27,"Myanglung, Terhathum, Nepal",27.1200086,87.5364049
Yes,"Forest Fire at dhate, Phedap Rural Municipality-3",,other,Forest Fire,2022-03-26,Koshi,Terhathum,Phedap,3,,0,0,0,0,0,0,0,0,0,0,0,0,0,0,0,0,0,0,0,0,0,2022-03-26,"Phedap, Terhathum, Nepal",27.1490811,87.5944603
Yes,"Forest Fire at khoriya, Mirchaiya Municipality-7",,other,Forest Fire,2022-03-26,Madhesh,Siraha,Mirchaiya,7,900000.0,0,0,3,3,0,0,0,0,0,0,0,0,0,0,0,0,0,0,0,0,0,2022-03-26,"Mirchaiya, Siraha, Nepal",26.8304301,86.2524757
Yes,"Forest Fire at Mamkha, Chisankhugadhi Rural Municipality-7",,nepal_police,Forest Fire,2022-03-25,Koshi,Okhaldhunga,Chisankhugadhi,7,,0,0,0,0,0,0,0,0,0,0,0,0,0,0,0,0,0,0,0,0,0,2022-03-25,"Chisankhugadhi, Okhaldhunga, Nepal",27.3188786,86.6176882
Yes,"Forest Fire at Bajeni, Sworgadwary Municipality-8",,other,Forest Fire,2022-03-25,Lumbini,Pyuthan,Sworgadwary,8,,0,0,0,0,0,0,0,0,0,0,0,0,0,0,0,0,0,0,0,0,0,2022-03-25,"Sworgadwary, Pyuthan, Nepal",28.1319035,82.6947379
Yes,"Forest Fire at lLamdanda, Sandhikharka Municipality-10",,nepal_police,Forest Fire,2022-03-20,Lumbini,Arghakhanchi,Sandhikharka,10,,0,0,0,0,0,0,0,0,0,0,0,0,0,0,0,0,0,0,0,0,0,2022-03-20,"Sandhikharka, Arghakhanchi, Nepal",27.975697,83.127113
Yes,Forest Fire at Chandannath Municipality-1,,other,Forest Fire,2022-03-18,Karnali,Jumla,Chandannath,1,,0,0,0,0,0,0,0,0,0,0,0,0,0,0,0,0,0,0,0,0,0,2022-03-18,"Chandannath, Jumla, Nepal",29.3031521,82.1501085
Yes,"Forest Fire at Arkhaule, Mahalaxmi Municipality-8",,other,Forest Fire,2022-03-18,Koshi,Dhankuta,Mahalaxmi,8,,0,0,0,0,0,0,0,0,0,0,0,0,0,0,0,0,0,0,0,0,0,2022-03-18,"Mahalaxmi, Dhankuta, Nepal",27.1335945,87.3323685
Yes,"Forest Fire at Majhkharka, Myanglung Municipality-2",,nepal_police,Forest Fire,2022-03-17,Koshi,Terhathum,Myanglung,2,50000.0,0,0,0,0,1,0,0,0,0,0,0,0,0,0,0,0,0,0,0,0,0,2022-03-17,"Myanglung, Terhathum, Nepal",27.1200086,87.5364049
Yes,"Forest Fire at Belgadi, Damak Municipality-3",,other,Forest Fire,2022-03-16,Koshi,Jhapa,Damak,3,,0,0,0,0,0,0,0,0,0,0,0,0,0,0,0,0,0,0,0,0,0,2022-03-16,"Damak, Jhapa, Nepal",26.6650146,87.7011507
Yes,"Forest Fire at Matikhel, Chandragiri Municipality-4",,other,Forest Fire,2022-03-15,Bagmati,Kathmandu,Chandragiri,4,,0,0,0,0,0,0,0,0,0,0,0,0,0,0,0,0,0,0,0,0,0,2022-03-15,"Chandragiri, Kathmandu, Nepal",27.6889272,85.2422926
Yes,"Forest Fire at Chuhandanda, Aathrai Rural Municipality-6",,nepal_police,Forest Fire,2022-03-14,Koshi,Terhathum,Aathrai,6,,0,0,0,0,0,0,0,0,0,0,0,0,0,0,0,0,0,0,0,0,0,2022-03-14,"Aathrai, Terhathum, Nepal",27.7352668,85.309135
Yes,"Forest Fire at Basnasthali, Annapurna Rural Municipality-9",,other,Forest Fire,2022-03-13,Gandaki,Kaski,Annapurna,9,,0,0,0,0,0,0,0,0,0,0,0,0,0,0,0,0,0,0,0,0,0,2022-03-13,"Annapurna, Kaski, Nepal",28.433657,83.8022522
Yes,"Forest Fire at patale, Molung Rural Municipality-7",,other,Forest Fire,2022-03-12,Koshi,Okhaldhunga,Molung,7,,0,0,0,0,0,0,0,0,0,0,0,0,0,0,0,0,0,0,0,0,0,2022-03-12,"Molung, Okhaldhunga, Nepal",27.3569583,86.4257935
Yes,"Forest Fire at Muldol, Godawari_Lalitpur Municipality-10",,other,Forest Fire,2022-03-12,Bagmati,Lalitpur,Godawari_Lalitpur,10,,0,0,0,0,0,0,0,0,0,0,0,0,0,0,0,0,0,0,0,0,0,2022-03-12,"Godawari_Lalitpur, Lalitpur, Nepal",27.5880347,85.3278463
Yes,Forest Fire at Uttargaya Rural Municipality-1,,nepal_police,Forest Fire,2022-03-09,Bagmati,Rasuwa,Uttargaya,1,,0,0,0,0,0,0,0,0,0,0,0,0,0,0,0,0,0,0,0,0,0,2022-03-09,"Uttargaya, Rasuwa, Nepal",28.07071,85.1825768
Yes,Forest Fire at Solududhakunda Municipality-4,,nepal_police,Forest Fire,2022-01-31,Koshi,Solukhumbu,Solududhakunda,4,,0,0,0,0,0,0,0,0,0,0,0,0,0,0,0,0,0,0,0,0,0,2022-01-31,"Solududhakunda, Solukhumbu, Nepal",27.7262537,86.7812043
Yes,Forest Fire at Solududhakunda Municipality-7,,nepal_police,Forest Fire,2022-01-31,Koshi,Solukhumbu,Solududhakunda,7,,0,0,0,0,0,0,0,0,0,0,0,0,0,0,0,0,0,0,0,0,0,2022-01-31,"Solududhakunda, Solukhumbu, Nepal",27.7262537,86.7812043
Yes,"Forest Fire at Hunga, Mahakulung Rural Municipality-2",,nepal_police,Forest Fire,2021-12-23,Koshi,Solukhumbu,Mahakulung,2,,0,0,0,0,0,0,0,0,0,0,0,0,0,0,0,0,0,0,0,0,0,2021-12-23,"Mahakulung, Solukhumbu, Nepal",27.6529554,86.8978779
Yes,Forest Fire at Raskot Municipality-9,,nepal_police,Forest Fire,2021-12-17,Karnali,Kalikot,Raskot,9,,0,0,0,0,0,0,0,0,0,0,0,0,0,0,0,0,1,0,1,0,0,2021-12-17,"Raskot, Kalikot, Nepal",29.2749998,81.6445362
Yes,"Forest Fire at Rupche, Siddhicharan Municipality-10",,nepal_police,Forest Fire,2021-05-22,Koshi,Okhaldhunga,Siddhicharan,10,,0,0,0,0,0,0,0,0,0,0,0,0,0,0,0,0,0,0,0,0,0,2021-05-22,"Siddhicharan, Okhaldhunga, Nepal",27.317984,86.501404
Yes,"Forest Fire at Amile, Malarani Rural Municipality-2",,nepal_police,Forest Fire,2021-05-16,Lumbini,Arghakhanchi,Malarani,2,,0,0,0,0,0,0,1,1,0,0,0,0,0,0,0,0,0,0,0,0,0,2021-05-16,"Malarani, Arghakhanchi, Nepal",28.0668837,83.0726843
Yes,Forest Fire at Manebhanjyang Rural Municipality-7,,nepal_police,Forest Fire,2021-05-16,Koshi,Okhaldhunga,Manebhanjyang,7,,0,0,0,0,0,0,0,0,0,0,0,0,0,0,0,0,0,0,0,0,0,2021-05-16,"Manebhanjyang, Okhaldhunga, Nepal",27.2119455,86.4655248
Yes,"Forest Fire at Sapmara, Sharada Municipality-6",,nepal_police,Forest Fire,2021-05-02,Karnali,Salyan,Sharada,6,,0,0,0,0,0,0,1,1,0,0,0,0,0,0,0,0,0,0,0,0,0,2021-05-02,"Sharada, Salyan, Nepal",28.3881105,82.1664467
Yes,Forest Fire at Pokhara Lekhnath Metropolitan City-24,,nepal_police,Forest Fire,2021-05-01,Gandaki,Kaski,Pokhara Lekhnath,24,,0,0,0,0,0,0,0,0,0,0,0,0,0,0,0,0,0,0,0,0,0,2021-05-01,"Pokhara Lekhnath, Kaski, Nepal",28.2234031,83.9907404
Yes,Forest Fire at Pokhara Lekhnath Metropolitan City-19,,nepal_police,Forest Fire,2021-04-29,Gandaki,Kaski,Pokhara Lekhnath,19,,0,0,0,0,0,0,0,0,0,0,0,0,0,0,0,0,0,0,0,0,0,2021-04-29,"Pokhara Lekhnath, Kaski, Nepal",28.2234031,83.9907404
Yes,"Forest Fire at pame, Pokhara Lekhnath Metropolitan City-23",,nepal_police,Forest Fire,2021-04-29,Gandaki,Kaski,Pokhara Lekhnath,23,,0,0,0,0,0,0,0,0,0,0,0,0,0,0,0,0,0,0,0,0,0,2021-04-29,"Pokhara Lekhnath, Kaski, Nepal",28.2234031,83.9907404
Yes,"Forest Fire at Maghendraguffa, Pokhara Lekhnath Metropolitan City-16",,nepal_police,Forest Fire,2021-04-29,Gandaki,Kaski,Pokhara Lekhnath,16,,0,0,0,0,0,0,0,0,0,0,0,0,0,0,0,0,0,0,0,0,0,2021-04-29,"Pokhara Lekhnath, Kaski, Nepal",28.2234031,83.9907404
Yes,Forest Fire at Manebhanjyang Rural Municipality-6,,nepal_police,Forest Fire,2021-04-28,Koshi,Okhaldhunga,Manebhanjyang,6,,0,0,0,0,0,0,0,0,0,0,0,0,0,0,0,0,0,0,0,0,0,2021-04-28,"Manebhanjyang, Okhaldhunga, Nepal",27.2119455,86.4655248
Yes,"Forest Fire at Mundanda, Mallarani Rural Municipality-3",,nepal_police,Forest Fire,2021-04-28,Lumbini,Pyuthan,Mallarani,3,,0,0,0,0,0,0,0,0,0,0,0,0,0,0,0,0,0,0,0,0,0,2021-04-28,"Mallarani, Pyuthan, Nepal",28.0735265,82.9182622
Yes,"Forest Fire at Dandagaun, Budhanilakantha Municipality-5",,nepal_police,Forest Fire,2021-04-28,Bagmati,Kathmandu,Budhanilakantha,5,,0,0,0,0,0,0,0,0,0,0,0,0,0,0,0,0,0,0,0,0,0,2021-04-28,"Budhanilakantha, Kathmandu, Nepal",27.7815062,85.3594518
Yes,Forest Fire at Panchkhal Municipality-11,,nepal_police,Forest Fire,2021-04-28,Bagmati,Kavrepalanchok,Panchkhal,11,,0,0,0,0,0,0,1,0,1,0,0,0,0,0,0,0,0,0,0,0,0,2021-04-28,"Panchkhal, Kavrepalanchok, Nepal",27.6468087,85.619863
Yes,Forest Fire at Pokhara Lekhnath Metropolitan City-18,,nepal_police,Forest Fire,2021-04-27,Gandaki,Kaski,Pokhara Lekhnath,18,,0,0,0,0,0,0,0,0,0,0,0,0,0,0,0,0,0,0,0,0,0,2021-04-27,"Pokhara Lekhnath, Kaski, Nepal",28.2234031,83.9907404
Yes,"Forest Fire at Bakhregothali, Bheriganga Municipality-2",,nepal_police,Forest Fire,2021-04-27,Karnali,Surkhet,Bheriganga,2,,0,0,2,2,0,0,0,0,0,0,0,0,0,0,0,0,0,0,0,0,0,2021-04-27,"Bheriganga, Surkhet, Nepal",28.4709269,81.6770364
Yes,"Forest Fire at Khamura, Godawari_Kailali Municipality-10",,nepal_police,Forest Fire,2021-04-27,Sudurpashchim,Kailali,Godawari_Kailali,10,,0,0,0,0,0,0,0,0,0,0,0,0,0,0,0,0,0,0,0,0,0,2021-04-27,"Godawari_Kailali, Kailali, Nepal",28.81092,80.55275
Yes,Forest Fire at Dasharathchanda Municipality-10,,nepal_police,Forest Fire,2021-04-27,Sudurpashchim,Baitadi,Dasharathchanda,10,,0,0,0,0,0,0,0,0,0,0,0,0,0,0,0,0,1,0,1,0,0,2021-04-27,"Dasharathchanda, Baitadi, Nepal",29.5439361,80.4171965
Yes,"Forest Fire at Pidalc, Tribeni Rural Municipality-2",,nepal_police,Forest Fire,2021-04-27,Lumbini,Rolpa,Tribeni,2,,0,0,20,20,0,0,0,0,0,0,0,0,0,0,0,0,0,0,0,0,0,2021-04-27,"Tribeni, Rolpa, Nepal",28.292775,82.4831073
Yes,"Forest Fire at Katunje, Sunkoshi Rural Municipality-10",,nepal_police,Forest Fire,2021-04-27,Koshi,Okhaldhunga,Sunkoshi,10,,0,0,0,0,0,0,0,0,0,0,0,0,0,0,0,0,0,0,0,0,0,2021-04-27,"Sunkoshi, Okhaldhunga, Nepal",27.2847187,86.3797338
Yes,"Forest Fire at Jarewar, Pokhara Lekhnath Metropolitan City-6",,nepal_police,Forest Fire,2021-04-26,Gandaki,Kaski,Pokhara Lekhnath,6,,0,0,0,0,0,0,0,0,0,0,0,0,0,0,0,0,0,0,0,0,0,2021-04-26,"Pokhara Lekhnath, Kaski, Nepal",28.2234031,83.9907404
Yes,"Forest Fire at Bhorle, Manebhanjyang Rural Municipality-5",,nepal_police,Forest Fire,2021-04-26,Koshi,Okhaldhunga,Manebhanjyang,5,,0,0,0,0,0,0,0,0,0,0,0,0,0,0,0,0,0,0,0,0,0,2021-04-26,"Manebhanjyang, Okhaldhunga, Nepal",27.2119455,86.4655248
Yes,"Forest Fire at Ghoadghodi, Ghodaghodi Municipality-10",,nepal_police,Forest Fire,2021-04-26,Sudurpashchim,Kailali,Ghodaghodi,10,,0,0,0,0,0,0,0,0,0,0,0,0,0,0,0,0,0,0,0,0,0,2021-04-26,"Ghodaghodi, Kailali, Nepal",28.6901724,80.9514169
Yes,Forest Fire at Molung Rural Municipality-1,,nepal_police,Forest Fire,2021-04-26,Koshi,Okhaldhunga,Molung,1,,0,0,0,0,0,0,0,0,0,0,0,0,0,0,0,0,0,0,0,0,0,2021-04-26,"Molung, Okhaldhunga, Nepal",27.3569583,86.4257935
Yes,"Forest Fire at Nepalthok, Sunkoshi Rural Municipality-1",,nepal_police,Forest Fire,2021-04-26,Bagmati,Sindhuli,Sunkoshi,1,,0,0,0,0,0,0,0,0,0,0,0,0,0,0,0,0,0,0,0,0,0,2021-04-26,"Sunkoshi, Sindhuli, Nepal",27.3804184,85.8747424
Yes,"Forest Fire at Khatrikhor, Chisankhugadhi Rural Municipality-1",,nepal_police,Forest Fire,2021-04-25,Koshi,Okhaldhunga,Chisankhugadhi,1,,0,0,0,0,0,0,0,0,0,0,0,0,0,0,0,0,0,0,0,0,0,2021-04-25,"Chisankhugadhi, Okhaldhunga, Nepal",27.3188786,86.6176882
Yes,"Forest Fire at Baskot, Pokhara Lekhnath Metropolitan City-25",,nepal_police,Forest Fire,2021-04-25,Gandaki,Kaski,Pokhara Lekhnath,25,,0,0,0,0,0,0,0,0,0,0,0,0,0,0,0,0,0,0,0,0,0,2021-04-25,"Pokhara Lekhnath, Kaski, Nepal",28.2234031,83.9907404
Yes,Forest Fire at Shankharapur Municipality-8,,nepal_police,Forest Fire,2021-04-25,Bagmati,Kathmandu,Shankharapur,8,,0,0,0,0,0,0,0,0,0,0,0,0,0,0,0,0,0,0,0,0,0,2021-04-25,"Shankharapur, Kathmandu, Nepal",27.7306618,85.4662032
Yes,"Forest Fire at Bhotebisa, Thulung Dudhkoshi Rural Municipality-2",,nepal_police,Forest Fire,2021-04-24,Koshi,Solukhumbu,Thulung Dudhkoshi,2,,0,0,0,0,0,0,0,0,0,0,0,0,0,0,0,0,0,0,0,0,0,2021-04-24,"Thulung Dudhkoshi, Solukhumbu, Nepal",27.4277211,86.713777
Yes,"Forest Fire at Narepur, Pokhara Lekhnath Metropolitan City-26",,nepal_police,Forest Fire,2021-04-24,Gandaki,Kaski,Pokhara Lekhnath,26,,0,0,0,0,0,0,0,0,0,0,0,0,0,0,0,0,0,0,0,0,0,2021-04-24,"Pokhara Lekhnath, Kaski, Nepal",28.2234031,83.9907404
Yes,"Forest Fire at Amal Danda, Sandhikharka Municipality-4",,nepal_police,Forest Fire,2021-04-24,Lumbini,Arghakhanchi,Sandhikharka,4,,0,0,0,0,0,0,0,0,0,0,0,0,0,0,0,0,0,0,0,0,0,2021-04-24,"Sandhikharka, Arghakhanchi, Nepal",27.975697,83.127113
Yes,Forest Fire at Likhu Rural Municipality-1,,nepal_police,Forest Fire,2021-04-23,Koshi,Okhaldhunga,Likhu,1,,0,0,0,0,0,0,0,0,0,0,0,0,0,0,0,0,0,0,0,0,0,2021-04-23,"Likhu, Okhaldhunga, Nepal",27.3734482,86.2622963
Yes,Forest Fire at Pokhara Lekhnath Metropolitan City-26,,nepal_police,Forest Fire,2021-04-23,Gandaki,Kaski,Pokhara Lekhnath,26,,0,0,0,0,0,0,0,0,0,0,0,0,0,0,0,0,0,0,0,0,0,2021-04-23,"Pokhara Lekhnath, Kaski, Nepal",28.2234031,83.9907404
Yes,"Forest Fire at Shankarpur, Gauriganga Municipality-9",,nepal_police,Forest Fire,2021-04-23,Sudurpashchim,Kailali,Gauriganga,9,,0,0,0,0,0,0,0,0,0,0,0,0,0,0,0,0,0,0,0,0,0,2021-04-23,"Gauriganga, Kailali, Nepal",28.7494895,80.8079806
Yes,"Forest Fire at Dharampur, Bedkot Municipality-5",,nepal_police,Forest Fire,2021-04-23,Sudurpashchim,Kanchanpur,Bedkot,5,,0,0,0,0,0,0,0,0,0,0,0,0,0,0,0,0,0,0,0,0,0,2021-04-23,"Bedkot, Kanchanpur, Nepal",28.9517267,80.252113
Yes,Forest Fire at Dakshinkali Municipality-1,,nepal_police,Forest Fire,2021-04-23,Bagmati,Kathmandu,Dakshinkali,1,,0,0,0,0,0,0,0,0,0,0,0,0,0,0,0,0,0,0,0,0,0,2021-04-23,"Dakshinkali, Kathmandu, Nepal",27.6109788,85.264281
Yes,"Forest Fire at Sipadol, Suryabinayak Municipality-8",,nepal_police,Forest Fire,2021-04-23,Bagmati,Bhaktapur,Suryabinayak,8,,0,0,0,0,0,0,0,0,0,0,0,0,0,0,0,0,0,0,0,0,0,2021-04-23,"Suryabinayak, Bhaktapur, Nepal",27.6675536,85.4034057
Yes,"Forest Fire at Banbehada, Gauriganga Municipality-6",,nepal_police,Forest Fire,2021-04-23,Sudurpashchim,Kailali,Gauriganga,6,,0,0,0,0,0,0,0,0,0,0,0,0,0,0,0,0,0,0,0,0,0,2021-04-23,"Gauriganga, Kailali, Nepal",28.7494895,80.8079806
Yes,Forest Fire at Lungri Rural Municipality-6,,nepal_police,Forest Fire,2021-04-20,Lumbini,Rolpa,Lungri,6,,0,0,0,0,0,0,0,0,0,0,0,0,0,0,0,0,0,0,0,0,0,2021-04-20,"Lungri, Rolpa, Nepal",28.266657,82.808739
Yes,"Forest Fire at Chandrapal, Sharada Municipality-2",,nepal_police,Forest Fire,2021-04-20,Karnali,Salyan,Sharada,2,,0,0,0,0,0,0,0,0,0,0,0,0,0,0,0,0,0,0,0,0,0,2021-04-20,"Sharada, Salyan, Nepal",28.3881105,82.1664467
Yes,Forest Fire at Phungling Municipality-6,,nepal_police,Forest Fire,2021-04-20,Koshi,Taplejung,Phungling,6,,0,0,0,0,0,0,0,0,0,0,0,0,0,0,0,0,0,0,0,0,0,2021-04-20,"Phungling, Taplejung, Nepal",27.3586978,87.6727257
Yes,Forest Fire at Dhangadhi Submetropolitan City-6,,nepal_police,Forest Fire,2021-04-19,Sudurpashchim,Kailali,Dhangadhi,6,,0,0,0,0,0,0,0,0,0,0,0,0,0,0,0,0,0,0,0,0,0,2021-04-19,"Dhangadhi, Kailali, Nepal",28.703304,80.567017
Yes,"Forest Fire at Banauli, Kailari Rural Municipality-6",,nepal_police,Forest Fire,2021-04-19,Sudurpashchim,Kailali,Kailari,6,,0,0,0,0,0,0,0,0,0,0,0,0,0,0,0,0,0,0,0,0,0,2021-04-19,"Kailari, Kailali, Nepal",28.5989991,80.7899523
Yes,"Forest Fire at Mayapuri, Mahakali_Kanchanpur Municipality-2",,nepal_police,Forest Fire,2021-04-19,Sudurpashchim,Kanchanpur,Mahakali_Kanchanpur,2,,0,0,0,0,0,0,0,0,0,0,0,0,0,0,0,0,0,0,0,0,0,2021-04-19,"Mahakali_Kanchanpur, Kanchanpur, Nepal",28.9728958,80.1762435
Yes,"Forest Fire at Paiyutar, Tarakeshwor Municipality-6",,nepal_police,Forest Fire,2021-04-19,Bagmati,Kathmandu,Tarakeshwor,6,450000.0,0,0,1,1,0,0,0,0,0,0,0,0,0,0,0,0,0,0,0,0,0,2021-04-19,"Tarakeshwor, Kathmandu, Nepal",27.764635,85.3008613
Yes,Forest Fire at Bansagadhi Municipality-6,,nepal_police,Forest Fire,2021-04-17,Lumbini,Bardiya,Bansagadhi,6,,0,0,0,0,0,0,0,0,0,0,0,0,0,0,0,0,0,0,0,0,0,2021-04-17,"Bansagadhi, Bardiya, Nepal",28.2654122,81.5400016
Yes,Forest Fire at Dhangadhi Submetropolitan City-12,,nepal_police,Forest Fire,2021-04-17,Sudurpashchim,Kailali,Dhangadhi,12,,0,0,0,0,0,0,0,0,0,0,0,0,0,0,0,0,0,0,0,0,0,2021-04-17,"Dhangadhi, Kailali, Nepal",28.703304,80.567017
Yes,Forest Fire at Dhangadhi Submetropolitan City-17,,nepal_police,Forest Fire,2021-04-16,Sudurpashchim,Kailali,Dhangadhi,17,,0,0,0,0,0,0,0,0,0,0,0,0,0,0,0,0,0,0,0,0,0,2021-04-16,"Dhangadhi, Kailali, Nepal",28.703304,80.567017
Yes,Forest Fire at Lalbandi Municipality-6,,nepal_police,Forest Fire,2021-04-16,Madhesh,Sarlahi,Lalbandi,6,,0,0,0,0,0,0,0,0,0,0,0,0,0,0,0,0,0,0,0,0,0,2021-04-16,"Lalbandi, Sarlahi, Nepal",27.0534361,85.6299701
Yes,Forest Fire at Bhajani Municipality-1,,nepal_police,Forest Fire,2021-04-16,Sudurpashchim,Kailali,Bhajani,1,,0,0,0,0,0,0,0,0,0,0,0,0,0,0,0,0,0,0,0,0,0,2021-04-16,"Bhajani, Kailali, Nepal",28.5203016,80.9645185
Yes,"Forest Fire at Godar, Ganeshman Charnath Municipality-6",,nepal_police,Forest Fire,2021-04-15,Madhesh,Dhanusa,Ganeshman Charnath,6,,0,0,0,0,0,0,0,0,0,0,0,0,0,0,0,0,0,0,0,0,0,2021-04-15,"Ganeshman Charnath, Dhanusa, Nepal",27.6244468,83.4619733
Yes,"Forest Fire at Raibhir, Diprung Chuichumma Rural Municipality-6",,nepal_police,Forest Fire,2021-04-15,Koshi,Khotang,Diprung Chuichumma,6,,0,0,0,0,0,0,0,0,0,0,0,0,0,0,0,0,0,0,0,0,0,2021-04-15,"Diprung Chuichumma, Khotang, Nepal",27.0972229,86.7939178
Yes,"Forest Fire at Mormi, Banganga Municipality-8",,nepal_police,Forest Fire,2021-04-15,Lumbini,Kapilbastu,Banganga,8,,0,0,0,0,0,0,0,0,0,0,0,0,0,0,0,0,0,0,0,0,0,2021-04-15,"Banganga, Kapilbastu, Nepal",27.6075661,83.0725234
Yes,Forest Fire at Dakshinkali Municipality-4,,nepal_police,Forest Fire,2021-04-15,Bagmati,Kathmandu,Dakshinkali,4,,0,0,0,0,0,0,0,0,0,0,0,0,0,0,0,0,0,0,0,0,0,2021-04-15,"Dakshinkali, Kathmandu, Nepal",27.6109788,85.264281
Yes,"Forest Fire at Dhandbansi, Pokhara Lekhnath Metropolitan City-13",,nepal_police,Forest Fire,2021-04-14,Gandaki,Kaski,Pokhara Lekhnath,13,,0,0,0,0,0,0,0,0,0,0,0,0,0,0,0,0,0,0,0,0,0,2021-04-14,"Pokhara Lekhnath, Kaski, Nepal",28.2234031,83.9907404
Yes,"Forest Fire at Kuntadevi, Molung Rural Municipality-1",,nepal_police,Forest Fire,2021-04-14,Koshi,Okhaldhunga,Molung,1,,0,0,0,0,0,0,0,0,0,0,0,0,0,0,0,0,0,0,0,0,0,2021-04-14,"Molung, Okhaldhunga, Nepal",27.3569583,86.4257935
Yes,"Forest Fire at Tigertop, Pokhara Lekhnath Metropolitan City-26",,nepal_police,Forest Fire,2021-04-14,Gandaki,Kaski,Pokhara Lekhnath,26,,0,0,0,0,0,0,0,0,0,0,0,0,0,0,0,0,0,0,0,0,0,2021-04-14,"Pokhara Lekhnath, Kaski, Nepal",28.2234031,83.9907404
Yes,"Forest Fire at Bode, Changunarayan Municipality-1",,nepal_police,Forest Fire,2021-04-14,Bagmati,Bhaktapur,Changunarayan,1,,0,0,0,0,0,0,0,0,0,0,0,0,0,0,0,0,0,0,0,0,0,2021-04-14,"Changunarayan, Bhaktapur, Nepal",27.7164593,85.4279875
Yes,"Forest Fire at Panchase, Pokhara Lekhnath Metropolitan City-23",,nepal_police,Forest Fire,2021-04-14,Gandaki,Kaski,Pokhara Lekhnath,23,,0,0,0,0,0,0,0,0,0,0,0,0,0,0,0,0,0,0,0,0,0,2021-04-14,"Pokhara Lekhnath, Kaski, Nepal",28.2234031,83.9907404
Yes,"Forest Fire at Kadelshwora, Pokhara Lekhnath Metropolitan City-31",,nepal_police,Forest Fire,2021-04-14,Gandaki,Kaski,Pokhara Lekhnath,31,,0,0,0,0,0,0,0,0,0,0,0,0,0,0,0,0,0,0,0,0,0,2021-04-14,"Pokhara Lekhnath, Kaski, Nepal",28.2234031,83.9907404
Yes,Forest Fire at Myanglung Municipality-2,,nepal_police,Forest Fire,2021-04-14,Koshi,Terhathum,Myanglung,2,,0,0,0,0,0,0,0,0,0,0,0,0,0,0,0,0,0,0,0,0,0,2021-04-14,"Myanglung, Terhathum, Nepal",27.1200086,87.5364049
Yes,Forest Fire at Pokhara Lekhnath Metropolitan City-25,,nepal_police,Forest Fire,2021-04-14,Gandaki,Kaski,Pokhara Lekhnath,25,,0,0,0,0,0,0,0,0,0,0,0,0,0,0,0,0,0,0,0,0,0,2021-04-14,"Pokhara Lekhnath, Kaski, Nepal",28.2234031,83.9907404
Yes,Forest Fire at Pokhara Lekhnath Metropolitan City-22,,nepal_police,Forest Fire,2021-04-14,Gandaki,Kaski,Pokhara Lekhnath,22,,0,0,0,0,0,0,0,0,0,0,0,0,0,0,0,0,0,0,0,0,0,2021-04-14,"Pokhara Lekhnath, Kaski, Nepal",28.2234031,83.9907404
Yes,"Forest Fire at Dokhu, Phungling Municipality-8",,nepal_police,Forest Fire,2021-04-14,Koshi,Taplejung,Phungling,8,,0,0,0,0,0,0,0,0,0,0,0,0,0,0,0,0,0,0,0,0,0,2021-04-14,"Phungling, Taplejung, Nepal",27.3586978,87.6727257
