date,latitude,longitude,Hazard,label,date_str
2022-11-06,27.035690000000045,87.48387000000008,Landslide,1,2022-11-06
2022-11-04,27.95366000000007,86.20476000000008,Landslide,1,2022-11-04
2022-10-12,29.33594000000005,81.43072000000006,Landslide,1,2022-10-12
2022-10-12,29.04137000000003,81.85773000000006,Landslide,1,2022-10-12
2022-10-12,27.630790000000047,83.86238000000003,Landslide,1,2022-10-12
2022-10-12,29.538280000000043,81.61780000000005,Landslide,1,2022-10-12
2022-10-11,29.56923000000006,81.48293000000007,Landslide,1,2022-10-11
2022-10-11,29.146120000000053,81.85448000000008,Landslide,1,2022-10-11
2022-10-11,28.373320000000035,83.53203000000008,Landslide,1,2022-10-11
2022-10-11,29.71252000000004,81.61904000000004,Landslide,1,2022-10-11
2022-10-11,29.360340000000065,81.32408000000004,Landslide,1,2022-10-11
2022-10-11,28.16829000000007,82.08431000000007,Landslide,1,2022-10-11
2022-10-11,28.834110000000067,81.61001000000005,Landslide,1,2022-10-11
2022-10-10,28.945840000000032,81.63676000000004,Landslide,1,2022-10-10
2022-10-10,29.533970000000068,82.15771000000007,Landslide,1,2022-10-10
2022-10-10,27.965960000000052,83.15486000000004,Landslide,1,2022-10-10
2022-10-10,28.373320000000035,83.53203000000008,Landslide,1,2022-10-10
2022-10-10,28.844340000000045,81.71011000000004,Landslide,1,2022-10-10
2022-10-10,29.427170000000046,81.75914000000006,Landslide,1,2022-10-10
2022-10-10,29.60326000000003,80.70177000000007,Landslide,1,2022-10-10
2022-10-10,29.146120000000053,81.85448000000008,Landslide,1,2022-10-10
2022-10-10,28.52027000000004,80.96565000000004,Flood,1,2022-10-10
2022-10-10,26.75279000000006,87.15755000000007,Flood,1,2022-10-10
2022-10-09,29.33922000000007,81.84204000000005,Flood,1,2022-10-09
2022-10-09,29.146120000000053,81.85448000000008,Landslide,1,2022-10-09
2022-10-09,29.146120000000053,81.85448000000008,Landslide,1,2022-10-09
2022-10-09,28.13282000000004,82.69597000000005,Landslide,1,2022-10-09
2022-10-09,29.146120000000053,81.85448000000008,Flood,1,2022-10-09
2022-10-09,29.26276000000007,81.58511000000004,Landslide,1,2022-10-09
2022-10-09,29.158830000000023,81.66961000000003,Landslide,1,2022-10-09
2022-10-09,29.146120000000053,81.85448000000008,Flood,1,2022-10-09
2022-10-09,29.260510000000068,81.72308000000004,Landslide,1,2022-10-09
2022-10-09,29.146120000000053,81.85448000000008,Landslide,1,2022-10-09
2022-10-09,29.146120000000053,81.85448000000008,Landslide,1,2022-10-09
2022-10-09,29.855810000000076,82.23629000000005,Landslide,1,2022-10-09
2022-10-09,29.51347000000004,80.93567000000007,Landslide,1,2022-10-09
2022-10-09,29.146120000000053,81.85448000000008,Landslide,1,2022-10-09
2022-10-09,29.705350000000067,81.75130000000007,Landslide,1,2022-10-09
2022-10-09,29.260510000000068,81.72308000000004,Landslide,1,2022-10-09
2022-10-08,29.146120000000053,81.85448000000008,Landslide,1,2022-10-08
2022-10-08,29.26973000000004,81.92985000000004,Flood,1,2022-10-08
2022-10-08,28.389170000000036,82.14556000000005,Landslide,1,2022-10-08
2022-10-08,29.41384000000005,82.05030000000005,Landslide,1,2022-10-08
2022-10-08,28.047340000000077,82.77364000000006,Landslide,1,2022-10-08
2022-10-08,28.37636000000003,83.02216000000004,Landslide,1,2022-10-08
2022-10-07,28.402390000000025,82.50796000000008,Landslide,1,2022-10-07
2022-10-07,28.688570000000027,81.93365000000006,Landslide,1,2022-10-07
2022-10-07,28.24885000000006,82.36148000000009,Landslide,1,2022-10-07
2022-10-07,28.596690000000024,81.61658000000006,Landslide,1,2022-10-07
2022-10-07,28.26792000000006,83.25370000000004,Landslide,1,2022-10-07
2022-10-07,28.253160000000037,82.91058000000004,Landslide,1,2022-10-07
2022-10-07,28.56905000000006,82.42802000000006,Landslide,1,2022-10-07
2022-10-07,27.884160000000065,83.25291000000004,Landslide,1,2022-10-07
2022-10-07,28.047340000000077,82.77364000000006,Flood,1,2022-10-07
2022-10-07,27.99384000000003,82.67143000000004,Landslide,1,2022-10-07
2022-10-07,27.76465000000007,83.47024000000005,Landslide,1,2022-10-07
2022-10-07,28.007160000000056,84.15608000000003,Landslide,1,2022-10-07
2022-10-07,27.945050000000037,82.83908000000008,Landslide,1,2022-10-07
2022-10-07,28.84600000000006,82.52065000000005,Landslide,1,2022-10-07
2022-10-07,28.96303000000006,82.25361000000004,Landslide,1,2022-10-07
2022-10-07,27.785150000000044,83.90900000000005,Flood,1,2022-10-07
2022-10-07,27.965960000000052,83.15486000000004,Landslide,1,2022-10-07
2022-10-07,27.686960000000056,85.23522000000008,Landslide,1,2022-10-07
2022-10-06,28.37636000000003,83.02216000000004,Landslide,1,2022-10-06
2022-10-06,28.402390000000025,82.50796000000008,Landslide,1,2022-10-06
2022-10-06,27.73944000000006,85.07190000000008,Flood,1,2022-10-06
2022-10-06,27.990350000000035,82.91276000000005,Flood,1,2022-10-06
2022-10-06,27.59758000000005,84.85797000000008,Landslide,1,2022-10-06
2022-10-06,28.54200000000003,84.87538000000006,Landslide,1,2022-10-06
2022-10-06,28.06702000000007,83.07274000000007,Landslide,1,2022-10-06
2022-10-06,27.990350000000035,82.91276000000005,Landslide,1,2022-10-06
2022-10-06,28.691980000000058,82.28000000000003,Landslide,1,2022-10-06
2022-10-06,27.722830000000044,85.17161000000004,Landslide,1,2022-10-06
2022-10-06,27.722830000000044,85.17161000000004,Landslide,1,2022-10-06
2022-10-06,28.37636000000003,83.02216000000004,Flood,1,2022-10-06
2022-10-06,28.083330000000046,85.42667000000006,Landslide,1,2022-10-06
2022-10-06,28.35770000000008,82.30807000000004,Landslide,1,2022-10-06
2022-10-06,27.965960000000052,83.15486000000004,Flood,1,2022-10-06
2022-10-05,27.428390000000036,85.03219000000007,Flood,1,2022-10-05
2022-10-05,28.545930000000055,83.92078000000004,Landslide,1,2022-10-05
2022-10-05,28.253160000000037,82.91058000000004,Landslide,1,2022-10-05
2022-10-05,28.0999165,82.8828583,Landslide,1,2022-10-05
2022-10-05,28.47168000000005,82.32016000000004,Landslide,1,2022-10-05
2022-10-05,27.93172000000004,85.90808000000004,Landslide,1,2022-10-05
2022-09-29,26.75279000000006,87.15755000000007,Landslide,1,2022-09-29
2022-09-26,28.844340000000045,81.71011000000004,Landslide,1,2022-09-26
2022-09-26,27.325140000000033,87.73428000000007,Landslide,1,2022-09-26
2022-09-25,29.59137000000004,80.52900000000005,Landslide,1,2022-09-25
2022-09-25,28.535030000000063,83.51666000000006,Landslide,1,2022-09-25
2022-09-25,28.873680000000036,80.44668000000007,Flood,1,2022-09-25
2022-09-24,27.70028000000008,84.06548000000004,Landslide,1,2022-09-24
2022-09-24,26.75279000000006,87.15755000000007,Landslide,1,2022-09-24
2022-09-23,27.73165000000006,85.41696000000007,Landslide,1,2022-09-23
2022-09-23,28.535030000000063,83.51666000000006,Landslide,1,2022-09-23
2022-09-21,28.218920000000026,84.35283000000004,Landslide,1,2022-09-21
2022-09-20,28.293540000000064,82.48467000000005,Landslide,1,2022-09-20
2022-09-19,27.616640000000075,85.26694000000003,Landslide,1,2022-09-19
2022-09-18,28.65372000000008,81.45104000000003,Landslide,1,2022-09-18
2022-09-18,29.855810000000076,82.23629000000005,Landslide,1,2022-09-18
2022-09-18,28.535030000000063,83.51666000000006,Landslide,1,2022-09-18
2022-09-17,28.789630000000045,81.40383000000008,Landslide,1,2022-09-17
2022-09-17,28.85994000000005,81.27875000000006,Landslide,1,2022-09-17
2022-09-17,28.976180000000056,81.22569000000004,Landslide,1,2022-09-17
2022-09-17,28.612720000000024,82.47214000000008,Landslide,1,2022-09-17
2022-09-17,29.129920000000027,80.34167000000008,Flood,1,2022-09-17
2022-09-17,28.92739000000006,80.74607000000003,Landslide,1,2022-09-17
2022-09-17,28.52027000000004,80.96565000000004,Flood,1,2022-09-17
2022-09-17,28.886390000000063,81.48960000000005,Landslide,1,2022-09-17
2022-09-17,29.063500000000033,81.33134000000007,Landslide,1,2022-09-17
2022-09-17,29.063500000000033,81.33134000000007,Landslide,1,2022-09-17
2022-09-17,28.976180000000056,81.22569000000004,Landslide,1,2022-09-17
2022-09-16,28.844340000000045,81.71011000000004,Landslide,1,2022-09-16
2022-09-15,27.504720000000077,85.50667000000004,Landslide,1,2022-09-15
2022-09-15,28.535030000000063,83.51666000000006,Landslide,1,2022-09-15
2022-09-15,27.750920000000065,85.73006000000004,Landslide,1,2022-09-15
2022-09-15,28.263000000000034,83.50821000000008,Landslide,1,2022-09-15
2022-09-13,28.59914000000003,83.82277000000005,Landslide,1,2022-09-13
2022-09-13,27.22121000000004,87.79430000000008,Landslide,1,2022-09-13
2022-09-13,28.083330000000046,84.46667000000008,Landslide,1,2022-09-13
2022-09-13,28.690620000000024,83.58839000000006,Landslide,1,2022-09-13
2022-09-12,28.218920000000026,84.35283000000004,Landslide,1,2022-09-12
2022-09-12,26.90018000000003,87.29004000000003,Landslide,1,2022-09-12
2022-09-11,27.844190000000022,86.72059000000007,Landslide,1,2022-09-11
2022-09-10,28.041810000000055,84.40635000000003,Landslide,1,2022-09-10
2022-09-09,29.870160000000055,80.88376000000005,Flood,1,2022-09-09
2022-09-08,27.511280000000056,85.75572000000005,Flood,1,2022-09-08
2022-09-07,27.836190000000045,85.87637000000007,Landslide,1,2022-09-07
2022-09-07,26.75279000000006,87.15755000000007,Landslide,1,2022-09-07
2022-09-07,27.38172000000003,87.71120000000008,Landslide,1,2022-09-07
2022-09-06,27.76465000000007,83.47024000000005,Landslide,1,2022-09-06
2022-09-06,27.31756000000007,86.62007000000006,Landslide,1,2022-09-06
2022-09-05,29.449510000000032,80.58402000000007,Landslide,1,2022-09-05
2022-09-05,26.909430000000043,87.92824000000007,Landslide,1,2022-09-05
2022-09-04,28.657820000000072,82.80700000000007,Landslide,1,2022-09-04
2022-09-04,28.270790000000034,81.99644000000006,Landslide,1,2022-09-04
2022-09-04,28.439290000000028,81.90146000000004,Landslide,1,2022-09-04
2022-09-03,28.690620000000024,83.58839000000006,Landslide,1,2022-09-03
2022-09-02,28.535030000000063,83.51666000000006,Landslide,1,2022-09-02
2022-09-02,26.75279000000006,87.15755000000007,Landslide,1,2022-09-02
2022-09-02,27.514760000000024,87.07129000000003,Landslide,1,2022-09-02
2022-09-02,27.67680000000007,84.43589000000009,Landslide,1,2022-09-02
2022-09-01,27.67680000000007,84.43589000000009,Landslide,1,2022-09-01
2022-09-01,29.360340000000065,81.32408000000004,Landslide,1,2022-09-01
2022-09-01,28.15578000000005,84.36446000000007,Landslide,1,2022-09-01
2022-09-01,29.39867000000004,81.28290000000004,Landslide,1,2022-09-01
2022-09-01,29.360340000000065,81.32408000000004,Landslide,1,2022-09-01
2022-09-01,29.33594000000005,81.43072000000006,Landslide,1,2022-09-01
2022-09-01,29.807840000000056,80.56564000000003,Landslide,1,2022-09-01
2022-09-01,27.76465000000007,83.47024000000005,Landslide,1,2022-09-01
2022-09-01,28.421250000000043,83.36207000000007,Landslide,1,2022-09-01
2022-09-01,27.514760000000024,87.07129000000003,Landslide,1,2022-09-01
2022-09-01,28.270790000000034,81.99644000000006,Landslide,1,2022-09-01
2022-08-31,29.70637000000005,80.57500000000005,Landslide,1,2022-08-31
2022-08-31,27.67680000000007,84.43589000000009,Landslide,1,2022-08-31
2022-08-31,28.31015000000008,83.71883000000008,Landslide,1,2022-08-31
2022-08-30,28.31015000000008,83.71883000000008,Landslide,1,2022-08-30
2022-08-30,29.560820000000035,81.06176000000005,Landslide,1,2022-08-30
2022-08-29,28.270790000000034,81.99644000000006,Landslide,1,2022-08-29
2022-08-29,28.24885000000006,82.36148000000009,Landslide,1,2022-08-29
2022-08-28,26.791900000000055,86.69900000000007,Flood,1,2022-08-28
2022-08-28,28.84600000000006,82.52065000000005,Landslide,1,2022-08-28
2022-08-28,28.612720000000024,82.47214000000008,Landslide,1,2022-08-28
2022-08-28,27.70028000000008,84.06548000000004,Landslide,1,2022-08-28
2022-08-28,29.360340000000065,81.32408000000004,Landslide,1,2022-08-28
2022-08-28,27.39566000000008,86.59779000000003,Landslide,1,2022-08-28
2022-08-28,28.535030000000063,83.51666000000006,Landslide,1,2022-08-28
2022-08-28,27.26159000000007,86.05895000000004,Landslide,1,2022-08-28
2022-08-28,28.92554000000007,81.84465000000006,Landslide,1,2022-08-28
2022-08-27,29.741630000000043,80.84767000000005,Landslide,1,2022-08-27
2022-08-27,27.809750000000065,86.32435000000004,Landslide,1,2022-08-27
2022-08-26,28.36611000000005,84.13913000000008,Landslide,1,2022-08-26
2022-08-25,28.35524000000004,83.52645000000007,Landslide,1,2022-08-25
2022-08-24,27.494260000000057,87.96349000000004,Landslide,1,2022-08-24
2022-08-24,28.325420000000065,82.64442000000008,Landslide,1,2022-08-24
2022-08-24,27.67680000000007,84.43589000000009,Landslide,1,2022-08-24
2022-08-23,28.35524000000004,83.52645000000007,Landslide,1,2022-08-23
2022-08-21,28.878390000000024,81.74146000000007,Landslide,1,2022-08-21
2022-08-20,27.6666175,85.3333337,Landslide,1,2022-08-20
2022-08-20,28.690620000000024,83.58839000000006,Landslide,1,2022-08-20
2022-08-20,27.601470000000063,85.18921000000006,Landslide,1,2022-08-20
2022-08-18,27.48237000000006,87.54417000000007,Flood,1,2022-08-18
2022-08-18,28.0999165,82.8828583,Landslide,1,2022-08-18
2022-08-18,27.583840000000063,86.28000000000003,Landslide,1,2022-08-18
2022-08-18,28.834110000000067,81.61001000000005,Landslide,1,2022-08-18
2022-08-18,27.583840000000063,86.28000000000003,Flood,1,2022-08-18
2022-08-16,29.158830000000023,81.66961000000003,Landslide,1,2022-08-16
2022-08-14,29.017180000000053,82.76359000000008,Landslide,1,2022-08-14
2022-08-10,27.73165000000006,85.41696000000007,Landslide,1,2022-08-10
2022-08-10,27.73165000000006,85.41696000000007,Landslide,1,2022-08-10
2022-08-10,27.68056000000007,85.38750000000005,Flood,1,2022-08-10
2022-08-10,27.692080000000033,85.45493000000005,Flood,1,2022-08-10
2022-08-10,27.692080000000033,85.45493000000005,Flood,1,2022-08-10
2022-08-09,27.996300000000076,85.07340000000005,Landslide,1,2022-08-09
2022-08-08,27.750920000000065,85.73006000000004,Flood,1,2022-08-08
2022-08-08,27.667890000000057,86.29205000000007,Landslide,1,2022-08-08
2022-08-08,27.750920000000065,85.73006000000004,Landslide,1,2022-08-08
2022-08-07,27.326170000000047,88.03053000000006,Landslide,1,2022-08-07
2022-08-07,28.96303000000006,82.25361000000004,Landslide,1,2022-08-07
2022-08-07,28.35524000000004,83.52645000000007,Landslide,1,2022-08-07
2022-08-07,28.402390000000025,82.50796000000008,Landslide,1,2022-08-07
2022-08-07,28.325420000000065,82.64442000000008,Landslide,1,2022-08-07
2022-08-07,28.390090000000043,83.11711000000008,Landslide,1,2022-08-07
2022-08-06,27.325140000000033,87.73428000000007,Landslide,1,2022-08-06
2022-08-06,27.836190000000045,85.87637000000007,Landslide,1,2022-08-06
2022-08-06,27.326170000000047,88.03053000000006,Landslide,1,2022-08-06
2022-08-06,28.39289000000008,82.49874000000005,Landslide,1,2022-08-06
2022-08-06,26.71733000000006,86.93621000000007,Flood,1,2022-08-06
2022-08-06,28.390090000000043,83.11711000000008,Landslide,1,2022-08-06
2022-08-05,27.133670000000052,87.33563000000004,Landslide,1,2022-08-05
2022-08-05,29.43947000000003,81.49920000000003,Landslide,1,2022-08-05
2022-08-05,29.43947000000003,81.49920000000003,Landslide,1,2022-08-05
2022-08-04,28.78377000000006,82.68303000000003,Landslide,1,2022-08-04
2022-08-04,28.253160000000037,82.91058000000004,Landslide,1,2022-08-04
2022-08-03,27.326170000000047,88.03053000000006,Landslide,1,2022-08-03
2022-08-03,29.686690000000056,81.27845000000008,Flood,1,2022-08-03
2022-08-02,28.421250000000043,83.36207000000007,Landslide,1,2022-08-02
2022-08-02,27.683470000000057,83.15558000000004,Flood,1,2022-08-02
2022-08-02,28.273870000000045,84.84087000000005,Landslide,1,2022-08-02
2022-08-02,29.686690000000056,81.27845000000008,Landslide,1,2022-08-02
2022-08-02,28.421250000000043,83.36207000000007,Landslide,1,2022-08-02
2022-08-01,27.93172000000004,85.90808000000004,Landslide,1,2022-08-01
2022-08-01,28.545930000000055,83.92078000000004,Flood,1,2022-08-01
2022-08-01,27.93548000000004,84.22325000000006,Landslide,1,2022-08-01
2022-08-01,27.67680000000007,84.43589000000009,Landslide,1,2022-08-01
2022-08-01,28.20806000000005,83.98452000000003,Landslide,1,2022-08-01
2022-08-01,28.20806000000005,83.98452000000003,Landslide,1,2022-08-01
2022-08-01,28.84600000000006,82.52065000000005,Landslide,1,2022-08-01
2022-07-31,26.91515000000004,86.55004000000008,Flood,1,2022-07-31
2022-07-31,28.378610000000037,83.44644000000005,Landslide,1,2022-07-31
2022-07-31,27.70028000000008,84.06548000000004,Landslide,1,2022-07-31
2022-07-31,27.542640000000063,86.12390000000005,Landslide,1,2022-07-31
2022-07-31,27.215970000000027,86.79353000000003,Landslide,1,2022-07-31
2022-07-31,28.45897000000008,82.74293000000006,Landslide,1,2022-07-31
2022-07-31,27.12680000000006,87.53680000000008,Landslide,1,2022-07-31
2022-07-31,28.59914000000003,83.82277000000005,Landslide,1,2022-07-31
2022-07-29,28.325420000000065,82.64442000000008,Landslide,1,2022-07-29
2022-07-28,28.13282000000004,82.69597000000005,Landslide,1,2022-07-28
2022-07-28,28.84600000000006,82.52065000000005,Flood,1,2022-07-28
2022-07-28,28.566590000000076,82.68457000000006,Landslide,1,2022-07-28
2022-07-28,28.02500000000003,82.46558000000005,Landslide,1,2022-07-28
2022-07-28,28.402390000000025,82.50796000000008,Landslide,1,2022-07-28
2022-07-27,27.326170000000047,88.03053000000006,Landslide,1,2022-07-27
2022-07-27,27.40898000000004,86.05571000000003,Landslide,1,2022-07-27
2022-07-26,27.8639717,84.9144974,Landslide,1,2022-07-26
2022-07-26,28.00347000000005,85.80813000000006,Landslide,1,2022-07-26
2022-07-26,27.82594000000006,85.11147000000005,Flood,1,2022-07-26
2022-07-26,27.40898000000004,86.05571000000003,Landslide,1,2022-07-26
2022-07-26,28.93497000000008,81.56441000000007,Flood,1,2022-07-26
2022-07-25,28.886390000000063,81.48960000000005,Landslide,1,2022-07-25
2022-07-25,28.23368000000005,83.68756000000008,Landslide,1,2022-07-25
2022-07-25,29.017180000000053,82.76359000000008,Landslide,1,2022-07-25
2022-07-25,28.93497000000008,81.56441000000007,Landslide,1,2022-07-25
2022-07-25,28.690620000000024,83.58839000000006,Landslide,1,2022-07-25
2022-07-25,27.449730000000045,86.10706000000005,Landslide,1,2022-07-25
2022-07-25,27.62689000000006,85.74215000000004,Landslide,1,2022-07-25
2022-07-25,28.29170000000005,84.52849000000003,Landslide,1,2022-07-25
2022-07-25,27.16811000000007,87.92890000000006,Landslide,1,2022-07-25
2022-07-24,27.542640000000063,86.12390000000005,Flood,1,2022-07-24
2022-07-24,27.55412000000007,86.03634000000005,Landslide,1,2022-07-24
2022-07-23,28.402390000000025,82.50796000000008,Landslide,1,2022-07-23
2022-07-23,27.048190000000034,87.95381000000003,Landslide,1,2022-07-23
2022-07-23,27.80278000000004,84.58055000000007,Landslide,1,2022-07-23
2022-07-23,28.604720000000043,84.39891000000006,Landslide,1,2022-07-23
2022-07-22,28.273870000000045,84.84087000000005,Landslide,1,2022-07-22
2022-07-22,28.402390000000025,82.50796000000008,Landslide,1,2022-07-22
2022-07-22,28.604720000000043,84.39891000000006,Landslide,1,2022-07-22
2022-07-21,28.13795000000005,83.51379000000009,Landslide,1,2022-07-21
2022-07-21,28.093260000000043,83.88923000000005,Landslide,1,2022-07-21
2022-07-21,29.158830000000023,81.66961000000003,Landslide,1,2022-07-21
2022-07-21,28.37636000000003,83.02216000000004,Landslide,1,2022-07-21
2022-07-21,29.34107000000006,82.03155000000004,Landslide,1,2022-07-21
2022-07-20,27.811740000000043,85.38590000000005,Flood,1,2022-07-20
2022-07-20,27.77490000000006,85.33492000000007,Landslide,1,2022-07-20
2022-07-20,29.807840000000056,80.56564000000003,Flood,1,2022-07-20
2022-07-20,28.293540000000064,82.48467000000005,Landslide,1,2022-07-20
2022-07-20,27.46843000000007,85.65714000000008,Flood,1,2022-07-20
2022-07-19,29.797800000000052,80.67992000000004,Landslide,1,2022-07-19
2022-07-15,28.11909000000003,84.81688000000008,Landslide,1,2022-07-15
2022-07-13,28.11909000000003,84.81688000000008,Landslide,1,2022-07-13
2022-07-13,27.53875000000005,86.69517000000008,Landslide,1,2022-07-13
2022-07-12,28.08588000000003,84.58840000000004,Landslide,1,2022-07-12
2022-07-10,29.158830000000023,81.66961000000003,Landslide,1,2022-07-10
2022-07-09,28.02869000000004,83.47358000000008,Landslide,1,2022-07-09
2022-07-09,27.785150000000044,83.90900000000005,Landslide,1,2022-07-09
2022-07-09,29.368540000000053,80.97519000000005,Landslide,1,2022-07-09
2022-07-09,29.055300000000045,82.53463000000005,Flood,1,2022-07-09
2022-07-05,28.789630000000045,81.40383000000008,Landslide,1,2022-07-05
2022-07-03,29.797800000000052,80.67992000000004,Landslide,1,2022-07-03
2022-07-03,28.750890000000027,82.01912000000004,Landslide,1,2022-07-03
2022-07-02,29.807840000000056,80.56564000000003,Landslide,1,2022-07-02
2022-07-02,27.349120000000028,86.88847000000004,Landslide,1,2022-07-02
2022-07-01,27.64432000000005,86.44809000000004,Landslide,1,2022-07-01
2022-07-01,27.16811000000007,87.92890000000006,Landslide,1,2022-07-01
2022-07-01,27.156340000000057,86.68077000000005,Landslide,1,2022-07-01
2022-07-01,27.021750000000058,86.42236000000008,Flood,1,2022-07-01
2022-07-01,27.366340000000037,86.41156000000007,Landslide,1,2022-07-01
2022-06-29,27.200500000000034,87.35910000000007,Landslide,1,2022-06-29
2022-06-29,27.51415000000003,86.77729000000005,Landslide,1,2022-06-29
2022-06-29,27.025850000000048,87.40540000000004,Landslide,1,2022-06-29
2022-06-29,26.663710000000037,87.27403000000004,Flood,1,2022-06-29
2022-06-29,27.16811000000007,87.92890000000006,Landslide,1,2022-06-29
2022-06-29,26.58773000000008,87.93721000000005,Flood,1,2022-06-29
2022-06-29,28.213590000000067,83.14999000000006,Landslide,1,2022-06-29
2022-06-28,28.25377000000003,83.03231000000005,Landslide,1,2022-06-28
2022-06-28,27.70055000000008,83.44836000000004,Landslide,1,2022-06-28
2022-06-28,27.64432000000005,86.44809000000004,Landslide,1,2022-06-28
2022-06-28,27.534240000000068,82.82002000000006,Landslide,1,2022-06-28
2022-06-28,28.88024000000007,82.14900000000006,Landslide,1,2022-06-28
2022-06-28,26.608880000000056,87.81451000000004,Flood,1,2022-06-28
2022-06-28,27.70055000000008,83.44836000000004,Landslide,1,2022-06-28
2022-06-27,26.601300000000037,87.50008000000008,Flood,1,2022-06-27
2022-06-26,28.01946000000004,85.30304000000007,Landslide,1,2022-06-26
2022-06-26,28.49565000000007,83.94614000000007,Landslide,1,2022-06-26
2022-06-26,28.545930000000055,83.92078000000004,Landslide,1,2022-06-26
2022-06-26,29.04137000000003,81.85773000000006,Landslide,1,2022-06-26
2022-06-26,28.20806000000005,83.98452000000003,Landslide,1,2022-06-26
2022-06-26,28.49565000000007,83.94614000000007,Landslide,1,2022-06-26
2022-06-25,28.20806000000005,83.98452000000003,Landslide,1,2022-06-25
2022-06-25,28.545930000000055,83.92078000000004,Landslide,1,2022-06-25
2022-06-25,28.36611000000005,84.13913000000008,Landslide,1,2022-06-25
2022-06-25,28.20806000000005,83.98452000000003,Landslide,1,2022-06-25
2022-06-25,28.20806000000005,83.98452000000003,Landslide,1,2022-06-25
2022-06-25,28.20806000000005,83.98452000000003,Landslide,1,2022-06-25
2022-06-23,26.41516000000007,88.00720000000007,Flood,1,2022-06-23
2022-06-21,26.41516000000007,88.00720000000007,Flood,1,2022-06-21
2022-06-21,26.41516000000007,88.00720000000007,Flood,1,2022-06-21
2022-06-21,29.129920000000027,80.34167000000008,Flood,1,2022-06-21
2022-06-20,26.628360000000043,87.44500000000005,Landslide,1,2022-06-20
2022-06-20,27.494260000000057,87.96349000000004,Landslide,1,2022-06-20
2022-06-20,27.483190000000036,87.23172000000005,Landslide,1,2022-06-20
2022-06-20,27.48237000000006,87.54417000000007,Landslide,1,2022-06-20
2022-06-19,26.75279000000006,87.15755000000007,Flood,1,2022-06-19
2022-06-19,26.671410000000037,87.68287000000004,Flood,1,2022-06-19
2022-06-18,27.68142000000006,87.92025000000007,Landslide,1,2022-06-18
2022-06-18,28.218920000000026,84.35283000000004,Landslide,1,2022-06-18
2022-06-18,28.310970000000054,84.24882000000008,Landslide,1,2022-06-18
2022-06-18,28.218920000000026,84.35283000000004,Landslide,1,2022-06-18
2022-06-18,28.15578000000005,84.36446000000007,Flood,1,2022-06-18
2022-06-18,28.108630000000066,84.49414000000007,Landslide,1,2022-06-18
2022-06-18,27.80278000000004,84.58055000000007,Landslide,1,2022-06-18
2022-06-18,28.49565000000007,83.94614000000007,Flood,1,2022-06-18
2022-06-17,27.494260000000057,87.96349000000004,Landslide,1,2022-06-17
2022-06-17,27.494260000000057,87.96349000000004,Landslide,1,2022-06-17
2022-06-17,27.325140000000033,87.73428000000007,Landslide,1,2022-06-17
2022-06-17,27.483190000000036,87.23172000000005,Landslide,1,2022-06-17
2022-06-17,26.75279000000006,87.15755000000007,Flood,1,2022-06-17
2022-06-16,27.494260000000057,87.96349000000004,Landslide,1,2022-06-16
2022-06-16,27.35794000000004,87.94596000000007,Landslide,1,2022-06-16
2022-06-15,27.93548000000004,84.22325000000006,Landslide,1,2022-06-15
2022-06-15,29.158830000000023,81.66961000000003,Flood,1,2022-06-15
2022-06-15,27.989940000000047,84.97375000000005,Landslide,1,2022-06-15
2022-06-15,28.091410000000053,84.92378000000008,Landslide,1,2022-06-15
2022-06-14,27.494260000000057,87.96349000000004,Landslide,1,2022-06-14
2022-06-14,27.53260000000006,85.11616000000004,Landslide,1,2022-06-14
2022-06-12,29.56923000000006,81.48293000000007,Landslide,1,2022-06-12
2022-06-12,28.39289000000008,82.49874000000005,Landslide,1,2022-06-12
2022-06-10,28.019870000000022,84.87145000000004,Landslide,1,2022-06-10
2022-06-10,28.041810000000055,84.40635000000003,Landslide,1,2022-06-10
2022-06-10,28.546920000000057,81.94508000000008,Landslide,1,2022-06-10
2022-06-09,29.220120000000065,81.53317000000004,Landslide,1,2022-06-09
2022-06-09,28.012700000000052,84.52199000000007,Landslide,1,2022-06-09
2022-06-09,29.26276000000007,81.58511000000004,Landslide,1,2022-06-09
2022-06-09,28.253160000000037,83.38330000000008,Landslide,1,2022-06-09
2022-06-08,28.13795000000005,83.51379000000009,Landslide,1,2022-06-08
2022-06-08,28.253160000000037,83.38330000000008,Landslide,1,2022-06-08
2022-06-04,28.175050000000056,83.06921000000006,Landslide,1,2022-06-04
2022-06-01,27.483190000000036,87.23172000000005,Landslide,1,2022-06-01
2022-05-30,27.655590000000075,86.90195000000006,Landslide,1,2022-05-30
2022-05-29,26.803220000000067,86.33460000000008,Flood,1,2022-05-29
2022-05-27,27.80278000000004,84.58055000000007,Landslide,1,2022-05-27
2022-05-05,28.20806000000005,83.98452000000003,Landslide,1,2022-05-05
2022-04-29,27.99794000000003,83.00839000000008,Landslide,1,2022-04-29
2022-04-19,27.76465000000007,83.47024000000005,Landslide,1,2022-04-19
2022-04-11,27.62210000000005,85.54281000000003,Flood,1,2022-04-11
2022-03-24,27.427430000000072,85.49119000000007,Landslide,1,2022-03-24
2022-03-08,27.200500000000034,87.35910000000007,Landslide,1,2022-03-08
2022-03-08,28.15578000000005,84.36446000000007,Landslide,1,2022-03-08
2022-02-26,27.632450000000063,85.52192000000008,Landslide,1,2022-02-26
2022-01-26,28.24885000000006,82.36148000000009,Landslide,1,2022-01-26
2022-01-26,28.176370000000077,85.48227000000009,Landslide,1,2022-01-26
2022-01-22,27.021750000000058,86.42236000000008,Landslide,1,2022-01-22
2022-01-13,28.22589000000005,85.08414000000005,Landslide,1,2022-01-13
2021-10-22,28.493000000000052,82.06911000000008,Flood,1,2021-10-22
2021-10-22,26.45505000000003,87.27007000000003,Flood,1,2021-10-22
2021-10-21,27.38172000000003,87.71120000000008,Landslide,1,2021-10-21
2021-10-21,27.630790000000047,83.86238000000003,Flood,1,2021-10-21
2021-10-21,26.663710000000037,87.27403000000004,Flood,1,2021-10-21
2021-10-21,29.11393000000004,80.49384000000003,Landslide,1,2021-10-21
2021-10-21,29.60326000000003,80.70177000000007,Landslide,1,2021-10-21
2021-10-21,29.71252000000004,81.61904000000004,Landslide,1,2021-10-21
2021-10-20,26.895880000000034,88.06804000000005,Landslide,1,2021-10-20
2021-10-20,26.93196000000006,87.84665000000007,Landslide,1,2021-10-20
2021-10-20,26.663710000000037,87.27403000000004,Landslide,1,2021-10-20
2021-10-20,29.04137000000003,81.85773000000006,Landslide,1,2021-10-20
2021-10-20,29.24472000000003,80.82259000000005,Landslide,1,2021-10-20
2021-10-20,29.504040000000032,80.85600000000005,Flood,1,2021-10-20
2021-10-20,29.68936000000008,80.94905000000006,Landslide,1,2021-10-20
2021-10-20,27.80627000000004,84.20516000000003,Landslide,1,2021-10-20
2021-10-20,29.2500001,82.2167016,Flood,1,2021-10-20
2021-10-20,29.60326000000003,80.70177000000007,Landslide,1,2021-10-20
2021-10-20,28.047340000000077,82.77364000000006,Flood,1,2021-10-20
2021-10-20,26.81436000000008,87.27972000000005,Landslide,1,2021-10-20
2021-10-20,29.59137000000004,80.52900000000005,Landslide,1,2021-10-20
2021-10-20,29.457710000000077,81.21321000000006,Landslide,1,2021-10-20
2021-10-20,29.504040000000032,80.85600000000005,Landslide,1,2021-10-20
2021-10-20,26.511720000000025,86.87737000000004,Flood,1,2021-10-20
2021-10-20,26.960860000000025,88.00746000000004,Landslide,1,2021-10-20
2021-10-20,27.684090000000023,83.00297000000006,Flood,1,2021-10-20
2021-10-20,29.248410000000035,80.68054000000006,Landslide,1,2021-10-20
2021-10-20,29.43947000000003,81.49920000000003,Landslide,1,2021-10-20
2021-10-20,26.91515000000004,86.55004000000008,Flood,1,2021-10-20
2021-10-20,26.59187000000003,87.10534000000007,Landslide,1,2021-10-20
2021-10-20,29.24472000000003,80.82259000000005,Landslide,1,2021-10-20
2021-10-20,26.663710000000037,87.27403000000004,Flood,1,2021-10-20
2021-10-20,26.663710000000037,87.27403000000004,Flood,1,2021-10-20
2021-10-20,26.45505000000003,87.27007000000003,Landslide,1,2021-10-20
2021-10-20,27.655590000000075,86.90195000000006,Flood,1,2021-10-20
2021-10-20,29.282850000000053,80.41321000000005,Landslide,1,2021-10-20
2021-10-20,27.12322000000006,87.14726000000007,Landslide,1,2021-10-20
2021-10-20,29.39867000000004,81.28290000000004,Landslide,1,2021-10-20
2021-10-20,29.39867000000004,81.28290000000004,Landslide,1,2021-10-20
2021-10-20,28.528230000000065,81.11798000000005,Flood,1,2021-10-20
2021-10-19,29.10286000000008,80.67617000000007,Landslide,1,2021-10-19
2021-10-19,27.12137000000007,87.79307000000006,Landslide,1,2021-10-19
2021-10-19,29.529670000000067,80.61500000000007,Landslide,1,2021-10-19
2021-10-19,29.17769000000004,80.98034000000007,Landslide,1,2021-10-19
2021-10-19,26.827410000000043,87.73528000000005,Landslide,1,2021-10-19
2021-10-19,29.552010000000053,81.16174000000007,Landslide,1,2021-10-19
2021-10-19,26.93790000000007,87.65494000000007,Landslide,1,2021-10-19
2021-10-19,26.93790000000007,87.65494000000007,Landslide,1,2021-10-19
2021-10-19,27.04758000000004,87.76423000000005,Landslide,1,2021-10-19
2021-10-19,26.93790000000007,87.65494000000007,Landslide,1,2021-10-19
2021-10-19,29.552010000000053,81.16174000000007,Landslide,1,2021-10-19
2021-10-19,27.07484000000005,87.62347000000005,Landslide,1,2021-10-19
2021-10-19,29.04997000000003,81.06600000000003,Landslide,1,2021-10-19
2021-10-19,29.10286000000008,80.67617000000007,Landslide,1,2021-10-19
2021-10-19,29.384120000000053,80.33562000000006,Landslide,1,2021-10-19
2021-10-19,29.248410000000035,80.68054000000006,Landslide,1,2021-10-19
2021-10-19,29.360340000000065,81.32408000000004,Landslide,1,2021-10-19
2021-10-19,27.184100000000058,86.29469000000006,Flood,1,2021-10-19
2021-10-19,30.083770000000072,82.10182000000003,Landslide,1,2021-10-19
2021-10-19,29.68936000000008,80.94905000000006,Flood,1,2021-10-19
2021-10-19,30.083770000000072,82.10182000000003,Landslide,1,2021-10-19
2021-10-19,29.274650000000065,81.64553000000006,Landslide,1,2021-10-19
2021-10-19,29.368540000000053,80.97519000000005,Landslide,1,2021-10-19
2021-10-19,28.02869000000004,83.47358000000008,Flood,1,2021-10-19
2021-10-19,29.10286000000008,80.67617000000007,Landslide,1,2021-10-19
2021-10-19,27.081200000000024,87.03347000000008,Flood,1,2021-10-19
2021-10-19,29.368540000000053,80.97519000000005,Flood,1,2021-10-19
2021-10-19,28.702510000000075,80.35681000000005,Flood,1,2021-10-19
2021-10-19,29.306220000000053,80.61021000000005,Landslide,1,2021-10-19
2021-10-19,29.53028000000006,81.90175000000005,Landslide,1,2021-10-19
2021-10-19,29.24472000000003,80.82259000000005,Landslide,1,2021-10-19
2021-10-19,27.133670000000052,87.33563000000004,Flood,1,2021-10-19
2021-10-19,28.47025000000008,81.68014000000005,Flood,1,2021-10-19
2021-10-19,29.248410000000035,80.68054000000006,Landslide,1,2021-10-19
2021-10-19,29.451770000000067,80.99607000000003,Landslide,1,2021-10-19
2021-10-19,26.663710000000037,87.27403000000004,Landslide,1,2021-10-19
2021-10-19,26.81436000000008,87.27972000000005,Landslide,1,2021-10-19
2021-10-19,26.895880000000034,88.06804000000005,Landslide,1,2021-10-19
2021-10-19,26.968860000000063,87.75438000000008,Landslide,1,2021-10-19
2021-10-19,29.368540000000053,80.97519000000005,Landslide,1,2021-10-19
2021-10-19,26.909430000000043,87.92824000000007,Landslide,1,2021-10-19
2021-10-19,26.93790000000007,87.65494000000007,Landslide,1,2021-10-19
2021-10-19,27.133670000000052,87.33563000000004,Flood,1,2021-10-19
2021-10-19,29.552010000000053,81.16174000000007,Landslide,1,2021-10-19
2021-10-19,26.671410000000037,87.68287000000004,Flood,1,2021-10-19
2021-10-19,29.552010000000053,81.16174000000007,Flood,1,2021-10-19
2021-10-19,27.30895000000004,87.40104000000008,Landslide,1,2021-10-19
2021-10-19,28.306050000000027,83.41532000000007,Flood,1,2021-10-19
2021-10-19,26.93790000000007,87.65494000000007,Landslide,1,2021-10-19
2021-10-19,28.52027000000004,80.96565000000004,Landslide,1,2021-10-19
2021-10-19,26.791900000000055,86.69900000000007,Flood,1,2021-10-19
2021-10-19,29.18730000000005,80.85140000000007,Landslide,1,2021-10-19
2021-10-19,26.92253000000005,87.46656000000007,Landslide,1,2021-10-19
2021-10-19,27.12137000000007,87.79307000000006,Landslide,1,2021-10-19
2021-10-19,27.04758000000004,87.76423000000005,Landslide,1,2021-10-19
2021-10-19,26.71733000000006,86.93621000000007,Flood,1,2021-10-19
2021-10-19,28.976180000000056,81.22569000000004,Flood,1,2021-10-19
2021-10-19,26.968860000000063,87.75438000000008,Landslide,1,2021-10-19
2021-10-18,28.92739000000006,80.74607000000003,Flood,1,2021-10-18
2021-10-18,29.504040000000032,80.85600000000005,Landslide,1,2021-10-18
2021-10-18,29.807840000000056,80.56564000000003,Landslide,1,2021-10-18
2021-10-18,29.186090000000036,81.98523000000006,Flood,1,2021-10-18
2021-10-18,29.368540000000053,80.97519000000005,Landslide,1,2021-10-18
2021-10-05,27.7120171,85.3129501,Flood,1,2021-10-05
2021-09-29,29.741630000000043,80.84767000000005,Landslide,1,2021-09-29
2021-09-28,27.59758000000005,84.85797000000008,Flood,1,2021-09-28
2021-09-26,27.953040000000044,83.53811000000007,Landslide,1,2021-09-26
2021-09-22,28.052670000000035,83.25598000000008,Landslide,1,2021-09-22
2021-09-22,28.390090000000043,83.11711000000008,Flood,1,2021-09-22
2021-09-22,28.052670000000035,83.25598000000008,Landslide,1,2021-09-22
2021-09-21,28.6975002,82.2187805,Landslide,1,2021-09-21
2021-09-21,29.26276000000007,81.58511000000004,Landslide,1,2021-09-21
2021-09-21,29.56923000000006,81.48293000000007,Landslide,1,2021-09-21
2021-09-21,29.43947000000003,81.49920000000003,Flood,1,2021-09-21
2021-09-20,27.686960000000056,85.23522000000008,Flood,1,2021-09-20
2021-09-08,28.750890000000027,82.01912000000004,Landslide,1,2021-09-08
2021-09-08,28.121140000000025,81.55185000000006,Flood,1,2021-09-08
2021-09-07,27.765270000000044,85.40792000000005,Landslide,1,2021-09-07
2021-09-06,28.325420000000065,82.64442000000008,Landslide,1,2021-09-06
2021-09-06,27.632450000000063,85.52192000000008,Landslide,1,2021-09-06
2021-09-06,27.632450000000063,85.52192000000008,Landslide,1,2021-09-06
2021-09-06,28.325420000000065,82.64442000000008,Flood,1,2021-09-06
2021-09-06,27.73165000000006,85.41696000000007,Flood,1,2021-09-06
2021-09-06,28.6975002,82.2187805,Landslide,1,2021-09-06
2021-09-05,27.68142000000006,87.92025000000007,Landslide,1,2021-09-05
2021-09-05,27.767520000000047,85.36397000000005,Flood,1,2021-09-05
2021-09-05,28.612720000000024,82.47214000000008,Landslide,1,2021-09-05
2021-09-03,28.23368000000005,83.68756000000008,Landslide,1,2021-09-03
2021-09-03,28.31015000000008,83.71883000000008,Landslide,1,2021-09-03
2021-09-03,28.23368000000005,83.68756000000008,Landslide,1,2021-09-03
2021-09-03,27.428390000000036,85.03219000000007,Flood,1,2021-09-03
2021-09-03,28.13795000000005,83.51379000000009,Landslide,1,2021-09-03
2021-09-03,27.48237000000006,87.54417000000007,Landslide,1,2021-09-03
2021-09-02,28.20806000000005,83.98452000000003,Flood,1,2021-09-02
2021-09-02,28.20806000000005,83.98452000000003,Landslide,1,2021-09-02
2021-09-02,28.20806000000005,83.98452000000003,Landslide,1,2021-09-02
2021-09-02,28.20806000000005,83.98452000000003,Flood,1,2021-09-02
2021-09-01,28.20806000000005,83.98452000000003,Flood,1,2021-09-01
2021-09-01,27.26159000000007,86.05895000000004,Landslide,1,2021-09-01
2021-09-01,28.20806000000005,83.98452000000003,Landslide,1,2021-09-01
2021-09-01,28.02500000000003,82.46558000000005,Flood,1,2021-09-01
2021-09-01,29.892100000000028,80.61957000000007,Landslide,1,2021-09-01
2021-08-31,27.94628000000006,85.23922000000005,Landslide,1,2021-08-31
2021-08-31,27.889080000000035,85.21776000000006,Flood,1,2021-08-31
2021-08-31,27.884160000000065,83.25291000000004,Landslide,1,2021-08-31
2021-08-30,28.535030000000063,83.51666000000006,Flood,1,2021-08-30
2021-08-30,29.892100000000028,80.61957000000007,Landslide,1,2021-08-30
2021-08-30,27.86674000000005,83.45471000000003,Landslide,1,2021-08-30
2021-08-30,27.822460000000035,85.24631000000005,Landslide,1,2021-08-30
2021-08-30,29.892100000000028,80.61957000000007,Landslide,1,2021-08-30
2021-08-30,29.870160000000055,80.88376000000005,Flood,1,2021-08-30
2021-08-29,28.65372000000008,81.45104000000003,Landslide,1,2021-08-29
2021-08-29,29.892100000000028,80.61957000000007,Flood,1,2021-08-29
2021-08-29,29.807840000000056,80.56564000000003,Flood,1,2021-08-29
2021-08-29,29.741630000000043,80.84767000000005,Landslide,1,2021-08-29
2021-08-29,27.46843000000007,85.65714000000008,Landslide,1,2021-08-29
2021-08-29,27.958170000000052,83.65736000000004,Landslide,1,2021-08-29
2021-08-29,27.867310000000032,83.54670000000004,Landslide,1,2021-08-29
2021-08-28,28.701370000000058,80.58975000000004,Flood,1,2021-08-28
2021-08-28,29.51347000000004,80.93567000000007,Landslide,1,2021-08-28
2021-08-28,28.878270000000043,80.58259000000004,Landslide,1,2021-08-28
2021-08-27,27.630790000000047,83.86238000000003,Flood,1,2021-08-27
2021-08-27,27.021750000000058,86.42236000000008,Landslide,1,2021-08-27
2021-08-27,28.878270000000043,80.58259000000004,Flood,1,2021-08-27
2021-08-27,27.70028000000008,84.06548000000004,Landslide,1,2021-08-27
2021-08-27,27.531780000000023,83.52423000000005,Flood,1,2021-08-27
2021-08-27,27.26159000000007,86.05895000000004,Flood,1,2021-08-27
2021-08-27,28.08608000000004,82.15646000000004,Flood,1,2021-08-27
2021-08-26,29.10286000000008,80.67617000000007,Landslide,1,2021-08-26
2021-08-26,27.33764000000008,87.10635000000008,Landslide,1,2021-08-26
2021-08-26,28.98192000000006,80.26710000000008,Flood,1,2021-08-26
2021-08-26,27.434610000000077,84.35334000000006,Flood,1,2021-08-26
2021-08-25,28.710710000000063,81.64515000000006,Landslide,1,2021-08-25
2021-08-25,28.325420000000065,82.64442000000008,Landslide,1,2021-08-25
2021-08-24,27.38271000000003,86.58654000000007,Flood,1,2021-08-24
2021-08-24,28.701370000000058,80.58975000000004,Flood,1,2021-08-24
2021-08-24,28.52027000000004,80.96565000000004,Flood,1,2021-08-24
2021-08-21,28.380250000000046,82.83012000000008,Landslide,1,2021-08-21
2021-08-20,29.11393000000004,80.49384000000003,Landslide,1,2021-08-20
2021-08-20,27.383150000000057,86.98153000000008,Landslide,1,2021-08-20
2021-08-20,27.53260000000006,85.11616000000004,Landslide,1,2021-08-20
2021-08-19,28.327360000000056,83.62489000000005,Landslide,1,2021-08-19
2021-08-19,27.82594000000006,85.11147000000005,Landslide,1,2021-08-19
2021-08-19,28.253160000000037,82.91058000000004,Landslide,1,2021-08-19
2021-08-19,27.73165000000006,85.41696000000007,Flood,1,2021-08-19
2021-08-19,27.822460000000035,85.24631000000005,Landslide,1,2021-08-19
2021-08-19,28.01946000000004,85.30304000000007,Landslide,1,2021-08-19
2021-08-19,28.54200000000003,84.87538000000006,Landslide,1,2021-08-19
2021-08-15,27.990350000000035,82.91276000000005,Landslide,1,2021-08-15
2021-08-15,27.609880000000032,84.95558000000005,Landslide,1,2021-08-15
2021-08-15,28.566590000000076,82.68457000000006,Landslide,1,2021-08-15
2021-08-14,27.966570000000047,85.33973000000003,Landslide,1,2021-08-14
2021-08-13,28.17731000000003,82.51468000000006,Landslide,1,2021-08-13
2021-08-13,27.884160000000065,83.25291000000004,Landslide,1,2021-08-13
2021-08-12,29.186090000000036,81.98523000000006,Landslide,1,2021-08-12
2021-08-12,28.213590000000067,83.14999000000006,Landslide,1,2021-08-12
2021-08-12,28.325420000000065,82.64442000000008,Flood,1,2021-08-12
2021-08-12,27.692080000000033,85.45493000000005,Landslide,1,2021-08-12
2021-08-11,28.075630000000046,82.91985000000005,Landslide,1,2021-08-11
2021-08-10,27.76465000000007,83.47024000000005,Landslide,1,2021-08-10
2021-08-10,28.083330000000046,85.42667000000006,Landslide,1,2021-08-10
2021-08-09,28.130990000000057,82.29726000000005,Flood,1,2021-08-09
2021-08-07,28.35770000000008,82.30807000000004,Flood,1,2021-08-07
2021-08-05,28.612720000000024,82.47214000000008,Landslide,1,2021-08-05
2021-08-05,28.54200000000003,84.87538000000006,Landslide,1,2021-08-05
2021-08-04,27.167500000000075,86.60338000000007,Flood,1,2021-08-04
2021-08-02,27.76465000000007,83.47024000000005,Landslide,1,2021-08-02
2021-08-02,29.427170000000046,81.75914000000006,Landslide,1,2021-08-02
2021-08-02,28.446260000000052,82.42218000000008,Landslide,1,2021-08-02
2021-08-01,28.006340000000023,85.53386000000006,Flood,1,2021-08-01
2021-08-01,28.006340000000023,85.53386000000006,Flood,1,2021-08-01
2021-08-01,28.006340000000023,85.53386000000006,Flood,1,2021-08-01
2021-08-01,28.006340000000023,85.53386000000006,Flood,1,2021-08-01
2021-08-01,27.75215000000003,85.95203000000004,Flood,1,2021-08-01
2021-08-01,28.006340000000023,85.53386000000006,Flood,1,2021-08-01
2021-07-31,27.81918000000007,85.52994000000007,Flood,1,2021-07-31
2021-07-31,28.006340000000023,85.53386000000006,Flood,1,2021-07-31
2021-07-30,27.919220000000053,85.13351000000006,Landslide,1,2021-07-30
2021-07-30,27.51176000000004,85.93942000000004,Landslide,1,2021-07-30
2021-07-30,27.601470000000063,85.18921000000006,Landslide,1,2021-07-30
2021-07-29,27.426410000000033,85.91784000000007,Landslide,1,2021-07-29
2021-07-29,28.566590000000076,82.68457000000006,Landslide,1,2021-07-29
2021-07-28,29.56923000000006,81.48293000000007,Landslide,1,2021-07-28
2021-07-28,28.402390000000025,82.50796000000008,Landslide,1,2021-07-28
2021-07-28,29.220120000000065,81.53317000000004,Landslide,1,2021-07-28
2021-07-26,27.93172000000004,85.90808000000004,Landslide,1,2021-07-26
2021-07-26,29.370790000000056,82.36889000000008,Flood,1,2021-07-26
2021-07-25,27.811740000000043,85.38590000000005,Landslide,1,2021-07-25
2021-07-25,29.65922000000006,80.60709000000008,Landslide,1,2021-07-25
2021-07-23,29.158830000000023,81.66961000000003,Landslide,1,2021-07-23
2021-07-22,27.53875000000005,86.69517000000008,Landslide,1,2021-07-22
2021-07-22,26.91515000000004,86.55004000000008,Landslide,1,2021-07-22
2021-07-22,29.360340000000065,81.32408000000004,Landslide,1,2021-07-22
2021-07-22,29.870160000000055,80.88376000000005,Flood,1,2021-07-22
2021-07-22,27.22121000000004,87.79430000000008,Landslide,1,2021-07-22
2021-07-21,28.493000000000052,82.06911000000008,Landslide,1,2021-07-21
2021-07-21,27.98195000000004,85.43297000000007,Landslide,1,2021-07-21
2021-07-21,27.53875000000005,86.69517000000008,Landslide,1,2021-07-21
2021-07-21,27.53875000000005,86.69517000000008,Landslide,1,2021-07-21
2021-07-21,26.72882000000004,85.92628000000008,Flood,1,2021-07-21
2021-07-18,27.33764000000008,87.10635000000008,Landslide,1,2021-07-18
2021-07-18,26.755880000000047,86.01212000000004,Flood,1,2021-07-18
2021-07-18,27.65399000000008,84.03213000000005,Landslide,1,2021-07-18
2021-07-18,27.449370000000044,86.35829000000007,Landslide,1,2021-07-18
2021-07-16,27.76465000000007,83.47024000000005,Landslide,1,2021-07-16
2021-07-16,27.70028000000008,84.06548000000004,Flood,1,2021-07-16
2021-07-16,28.2666961,83.5832976,Landslide,1,2021-07-16
2021-07-15,30.05753000000004,80.93850000000003,Landslide,1,2021-07-15
2021-07-15,28.20806000000005,83.98452000000003,Landslide,1,2021-07-15
2021-07-14,29.25887000000006,81.18146000000007,Flood,1,2021-07-14
2021-07-14,27.707460000000022,83.30405000000007,Flood,1,2021-07-14
2021-07-14,28.37636000000003,83.02216000000004,Landslide,1,2021-07-14
2021-07-14,27.829630000000066,82.35444000000007,Flood,1,2021-07-14
2021-07-12,27.867310000000032,83.54670000000004,Landslide,1,2021-07-12
2021-07-11,27.248060000000063,85.70006000000006,Flood,1,2021-07-11
2021-07-11,29.368540000000053,80.97519000000005,Landslide,1,2021-07-11
2021-07-11,27.167500000000075,86.60338000000007,Landslide,1,2021-07-11
2021-07-10,29.797800000000052,80.67992000000004,Landslide,1,2021-07-10
2021-07-10,27.966570000000047,85.33973000000003,Landslide,1,2021-07-10
2021-07-10,29.43947000000003,81.49920000000003,Landslide,1,2021-07-10
2021-07-10,27.809750000000065,86.32435000000004,Landslide,1,2021-07-10
2021-07-10,27.67855000000003,86.02374000000003,Landslide,1,2021-07-10
2021-07-09,27.53875000000005,86.69517000000008,Landslide,1,2021-07-09
2021-07-09,27.7120171,85.3129501,Landslide,1,2021-07-09
2021-07-08,27.63571000000007,83.98817000000008,Flood,1,2021-07-08
2021-07-08,27.90138000000007,84.22744000000006,Landslide,1,2021-07-08
2021-07-08,27.918600000000023,84.39420000000007,Flood,1,2021-07-08
2021-07-08,27.048190000000034,87.95381000000003,Landslide,1,2021-07-08
2021-07-08,28.20806000000005,83.98452000000003,Landslide,1,2021-07-08
2021-07-08,27.76465000000007,83.47024000000005,Landslide,1,2021-07-08
2021-07-08,27.785150000000044,83.90900000000005,Landslide,1,2021-07-08
2021-07-08,27.983790000000056,83.42567000000008,Landslide,1,2021-07-08
2021-07-08,28.007160000000056,84.15608000000003,Flood,1,2021-07-08
2021-07-08,27.63571000000007,83.98817000000008,Flood,1,2021-07-08
2021-07-08,27.90138000000007,84.22744000000006,Landslide,1,2021-07-08
2021-07-07,28.44011000000006,83.21649000000008,Landslide,1,2021-07-07
2021-07-07,27.37604000000005,87.20767000000006,Landslide,1,2021-07-07
2021-07-07,28.20806000000005,83.98452000000003,Flood,1,2021-07-07
2021-07-07,29.797800000000052,80.67992000000004,Landslide,1,2021-07-07
2021-07-07,27.048190000000034,87.95381000000003,Landslide,1,2021-07-07
2021-07-07,28.306050000000027,83.41532000000007,Landslide,1,2021-07-07
2021-07-07,28.306050000000027,83.41532000000007,Landslide,1,2021-07-07
2021-07-07,28.306050000000027,83.41532000000007,Landslide,1,2021-07-07
2021-07-07,28.20806000000005,83.98452000000003,Landslide,1,2021-07-07
2021-07-06,26.640040000000056,86.78881000000007,Flood,1,2021-07-06
2021-07-06,28.23368000000005,83.68756000000008,Landslide,1,2021-07-06
2021-07-06,28.378610000000037,83.44644000000005,Flood,1,2021-07-06
2021-07-06,27.67680000000007,84.43589000000009,Landslide,1,2021-07-06
2021-07-05,27.59758000000005,84.85797000000008,Flood,1,2021-07-05
2021-07-05,27.437680000000057,87.35873000000004,Landslide,1,2021-07-05
2021-07-05,27.514760000000024,87.07129000000003,Landslide,1,2021-07-05
2021-07-05,28.02500000000003,82.46558000000005,Flood,1,2021-07-05
2021-07-04,26.791900000000055,86.69900000000007,Landslide,1,2021-07-04
2021-07-04,27.64432000000005,86.44809000000004,Landslide,1,2021-07-04
2021-07-04,27.31899000000004,87.61039000000005,Landslide,1,2021-07-04
2021-07-04,27.03917000000007,85.71704000000005,Flood,1,2021-07-04
2021-07-04,27.53875000000005,86.69517000000008,Landslide,1,2021-07-04
2021-07-04,27.966570000000047,85.33973000000003,Landslide,1,2021-07-04
2021-07-03,27.918600000000023,84.39420000000007,Flood,1,2021-07-03
2021-07-03,27.184100000000058,86.29469000000006,Flood,1,2021-07-03
2021-07-03,28.041810000000055,84.40635000000003,Landslide,1,2021-07-03
2021-07-03,27.59758000000005,84.85797000000008,Landslide,1,2021-07-03
2021-07-03,26.864510000000053,85.51732000000004,Flood,1,2021-07-03
2021-07-03,28.04099000000008,83.76336000000003,Flood,1,2021-07-03
2021-07-03,28.20806000000005,83.98452000000003,Landslide,1,2021-07-03
2021-07-03,28.11909000000003,84.81688000000008,Flood,1,2021-07-03
2021-07-03,27.722830000000044,85.17161000000004,Landslide,1,2021-07-03
2021-07-02,27.692080000000033,85.45493000000005,Landslide,1,2021-07-02
2021-07-02,27.74682000000007,84.75988000000007,Landslide,1,2021-07-02
2021-07-02,28.041810000000055,84.40635000000003,Flood,1,2021-07-02
2021-07-02,28.041810000000055,84.40635000000003,Landslide,1,2021-07-02
2021-07-02,26.81436000000008,87.27972000000005,Landslide,1,2021-07-02
2021-07-02,27.7120171,85.3129501,Landslide,1,2021-07-02
2021-07-02,27.93548000000004,84.22325000000006,Flood,1,2021-07-02
2021-07-02,27.59758000000005,84.85797000000008,Landslide,1,2021-07-02
2021-07-02,27.208290000000034,86.96277000000003,Landslide,1,2021-07-02
2021-07-02,26.812860000000057,85.25954000000007,Flood,1,2021-07-02
2021-07-02,28.08588000000003,84.58840000000004,Landslide,1,2021-07-02
2021-07-02,28.15578000000005,84.36446000000007,Landslide,1,2021-07-02
2021-07-01,27.026050000000055,86.21790000000004,Landslide,1,2021-07-01
2021-07-01,27.74682000000007,84.75988000000007,Flood,1,2021-07-01
2021-07-01,27.026050000000055,86.21790000000004,Flood,1,2021-07-01
2021-07-01,27.692080000000033,85.45493000000005,Landslide,1,2021-07-01
2021-07-01,28.061280000000068,84.04733000000004,Landslide,1,2021-07-01
2021-07-01,28.012700000000052,84.52199000000007,Landslide,1,2021-07-01
2021-07-01,27.93548000000004,84.22325000000006,Flood,1,2021-07-01
2021-07-01,28.36611000000005,84.13913000000008,Flood,1,2021-07-01
2021-07-01,28.012700000000052,84.52199000000007,Landslide,1,2021-07-01
2021-07-01,28.20806000000005,83.98452000000003,Landslide,1,2021-07-01
2021-07-01,27.844190000000022,86.72059000000007,Landslide,1,2021-07-01
2021-07-01,26.48445000000004,87.61591000000004,Flood,1,2021-07-01
2021-07-01,27.74682000000007,84.75988000000007,Flood,1,2021-07-01
2021-07-01,27.715860000000077,84.60038000000003,Landslide,1,2021-07-01
2021-07-01,27.918600000000023,84.39420000000007,Landslide,1,2021-07-01
2021-07-01,27.35794000000004,87.94596000000007,Landslide,1,2021-07-01
2021-07-01,28.14758000000006,84.26809000000009,Landslide,1,2021-07-01
2021-07-01,27.649440000000027,84.66375000000005,Landslide,1,2021-07-01
2021-07-01,28.108630000000066,84.49414000000007,Landslide,1,2021-07-01
2021-07-01,27.93548000000004,84.22325000000006,Landslide,1,2021-07-01
2021-07-01,28.061280000000068,84.04733000000004,Landslide,1,2021-07-01
2021-07-01,28.007160000000056,84.15608000000003,Landslide,1,2021-07-01
2021-07-01,27.967190000000073,84.04928000000007,Landslide,1,2021-07-01
2021-07-01,28.061280000000068,84.04733000000004,Landslide,1,2021-07-01
2021-07-01,27.173650000000062,85.91259000000008,Landslide,1,2021-07-01
2021-06-30,27.14372000000003,84.71809000000007,Flood,1,2021-06-30
2021-06-30,26.76448000000005,85.27841000000006,Flood,1,2021-06-30
2021-06-30,27.80278000000004,84.58055000000007,Flood,1,2021-06-30
2021-06-29,28.23368000000005,83.68756000000008,Landslide,1,2021-06-29
2021-06-29,27.494260000000057,87.96349000000004,Landslide,1,2021-06-29
2021-06-29,28.325420000000065,82.64442000000008,Landslide,1,2021-06-29
2021-06-28,27.99384000000003,82.67143000000004,Flood,1,2021-06-28
2021-06-28,28.23368000000005,83.68756000000008,Landslide,1,2021-06-28
2021-06-28,28.545930000000055,83.92078000000004,Landslide,1,2021-06-28
2021-06-27,26.889320000000055,85.33878000000004,Flood,1,2021-06-27
2021-06-27,27.53260000000006,85.11616000000004,Landslide,1,2021-06-27
2021-06-27,28.24885000000006,82.36148000000009,Landslide,1,2021-06-27
2021-06-26,28.02500000000003,82.46558000000005,Flood,1,2021-06-26
2021-06-26,28.428630000000055,81.12517000000008,Flood,1,2021-06-26
2021-06-26,29.27055000000007,81.06172000000004,Flood,1,2021-06-26
2021-06-24,28.546920000000057,81.94508000000008,Landslide,1,2021-06-24
2021-06-24,29.2500001,82.2167016,Landslide,1,2021-06-24
2021-06-23,27.872970000000063,82.52283000000006,Flood,1,2021-06-23
2021-06-23,28.325420000000065,82.64442000000008,Landslide,1,2021-06-23
2021-06-23,28.325420000000065,82.64442000000008,Landslide,1,2021-06-23
2021-06-22,28.325420000000065,82.64442000000008,Landslide,1,2021-06-22
2021-06-21,27.326170000000047,88.03053000000006,Landslide,1,2021-06-21
2021-06-20,29.807840000000056,80.56564000000003,Landslide,1,2021-06-20
2021-06-20,28.20806000000005,83.98452000000003,Landslide,1,2021-06-20
2021-06-20,28.690620000000024,83.58839000000006,Landslide,1,2021-06-20
2021-06-19,29.26010000000008,80.97434000000004,Landslide,1,2021-06-19
2021-06-19,27.80278000000004,84.58055000000007,Landslide,1,2021-06-19
2021-06-19,28.313220000000054,84.89839000000006,Flood,1,2021-06-19
2021-06-19,28.546920000000057,81.94508000000008,Landslide,1,2021-06-19
2021-06-19,27.93172000000004,85.90808000000004,Landslide,1,2021-06-19
2021-06-18,29.56923000000006,81.48293000000007,Landslide,1,2021-06-18
2021-06-18,29.427170000000046,81.75914000000006,Landslide,1,2021-06-18
2021-06-18,28.546920000000057,81.94508000000008,Landslide,1,2021-06-18
2021-06-18,30.05753000000004,80.93850000000003,Landslide,1,2021-06-18
2021-06-18,29.686690000000056,81.27845000000008,Landslide,1,2021-06-18
2021-06-18,27.70028000000008,84.06548000000004,Landslide,1,2021-06-18
2021-06-18,29.741630000000043,80.84767000000005,Landslide,1,2021-06-18
2021-06-17,29.26010000000008,80.97434000000004,Landslide,1,2021-06-17
2021-06-17,28.06702000000007,83.07274000000007,Landslide,1,2021-06-17
2021-06-17,28.097560000000044,81.87933000000004,Landslide,1,2021-06-17
2021-06-17,27.511280000000056,85.75572000000005,Flood,1,2021-06-17
2021-06-17,29.158830000000023,81.66961000000003,Landslide,1,2021-06-17
2021-06-17,27.514350000000036,83.36778000000004,Flood,1,2021-06-17
2021-06-16,29.370790000000056,82.36889000000008,Landslide,1,2021-06-16
2021-06-16,27.958170000000052,83.65736000000004,Landslide,1,2021-06-16
2021-06-16,29.17769000000004,80.98034000000007,Landslide,1,2021-06-16
2021-06-16,28.010240000000067,83.20679000000007,Flood,1,2021-06-16
2021-06-16,27.632630000000063,85.38239000000004,Flood,1,2021-06-16
2021-06-16,28.02869000000004,83.47358000000008,Landslide,1,2021-06-16
2021-06-16,28.54200000000003,84.87538000000006,Flood,1,2021-06-16
2021-06-16,28.306050000000027,83.41532000000007,Landslide,1,2021-06-16
2021-06-16,28.052260000000047,83.52767000000006,Landslide,1,2021-06-16
2021-06-16,28.306050000000027,83.41532000000007,Flood,1,2021-06-16
2021-06-16,26.606810000000053,86.74941000000007,Flood,1,2021-06-16
2021-06-16,27.858330000000024,83.35070000000007,Flood,1,2021-06-16
2021-06-16,27.62689000000006,85.74215000000004,Flood,1,2021-06-16
2021-06-16,27.958170000000052,83.65736000000004,Flood,1,2021-06-16
2021-06-16,28.2666961,83.5832976,Landslide,1,2021-06-16
2021-06-16,28.29170000000005,84.52849000000003,Flood,1,2021-06-16
2021-06-15,28.52047000000005,84.26056000000005,Flood,1,2021-06-15
2021-06-15,28.083330000000046,85.42667000000006,Landslide,1,2021-06-15
2021-06-15,27.86674000000005,83.45471000000003,Landslide,1,2021-06-15
2021-06-15,28.327360000000056,83.62489000000005,Landslide,1,2021-06-15
2021-06-15,27.824100000000044,83.78219000000007,Landslide,1,2021-06-15
2021-06-15,27.86715000000004,83.68860000000006,Landslide,1,2021-06-15
2021-06-15,28.446260000000052,82.42218000000008,Landslide,1,2021-06-15
2021-06-15,28.36611000000005,84.13913000000008,Landslide,1,2021-06-15
2021-06-15,27.53260000000006,85.11616000000004,Landslide,1,2021-06-15
2021-06-15,29.552010000000053,81.16174000000007,Landslide,1,2021-06-15
2021-06-15,27.879450000000077,83.60755000000006,Landslide,1,2021-06-15
2021-06-15,27.98666000000003,83.34978000000007,Landslide,1,2021-06-15
2021-06-15,28.10781000000003,83.42563000000007,Landslide,1,2021-06-15
2021-06-15,27.983790000000056,83.42567000000008,Landslide,1,2021-06-15
2021-06-15,27.945050000000037,82.83908000000008,Landslide,1,2021-06-15
2021-06-15,27.74682000000007,84.75988000000007,Landslide,1,2021-06-15
2021-06-15,27.63345000000004,83.57195000000007,Landslide,1,2021-06-15
2021-06-15,28.083330000000046,85.42667000000006,Landslide,1,2021-06-15
2021-06-15,27.70055000000008,83.44836000000004,Flood,1,2021-06-15
2021-06-15,28.52047000000005,84.26056000000005,Flood,1,2021-06-15
2021-06-15,27.86674000000005,83.45471000000003,Landslide,1,2021-06-15
2021-06-15,27.93548000000004,84.22325000000006,Landslide,1,2021-06-15
2021-06-15,28.49565000000007,83.94614000000007,Flood,1,2021-06-15
2021-06-15,27.918600000000023,84.39420000000007,Flood,1,2021-06-15
2021-06-15,28.10781000000003,83.42563000000007,Landslide,1,2021-06-15
2021-06-15,27.965960000000052,83.15486000000004,Landslide,1,2021-06-15
2021-06-15,28.06702000000007,83.07274000000007,Landslide,1,2021-06-15
2021-06-15,28.006340000000023,85.53386000000006,Flood,1,2021-06-15
2021-06-15,28.075630000000046,82.91985000000005,Flood,1,2021-06-15
2021-06-15,27.630790000000047,83.86238000000003,Landslide,1,2021-06-15
2021-06-15,27.867310000000032,83.54670000000004,Landslide,1,2021-06-15
2021-06-15,27.976210000000037,83.95355000000006,Landslide,1,2021-06-15
2021-06-15,28.15578000000005,84.36446000000007,Flood,1,2021-06-15
2021-06-15,28.11909000000003,84.81688000000008,Flood,1,2021-06-15
2021-06-15,28.20806000000005,83.98452000000003,Landslide,1,2021-06-15
2021-06-15,28.313220000000054,84.89839000000006,Flood,1,2021-06-15
2021-06-15,28.36611000000005,84.13913000000008,Flood,1,2021-06-15
2021-06-15,27.858330000000024,83.35070000000007,Landslide,1,2021-06-15
2021-06-15,28.373320000000035,83.53203000000008,Flood,1,2021-06-15
2021-06-14,29.100810000000024,81.44631000000004,Landslide,1,2021-06-14
2021-06-14,29.538280000000043,81.61780000000005,Flood,1,2021-06-14
2021-06-14,29.080930000000023,81.63039000000003,Landslide,1,2021-06-14
2021-06-14,29.33594000000005,81.43072000000006,Flood,1,2021-06-14
2021-06-14,28.76995000000005,83.74752000000007,Flood,1,2021-06-14
2021-06-14,27.879450000000077,83.60755000000006,Landslide,1,2021-06-14
2021-06-14,28.293540000000064,82.48467000000005,Landslide,1,2021-06-14
2021-06-13,28.23368000000005,83.68756000000008,Landslide,1,2021-06-13
2021-06-13,29.360340000000065,81.32408000000004,Landslide,1,2021-06-13
2021-06-13,27.945050000000037,82.83908000000008,Landslide,1,2021-06-13
2021-06-13,28.293540000000064,82.48467000000005,Landslide,1,2021-06-13
2021-06-13,28.093260000000043,83.88923000000005,Landslide,1,2021-06-13
2021-06-12,28.24885000000006,82.36148000000009,Landslide,1,2021-06-12
2021-06-12,27.965960000000052,83.15486000000004,Landslide,1,2021-06-12
2021-06-11,29.741630000000043,80.84767000000005,Landslide,1,2021-06-11
2021-06-10,28.945840000000032,81.63676000000004,Flood,1,2021-06-10
2021-06-10,29.44726000000003,80.30779000000007,Landslide,1,2021-06-10
2021-06-06,27.173650000000062,85.91259000000008,Landslide,1,2021-06-06
2021-06-02,28.59914000000003,83.82277000000005,Landslide,1,2021-06-02
2021-06-01,28.45897000000008,82.74293000000006,Landslide,1,2021-06-01
2021-05-31,27.53260000000006,85.11616000000004,Landslide,1,2021-05-31
2021-05-30,27.70028000000008,84.06548000000004,Landslide,1,2021-05-30
2021-05-29,28.20806000000005,83.98452000000003,Landslide,1,2021-05-29
2021-05-29,27.93548000000004,84.22325000000006,Landslide,1,2021-05-29
2021-05-29,27.46987000000007,83.24785000000008,Flood,1,2021-05-29
2021-05-28,27.380490000000066,85.87751000000009,Flood,1,2021-05-28
2021-05-28,28.52047000000005,84.26056000000005,Flood,1,2021-05-28
2021-05-28,28.59914000000003,83.82277000000005,Landslide,1,2021-05-28
2021-05-28,27.76465000000007,83.47024000000005,Landslide,1,2021-05-28
2021-05-28,28.253160000000037,82.91058000000004,Landslide,1,2021-05-28
2021-05-28,26.75279000000006,87.15755000000007,Landslide,1,2021-05-28
2021-05-28,27.12137000000007,87.79307000000006,Landslide,1,2021-05-28
2021-05-28,27.46843000000007,85.65714000000008,Flood,1,2021-05-28
2021-05-27,28.52047000000005,84.26056000000005,Flood,1,2021-05-27
2021-05-26,27.27451000000008,86.36924000000005,Flood,1,2021-05-26
2021-05-21,29.01615000000004,80.17194000000006,Flood,1,2021-05-21
2021-05-20,29.360340000000065,81.32408000000004,Landslide,1,2021-05-20
2021-05-20,29.60326000000003,80.70177000000007,Landslide,1,2021-05-20
2021-05-11,28.439290000000028,81.90146000000004,Landslide,1,2021-05-11
2021-05-11,29.158830000000023,81.66961000000003,Landslide,1,2021-05-11
2021-05-09,28.265870000000064,82.81048000000004,Landslide,1,2021-05-09
2021-05-06,29.360340000000065,81.32408000000004,Flood,1,2021-05-06
2021-05-06,27.53875000000005,86.69517000000008,Flood,1,2021-05-06
2021-05-03,26.968860000000063,87.75438000000008,Flood,1,2021-05-03
2021-05-02,29.158830000000023,81.66961000000003,Landslide,1,2021-05-02
2021-05-01,27.307920000000024,86.31107000000009,Landslide,1,2021-05-01
2021-04-22,26.77514000000008,87.38727000000006,Landslide,1,2021-04-22
2021-04-19,29.797800000000052,80.67992000000004,Landslide,1,2021-04-19
2021-01-06,28.638960000000058,80.46738000000005,Landslide,1,2021-01-06
2023-07-20,29.641681546276452,88.09122266271281,Stable,0,2023-07-20
2022-03-06,29.662137854313684,86.03912341506351,Stable,0,2022-03-06
2021-02-14,28.06774682359745,85.89428286275209,Stable,0,2021-02-14
2023-08-24,27.973272483687172,85.5984326857323,Stable,0,2023-08-24
2021-04-07,29.91907239701413,81.6165975434701,Stable,0,2021-04-07
2022-06-30,26.798969770850913,86.43611996635885,Stable,0,2022-06-30
2021-03-26,30.322383646648795,85.92701949634038,Stable,0,2021-03-26
2023-10-11,27.31308228224128,82.33141888544004,Stable,0,2023-10-11
2021-08-23,26.54547682213735,84.95370221317042,Stable,0,2021-08-23
2021-07-22,27.11937315018695,87.5523647769493,Stable,0,2021-07-22
2021-10-03,28.504550247025357,81.1220185645646,Stable,0,2021-10-03
2023-04-07,30.40585491293701,80.96107850715232,Stable,0,2023-04-07
2021-04-28,28.411479267158153,80.34121727931831,Stable,0,2021-04-28
2023-05-04,26.70134545697735,84.31967062976966,Stable,0,2023-05-04
2022-04-14,29.740179243110052,86.75787086957149,Stable,0,2022-04-14
2021-01-25,28.35438193591513,87.47310843788553,Stable,0,2021-01-25
2022-05-17,27.436985964507883,81.25820845710354,Stable,0,2022-05-17
2022-03-07,30.019389948672607,85.2515509154073,Stable,0,2022-03-07
2023-09-27,28.936202484954016,87.68796179775525,Stable,0,2023-09-27
2021-08-23,29.892468933337845,80.02828936203528,Stable,0,2021-08-23
2023-05-23,28.70713706735336,83.62357431093983,Stable,0,2023-05-23
2022-02-03,27.68604901703206,82.99182769440239,Stable,0,2022-02-03
2023-05-25,30.353768363450076,80.68887674036729,Stable,0,2023-05-25
2021-12-23,26.993248003935612,85.14672843599162,Stable,0,2021-12-23
2022-12-03,29.72692352793544,83.1938145189256,Stable,0,2022-12-03
2023-10-28,26.757722132821215,86.81309006602558,Stable,0,2023-10-28
2021-11-17,26.70681081366999,80.10504311504673,Stable,0,2021-11-17
2023-08-23,26.63722037620698,80.91354885230724,Stable,0,2023-08-23
2023-09-24,29.197152449282996,85.16041071317636,Stable,0,2023-09-24
2023-12-02,27.53833566019692,81.63392025361107,Stable,0,2023-12-02
2023-07-24,30.037642026481837,81.52122963805937,Stable,0,2023-07-24
2022-05-23,26.392807461777956,80.1528240809135,Stable,0,2022-05-23
2021-06-11,28.525940229549775,81.23926610419528,Stable,0,2021-06-11
2023-08-22,26.71372744048347,87.79927354556845,Stable,0,2023-08-22
2023-03-17,30.08076525945506,82.96061344718531,Stable,0,2023-03-17
2023-08-09,27.544760965837092,84.3339830434331,Stable,0,2023-08-09
2021-05-27,27.133601307453056,86.82379101082975,Stable,0,2021-05-27
2023-08-18,29.042694880714897,81.51751036801848,Stable,0,2023-08-18
2023-01-14,27.128368360156813,82.64805065801289,Stable,0,2023-01-14
2022-08-15,27.9979425315534,84.08835207728195,Stable,0,2022-08-15
2021-12-18,30.154691461773808,86.80511396707352,Stable,0,2021-12-18
2023-10-23,29.366211563529976,81.22097757858874,Stable,0,2023-10-23
2022-11-10,28.03266147483801,81.17458240658154,Stable,0,2022-11-10
2023-12-29,26.50808341025633,84.83747030723963,Stable,0,2023-12-29
2021-06-17,29.750366699519137,86.88339338340839,Stable,0,2021-06-17
2023-12-23,28.06595318687679,80.49510539699313,Stable,0,2023-12-23
2021-07-09,28.51554441453469,83.4350286767628,Stable,0,2021-07-09
2023-10-04,26.59498498889144,84.39683866826557,Stable,0,2023-10-04
2023-11-30,29.01677315154971,85.03883709252723,Stable,0,2023-11-30
2021-09-15,29.84145319826463,81.05994680269943,Stable,0,2021-09-15
2023-02-19,27.35319229331495,81.58218718178748,Stable,0,2023-02-19
2022-03-03,29.990197683643803,84.14688827770084,Stable,0,2022-03-03
2021-03-22,26.984536170717544,87.34790837325784,Stable,0,2021-03-22
2021-10-25,29.92099000817092,87.19719098296562,Stable,0,2021-10-25
2022-02-02,30.155849933716812,83.4770460729097,Stable,0,2022-02-02
2023-11-20,26.72611259052405,81.94173977011613,Stable,0,2023-11-20
2021-06-08,30.082082378084262,86.13112107512876,Stable,0,2021-06-08
2021-04-27,27.93591686223027,80.24803637518372,Stable,0,2021-04-27
2023-06-16,30.109206103622014,87.98129784856242,Stable,0,2023-06-16
2021-06-06,28.44347022962243,88.2760464686237,Stable,0,2021-06-06
2023-02-05,28.84265080461654,87.844484891322,Stable,0,2023-02-05
2022-02-03,28.213033840862877,81.78426557830845,Stable,0,2022-02-03
2021-01-25,29.202161111906356,83.09519138740421,Stable,0,2021-01-25
2023-09-23,27.433909822238196,80.37567436568078,Stable,0,2023-09-23
2023-08-03,27.48139932211126,86.6495930718765,Stable,0,2023-08-03
2021-09-09,27.89986939127434,86.16767033891482,Stable,0,2021-09-09
2023-12-27,27.52179470233296,85.857004266706,Stable,0,2023-12-27
2021-09-22,28.579761801660396,87.3555192327512,Stable,0,2021-09-22
2021-12-22,29.898367490868132,80.7648349745374,Stable,0,2021-12-22
2022-02-18,29.483549795104643,80.88722270439118,Stable,0,2022-02-18
2022-12-13,29.615874624128065,81.21762279661725,Stable,0,2022-12-13
2021-07-26,26.31490366323972,85.72287277439774,Stable,0,2021-07-26
2021-06-12,30.22244526462068,86.28348111768967,Stable,0,2021-06-12
2021-05-11,28.75334459658608,84.46228581497017,Stable,0,2021-05-11
2021-11-19,26.99478506207464,81.6733531158288,Stable,0,2021-11-19
2022-06-17,27.58238138083998,85.56699220564042,Stable,0,2022-06-17
2022-03-22,26.548178529464916,80.72449198366009,Stable,0,2022-03-22
2022-02-24,26.6052858882988,86.68808299696488,Stable,0,2022-02-24
2023-11-15,29.53103049139529,85.90623804893451,Stable,0,2023-11-15
2023-08-25,29.900532386543595,82.10902086362933,Stable,0,2023-08-25
2021-03-11,28.96346483597889,80.87018178357955,Stable,0,2021-03-11
2021-05-11,28.269735638561304,81.02921563803223,Stable,0,2021-05-11
2022-12-24,28.24528069580883,86.68795789907556,Stable,0,2022-12-24
2022-08-21,27.881612658099087,86.205485129175,Stable,0,2022-08-21
2023-04-12,27.123357741204227,84.18801241150007,Stable,0,2023-04-12
2023-01-08,29.802594068212596,80.37099586901094,Stable,0,2023-01-08
2021-12-01,30.419041129304254,86.42154346026479,Stable,0,2021-12-01
2021-05-01,28.753331004951644,82.91427209380477,Stable,0,2021-05-01
2022-12-31,28.473535713207163,87.97289204205497,Stable,0,2022-12-31
2023-11-19,26.622941034131337,82.98897510371084,Stable,0,2023-11-19
2021-10-20,30.38664073160012,88.1942324909513,Stable,0,2021-10-20
2023-06-27,28.456156344412516,85.6595181375591,Stable,0,2023-06-27
2021-04-17,28.69116078518456,82.28125236346095,Stable,0,2021-04-17
2021-01-22,27.389082517414472,86.78881648131092,Stable,0,2021-01-22
2022-12-14,29.65081138286813,87.68430662127828,Stable,0,2022-12-14
2023-11-22,28.067830145889843,80.88833668527602,Stable,0,2023-11-22
2022-08-22,27.031572973643406,81.57876478600862,Stable,0,2022-08-22
2021-03-20,28.631625422421852,80.4846511562541,Stable,0,2021-03-20
2023-01-11,26.40559667969016,81.041710738311,Stable,0,2023-01-11
2022-02-24,30.366109197198668,81.93199958025328,Stable,0,2022-02-24
2021-12-25,29.30057406570674,80.08745064310864,Stable,0,2021-12-25
2021-09-04,26.93042562809226,82.97527876288711,Stable,0,2021-09-04
2023-10-23,28.341240987211872,83.29657264999581,Stable,0,2023-10-23
2022-06-03,28.675048785888453,88.05015648146018,Stable,0,2022-06-03
2022-12-10,26.431700419362684,87.19940159806484,Stable,0,2022-12-10
2022-02-01,27.69435206943542,85.78294270863941,Stable,0,2022-02-01
2023-10-09,29.784588414990687,80.4488764010401,Stable,0,2023-10-09
2022-05-19,27.398434394582157,86.24418902260508,Stable,0,2022-05-19
2022-02-19,29.378601888531676,84.79751706733983,Stable,0,2022-02-19
2021-08-23,27.672259477424625,84.80332632413749,Stable,0,2021-08-23
2021-02-02,27.45789852954823,80.63827565942425,Stable,0,2021-02-02
2023-11-26,30.00962245957533,82.25763784160132,Stable,0,2023-11-26
2021-06-10,26.38718235351102,87.06428307791495,Stable,0,2021-06-10
2023-11-27,29.811602945685184,86.23631047438032,Stable,0,2023-11-27
2022-11-01,29.80810808964019,81.99249184957961,Stable,0,2022-11-01
2022-09-09,28.57254444008352,84.5717074904449,Stable,0,2022-09-09
2022-11-04,27.97403660608581,87.17442829277387,Stable,0,2022-11-04
2022-01-12,28.05550158095874,85.77653708679478,Stable,0,2022-01-12
2021-08-15,28.51011501905378,84.94107048014867,Stable,0,2021-08-15
2022-08-07,28.28671980768391,85.17981222787056,Stable,0,2022-08-07
2023-12-03,27.48647306151218,80.2458981316832,Stable,0,2023-12-03
2022-01-31,27.072423782664533,87.12144478260839,Stable,0,2022-01-31
2021-06-11,28.656320602870245,84.92987742893345,Stable,0,2021-06-11
2021-06-03,29.420823098925343,85.69844077190429,Stable,0,2021-06-03
2021-10-07,28.996662180859964,83.42784554059638,Stable,0,2021-10-07
2022-07-07,29.079448681007005,83.52212783772475,Stable,0,2022-07-07
2023-08-12,27.248703418496735,81.31357074552066,Stable,0,2023-08-12
2022-02-13,27.399903364438885,80.13440424697177,Stable,0,2022-02-13
2021-12-10,27.731654024076548,80.65920527986059,Stable,0,2021-12-10
2022-10-05,26.88601355479326,81.59386485095767,Stable,0,2022-10-05
2022-07-16,27.37369272809552,80.80341933218324,Stable,0,2022-07-16
2022-04-30,30.386862604806694,80.65637503727419,Stable,0,2022-04-30
2023-10-18,29.600551067719756,83.24980292851558,Stable,0,2023-10-18
2023-01-09,29.997014810155576,80.18185233265915,Stable,0,2023-01-09
2021-03-13,30.246033314534884,85.68113863718119,Stable,0,2021-03-13
2021-10-12,27.33298657038788,83.69509883385024,Stable,0,2021-10-12
2022-12-10,27.82661615053825,81.26324958774231,Stable,0,2022-12-10
2021-08-18,28.52474526775064,87.5509544479597,Stable,0,2021-08-18
2023-12-29,26.413696761657164,86.41317494736096,Stable,0,2023-12-29
2023-05-15,29.42784329825262,84.5625255181271,Stable,0,2023-05-15
2023-01-14,27.531604979224092,80.03532882211216,Stable,0,2023-01-14
2023-06-11,26.82645976484997,82.38486276310293,Stable,0,2023-06-11
2023-01-26,27.751393739919926,85.45562264499017,Stable,0,2023-01-26
2022-08-24,28.687470504792906,84.42234134389979,Stable,0,2022-08-24
2021-11-17,27.961096054989884,82.55343867093988,Stable,0,2021-11-17
2023-06-23,27.689373527747065,81.02779821094764,Stable,0,2023-06-23
2023-08-01,29.436962765454293,80.743468666414,Stable,0,2023-08-01
2023-05-20,29.84746554888109,80.95148753454478,Stable,0,2023-05-20
2021-07-10,27.83607610114005,80.13588996860915,Stable,0,2021-07-10
2023-01-18,28.575292539448537,83.00524398131449,Stable,0,2023-01-18
2021-10-23,29.219111115854197,87.77411023230755,Stable,0,2021-10-23
2022-09-12,29.70476310095556,88.27357480288106,Stable,0,2022-09-12
2022-07-24,28.34978108382176,86.57983491706888,Stable,0,2022-07-24
2021-05-05,26.682482020301737,81.97158457622584,Stable,0,2021-05-05
2023-02-12,28.860307979677167,85.62921021117873,Stable,0,2023-02-12
2023-05-22,26.391049298813098,86.6045028561006,Stable,0,2023-05-22
2023-01-05,30.416598679329397,87.37871188595155,Stable,0,2023-01-05
2021-07-31,27.414730393885776,83.1780424427617,Stable,0,2021-07-31
2022-05-16,28.599425244822115,83.37744159728047,Stable,0,2022-05-16
2022-12-12,28.37220294796836,82.95900121342099,Stable,0,2022-12-12
2022-01-11,27.794362358772315,86.00848791867585,Stable,0,2022-01-11
2022-05-10,30.47650905757747,83.85948399000496,Stable,0,2022-05-10
2023-03-29,26.75062453475184,81.73564373541069,Stable,0,2023-03-29
2021-03-13,27.821367673080527,87.1765471046858,Stable,0,2021-03-13
2023-07-08,27.50975118241545,84.02233630868264,Stable,0,2023-07-08
2023-03-08,28.779096059633467,86.68535853484376,Stable,0,2023-03-08
2023-06-05,27.055085891322303,84.16096937287313,Stable,0,2023-06-05
2022-01-05,27.549896925854828,87.50232592731209,Stable,0,2022-01-05
2023-02-20,28.097426356262467,84.11348065540284,Stable,0,2023-02-20
2023-01-19,26.7768524526226,85.29566533252903,Stable,0,2023-01-19
2022-08-24,29.675752058438327,80.60152871771024,Stable,0,2022-08-24
2023-01-09,28.53164713278588,82.83432258001268,Stable,0,2023-01-09
2021-03-05,29.08992097515112,82.12387074800422,Stable,0,2021-03-05
2023-02-21,28.68401386450067,87.12076450524597,Stable,0,2023-02-21
2023-07-21,29.51462333053047,87.87369360742618,Stable,0,2023-07-21
2021-06-09,29.308893451333244,87.84563087042923,Stable,0,2021-06-09
2021-09-18,29.09457475566468,84.7968816287705,Stable,0,2021-09-18
2021-06-28,30.45502690789524,86.81096929302404,Stable,0,2021-06-28
2023-08-15,28.09014353632531,83.57345036418656,Stable,0,2023-08-15
2021-03-20,30.195966651853,81.93612704569179,Stable,0,2021-03-20
2022-02-18,27.348292824477227,84.029336214799,Stable,0,2022-02-18
2023-10-19,26.77941840637445,82.10849160805084,Stable,0,2023-10-19
2022-10-03,28.034473748110255,80.11783214916207,Stable,0,2022-10-03
2023-03-19,27.127617483929075,83.72368569267809,Stable,0,2023-03-19
2021-07-04,29.359389611398665,84.80038352494813,Stable,0,2021-07-04
2022-07-03,28.851884056786183,84.06259398632658,Stable,0,2022-07-03
2023-07-03,27.30756557866425,83.16137889999325,Stable,0,2023-07-03
2023-05-03,29.047176570756857,84.70244424455984,Stable,0,2023-05-03
2021-06-22,27.221209944462103,87.65033614788685,Stable,0,2021-06-22
2022-09-24,30.01872147370598,87.23209690417487,Stable,0,2022-09-24
2023-08-14,29.1412898242996,86.50459277506614,Stable,0,2023-08-14
2021-01-29,28.81856215958771,85.13139178952022,Stable,0,2021-01-29
2023-09-30,30.08047844341197,88.12167603595366,Stable,0,2023-09-30
2021-10-12,27.12753063187227,81.45460698984654,Stable,0,2021-10-12
2023-06-22,28.31404072891258,83.96627200019641,Stable,0,2023-06-22
2022-11-21,28.758313131421904,82.57562224069252,Stable,0,2022-11-21
2021-09-28,29.553316977805515,80.12772091663281,Stable,0,2021-09-28
2021-01-21,28.47510214507175,81.13627966937673,Stable,0,2021-01-21
2021-06-28,29.214013660771407,82.75245070980172,Stable,0,2021-06-28
2023-12-08,29.430863786982492,82.92318384288134,Stable,0,2023-12-08
2023-07-14,28.83834354025756,86.8503067528018,Stable,0,2023-07-14
2023-03-08,27.24433844556406,80.25362531726445,Stable,0,2023-03-08
2022-05-13,26.749077857756767,85.76111922639075,Stable,0,2022-05-13
2023-10-03,27.025815448682284,81.56926264214331,Stable,0,2023-10-03
2023-06-23,29.91846473895179,81.61930906459678,Stable,0,2023-06-23
2021-10-26,30.18634267070526,80.96760140661655,Stable,0,2021-10-26
2022-08-11,26.797888881356457,87.03561145330181,Stable,0,2022-08-11
2022-12-24,30.259067199713897,81.85352956102535,Stable,0,2022-12-24
2022-05-02,27.620441476011113,83.96446704259999,Stable,0,2022-05-02
2021-05-11,27.339355320555423,83.83588931087883,Stable,0,2021-05-11
2022-07-01,29.088062772338795,81.10029124953783,Stable,0,2022-07-01
2023-12-15,29.623364748908177,81.36703711026438,Stable,0,2023-12-15
2021-12-06,27.07193911562398,82.21525029772205,Stable,0,2021-12-06
2022-11-09,30.3803656486011,80.44530813625276,Stable,0,2022-11-09
2021-07-27,30.19439380491833,85.58178285564222,Stable,0,2021-07-27
2023-03-19,26.473001290691975,84.69268213974036,Stable,0,2023-03-19
2023-11-24,27.47262576107283,88.19088906247143,Stable,0,2023-11-24
2021-07-21,30.129685388996293,86.17824095368194,Stable,0,2021-07-21
2023-05-04,27.67252901242044,86.44783213144058,Stable,0,2023-05-04
2023-09-09,29.852937356738213,80.27466125034118,Stable,0,2023-09-09
2021-10-17,29.821608705867646,85.12114406524861,Stable,0,2021-10-17
2023-07-26,27.69878287678912,83.11650742619824,Stable,0,2023-07-26
2022-02-26,26.759347304316616,82.25391799170953,Stable,0,2022-02-26
2023-06-16,30.27033832282639,85.9270674203808,Stable,0,2023-06-16
2023-01-18,26.582967411597117,83.52528881762844,Stable,0,2023-01-18
2021-04-01,28.742423171573986,83.90049853869068,Stable,0,2021-04-01
2021-11-05,27.10086966203208,86.0726369379967,Stable,0,2021-11-05
2021-11-13,30.270328644410963,86.06147378629268,Stable,0,2021-11-13
2021-10-29,28.045631390465093,80.036129526058,Stable,0,2021-10-29
2022-08-03,28.134679296032555,85.33139866673054,Stable,0,2022-08-03
2021-09-14,26.95178567673327,82.12682984649835,Stable,0,2021-09-14
2021-03-23,27.551163588934017,84.98370400541397,Stable,0,2021-03-23
2023-08-26,29.511778559948596,85.03851192534985,Stable,0,2023-08-26
2021-07-26,26.46963621577329,87.4072522950868,Stable,0,2021-07-26
2021-11-03,28.811138840757692,85.19771175978596,Stable,0,2021-11-03
2023-03-24,26.957324082377344,83.32854348667743,Stable,0,2023-03-24
2022-11-28,26.33263282157847,82.30392888520267,Stable,0,2022-11-28
2023-08-06,26.82775289902657,84.26776070886179,Stable,0,2023-08-06
2022-05-02,29.782040204468267,83.13835816787366,Stable,0,2022-05-02
2022-01-13,29.00617024934626,84.36244898204039,Stable,0,2022-01-13
2023-04-01,28.897781270577664,83.91815367845709,Stable,0,2023-04-01
2023-05-20,29.089920121754737,85.67136290428076,Stable,0,2023-05-20
2021-07-28,27.774863452514182,80.34385483408252,Stable,0,2021-07-28
2021-11-12,28.391313330362586,84.25711472839765,Stable,0,2021-11-12
2021-09-15,30.102212499820723,82.73761941993364,Stable,0,2021-09-15
2022-01-12,30.47806721913042,82.662045401952,Stable,0,2022-01-12
2021-12-06,26.955102132317624,85.0457142971183,Stable,0,2021-12-06
2021-03-08,26.905872867118216,83.44658711166372,Stable,0,2021-03-08
2022-11-17,26.76474430239869,81.11770578512841,Stable,0,2022-11-17
2023-07-08,29.11858549547362,83.29164064564802,Stable,0,2023-07-08
2022-03-10,26.922440812072814,80.00828221526977,Stable,0,2022-03-10
2023-05-05,26.573289154113738,86.5165070171298,Stable,0,2023-05-05
2021-06-20,26.43170851492936,85.61932843365504,Stable,0,2021-06-20
2022-08-20,29.8057657154024,80.14211162831786,Stable,0,2022-08-20
2023-07-14,26.741545985809704,83.1840365688434,Stable,0,2023-07-14
2021-07-15,30.42839839193764,81.05539746449959,Stable,0,2021-07-15
2023-03-06,26.757098294924656,81.44028047036502,Stable,0,2023-03-06
2021-07-04,26.380436972934685,85.01183682820385,Stable,0,2021-07-04
2022-08-22,26.97214775020438,84.60695678615538,Stable,0,2022-08-22
2023-12-20,28.810259612282504,87.43054228334096,Stable,0,2023-12-20
2021-01-22,26.390516528073068,83.99654985070119,Stable,0,2021-01-22
2022-05-14,30.36448254625882,87.51900491416545,Stable,0,2022-05-14
2022-08-30,29.63041204526796,83.57104975769941,Stable,0,2022-08-30
2023-04-21,28.92652065367128,82.15400249988383,Stable,0,2023-04-21
2021-11-17,27.216785290528833,85.18918300059545,Stable,0,2021-11-17
2023-12-06,30.286692895475294,83.48719079719034,Stable,0,2023-12-06
2023-03-28,28.6165387511045,83.42290963799068,Stable,0,2023-03-28
2021-04-14,29.608038075719115,83.22503701453589,Stable,0,2021-04-14
2023-08-29,29.7884759355261,85.37159894659041,Stable,0,2023-08-29
2021-04-27,27.34600840137888,85.21576407082337,Stable,0,2021-04-27
2023-05-02,29.05275098684323,87.2338432267649,Stable,0,2023-05-02
2021-01-02,27.263916858512736,80.99212605462081,Stable,0,2021-01-02
2022-03-21,30.275160362007668,80.8317218566802,Stable,0,2022-03-21
2021-06-06,26.56670205986854,87.65530823117047,Stable,0,2021-06-06
2022-10-19,30.25897756344035,81.06842370024206,Stable,0,2022-10-19
2022-02-06,26.579582197493956,83.50203762562114,Stable,0,2022-02-06
2021-10-14,26.697509263750774,86.35460732031339,Stable,0,2021-10-14
2023-02-26,28.357508862913267,83.77179491499042,Stable,0,2023-02-26
2021-10-22,26.661221557383353,83.39307852650701,Stable,0,2021-10-22
2022-09-02,27.776024466121427,86.10008350245339,Stable,0,2022-09-02
2023-03-08,26.379547826669267,86.61941012409015,Stable,0,2023-03-08
2021-06-06,28.85102052387566,87.38443043501876,Stable,0,2021-06-06
2023-04-11,28.476871848181652,87.93596367773227,Stable,0,2023-04-11
2022-01-26,27.931631095904155,86.07522680447258,Stable,0,2022-01-26
2023-01-02,28.803690254194773,81.48571744770894,Stable,0,2023-01-02
2022-09-18,26.73323691617785,81.12359841860214,Stable,0,2022-09-18
2021-09-14,27.41287335625968,86.10997207195769,Stable,0,2021-09-14
2021-04-22,26.7953808256296,81.96578979413636,Stable,0,2021-04-22
2022-11-18,27.76395935465314,80.01095263437395,Stable,0,2022-11-18
2022-02-20,26.385327221980347,84.52582220277006,Stable,0,2022-02-20
2022-01-24,26.351193621302745,82.54351664033389,Stable,0,2022-01-24
2023-05-29,30.077445371657443,81.05363403243936,Stable,0,2023-05-29
2022-03-05,30.26923042622191,81.31587875485916,Stable,0,2022-03-05
2021-04-17,26.491747971341827,85.70328638847793,Stable,0,2021-04-17
2021-01-05,26.432864259339677,84.17052100709667,Stable,0,2021-01-05
2022-05-12,27.200383828673413,81.56843682614144,Stable,0,2022-05-12
2023-11-29,27.789152919713413,87.49210226914516,Stable,0,2023-11-29
2023-11-16,27.041681270956545,88.00903743573205,Stable,0,2023-11-16
2023-06-17,26.746580081594047,84.74426587706111,Stable,0,2023-06-17
2023-11-29,29.321116738153755,80.6376567897378,Stable,0,2023-11-29
2023-06-13,28.75444477583109,81.21467568924925,Stable,0,2023-06-13
2022-08-19,27.125873172777332,88.18534413837115,Stable,0,2022-08-19
2022-06-16,30.39389427784184,82.91431438881013,Stable,0,2022-06-16
2022-10-23,29.362245528876052,85.91283054183955,Stable,0,2022-10-23
2021-06-14,30.045995054671828,80.37208897520013,Stable,0,2021-06-14
2023-01-10,27.496071243402792,81.72767534823602,Stable,0,2023-01-10
2021-12-15,28.2973090740134,86.55437438805484,Stable,0,2021-12-15
2022-01-31,27.837699286667753,85.59588806282798,Stable,0,2022-01-31
2021-03-06,28.322510684061236,84.48633269108393,Stable,0,2021-03-06
2021-05-13,27.852197911692446,87.78279211907159,Stable,0,2021-05-13
2021-12-01,29.001125906313003,87.33969749692118,Stable,0,2021-12-01
2023-02-18,28.923079110362217,81.53517053470351,Stable,0,2023-02-18
2023-12-16,28.2214927861343,82.7652999988154,Stable,0,2023-12-16
2021-07-29,28.499857022437695,85.18662009297083,Stable,0,2021-07-29
2023-12-04,29.33756710367941,80.69117670613217,Stable,0,2023-12-04
2022-10-20,28.61282234424627,81.17233551720275,Stable,0,2022-10-20
2022-07-26,26.55846142438928,86.08856990412477,Stable,0,2022-07-26
2023-06-27,29.544543833420164,83.204357542312,Stable,0,2023-06-27
2023-01-20,28.45711313334849,86.42271097888262,Stable,0,2023-01-20
2021-01-28,27.027534551989984,88.26634188012449,Stable,0,2021-01-28
2022-12-26,28.851510684087955,83.58296864471251,Stable,0,2022-12-26
2021-10-14,27.587715130277807,83.79936480433469,Stable,0,2021-10-14
2023-05-03,30.171292382843696,81.55179748469084,Stable,0,2023-05-03
2023-12-31,26.430564093237656,83.06134975923077,Stable,0,2023-12-31
2022-11-29,28.367514535778696,83.24278459250255,Stable,0,2022-11-29
2021-09-12,29.75516103620999,85.82471943185169,Stable,0,2021-09-12
2023-09-30,30.278566650750324,81.23865973587374,Stable,0,2023-09-30
2021-08-10,29.159721806066766,88.08708083586052,Stable,0,2021-08-10
2021-10-29,30.32034325248241,81.01772748754601,Stable,0,2021-10-29
2021-09-11,27.089708882780187,86.96118355411569,Stable,0,2021-09-11
2021-11-27,27.86251849561406,86.61432873767666,Stable,0,2021-11-27
2021-09-16,27.00594639508134,87.35563365810495,Stable,0,2021-09-16
2022-06-27,27.02166055252529,87.12741857817622,Stable,0,2022-06-27
2021-05-14,28.85853770334556,88.27359577618712,Stable,0,2021-05-14
2023-06-07,27.74050664377564,83.752112689683,Stable,0,2023-06-07
2023-02-17,27.975331350929693,80.57071022823968,Stable,0,2023-02-17
2023-08-14,27.482085459189424,81.02646793689038,Stable,0,2023-08-14
2023-06-04,27.420542875784086,81.20748625024791,Stable,0,2023-06-04
2023-04-07,28.590895895624715,82.18890194911971,Stable,0,2023-04-07
2021-05-27,28.21466475829946,80.13635287679125,Stable,0,2021-05-27
2022-07-18,27.389826536755866,81.65401910664926,Stable,0,2022-07-18
2022-03-23,29.23632245377281,87.3847756649918,Stable,0,2022-03-23
2023-02-11,28.74903539961607,81.47069911418923,Stable,0,2023-02-11
2023-07-29,30.15915734090018,84.0889212774388,Stable,0,2023-07-29
2022-05-02,30.17774389328942,85.65739984379037,Stable,0,2022-05-02
2022-03-10,29.367443661317868,85.66477135620283,Stable,0,2022-03-10
2023-03-27,29.881967400913467,84.15209875861215,Stable,0,2023-03-27
2022-06-18,28.54935075453156,88.08970659122616,Stable,0,2022-06-18
2021-03-17,29.359879180586542,87.28713703677406,Stable,0,2021-03-17
2022-04-01,29.52563705385302,83.7433906245711,Stable,0,2022-04-01
2023-05-14,27.04907508027981,80.87869794637227,Stable,0,2023-05-14
2022-12-11,30.365149498578084,87.30292698784194,Stable,0,2022-12-11
2023-02-10,29.014515126648135,80.81231754381179,Stable,0,2023-02-10
2023-04-27,28.249846345629894,84.01113832753019,Stable,0,2023-04-27
2021-03-01,28.9395679802544,81.96164513404115,Stable,0,2021-03-01
2021-11-25,27.076868021811745,82.53286171677622,Stable,0,2021-11-25
2023-01-24,28.87466643354661,85.3568306946306,Stable,0,2023-01-24
2021-06-27,28.2916778412662,86.06579481025125,Stable,0,2021-06-27
2022-12-31,26.90341894956293,81.81404500389698,Stable,0,2022-12-31
2023-08-31,28.767720537216743,80.8364009674341,Stable,0,2023-08-31
2021-06-24,29.951034310898393,85.14191578201259,Stable,0,2021-06-24
2022-08-28,27.03163134495793,82.41905522800505,Stable,0,2022-08-28
2021-03-05,27.80511146800222,86.443852163722,Stable,0,2021-03-05
2023-04-19,28.565123573664543,84.12304739648492,Stable,0,2023-04-19
2023-08-30,28.98990916258199,83.65683005114656,Stable,0,2023-08-30
2021-11-04,29.560050506088903,83.49700202834562,Stable,0,2021-11-04
2021-08-07,27.577495348786677,80.1847707590333,Stable,0,2021-08-07
2022-08-01,28.932206551574733,82.93217674687561,Stable,0,2022-08-01
2021-05-23,26.61607237308399,87.31424330819968,Stable,0,2021-05-23
2023-04-22,27.884080211655405,84.00211091619842,Stable,0,2023-04-22
2023-05-26,29.940549235438247,83.80347141693578,Stable,0,2023-05-26
2023-12-03,28.168018956056567,84.42062042013873,Stable,0,2023-12-03
2022-08-14,30.42274538407708,83.36080276369366,Stable,0,2022-08-14
2021-10-06,30.060643494697207,86.5401309615906,Stable,0,2021-10-06
2022-01-28,28.484763687724232,80.26635780133776,Stable,0,2022-01-28
2021-06-28,28.42699501982088,87.52498487040155,Stable,0,2021-06-28
2023-11-11,29.60134352898178,87.14108061841857,Stable,0,2023-11-11
2022-06-07,30.478416266542155,81.38367746239899,Stable,0,2022-06-07
2023-01-15,29.132369609987368,80.26910117804304,Stable,0,2023-01-15
2022-08-19,27.605998668671937,87.77693821049901,Stable,0,2022-08-19
2022-04-04,28.96335356009762,83.3034057011599,Stable,0,2022-04-04
2022-07-07,27.000545950740666,87.45010693450237,Stable,0,2022-07-07
2022-03-19,26.693782547444144,82.13824599695081,Stable,0,2022-03-19
2022-02-03,26.728218490812033,83.50662028625429,Stable,0,2022-02-03
2023-08-14,29.59544224541445,82.59370986621789,Stable,0,2023-08-14
2022-06-27,26.35901135692788,82.460299537577,Stable,0,2022-06-27
2022-05-18,30.070160316059074,86.25340365770795,Stable,0,2022-05-18
2021-06-12,28.13761253319275,85.23415361632144,Stable,0,2021-06-12
2022-11-02,30.0712129527424,87.75458334669406,Stable,0,2022-11-02
2022-08-26,28.66212985699502,86.50900030262193,Stable,0,2022-08-26
2022-12-24,27.647173809031163,80.5589959432269,Stable,0,2022-12-24
2022-10-23,29.24898317216198,83.58520338322963,Stable,0,2022-10-23
2023-03-07,27.17932923374934,84.3306654200668,Stable,0,2023-03-07
2023-08-04,27.433145990846064,81.62067030722484,Stable,0,2023-08-04
2023-05-13,29.27964450116948,81.51096283884632,Stable,0,2023-05-13
2023-03-12,28.182316413428374,82.83572612486357,Stable,0,2023-03-12
2021-02-23,29.860513726139157,84.14317174379487,Stable,0,2021-02-23
2023-08-26,29.969063266826193,85.19967447018058,Stable,0,2023-08-26
2023-01-08,29.307451869257093,83.81168317922504,Stable,0,2023-01-08
2022-02-14,28.032689973389655,88.14327822463271,Stable,0,2022-02-14
2021-12-26,26.682361857455007,81.89845840640568,Stable,0,2021-12-26
2021-12-17,29.447954799030068,87.76786394433257,Stable,0,2021-12-17
2021-06-04,28.909634054971345,83.16063773302027,Stable,0,2021-06-04
2021-11-11,30.241247632232728,82.91418345106732,Stable,0,2021-11-11
2022-12-27,28.60108296316663,80.16346642800993,Stable,0,2022-12-27
2023-09-14,26.357783206050744,85.2932933265944,Stable,0,2023-09-14
2021-04-10,30.10983996122502,84.90323393376057,Stable,0,2021-04-10
2021-12-21,27.528239741636316,80.37775674548914,Stable,0,2021-12-21
2023-05-02,27.96541812580675,88.06313215873732,Stable,0,2023-05-02
2023-05-22,28.57796283304476,82.13419048463027,Stable,0,2023-05-22
2021-08-23,28.395222720339547,87.10756318480955,Stable,0,2021-08-23
2021-03-31,29.126913542864596,84.85935178754838,Stable,0,2021-03-31
2021-10-05,29.990449602009868,83.89947782667659,Stable,0,2021-10-05
2022-02-08,27.84796592204736,86.05480248941745,Stable,0,2022-02-08
2022-03-31,30.49480636595807,87.15037194297324,Stable,0,2022-03-31
2022-11-14,27.97287757409264,85.68808879207671,Stable,0,2022-11-14
2023-08-19,29.523788501138707,88.11242537883045,Stable,0,2023-08-19
2023-01-31,29.863005494473803,84.83930254573292,Stable,0,2023-01-31
2022-07-16,26.410492931722363,80.80286337769738,Stable,0,2022-07-16
2023-10-09,26.987427447076076,86.41625802453098,Stable,0,2023-10-09
2022-02-27,29.8776562785449,86.21782723592015,Stable,0,2022-02-27
2022-08-24,29.73412865102917,84.66547310552507,Stable,0,2022-08-24
2022-07-20,28.35827073365181,84.99761575514104,Stable,0,2022-07-20
2022-07-21,29.644917952876987,83.6356346247698,Stable,0,2022-07-21
2023-10-14,30.219049511957113,84.37382162628188,Stable,0,2023-10-14
2022-10-09,28.803250299459975,84.41788320001538,Stable,0,2022-10-09
2021-03-26,27.607088112350183,86.95259844886246,Stable,0,2021-03-26
2023-04-10,27.701491617290575,88.1555233037221,Stable,0,2023-04-10
2022-09-11,29.7111180692412,86.1085698640103,Stable,0,2022-09-11
2023-07-07,29.745543736980988,87.20287105759907,Stable,0,2023-07-07
2022-12-22,27.323698495342317,80.78660761641198,Stable,0,2022-12-22
2021-04-22,30.066567663518654,83.50086619558822,Stable,0,2021-04-22
2023-08-21,29.05213708444418,81.8058188519476,Stable,0,2023-08-21
2022-11-20,30.220721219763277,84.17404996311265,Stable,0,2022-11-20
2023-11-12,26.65362909815784,84.40201531960855,Stable,0,2023-11-12
2022-06-09,27.463032246847305,84.79935858302736,Stable,0,2022-06-09
2021-05-27,30.32840359792686,85.50442647696381,Stable,0,2021-05-27
2023-10-13,28.15721838342595,85.30588000961545,Stable,0,2023-10-13
2023-01-08,28.5402793088087,84.16520271825019,Stable,0,2023-01-08
2023-07-26,29.64382880973958,87.55813269903307,Stable,0,2023-07-26
2021-04-08,29.750340955951643,83.78609120481208,Stable,0,2021-04-08
2021-10-12,30.122674832545034,84.77084996993484,Stable,0,2021-10-12
2022-04-23,26.813548370081712,85.5119331709864,Stable,0,2022-04-23
2021-02-13,27.123317539345702,84.10357744509419,Stable,0,2021-02-13
2022-09-02,30.145791125278137,83.09362905027814,Stable,0,2022-09-02
2021-10-26,26.559489763928795,87.37987665214985,Stable,0,2021-10-26
2021-02-28,30.33024270751963,81.3526947434437,Stable,0,2021-02-28
2022-05-31,26.418560996274547,85.27130310873952,Stable,0,2022-05-31
2022-06-12,27.458981340589524,86.4101723686313,Stable,0,2022-06-12
2022-12-30,28.287128282387908,80.56971522706591,Stable,0,2022-12-30
2021-12-03,30.112463968190752,86.43743988496803,Stable,0,2021-12-03
2021-02-06,29.473837510803552,82.57286397603428,Stable,0,2021-02-06
2022-07-10,28.003016099498225,85.41964079703604,Stable,0,2022-07-10
2022-01-31,26.566456365948728,86.7652017889808,Stable,0,2022-01-31
2022-09-07,29.909560403235243,80.06471606515836,Stable,0,2022-09-07
2021-03-01,29.532168960611635,82.33992661502697,Stable,0,2021-03-01
2023-11-23,27.296824224156833,86.42224736866243,Stable,0,2023-11-23
2021-09-28,26.38498880778908,83.20996268377169,Stable,0,2021-09-28
2023-08-23,29.991887113519553,81.71652538835644,Stable,0,2023-08-23
2022-08-15,28.826214458549742,84.47488758205387,Stable,0,2022-08-15
2022-01-09,29.327422657950635,81.0130087744053,Stable,0,2022-01-09
2023-05-14,27.77246287199892,85.39783416453633,Stable,0,2023-05-14
2023-10-11,28.60460695362566,80.6720512131277,Stable,0,2023-10-11
2023-01-04,30.466132605600272,85.4600401473232,Stable,0,2023-01-04
2022-11-05,26.653858553566536,84.2019517139589,Stable,0,2022-11-05
2021-10-13,29.168497249712424,87.68502633168794,Stable,0,2021-10-13
2022-11-26,27.861055212584525,84.36057748644158,Stable,0,2022-11-26
2021-11-29,29.94125386806345,85.02968733102915,Stable,0,2021-11-29
2021-02-13,27.12965303032242,80.14870770179027,Stable,0,2021-02-13
2021-03-07,28.450863018216108,87.4634565029935,Stable,0,2021-03-07
2022-06-25,28.128620796588688,85.24031128054185,Stable,0,2022-06-25
2022-02-01,28.050780359302617,85.28078687162717,Stable,0,2022-02-01
2022-10-15,26.566750912466382,87.69998532588959,Stable,0,2022-10-15
2021-05-23,28.517935809969103,85.12709140779923,Stable,0,2021-05-23
2022-01-29,28.15996771927794,80.57201550557164,Stable,0,2022-01-29
2021-08-27,29.769781359416413,80.86190868648781,Stable,0,2021-08-27
2021-09-03,29.686931314797803,80.84037997477859,Stable,0,2021-09-03
2023-04-25,27.43432719832302,84.24642763223349,Stable,0,2023-04-25
2023-07-22,28.16646563320433,85.31959465126909,Stable,0,2023-07-22
2021-10-25,28.198989584085496,87.6063456136469,Stable,0,2021-10-25
2022-09-05,28.05668058031997,86.6488659570532,Stable,0,2022-09-05
2023-08-10,29.797860733398355,82.26990307231253,Stable,0,2023-08-10
2023-10-06,28.428438533451637,87.83915114583743,Stable,0,2023-10-06
2022-12-13,28.320055461789735,80.24694403160991,Stable,0,2022-12-13
2021-11-07,26.877425730465816,83.03926841868702,Stable,0,2021-11-07
2022-08-07,28.992542832729058,87.90030568194723,Stable,0,2022-08-07
2022-06-18,30.481184036447573,87.26378835386527,Stable,0,2022-06-18
2022-11-27,26.491569136009566,81.9410319455704,Stable,0,2022-11-27
2021-04-04,28.17295092831555,84.5281775814318,Stable,0,2021-04-04
2022-08-10,27.609489137434,80.08115820630846,Stable,0,2022-08-10
2023-04-05,30.00260926587004,84.32095077391662,Stable,0,2023-04-05
2023-01-29,30.01904842824403,82.18667210506446,Stable,0,2023-01-29
2021-10-20,28.117976055362544,81.63373453728404,Stable,0,2021-10-20
2021-07-04,29.79754580830567,82.61504341683046,Stable,0,2021-07-04
2022-03-21,29.677301844713487,87.68817059534567,Stable,0,2022-03-21
2022-12-27,27.77154071833709,87.13009311187204,Stable,0,2022-12-27
2022-05-16,28.116362784921964,87.78877795987489,Stable,0,2022-05-16
2021-07-12,27.178680375109643,87.90750538618924,Stable,0,2021-07-12
2021-10-15,29.92736624469481,84.14041289998647,Stable,0,2021-10-15
2023-12-16,29.85846605369138,87.22704869372909,Stable,0,2023-12-16
2022-01-01,29.038767102751592,80.19389085994806,Stable,0,2022-01-01
2021-07-21,30.404613224934018,86.13390170569095,Stable,0,2021-07-21
2021-04-15,26.67369005861106,84.84967252425729,Stable,0,2021-04-15
2022-03-04,27.986714108704607,85.88248060109683,Stable,0,2022-03-04
2023-10-26,27.77109343024919,82.7079808203366,Stable,0,2023-10-26
2023-02-19,26.842290636301584,84.88299737256666,Stable,0,2023-02-19
2023-04-24,27.673014257768397,83.12992327796152,Stable,0,2023-04-24
2021-03-06,29.39228811483419,84.21608989035194,Stable,0,2021-03-06
2022-12-18,29.77384947324476,82.65099869491503,Stable,0,2022-12-18
2021-10-30,26.638634325943283,85.88476962760627,Stable,0,2021-10-30
2022-07-24,28.03424552201551,80.9317905485125,Stable,0,2022-07-24
2021-02-12,28.43762129016003,84.3971369827897,Stable,0,2021-02-12
2021-01-16,27.65767786404345,81.84834648675422,Stable,0,2021-01-16
2022-01-28,28.035865166619747,87.84212710045473,Stable,0,2022-01-28
2023-06-27,29.93925587952615,83.78972263057123,Stable,0,2023-06-27
2021-06-21,28.223441376394145,83.29800607900961,Stable,0,2021-06-21
2021-09-29,30.29618333453668,85.34864166045338,Stable,0,2021-09-29
2023-03-04,29.47351535705272,81.6688278541811,Stable,0,2023-03-04
2022-10-04,27.697065658777625,86.01497658827915,Stable,0,2022-10-04
2023-12-14,29.88158072097144,82.37141231882357,Stable,0,2023-12-14
2022-10-05,28.932540965345268,87.92005337177491,Stable,0,2022-10-05
2023-12-01,26.48687093252488,83.41231514207767,Stable,0,2023-12-01
2023-02-11,30.15363229040635,84.24318627759902,Stable,0,2023-02-11
2023-03-30,28.55853733522202,81.67840040272888,Stable,0,2023-03-30
2022-04-26,29.740256952616853,88.12253820981809,Stable,0,2022-04-26
2022-06-19,26.617708430487568,87.8007467849159,Stable,0,2022-06-19
2023-07-03,30.48528357404396,81.98472510210208,Stable,0,2023-07-03
2022-02-14,29.99078957840553,84.33379767790835,Stable,0,2022-02-14
2023-01-31,29.93438870866773,84.14155084291122,Stable,0,2023-01-31
2023-05-22,27.21628063948412,83.55253697925181,Stable,0,2023-05-22
2022-06-08,29.74122845080135,83.57079120711971,Stable,0,2022-06-08
2022-03-23,30.45467591630161,83.11316750047096,Stable,0,2022-03-23
2022-11-05,27.35933141161503,80.75971243908891,Stable,0,2022-11-05
2022-08-04,30.45638409833679,82.45476942274209,Stable,0,2022-08-04
2023-10-04,29.59854109759491,81.0158438551373,Stable,0,2023-10-04
2021-05-21,30.12332324659469,85.0111865683451,Stable,0,2021-05-21
2023-02-26,28.638858546845228,80.6202486471319,Stable,0,2023-02-26
2021-09-06,28.17168415146663,86.61497758060962,Stable,0,2021-09-06
2023-09-09,28.58838866877111,84.48356023517964,Stable,0,2023-09-09
2022-07-30,28.847508822516463,83.80504575260049,Stable,0,2022-07-30
2023-06-16,29.520901329789883,84.50029325554608,Stable,0,2023-06-16
2022-09-08,30.4973485190867,85.26805482864773,Stable,0,2022-09-08
2022-09-13,26.479351006582785,82.45777461346663,Stable,0,2022-09-13
2022-09-29,26.89643218902164,85.90509339755047,Stable,0,2022-09-29
2021-05-02,28.022120100116183,81.3161375131551,Stable,0,2021-05-02
2021-01-12,28.698883910883296,83.04815303084756,Stable,0,2021-01-12
2023-05-18,28.55609779924448,85.93515763176129,Stable,0,2023-05-18
2022-09-13,29.656419927171324,82.68387251767737,Stable,0,2022-09-13
2023-12-06,26.65202019827606,87.07850208653764,Stable,0,2023-12-06
2022-10-21,29.065829096738415,84.3676132376108,Stable,0,2022-10-21
2022-06-07,26.94505735728042,84.59232176845691,Stable,0,2022-06-07
2021-06-14,30.47020334809262,88.25503233687758,Stable,0,2021-06-14
2022-06-12,27.408279049367295,83.39439447108347,Stable,0,2022-06-12
2023-09-17,26.90527702038496,87.28573097552398,Stable,0,2023-09-17
2023-02-23,30.175286866675975,85.85843295993759,Stable,0,2023-02-23
2023-05-11,28.73425242474342,87.48278426472154,Stable,0,2023-05-11
2022-01-01,29.834692355704824,84.92335940560503,Stable,0,2022-01-01
2021-11-05,28.253382586268216,87.31947839843801,Stable,0,2021-11-05
2023-11-25,27.051440604920284,87.44532421697726,Stable,0,2023-11-25
2021-02-21,26.424307953290356,86.47274885559952,Stable,0,2021-02-21
2021-04-01,28.05053724726147,81.32067765902558,Stable,0,2021-04-01
2023-05-16,28.450413432769803,80.09658941982562,Stable,0,2023-05-16
2022-06-09,29.68490089515634,80.91803795014349,Stable,0,2022-06-09
2023-03-03,26.685562324951658,85.08124724739251,Stable,0,2023-03-03
2022-12-31,28.90101753139269,81.47255414263694,Stable,0,2022-12-31
2023-01-21,26.550421970915217,86.2169223481855,Stable,0,2023-01-21
2022-06-15,29.541551012163072,81.39447093898738,Stable,0,2022-06-15
2022-01-14,29.794067921600465,80.18620488337594,Stable,0,2022-01-14
2023-01-05,29.524574174625965,87.91142191126092,Stable,0,2023-01-05
2021-09-17,26.94875857341206,85.94134775896666,Stable,0,2021-09-17
2023-10-21,27.094390194832467,87.32270414839466,Stable,0,2023-10-21
2023-03-23,26.92041047414605,82.74993631976018,Stable,0,2023-03-23
2022-09-10,27.746480525447183,82.22194274466322,Stable,0,2022-09-10
2023-11-15,30.130563111421036,83.88692859637233,Stable,0,2023-11-15
2021-07-20,28.44253679093194,80.61354861178546,Stable,0,2021-07-20
2023-01-15,26.800316086260334,84.78828858350766,Stable,0,2023-01-15
2021-04-18,26.98483702711562,85.16720363671885,Stable,0,2021-04-18
2023-08-11,30.154709514154053,84.08273862605392,Stable,0,2023-08-11
2022-05-26,27.334472708614115,82.25055446125532,Stable,0,2022-05-26
2023-10-04,30.409186264839313,85.06322460375578,Stable,0,2023-10-04
2021-07-06,26.949824609665317,84.29582792366374,Stable,0,2021-07-06
2022-09-05,26.39900833854913,85.1796879356222,Stable,0,2022-09-05
2021-04-13,26.665407025661004,82.38908659569,Stable,0,2021-04-13
2021-10-05,28.30515927795159,87.15291862060064,Stable,0,2021-10-05
2022-05-24,26.6441680955098,85.68358231294387,Stable,0,2022-05-24
2023-02-19,26.778123514206225,81.60166944181182,Stable,0,2023-02-19
2023-03-19,27.67611049508416,88.27565728935548,Stable,0,2023-03-19
2022-06-29,28.37886072620604,85.49908623789756,Stable,0,2022-06-29
2022-09-10,29.392624120963166,86.63163278060755,Stable,0,2022-09-10
2022-08-14,28.495524440379313,82.85397940136254,Stable,0,2022-08-14
2021-04-15,26.78959271328435,80.61584761607742,Stable,0,2021-04-15
2021-02-25,26.956707794845475,82.75382057330691,Stable,0,2021-02-25
2022-03-25,29.93188776385497,80.61576822378836,Stable,0,2022-03-25
2023-05-11,26.721242404476133,86.41397115465298,Stable,0,2023-05-11
2022-06-21,29.515958905736355,80.96306205260069,Stable,0,2022-06-21
2023-01-01,29.630769804990024,86.42619962333607,Stable,0,2023-01-01
2023-11-03,28.902944368028777,80.22621565623815,Stable,0,2023-11-03
2021-06-11,30.130148039075852,86.64952579486345,Stable,0,2021-06-11
2021-01-05,27.80335839102587,83.34351199052169,Stable,0,2021-01-05
2023-10-24,26.57605981274888,80.96615708933909,Stable,0,2023-10-24
2023-02-18,27.948107948799343,85.39951806580417,Stable,0,2023-02-18
2023-02-12,27.96622063766571,83.30674391285729,Stable,0,2023-02-12
2021-04-23,30.474928177982314,82.99490985632569,Stable,0,2021-04-23
2023-11-02,26.682788255292444,87.68888590939083,Stable,0,2023-11-02
2021-06-17,26.37188194726519,85.09997734840923,Stable,0,2021-06-17
2021-09-07,30.18645076210971,81.66068602085366,Stable,0,2021-09-07
2021-09-04,28.383447523060006,85.14730071035713,Stable,0,2021-09-04
2023-12-05,30.085174420174862,85.445452461068,Stable,0,2023-12-05
2023-05-29,26.59215129217736,83.49841530835027,Stable,0,2023-05-29
2022-07-06,28.750315980317215,82.55433267000271,Stable,0,2022-07-06
2022-12-08,27.544340607953753,86.3865007770465,Stable,0,2022-12-08
2022-04-07,27.87819548399366,82.71025656117544,Stable,0,2022-04-07
2022-06-22,27.089032717679604,86.97152156710597,Stable,0,2022-06-22
2023-09-24,30.100130311570425,81.58725771266143,Stable,0,2023-09-24
2023-11-15,27.39927894589554,87.95766433909408,Stable,0,2023-11-15
2023-06-23,27.383802271346408,87.50073177871415,Stable,0,2023-06-23
2021-04-20,30.27260054073807,81.37930989908688,Stable,0,2021-04-20
2021-06-23,30.4379514246978,82.58727420979305,Stable,0,2021-06-23
2021-01-03,29.164846778361888,81.17871883044216,Stable,0,2021-01-03
2021-01-07,28.700407182765954,87.89880693866222,Stable,0,2021-01-07
2023-02-17,28.89261247803674,80.10336960128807,Stable,0,2023-02-17
2021-12-11,27.062059419011025,83.98736899557827,Stable,0,2021-12-11
2021-04-19,29.550895667975325,86.96262110333907,Stable,0,2021-04-19
2023-05-15,29.578661573516428,83.84174785115577,Stable,0,2023-05-15
2021-04-21,29.71572056877393,87.82578481584585,Stable,0,2021-04-21
2022-11-02,28.63098247999395,87.84957287978136,Stable,0,2022-11-02
2023-06-28,28.846763022851786,82.59018011416768,Stable,0,2023-06-28
2023-07-21,29.454561584427463,83.46853180591184,Stable,0,2023-07-21
2021-06-22,28.726319601800576,81.38057086219871,Stable,0,2021-06-22
2021-11-30,27.2588947945788,87.22031345391225,Stable,0,2021-11-30
2021-09-17,29.976279062201936,84.44718644980503,Stable,0,2021-09-17
2023-10-19,29.254063691695993,84.06056591410733,Stable,0,2023-10-19
2021-05-23,27.74327095366046,87.97863667848023,Stable,0,2021-05-23
2022-10-23,30.04339182925825,84.65026546164238,Stable,0,2022-10-23
2022-11-12,26.82421781030327,87.33847404434408,Stable,0,2022-11-12
2023-08-30,28.254735974224868,86.31195248061586,Stable,0,2023-08-30
2023-05-09,29.73376422748927,86.73411974126579,Stable,0,2023-05-09
2021-04-25,27.76760568322261,81.3221213508745,Stable,0,2021-04-25
2023-11-02,26.848883687753816,83.55791129184837,Stable,0,2023-11-02
2023-05-21,28.03010499920495,86.1324570161181,Stable,0,2023-05-21
2021-04-29,27.87824347823602,85.94068120433016,Stable,0,2021-04-29
2023-07-25,27.070496348283047,80.26808823164374,Stable,0,2023-07-25
2023-12-18,28.696905493497468,88.1737888443522,Stable,0,2023-12-18
2023-03-24,30.31681904472427,81.16766828089993,Stable,0,2023-03-24
2022-01-06,26.573741317478156,82.33518430595541,Stable,0,2022-01-06
2022-03-12,26.641765105242005,85.55043169924885,Stable,0,2022-03-12
2021-07-25,29.91877035000159,85.58088617551519,Stable,0,2021-07-25
2023-04-03,27.547281268776537,85.10304017904507,Stable,0,2023-04-03
2021-01-10,29.699830248801963,81.94827496321253,Stable,0,2021-01-10
2023-08-25,26.865020327595655,85.90442649989205,Stable,0,2023-08-25
2022-07-16,27.168202824541332,86.01856323295353,Stable,0,2022-07-16
2022-07-17,29.07143685491968,87.62102009430347,Stable,0,2022-07-17
2022-10-14,29.76016466063153,83.87966699349414,Stable,0,2022-10-14
2021-07-18,28.018141182956292,83.0352264076542,Stable,0,2021-07-18
2023-06-18,27.525527000217988,85.59368512129319,Stable,0,2023-06-18
2022-08-12,27.414539868615694,84.31394843392852,Stable,0,2022-08-12
2023-04-14,29.34682786310502,86.56218365816977,Stable,0,2023-04-14
2022-07-11,30.284388375998937,87.8763645604612,Stable,0,2022-07-11
2022-02-17,28.178149892842313,82.96963546478814,Stable,0,2022-02-17
2021-12-27,26.68563560894899,85.00636203277585,Stable,0,2021-12-27
2022-07-25,28.480181370674305,80.19253816033971,Stable,0,2022-07-25
2023-06-14,26.772299239127523,84.32776221864009,Stable,0,2023-06-14
2021-11-25,29.598802971448904,88.21663702390059,Stable,0,2021-11-25
2023-06-06,29.966309281082864,88.19454985665993,Stable,0,2023-06-06
2023-01-24,29.042113848009553,83.72224597746542,Stable,0,2023-01-24
2021-12-16,30.473799896844845,82.16739108888828,Stable,0,2021-12-16
2023-01-02,28.43630848259332,87.68212626986642,Stable,0,2023-01-02
2023-09-02,26.85082907530405,83.65578768561367,Stable,0,2023-09-02
2021-05-31,27.742285704254225,86.49490021413726,Stable,0,2021-05-31
2023-11-17,29.055667017152334,87.49170690636288,Stable,0,2023-11-17
2021-05-09,28.763345578962063,83.39557526802176,Stable,0,2021-05-09
2022-03-20,27.215134035698632,87.23722146890512,Stable,0,2022-03-20
2023-04-04,28.92262536454388,84.50123244735897,Stable,0,2023-04-04
2023-03-08,30.394590931948308,85.59845295999892,Stable,0,2023-03-08
2023-03-04,29.643344633225407,80.89460278125947,Stable,0,2023-03-04
2021-04-19,28.099381826429767,82.51524423513862,Stable,0,2021-04-19
2022-08-18,28.099295736947383,86.2469701482287,Stable,0,2022-08-18
2023-09-22,26.53395762536232,80.53980995520118,Stable,0,2023-09-22
2022-07-06,30.466412605575854,81.00137663178076,Stable,0,2022-07-06
2023-04-04,29.147303748853012,88.04241091674182,Stable,0,2023-04-04
2023-06-03,28.8724776070349,88.26189151834463,Stable,0,2023-06-03
2021-01-17,27.115193101004703,87.66263024239913,Stable,0,2021-01-17
2023-04-13,27.58001907955667,81.14514520305876,Stable,0,2023-04-13
2022-09-20,29.679705632069844,80.13258663295883,Stable,0,2022-09-20
2022-03-08,30.39818558903089,83.64720869008659,Stable,0,2022-03-08
2022-03-15,28.161331786523885,87.61219839573717,Stable,0,2022-03-15
2022-02-16,27.51697658226748,80.73908532345956,Stable,0,2022-02-16
2022-05-30,27.26805243365767,84.06816143836669,Stable,0,2022-05-30
2022-08-09,27.022856252064944,80.2057008912221,Stable,0,2022-08-09
2023-03-07,29.78224291389741,80.41020720897455,Stable,0,2023-03-07
2022-07-22,29.441599499914236,81.89813677445524,Stable,0,2022-07-22
2021-02-15,26.356052801931774,87.46983738463089,Stable,0,2021-02-15
2022-07-02,29.54915748958828,87.6992873359594,Stable,0,2022-07-02
2023-06-16,30.14419676470447,83.6573556981755,Stable,0,2023-06-16
2023-10-07,28.574471075048695,85.72413756525673,Stable,0,2023-10-07
2022-10-16,29.765012040939983,84.88764920784418,Stable,0,2022-10-16
2022-06-13,28.776076378036468,85.07615292896432,Stable,0,2022-06-13
2023-07-12,29.352710421520516,80.15807802949473,Stable,0,2023-07-12
2021-10-30,26.587281562753237,80.17554496513458,Stable,0,2021-10-30
2023-02-15,29.462780629209284,81.00524870256127,Stable,0,2023-02-15
2022-09-23,28.309170552873013,85.7374950061145,Stable,0,2022-09-23
2021-06-12,30.058226240028027,87.01251072626123,Stable,0,2021-06-12
2021-04-14,26.64434701111459,83.44328476209931,Stable,0,2021-04-14
2022-10-02,27.324422877789313,86.1876539122311,Stable,0,2022-10-02
2023-07-31,30.016077943250497,82.11301832241843,Stable,0,2023-07-31
2023-10-06,26.9253591935177,87.87441112844554,Stable,0,2023-10-06
2021-06-09,26.411309890428058,86.21853652088024,Stable,0,2021-06-09
2022-05-28,29.775764367779015,81.68948610902399,Stable,0,2022-05-28
2022-02-16,26.7122289527775,87.79172221534888,Stable,0,2022-02-16
2021-11-02,26.37033721680068,85.63590699035875,Stable,0,2021-11-02
2021-09-22,29.845082928566192,81.78159260006034,Stable,0,2021-09-22
2022-02-27,29.976693826801032,81.71527104762981,Stable,0,2022-02-27
2021-12-18,27.97406572341349,87.0021559107597,Stable,0,2021-12-18
2021-08-16,30.31130406598517,86.94232622173354,Stable,0,2021-08-16
2021-11-17,27.10832319440729,80.41284942054399,Stable,0,2021-11-17
2022-01-05,29.28366252185619,85.92940325548824,Stable,0,2022-01-05
2021-04-18,29.05916217318979,87.3589582603329,Stable,0,2021-04-18
2023-07-21,27.1767721639616,80.99049292057924,Stable,0,2023-07-21
2023-08-22,27.507111010090732,85.32962656637277,Stable,0,2023-08-22
2021-04-05,28.456601772286,84.09066352779449,Stable,0,2021-04-05
2023-07-06,28.867560079915663,80.90360662536297,Stable,0,2023-07-06
2021-12-04,29.43156492038719,86.38096003440646,Stable,0,2021-12-04
2022-09-15,27.609595642192534,84.14026066304719,Stable,0,2022-09-15
2022-03-31,28.438392975194244,82.99696104558676,Stable,0,2022-03-31
2023-02-04,27.18718570402928,81.85927113545843,Stable,0,2023-02-04
2021-08-26,27.41314902787073,86.27691407993277,Stable,0,2021-08-26
2023-09-24,28.58046510974948,82.64803675117409,Stable,0,2023-09-24
2021-04-03,30.487077012601276,84.99324013873358,Stable,0,2021-04-03
2022-05-14,26.651163914866626,80.08347527975218,Stable,0,2022-05-14
2021-04-05,28.90553096181446,84.21072045699054,Stable,0,2021-04-05
2023-01-13,26.5150122428628,82.52783625898837,Stable,0,2023-01-13
2021-09-08,29.26181282344419,87.34393784400105,Stable,0,2021-09-08
2023-09-18,29.189067077635197,83.1231176069113,Stable,0,2023-09-18
2022-02-07,29.063306418437733,82.03125976064015,Stable,0,2022-02-07
2023-02-07,27.35545979945888,83.80258146562777,Stable,0,2023-02-07
2022-07-13,26.697765430021505,82.17741374406756,Stable,0,2022-07-13
2023-03-01,27.40875356146081,87.35918470073817,Stable,0,2023-03-01
2022-12-24,28.986455213711945,82.69793474836499,Stable,0,2022-12-24
2023-04-13,29.44347622670563,87.78420870805262,Stable,0,2023-04-13
2022-10-20,28.88221020881339,85.451425009424,Stable,0,2022-10-20
2023-05-12,29.376150096864155,82.56120208319443,Stable,0,2023-05-12
2021-01-15,28.75686065037634,82.04104221573638,Stable,0,2021-01-15
2022-09-14,28.332744529683215,84.56004715833788,Stable,0,2022-09-14
2022-08-11,28.027931693369393,86.69317156788112,Stable,0,2022-08-11
2021-05-07,28.404282018172495,84.81774641904181,Stable,0,2021-05-07
2022-12-24,27.41194643873264,82.57794793671012,Stable,0,2022-12-24
2021-11-07,29.90295823152938,87.7454917693797,Stable,0,2021-11-07
2022-05-19,27.31643286894751,80.45103723154492,Stable,0,2022-05-19
2021-10-13,29.690981725721564,81.37426353727051,Stable,0,2021-10-13
2022-09-14,30.3677514704405,82.1551256313599,Stable,0,2022-09-14
2021-01-24,27.991290439974343,82.41821496464908,Stable,0,2021-01-24
2021-01-24,27.42639571849015,82.71593313681339,Stable,0,2021-01-24
2022-08-20,28.168373904664005,82.84463950437394,Stable,0,2022-08-20
2021-09-15,27.355842526479226,87.02507648130683,Stable,0,2021-09-15
2023-04-25,30.116076697099757,81.83043535984886,Stable,0,2023-04-25
2023-01-13,28.751385727607857,84.40306181915287,Stable,0,2023-01-13
2022-10-23,28.060397395466328,83.36092350858581,Stable,0,2022-10-23
2022-11-24,27.27515904422328,80.08411162313968,Stable,0,2022-11-24
2022-12-19,27.10220573899177,87.3952595507745,Stable,0,2022-12-19
2023-06-13,26.63596970669852,86.65540593301871,Stable,0,2023-06-13
2022-11-29,27.62292052850327,82.86670457774117,Stable,0,2022-11-29
2023-03-26,29.725429145697166,84.67666341562678,Stable,0,2023-03-26
2023-04-04,27.08414787374539,85.81744801633417,Stable,0,2023-04-04
2023-11-23,27.97404562429763,80.31131218826826,Stable,0,2023-11-23
2023-04-28,29.84334284719463,82.83102898985803,Stable,0,2023-04-28
2023-02-13,28.592372245605787,82.77341896078642,Stable,0,2023-02-13
2021-01-27,27.51609368343266,87.02313632825219,Stable,0,2021-01-27
2021-12-29,29.74450313334436,84.09665843530985,Stable,0,2021-12-29
2022-07-04,30.126340946467813,81.15053661341724,Stable,0,2022-07-04
2023-11-05,26.33769851826689,81.79971150292766,Stable,0,2023-11-05
2021-12-28,30.390002991611695,85.69272483746789,Stable,0,2021-12-28
2021-09-04,28.01869000317572,83.46820135089061,Stable,0,2021-09-04
2021-03-17,30.230030584317575,80.09486061609128,Stable,0,2021-03-17
2022-06-22,29.82031412332001,85.37471823508915,Stable,0,2022-06-22
2022-10-06,27.75578043245479,86.86321669549241,Stable,0,2022-10-06
2021-08-12,28.78376420990416,84.42626528917752,Stable,0,2021-08-12
2021-12-12,28.85550067572848,81.32412559422656,Stable,0,2021-12-12
2021-02-16,28.883096780632567,85.75426112784172,Stable,0,2021-02-16
2021-07-04,30.12352592770134,82.24820771526954,Stable,0,2021-07-04
2023-07-13,29.213953862995552,81.00779291763473,Stable,0,2023-07-13
2022-02-24,27.41931363136656,83.3592394678636,Stable,0,2022-02-24
2023-04-27,28.01252652913624,81.30684217891051,Stable,0,2023-04-27
2023-06-03,29.014825977367405,86.10894142798159,Stable,0,2023-06-03
2022-03-03,27.506225432951155,80.3473984058361,Stable,0,2022-03-03
2021-01-27,26.91219935958651,86.54682850751577,Stable,0,2021-01-27
2021-02-08,29.25585120698439,84.79770737820515,Stable,0,2021-02-08
2022-11-20,29.42952604258092,83.69493924578903,Stable,0,2022-11-20
2022-06-28,29.782435521622013,88.22116600236416,Stable,0,2022-06-28
2023-02-17,26.359738077873335,85.25795710438598,Stable,0,2023-02-17
2023-12-11,29.05548529373087,80.89645391043551,Stable,0,2023-12-11
2022-07-06,26.76297587920392,80.15951935318863,Stable,0,2022-07-06
2021-01-15,29.03401299939567,82.33778873924732,Stable,0,2021-01-15
2022-04-24,28.686066952018717,81.22641617208271,Stable,0,2022-04-24
2021-02-18,29.134266142765597,88.11803340443709,Stable,0,2021-02-18
2022-06-29,30.25914948380816,81.20437593729228,Stable,0,2022-06-29
2021-06-21,29.82907686699443,85.00389406994945,Stable,0,2021-06-21
2021-01-21,30.49037723648956,87.78433362644631,Stable,0,2021-01-21
2021-10-31,30.006499832247236,80.33116945152572,Stable,0,2021-10-31
2022-12-18,29.56755302138838,81.04328640254859,Stable,0,2022-12-18
2023-12-11,29.73703925155017,81.42448924410834,Stable,0,2023-12-11
2023-12-31,28.579239142747667,80.5514672303166,Stable,0,2023-12-31
2023-10-07,29.60997446869401,81.44119306902815,Stable,0,2023-10-07
2022-10-28,27.123160295682364,87.23066562247041,Stable,0,2022-10-28
2021-02-11,27.58310838226541,83.66212993151588,Stable,0,2021-02-11
2021-07-15,30.34647253165596,80.1180686314118,Stable,0,2021-07-15
2021-10-19,29.23181390774181,85.2858903547046,Stable,0,2021-10-19
2023-04-21,27.67186951169156,86.73914007271786,Stable,0,2023-04-21
2023-07-01,26.72812258878232,86.62821595670923,Stable,0,2023-07-01
2023-02-19,30.19526933201159,86.47022025436517,Stable,0,2023-02-19
2023-08-22,29.05808020699457,81.99533504323529,Stable,0,2023-08-22
2023-09-13,28.0335456760895,87.41549174262437,Stable,0,2023-09-13
2021-08-22,29.239407393197208,86.85128262416609,Stable,0,2021-08-22
2022-06-25,30.227872479595128,84.57972421397227,Stable,0,2022-06-25
2022-12-04,27.83699834478973,82.69181273476856,Stable,0,2022-12-04
2021-01-29,26.531520279732256,85.81873137394864,Stable,0,2021-01-29
2023-08-02,28.477847542947693,84.18633725905536,Stable,0,2023-08-02
2023-02-21,29.366016763370695,83.25189339764057,Stable,0,2023-02-21
2021-10-07,29.33380698889982,82.35297023034022,Stable,0,2021-10-07
2022-12-25,26.41921219319528,82.24574482399066,Stable,0,2022-12-25
2021-12-09,26.35000982990764,84.68538884220747,Stable,0,2021-12-09
2021-08-29,27.0722538350133,80.54806444624593,Stable,0,2021-08-29
2022-05-03,29.74385790091781,84.6319732532759,Stable,0,2022-05-03
2021-09-25,27.182861448410577,85.37995867691625,Stable,0,2021-09-25
2022-03-06,29.455456835458467,81.74694783580293,Stable,0,2022-03-06
2021-09-16,29.056887941116035,84.86605522786316,Stable,0,2021-09-16
2023-05-05,27.78568686484744,87.7775451592452,Stable,0,2023-05-05
2022-09-17,29.027389873169827,85.16542401094348,Stable,0,2022-09-17
2022-01-22,27.19276412534784,82.6647046722857,Stable,0,2022-01-22
2022-09-20,27.6643890320902,81.55837764695576,Stable,0,2022-09-20
2023-01-08,26.52303272397662,84.80139484659313,Stable,0,2023-01-08
2022-10-25,27.506474526314683,80.80816270330102,Stable,0,2022-10-25
2023-03-31,29.21987926420344,86.49140249433445,Stable,0,2023-03-31
2021-09-30,27.563201497071415,80.59497577776942,Stable,0,2021-09-30
2023-07-28,29.338583967317525,86.74584790065191,Stable,0,2023-07-28
2023-09-30,27.98785230107025,81.54582397995962,Stable,0,2023-09-30
2021-12-07,28.90457902947265,88.09956128907434,Stable,0,2021-12-07
2021-11-02,26.830342712464446,82.7820120416901,Stable,0,2021-11-02
2021-01-13,26.42268214419759,86.05638910582094,Stable,0,2021-01-13
2021-12-13,27.488403941665624,83.75358928744168,Stable,0,2021-12-13
2021-02-19,27.47860144969371,85.93140808334671,Stable,0,2021-02-19
2022-05-09,29.43591366599911,87.70334177147399,Stable,0,2022-05-09
2022-09-27,30.49547985444874,87.24209866492029,Stable,0,2022-09-27
2022-12-06,28.59399537552254,86.85780832456601,Stable,0,2022-12-06
2023-10-20,29.20759703598143,86.19359986502226,Stable,0,2023-10-20
2022-12-22,30.09886903459714,87.705895272137,Stable,0,2022-12-22
2022-02-04,26.91852272785017,83.20907473641313,Stable,0,2022-02-04
2021-01-10,29.645232995155204,84.60942956001071,Stable,0,2021-01-10
2022-10-16,29.813710179594832,82.17153095791052,Stable,0,2022-10-16
2023-06-24,27.00210840254285,82.48777633399163,Stable,0,2023-06-24
2021-03-07,29.824723476363012,81.59809662861815,Stable,0,2021-03-07
2021-05-29,29.4528545500618,86.88681078916164,Stable,0,2021-05-29
2023-05-27,28.986368651409222,81.16104689386196,Stable,0,2023-05-27
2021-11-10,26.48820327628103,87.04272951941873,Stable,0,2021-11-10
2022-08-21,26.8535279338354,83.78123038625844,Stable,0,2022-08-21
2022-03-20,28.20338540492279,84.99397645049467,Stable,0,2022-03-20
2023-01-22,26.60515326840582,80.80485417184983,Stable,0,2023-01-22
2023-11-05,26.92968465750723,85.35603627052718,Stable,0,2023-11-05
2022-12-28,29.642879515058933,82.54864535634809,Stable,0,2022-12-28
2021-04-05,28.121132246242645,82.76907395090606,Stable,0,2021-04-05
2023-02-23,27.55017904181015,83.93343173899657,Stable,0,2023-02-23
2023-12-30,29.569622063990835,84.3125655140436,Stable,0,2023-12-30
2023-08-04,26.98705855660874,81.41062718458659,Stable,0,2023-08-04
2021-03-23,30.14375891637323,84.3879254662907,Stable,0,2021-03-23
2023-05-25,29.27351534364703,84.9765515835833,Stable,0,2023-05-25
2023-09-27,28.83157833760505,84.1350410740946,Stable,0,2023-09-27
2023-04-12,27.54573673300013,80.29423300051707,Stable,0,2023-04-12
2022-08-01,26.9914842183469,87.3026521338498,Stable,0,2022-08-01
2022-06-24,29.187235695637337,81.12058046805006,Stable,0,2022-06-24
2023-05-03,27.24520098860079,80.391783426392,Stable,0,2023-05-03
2022-10-13,29.342103264151117,80.29711641667059,Stable,0,2022-10-13
2023-08-27,28.450678294863913,83.37263058866662,Stable,0,2023-08-27
2022-01-12,27.636093158208705,85.82769786781978,Stable,0,2022-01-12
2022-12-07,27.74274186865777,85.82824643365062,Stable,0,2022-12-07
2023-03-14,30.196600243944676,80.02452435617103,Stable,0,2023-03-14
2021-01-02,28.492539743064516,85.54517590022584,Stable,0,2021-01-02
2022-02-12,29.606998341234963,86.7002700611972,Stable,0,2022-02-12
2023-10-03,29.291974089865075,87.11951517535914,Stable,0,2023-10-03
2021-11-22,26.924125542914993,87.35129836196164,Stable,0,2021-11-22
2023-05-10,29.86932337175962,82.9845517856886,Stable,0,2023-05-10
2021-08-17,29.66152259525308,85.47311537377605,Stable,0,2021-08-17
2021-01-31,26.39080326796159,87.70569311844304,Stable,0,2021-01-31
2021-06-10,26.802056386163834,83.35158795490752,Stable,0,2021-06-10
2022-04-05,29.328850486726417,83.87245011859802,Stable,0,2022-04-05
2023-10-16,27.113689849548233,83.8927406948801,Stable,0,2023-10-16
2021-04-12,29.154394497920457,85.38979036216314,Stable,0,2021-04-12
2023-07-18,26.693119494785932,82.92641105873636,Stable,0,2023-07-18
2022-10-07,27.022977240396624,87.707020103863,Stable,0,2022-10-07
2022-10-29,28.20096248402456,82.35412803291719,Stable,0,2022-10-29
2021-12-10,29.69322451939148,83.94158887502901,Stable,0,2021-12-10
2021-02-16,28.748624780235566,80.60061796565056,Stable,0,2021-02-16
2021-06-27,28.11828824160055,87.90275299526036,Stable,0,2021-06-27
2022-10-22,28.063778317623314,85.49514410446994,Stable,0,2022-10-22
2022-11-28,27.51067003793541,87.5814382076909,Stable,0,2022-11-28
2023-01-05,29.452491076405423,83.14182909893299,Stable,0,2023-01-05
2021-05-03,27.13594058487069,82.22361955074173,Stable,0,2021-05-03
2021-02-08,29.12678888766225,85.65846607364807,Stable,0,2021-02-08
2022-11-11,29.54053801847564,85.66046199925105,Stable,0,2022-11-11
2023-07-26,29.73896243114294,80.07406645195172,Stable,0,2023-07-26
2021-12-08,29.935245950663937,87.446930396151,Stable,0,2021-12-08
2022-12-26,27.76499175219576,81.44328798105562,Stable,0,2022-12-26
2023-04-18,29.319711946331388,83.4471345710861,Stable,0,2023-04-18
2021-04-16,30.030782442185497,80.95677227036573,Stable,0,2021-04-16
2022-05-02,30.01925579745459,87.2379275468879,Stable,0,2022-05-02
2021-03-07,28.80132492386144,87.61722100357028,Stable,0,2021-03-07
2022-05-18,28.92482293752401,83.0036525728155,Stable,0,2022-05-18
2021-01-27,26.480873136831896,82.85909836882242,Stable,0,2021-01-27
2023-10-19,30.005462816020295,87.97080744820461,Stable,0,2023-10-19
2023-04-01,28.01891469779826,87.22408406501606,Stable,0,2023-04-01
2021-10-07,29.221877832902887,88.07115909947154,Stable,0,2021-10-07
2021-12-19,30.279854300713463,85.95200917419568,Stable,0,2021-12-19
2022-04-15,29.76162455181428,80.00048585935404,Stable,0,2022-04-15
2023-05-27,29.26619072180314,80.26023163549958,Stable,0,2023-05-27
2021-07-05,27.003109606756247,81.34970713895241,Stable,0,2021-07-05
2023-11-13,27.27541505356747,80.12989764109004,Stable,0,2023-11-13
2021-03-01,28.540507193762455,82.8589734287198,Stable,0,2021-03-01
2023-05-15,30.1965808160338,88.16259350407307,Stable,0,2023-05-15
2021-11-17,27.719864819458145,82.31648915730801,Stable,0,2021-11-17
2021-12-03,29.746038749544333,82.6814008491962,Stable,0,2021-12-03
2021-05-09,28.977601688870287,87.33514477429087,Stable,0,2021-05-09
2023-07-01,30.25973764031468,84.32057096086466,Stable,0,2023-07-01
2021-11-04,28.047986067391292,85.86490304073412,Stable,0,2021-11-04
2021-01-16,29.285090534055417,84.50201503471561,Stable,0,2021-01-16
2021-11-10,29.316007057708557,83.63996566793104,Stable,0,2021-11-10
2021-03-11,27.292119864621213,81.38621486840172,Stable,0,2021-03-11
2022-09-13,26.48753513413448,83.0683370843868,Stable,0,2022-09-13
2022-12-06,27.391941254546236,80.8038883924213,Stable,0,2022-12-06
2021-06-19,29.775204531113744,84.93136709370326,Stable,0,2021-06-19
2021-05-10,30.285361502962378,86.19487362417397,Stable,0,2021-05-10
2022-02-22,29.718820982953023,86.32148744404584,Stable,0,2022-02-22
2022-07-03,27.018912965811396,80.36810331320716,Stable,0,2022-07-03
2022-01-17,29.684674953908495,87.00056368177623,Stable,0,2022-01-17
2023-06-25,27.054345290743516,87.51376585938135,Stable,0,2023-06-25
2023-06-26,26.587877242469467,87.78824964372984,Stable,0,2023-06-26
2021-11-03,26.471240686731715,87.10329707570075,Stable,0,2021-11-03
2023-11-20,28.93059728169868,88.16079350007192,Stable,0,2023-11-20
2022-10-31,27.98277992880047,85.48411584100644,Stable,0,2022-10-31
2023-07-09,27.270278387593976,83.46897026894484,Stable,0,2023-07-09
2023-04-14,30.464978167119853,84.14478297420422,Stable,0,2023-04-14
2023-10-08,29.401300700738133,87.37449543045199,Stable,0,2023-10-08
2023-11-29,29.926044439118115,85.09856235424516,Stable,0,2023-11-29
2022-02-20,29.298668786494854,86.16478167609631,Stable,0,2022-02-20
2021-03-20,26.98985015584348,86.64823205561402,Stable,0,2021-03-20
2022-05-03,28.43700991940111,85.90235333137485,Stable,0,2022-05-03
2022-12-16,27.155608725908788,88.12551077764476,Stable,0,2022-12-16
2023-01-30,26.486154551342512,83.55777647577128,Stable,0,2023-01-30
2023-12-24,28.38055407479111,85.62776915669112,Stable,0,2023-12-24
2023-09-09,27.48171196838768,84.68960134089822,Stable,0,2023-09-09
2023-05-25,28.33701419974136,85.68108609886156,Stable,0,2023-05-25
2023-04-18,29.740839848440707,80.15930222574211,Stable,0,2023-04-18
2021-11-19,28.15743831090876,80.50281037369325,Stable,0,2021-11-19
2022-10-14,28.80163716266619,84.04376751440601,Stable,0,2022-10-14
2023-07-10,29.872325101033553,86.71737274823734,Stable,0,2023-07-10
2022-04-08,28.176567527917733,86.72012950612886,Stable,0,2022-04-08
2023-08-16,29.960768266307664,85.18184020170246,Stable,0,2023-08-16
2022-12-09,27.888832116014328,82.09273470546115,Stable,0,2022-12-09
2023-12-14,29.29591072110653,87.59168253893664,Stable,0,2023-12-14
2022-01-24,29.11768732617857,84.67400269784596,Stable,0,2022-01-24
2023-05-06,30.117371919046334,82.37365235882304,Stable,0,2023-05-06
2023-12-07,29.875809366344978,80.10367942819789,Stable,0,2023-12-07
2023-08-24,27.635540820124096,82.10658512621076,Stable,0,2023-08-24
2022-06-20,28.549184807524348,80.94594254299248,Stable,0,2022-06-20
2022-08-09,29.21760988882254,87.2036416157211,Stable,0,2022-08-09
2021-11-16,27.43932206602145,86.48452372557574,Stable,0,2021-11-16
2023-08-14,27.226066682494952,87.76483883978142,Stable,0,2023-08-14
2023-01-27,28.10556868376281,81.88310978747279,Stable,0,2023-01-27
2023-06-29,30.08928005326002,84.52837997648076,Stable,0,2023-06-29
2021-08-12,29.04175142865315,85.24587283826713,Stable,0,2021-08-12
2023-05-20,27.101620784472875,85.48571842806145,Stable,0,2023-05-20
2021-11-24,28.74604307964195,82.95237122836303,Stable,0,2021-11-24
2023-06-05,28.564584904456808,84.31677994380043,Stable,0,2023-06-05
2022-07-19,27.51471591494264,81.07624178251942,Stable,0,2022-07-19
2022-12-27,27.37629232366324,82.19803483530498,Stable,0,2022-12-27
2023-05-26,28.035768706129517,80.33430921020346,Stable,0,2023-05-26
2023-12-06,28.356324402834066,88.06032937257943,Stable,0,2023-12-06
2022-07-05,29.08992384665093,80.99100894902273,Stable,0,2022-07-05
2021-03-02,30.4333384799695,86.42420730564713,Stable,0,2021-03-02
2022-08-20,30.37394799635609,81.82092836485351,Stable,0,2022-08-20
2022-01-16,27.58186682764545,81.79680342638768,Stable,0,2022-01-16
2022-11-19,28.9693186590442,82.54151214237243,Stable,0,2022-11-19
2022-03-14,26.416786132314805,81.95335006169437,Stable,0,2022-03-14
2022-09-11,30.224051467320997,87.3377424543885,Stable,0,2022-09-11
2023-12-09,27.12289619524593,83.16356045498654,Stable,0,2023-12-09
2022-09-19,30.49023175126136,85.1471115707619,Stable,0,2022-09-19
2023-02-18,27.137164093439303,82.70217471694758,Stable,0,2023-02-18
2022-09-23,26.775903157485015,85.7240252194556,Stable,0,2022-09-23
2021-04-18,27.973682634468105,86.59605318689074,Stable,0,2021-04-18
2023-03-17,29.500662778818413,83.97313750386046,Stable,0,2023-03-17
2022-05-24,26.459878121860907,87.02322875273846,Stable,0,2022-05-24
2023-04-12,30.221246064987692,87.33101344060607,Stable,0,2023-04-12
2021-10-20,29.606952968531456,85.32667660717809,Stable,0,2021-10-20
2023-04-29,27.173582424464335,82.51708517084994,Stable,0,2023-04-29
2022-06-06,29.05877453681684,86.63460408730718,Stable,0,2022-06-06
2023-03-14,26.99179181972886,85.1042572937712,Stable,0,2023-03-14
2022-10-28,28.962649327185613,87.47692476982851,Stable,0,2022-10-28
2022-04-24,27.146640769967664,81.85961480851705,Stable,0,2022-04-24
2022-07-20,27.34102169795112,81.5419990808252,Stable,0,2022-07-20
2021-02-13,27.3033789504019,87.66202238436188,Stable,0,2021-02-13
2023-05-10,28.184910302794165,84.17621409823687,Stable,0,2023-05-10
2022-11-18,27.292946994996765,85.99113246916804,Stable,0,2022-11-18
2021-07-03,26.868403534277785,85.7009712701924,Stable,0,2021-07-03
2021-09-11,26.88290637614497,83.44560954923959,Stable,0,2021-09-11
2023-11-09,27.84548514870855,84.96777672499917,Stable,0,2023-11-09
2021-01-29,30.009123131412927,85.26645219915055,Stable,0,2021-01-29
2021-10-24,30.157463603315417,80.15814734902446,Stable,0,2021-10-24
2022-09-05,28.00846463542247,83.42304889065117,Stable,0,2022-09-05
2022-12-07,27.185004256886387,81.49328668407419,Stable,0,2022-12-07
2022-07-01,28.236843587777223,82.88435415848703,Stable,0,2022-07-01
2022-11-26,27.48941205833752,85.0288124496057,Stable,0,2022-11-26
2023-12-08,29.00067724810598,86.40059092010993,Stable,0,2023-12-08
2021-08-18,26.308039407897656,86.45810998610733,Stable,0,2021-08-18
2023-04-12,27.41679261945504,86.78188034953008,Stable,0,2023-04-12
2021-04-28,28.397632060094494,86.53928796539141,Stable,0,2021-04-28
2021-04-28,26.99190702624038,85.57211897327997,Stable,0,2021-04-28
2022-02-10,29.303426929818684,80.35020634416776,Stable,0,2022-02-10
2021-08-05,27.03903806505628,82.7243235550133,Stable,0,2021-08-05
2022-01-23,27.42726037644868,80.76023525235541,Stable,0,2022-01-23
2021-11-20,30.0308124220699,81.25210943454063,Stable,0,2021-11-20
2023-08-31,27.898759186780445,84.99996194346785,Stable,0,2023-08-31
2023-04-29,28.046322803702633,86.68082669104707,Stable,0,2023-04-29
2021-12-31,28.485706998049928,86.01989468388902,Stable,0,2021-12-31
2023-03-27,28.554155533265114,87.33687813441249,Stable,0,2023-03-27
2023-05-07,27.932718546188333,82.82926373194971,Stable,0,2023-05-07
2023-10-30,30.202586026787117,87.47481221005945,Stable,0,2023-10-30
2023-07-19,28.18427239344032,82.14217314374783,Stable,0,2023-07-19
2023-11-14,26.587563095758195,86.24701156006367,Stable,0,2023-11-14
2022-07-12,27.95274266298799,81.45888003845295,Stable,0,2022-07-12
2022-10-25,27.24849480786352,80.2050110977054,Stable,0,2022-10-25
2021-05-01,27.87187786993618,83.19579581833834,Stable,0,2021-05-01
2021-08-12,27.24284228986697,84.70818969919046,Stable,0,2021-08-12
2023-08-28,28.057041943255022,80.810934848608,Stable,0,2023-08-28
2023-01-11,30.070091768267357,81.45933607547485,Stable,0,2023-01-11
2022-10-11,26.47867647300975,83.40356643011565,Stable,0,2022-10-11
2023-02-28,29.01904266465015,83.0199508652132,Stable,0,2023-02-28
2021-01-09,30.010659966397693,88.28975771079337,Stable,0,2021-01-09
2021-01-19,28.496892337909067,82.2112452360193,Stable,0,2021-01-19
2023-07-07,28.5987257065882,87.72748966538165,Stable,0,2023-07-07
2021-04-20,28.630170663772866,84.51022065378605,Stable,0,2021-04-20
2022-10-10,29.133579757585707,87.4606219390445,Stable,0,2022-10-10
2021-09-04,26.603955709867822,81.19569283532202,Stable,0,2021-09-04
2023-03-03,26.32376157091797,80.52865663082258,Stable,0,2023-03-03
2022-09-30,27.852539986845617,85.23497598972968,Stable,0,2022-09-30
2021-07-05,27.93777398138798,82.17540717865829,Stable,0,2021-07-05
2023-11-16,29.857755918431316,86.66267022240808,Stable,0,2023-11-16
2021-12-02,26.476671493361753,82.66067498075553,Stable,0,2021-12-02
2021-09-27,29.51927628524504,87.08116372449467,Stable,0,2021-09-27
2022-02-19,28.054419535641713,82.84585111134868,Stable,0,2022-02-19
2021-11-06,26.320277533751188,85.34273248412589,Stable,0,2021-11-06
2021-10-04,28.97890027790478,83.83921621219439,Stable,0,2021-10-04
2022-11-12,29.773269496034487,80.87285771343332,Stable,0,2022-11-12
2022-08-07,26.54705075318252,84.68611705029498,Stable,0,2022-08-07
2022-10-18,27.544902743923,80.56970529471074,Stable,0,2022-10-18
2023-10-01,30.372605387644462,81.3244628034894,Stable,0,2023-10-01
2023-03-16,26.350392429404582,87.39327787490195,Stable,0,2023-03-16
2021-02-23,28.69490351158276,81.80378566532383,Stable,0,2021-02-23
2021-06-23,28.97287438421166,83.96065336496234,Stable,0,2021-06-23
2023-11-13,26.921278577265277,86.43525782241808,Stable,0,2023-11-13
2022-02-01,30.10021774806272,84.41737695912491,Stable,0,2022-02-01
2022-06-06,29.639563378073223,85.3827157874271,Stable,0,2022-06-06
2023-03-12,27.14685688201804,87.4910351101806,Stable,0,2023-03-12
2023-02-02,29.689655628090264,82.42810630459334,Stable,0,2023-02-02
2021-11-19,26.496086454815593,85.69078898626083,Stable,0,2021-11-19
2023-11-05,27.447479719816013,86.06727173336346,Stable,0,2023-11-05
2023-01-01,30.03984981962641,82.11252784562875,Stable,0,2023-01-01
2022-01-07,28.08291440481809,85.61280904680702,Stable,0,2022-01-07
2023-02-28,27.43247300090427,85.96053180681946,Stable,0,2023-02-28
2021-06-20,30.374520496752496,82.1402583390564,Stable,0,2021-06-20
2022-07-07,29.60543431451512,87.5020244192221,Stable,0,2022-07-07
2023-10-05,27.954820221093943,87.36337714160427,Stable,0,2023-10-05
2021-08-20,27.99610111548041,82.72287423929156,Stable,0,2021-08-20
2022-05-29,28.221020403288406,80.59131629037547,Stable,0,2022-05-29
2022-09-18,30.047721225463587,87.26450007773367,Stable,0,2022-09-18
2022-09-13,27.547514261891894,84.85119172184592,Stable,0,2022-09-13
2023-01-24,27.297739303302624,87.81975010769595,Stable,0,2023-01-24
2023-12-17,26.331536826210566,84.00286953013278,Stable,0,2023-12-17
2022-06-25,27.547074818547532,80.07438867000896,Stable,0,2022-06-25
2021-11-17,29.603072822338447,86.38093829745556,Stable,0,2021-11-17
2022-08-25,30.133477300898186,87.32751430506228,Stable,0,2022-08-25
2023-08-27,26.623423908558077,82.1054769048773,Stable,0,2023-08-27
2021-07-11,28.643398974327567,82.44858457207228,Stable,0,2021-07-11
2022-05-24,30.17222280028153,86.29237062856528,Stable,0,2022-05-24
2022-07-04,29.65442892572782,80.12422610408542,Stable,0,2022-07-04
2021-11-20,27.08069602795149,83.0049034939892,Stable,0,2021-11-20
2022-09-30,26.879650123216503,85.98986983690759,Stable,0,2022-09-30
2021-01-03,26.79698486405398,80.42947634004685,Stable,0,2021-01-03
2023-05-03,27.02862011425862,83.30315484076674,Stable,0,2023-05-03
2021-12-04,26.987641858107057,80.86403407644174,Stable,0,2021-12-04
2022-12-14,26.644413689990365,85.34215254715696,Stable,0,2022-12-14
2021-12-03,30.31463629885695,85.93439189060307,Stable,0,2021-12-03
2022-12-17,27.844664780969417,86.7563873323376,Stable,0,2022-12-17
2022-04-07,27.84441141889874,83.33966561993415,Stable,0,2022-04-07
2023-11-13,28.997021353156164,87.77013918795905,Stable,0,2023-11-13
2023-11-15,26.30022354843424,85.42800071440895,Stable,0,2023-11-15
2021-12-17,28.64122378758863,84.39922298431624,Stable,0,2021-12-17
2022-03-09,28.99814244464184,82.4654524371449,Stable,0,2022-03-09
2021-08-12,30.04128211417513,81.36049817114116,Stable,0,2021-08-12
2023-10-08,30.06056293559691,87.97775317654289,Stable,0,2023-10-08
2022-10-07,30.101868239709617,86.84428840579587,Stable,0,2022-10-07
2022-09-24,29.974325045692854,82.41177183535765,Stable,0,2022-09-24
2021-06-16,28.146384635588504,82.91412730082085,Stable,0,2021-06-16
2022-08-11,26.994378841093223,86.77421344569292,Stable,0,2022-08-11
2021-01-28,27.82396363702313,80.29166774646293,Stable,0,2021-01-28
2021-10-23,27.803431242529076,87.96715332231312,Stable,0,2021-10-23
2023-03-05,28.991493395954883,85.66407279905992,Stable,0,2023-03-05
2022-09-03,26.655995310142583,83.53817845787182,Stable,0,2022-09-03
2021-01-26,30.271165089989665,80.0915721458928,Stable,0,2021-01-26
2021-09-02,28.492245710111693,83.99484892745605,Stable,0,2021-09-02
2022-12-12,28.821530123450025,81.82506574984228,Stable,0,2022-12-12
2022-08-12,30.082533968792312,87.51773771735105,Stable,0,2022-08-12
2022-11-10,29.44546438326745,80.4535002363577,Stable,0,2022-11-10
2022-09-06,27.456912917508724,85.31002434496543,Stable,0,2022-09-06
2022-05-12,28.870350632065072,87.17806759547719,Stable,0,2022-05-12
2021-02-18,29.21864862609285,87.92969496634564,Stable,0,2021-02-18
2023-01-21,29.613549533337995,80.30420507968284,Stable,0,2023-01-21
2022-04-03,30.042400162438295,80.49380413537992,Stable,0,2022-04-03
2021-03-02,27.06240434705635,82.2485643026327,Stable,0,2021-03-02
2022-08-03,26.72237615062888,80.3481613043771,Stable,0,2022-08-03
2023-12-02,30.03557138008545,82.67619723357792,Stable,0,2023-12-02
2023-02-19,26.38219660512828,83.07539004816825,Stable,0,2023-02-19
2023-12-09,26.55219753959604,82.91095618209816,Stable,0,2023-12-09
2021-04-26,29.717303311569214,80.58232798625363,Stable,0,2021-04-26
2022-10-22,27.79236622957609,82.95428485231719,Stable,0,2022-10-22
2023-06-11,27.204384289194092,83.05009995160272,Stable,0,2023-06-11
2021-11-24,30.485133668754877,87.44500250390192,Stable,0,2021-11-24
2021-09-29,30.12866361968252,82.15444795035805,Stable,0,2021-09-29
2021-07-17,27.71134998201449,83.22468585144327,Stable,0,2021-07-17
2022-12-24,30.49516496837113,86.24285678818747,Stable,0,2022-12-24
2023-02-27,29.09654310973286,85.92219164916132,Stable,0,2023-02-27
2022-11-13,29.96060631511695,83.01101770046522,Stable,0,2022-11-13
2023-09-13,27.729100038653943,87.49757533151558,Stable,0,2023-09-13
2023-12-12,28.797247697960625,88.20416839586278,Stable,0,2023-12-12
2022-10-11,30.100707354217597,80.42607578817129,Stable,0,2022-10-11
2021-08-12,29.52396236267827,84.54929205849926,Stable,0,2021-08-12
2022-08-25,28.82513350213572,83.6114660330039,Stable,0,2022-08-25
2021-07-11,28.67456440369743,83.92283843536823,Stable,0,2021-07-11
2022-04-04,29.323760041138357,87.60860078303962,Stable,0,2022-04-04
2022-08-13,27.311281216937648,82.14721041009074,Stable,0,2022-08-13
2023-04-18,26.894079870243935,85.01087011764528,Stable,0,2023-04-18
2023-01-02,29.524664794726377,87.45911934019648,Stable,0,2023-01-02
2021-07-03,30.115672320590654,86.15506134435304,Stable,0,2021-07-03
2021-09-26,29.05851525779145,88.18435403715132,Stable,0,2021-09-26
2023-07-10,27.54625418202523,86.68841442218663,Stable,0,2023-07-10
2022-12-12,26.682932151539852,83.93330022825242,Stable,0,2022-12-12
2023-06-23,27.34737052355877,87.00419400735214,Stable,0,2023-06-23
2022-02-16,27.10622624093142,87.38072766778843,Stable,0,2022-02-16
2023-01-01,26.953628980337697,83.4683852091608,Stable,0,2023-01-01
2022-05-23,27.530144815466215,81.92965301223518,Stable,0,2022-05-23
2023-04-12,29.18668800078284,81.36787710903313,Stable,0,2023-04-12
2021-01-09,30.282763226057487,84.74263457230758,Stable,0,2021-01-09
2021-03-12,28.008902298248188,80.35445671538304,Stable,0,2021-03-12
2023-11-28,28.818541084349302,86.79152276741127,Stable,0,2023-11-28
2022-03-01,30.39398162354868,82.5820913255572,Stable,0,2022-03-01
2021-01-09,29.871303606511383,82.53796525494084,Stable,0,2021-01-09
2022-09-06,26.88342696398228,85.22167669436371,Stable,0,2022-09-06
2022-07-11,27.651784399062187,84.00456439893972,Stable,0,2022-07-11
2022-10-30,29.221773911664787,87.08835463825099,Stable,0,2022-10-30
2023-10-20,28.306448003819085,86.6616573785428,Stable,0,2023-10-20
2021-06-16,29.964116781568485,82.55534392412248,Stable,0,2021-06-16
2022-01-17,26.338436395419517,80.24333441040322,Stable,0,2022-01-17
2021-10-18,27.262695062437036,83.2592313858687,Stable,0,2021-10-18
2022-12-05,28.862994958427123,85.79147097607233,Stable,0,2022-12-05
2023-08-28,28.749416069374277,83.41365865106957,Stable,0,2023-08-28
2021-06-24,28.047502505203163,81.84469205671736,Stable,0,2021-06-24
2022-07-26,27.869373570723152,81.2558439540161,Stable,0,2022-07-26
2023-06-24,29.56116108560232,87.60089232035479,Stable,0,2023-06-24
2022-01-04,28.308081055496466,84.20320967873332,Stable,0,2022-01-04
2023-07-20,29.78038450433638,81.26382940497325,Stable,0,2023-07-20
2023-10-30,26.353072776144536,80.03161310619255,Stable,0,2023-10-30
2021-11-26,28.213312481508257,82.02747552523954,Stable,0,2021-11-26
2022-03-24,26.625977199230547,84.34368412043962,Stable,0,2022-03-24
2022-05-03,30.36782921148674,82.68813343731648,Stable,0,2022-05-03
2022-11-10,30.346386119914264,85.88882664902766,Stable,0,2022-11-10
2023-09-28,29.561105718164207,85.60634348005965,Stable,0,2023-09-28
2021-01-14,26.359214576042547,81.04606209238275,Stable,0,2021-01-14
2023-03-14,27.37313287832133,83.32352910655264,Stable,0,2023-03-14
2022-10-31,29.79856999055271,83.56029702691154,Stable,0,2022-10-31
2023-02-06,27.866542276121393,85.91780484853828,Stable,0,2023-02-06
2021-11-11,30.10228843589903,85.67155816078795,Stable,0,2021-11-11
2022-07-14,29.11864352360545,83.58608570161586,Stable,0,2022-07-14
2023-03-05,27.51659603084633,85.4899219757534,Stable,0,2023-03-05
2022-10-05,29.46349682604933,87.21003576713946,Stable,0,2022-10-05
2022-02-05,27.177634009811833,84.50432821852709,Stable,0,2022-02-05
2023-08-16,27.678537321908586,83.4446531889743,Stable,0,2023-08-16
2023-04-21,27.740630621463463,84.86339134188223,Stable,0,2023-04-21
2021-09-07,27.159195272974568,84.36629141827859,Stable,0,2021-09-07
2022-04-24,30.323384291316696,81.22620649512972,Stable,0,2022-04-24
2023-02-11,30.338452199383124,86.64178148879873,Stable,0,2023-02-11
2021-11-16,28.47217490928211,88.02769852306699,Stable,0,2021-11-16
2023-12-26,26.31239246314228,83.43986249812079,Stable,0,2023-12-26
2023-10-25,28.18477688688986,87.59075612189092,Stable,0,2023-10-25
2022-10-05,26.90510383754498,84.26345383962284,Stable,0,2022-10-05
2022-06-26,27.421494934254177,81.32467201712045,Stable,0,2022-06-26
2022-07-25,27.684752897713462,84.01809675687474,Stable,0,2022-07-25
2021-02-02,30.038035038999737,83.3608363672596,Stable,0,2021-02-02
2022-10-11,26.834144289301182,87.99329454194144,Stable,0,2022-10-11
2021-10-20,29.743190821223124,86.33592775918711,Stable,0,2021-10-20
2022-02-19,27.82552427422193,83.809052790209,Stable,0,2022-02-19
2021-09-08,26.797479847996485,80.67262617936395,Stable,0,2021-09-08
2022-04-23,30.33986792013194,87.33754318537333,Stable,0,2022-04-23
2022-08-13,27.970920148053523,87.54485733943255,Stable,0,2022-08-13
2022-09-16,26.81070060503135,84.11425798551645,Stable,0,2022-09-16
2023-09-16,30.111014076579604,80.77314624332791,Stable,0,2023-09-16
2022-12-28,30.110540418715424,81.91035930120037,Stable,0,2022-12-28
2023-10-08,27.305168078720943,84.35424531284629,Stable,0,2023-10-08
2021-05-20,30.07598733728544,82.82697987633343,Stable,0,2021-05-20
2023-03-02,28.21011539224271,82.53661613176601,Stable,0,2023-03-02
2023-11-04,28.96476539657126,84.80650146651134,Stable,0,2023-11-04
2022-07-05,27.864603358490967,87.09008515012887,Stable,0,2022-07-05
2022-12-09,26.63795529149811,85.66114568508446,Stable,0,2022-12-09
2022-06-17,29.07678217428438,87.82564453504831,Stable,0,2022-06-17
2023-05-24,29.517119735811303,80.2073731085902,Stable,0,2023-05-24
2022-03-23,30.283185238344895,83.32871165944704,Stable,0,2022-03-23
2022-11-29,26.663798924305382,80.07542289397307,Stable,0,2022-11-29
2022-06-18,27.86168368879556,80.72898471313954,Stable,0,2022-06-18
2022-08-29,28.408570953479188,81.16349464813715,Stable,0,2022-08-29
2022-12-29,27.910144216723364,87.25709399511655,Stable,0,2022-12-29
2022-03-26,29.517147504648843,80.88746864917671,Stable,0,2022-03-26
2023-10-26,27.70543531133699,80.30769271853103,Stable,0,2023-10-26
2023-11-28,26.710041358173104,82.83565988710107,Stable,0,2023-11-28
2023-08-02,27.625191205723727,86.99426276910643,Stable,0,2023-08-02
2021-08-15,30.48776343952536,83.57084059401411,Stable,0,2021-08-15
2022-02-28,30.052092226590023,82.52288638600638,Stable,0,2022-02-28
2021-06-11,30.470470378617467,86.24647426669836,Stable,0,2021-06-11
2022-12-10,30.0294836190418,82.99996682065573,Stable,0,2022-12-10
2022-01-26,27.589843600049207,86.60603960177477,Stable,0,2022-01-26
2021-12-08,30.298553448816225,83.97869220044066,Stable,0,2021-12-08
2023-08-28,29.103085568691583,86.30885358598965,Stable,0,2023-08-28
2023-07-10,28.91883888570417,83.08911523285121,Stable,0,2023-07-10
2021-08-25,29.340572325146255,83.1170472529999,Stable,0,2021-08-25
2022-01-17,26.654769095186023,85.2622449360602,Stable,0,2022-01-17
2022-09-03,29.154687896244766,80.27735861826886,Stable,0,2022-09-03
2022-10-17,26.825805803925977,86.27544701393056,Stable,0,2022-10-17
2021-12-15,29.462759501895626,88.04054130318926,Stable,0,2021-12-15
2023-09-23,26.491600753330477,85.24878691300697,Stable,0,2023-09-23
2021-03-27,29.189854806462687,84.20155482296339,Stable,0,2021-03-27
2023-10-24,28.302255142943505,85.3070234541321,Stable,0,2023-10-24
2023-04-27,29.86628405460604,88.04285113475562,Stable,0,2023-04-27
2021-07-02,27.669382854847942,82.76120550596909,Stable,0,2021-07-02
2021-08-17,29.09618618210937,80.12521074532599,Stable,0,2021-08-17
2022-03-20,27.195699347652205,87.03376892085025,Stable,0,2022-03-20
2021-09-03,26.50766012675205,83.77440791931957,Stable,0,2021-09-03
2023-05-23,28.854126556041244,88.18507412035198,Stable,0,2023-05-23
2022-11-08,27.54819876316687,82.11406635106687,Stable,0,2022-11-08
2021-06-04,30.178097183214888,80.27552358273385,Stable,0,2021-06-04
2023-01-23,26.505856519544164,85.47400582669027,Stable,0,2023-01-23
2021-03-05,28.201794253287556,80.6115005024258,Stable,0,2021-03-05
2021-12-15,29.668802545536806,87.2852343262924,Stable,0,2021-12-15
2021-04-18,28.152024516331007,87.05760272948729,Stable,0,2021-04-18
2023-09-21,27.76177712239808,82.22093694884268,Stable,0,2023-09-21
2023-03-11,29.056134032878056,84.33649825447856,Stable,0,2023-03-11
2022-04-28,28.33004960525238,83.97708981489572,Stable,0,2022-04-28
2022-10-05,27.466006090494847,83.02779960726677,Stable,0,2022-10-05
2022-11-17,26.940724729561964,83.8577595054892,Stable,0,2022-11-17
2021-12-17,26.63935952137697,86.66251455741676,Stable,0,2021-12-17
2021-11-04,29.60049331219943,82.72579563206584,Stable,0,2021-11-04
2022-08-02,28.73147439358667,80.3112801885789,Stable,0,2022-08-02
2023-07-05,26.620705552886363,86.58561223733231,Stable,0,2023-07-05
2022-10-31,26.817779473800197,86.94295237565464,Stable,0,2022-10-31
2021-08-28,29.668854640035455,82.68098259783933,Stable,0,2021-08-28
2022-10-13,27.868230429413135,80.33955902601593,Stable,0,2022-10-13
2021-04-18,26.9539060332748,84.35767655784383,Stable,0,2021-04-18
2022-02-05,29.512674651661374,86.45189718579562,Stable,0,2022-02-05
2021-02-16,29.42384925541091,84.04719581598765,Stable,0,2021-02-16
2023-12-14,28.963028969702272,82.70529492207233,Stable,0,2023-12-14
2023-09-07,30.374771949131393,81.28688310975166,Stable,0,2023-09-07
2023-09-20,28.167953577306665,83.53816587398961,Stable,0,2023-09-20
2023-05-26,27.615429983167385,80.04541590444144,Stable,0,2023-05-26
2022-11-10,29.885483911123,80.34588998195612,Stable,0,2022-11-10
2023-08-16,26.707918396549516,82.88708287576979,Stable,0,2023-08-16
2021-04-13,28.491924818536212,86.43364850455062,Stable,0,2021-04-13
2022-03-26,28.724677850240923,84.24339744186521,Stable,0,2022-03-26
2023-07-08,27.492006186746945,85.9675680315581,Stable,0,2023-07-08
2021-07-08,26.907300809917423,85.0687122936387,Stable,0,2021-07-08
2021-09-14,29.036259094290344,80.10655742690153,Stable,0,2021-09-14
2022-07-18,27.466555303609592,87.31047934363836,Stable,0,2022-07-18
2021-07-08,27.75807883397253,82.49698449813776,Stable,0,2021-07-08
2022-10-11,29.600322572567265,85.86354216120034,Stable,0,2022-10-11
2022-10-26,27.34020912713315,86.43692244153442,Stable,0,2022-10-26
2022-01-10,26.50658535282904,80.131038121866,Stable,0,2022-01-10
2023-12-04,27.88033994512058,84.45925062996336,Stable,0,2023-12-04
2021-10-02,28.344245486818032,88.11416318112909,Stable,0,2021-10-02
2022-07-02,26.535905167110137,83.13359752632444,Stable,0,2022-07-02
2022-03-22,28.86363443863764,80.15576612636133,Stable,0,2022-03-22
2021-11-17,26.75328385918258,84.17018608869552,Stable,0,2021-11-17
2023-05-15,28.008745807577,82.7413243246656,Stable,0,2023-05-15
2023-10-12,26.57588766968925,83.72639650192681,Stable,0,2023-10-12
2022-08-16,29.37780162856103,85.90537821705716,Stable,0,2022-08-16
2022-03-03,26.681971000911705,80.10015409619592,Stable,0,2022-03-03
2021-09-28,28.377438530426048,87.87572810480872,Stable,0,2021-09-28
2021-08-25,26.57532854837636,84.64548979124359,Stable,0,2021-08-25
2021-07-23,28.676724199647616,85.9373727126712,Stable,0,2021-07-23
2023-10-22,26.81078224127498,86.22099400706546,Stable,0,2023-10-22
2023-07-09,29.508912791060578,87.0945865447258,Stable,0,2023-07-09
2022-01-30,29.62209514497087,81.56750901771748,Stable,0,2022-01-30
2022-04-27,29.990056720647456,81.48951098816339,Stable,0,2022-04-27
2021-08-02,28.803886601752353,88.21035398547573,Stable,0,2021-08-02
2021-06-11,28.316244818674527,86.15202499674334,Stable,0,2021-06-11
2022-01-17,28.78288095200494,82.63125858533358,Stable,0,2022-01-17
2021-05-30,28.142644368687193,87.67877484183448,Stable,0,2021-05-30
2023-12-22,30.351212121527304,81.99388046271632,Stable,0,2023-12-22
2022-02-24,29.895124732088025,86.09050885129217,Stable,0,2022-02-24
2021-01-10,28.395312712668712,80.95609841797261,Stable,0,2021-01-10
2023-09-05,27.669196831263196,81.29312604816097,Stable,0,2023-09-05
2021-01-15,26.515141428506418,80.95715976056667,Stable,0,2021-01-15
2023-05-18,28.615503081745754,86.32875916122796,Stable,0,2023-05-18
2022-06-29,29.256457149110577,80.98402802722029,Stable,0,2022-06-29
2022-08-24,30.25842359427963,81.45803571200733,Stable,0,2022-08-24
2023-08-06,29.02878126774124,88.27518180147098,Stable,0,2023-08-06
2021-08-08,27.90068716666388,84.30883378361771,Stable,0,2021-08-08
2023-06-30,28.7285245754524,87.22503621506735,Stable,0,2023-06-30
2023-10-04,28.037597172515905,81.36829971927904,Stable,0,2023-10-04
2022-01-14,26.347452852342716,81.26233628419273,Stable,0,2022-01-14
2021-08-26,28.99081213102572,80.2295890170238,Stable,0,2021-08-26
2023-02-01,29.07911845839948,87.18661221810913,Stable,0,2023-02-01
2023-09-11,26.928549853344,85.25810379772417,Stable,0,2023-09-11
2022-07-29,29.0464530220642,85.71028616120739,Stable,0,2022-07-29
2023-05-16,30.46276783716113,85.43620051000784,Stable,0,2023-05-16
2023-07-22,29.509672114297494,82.50723906035516,Stable,0,2023-07-22
2022-09-16,29.1852871167675,87.27834599756775,Stable,0,2022-09-16
2023-12-06,27.97768713432778,84.01758068754769,Stable,0,2023-12-06
2023-08-29,29.029227530522824,84.4156541016184,Stable,0,2023-08-29
2022-12-23,27.541328936075978,85.8736613092443,Stable,0,2022-12-23
2023-06-22,27.531501565562767,83.32148264419085,Stable,0,2023-06-22
2021-04-24,28.121837118900316,82.48154764314616,Stable,0,2021-04-24
2022-10-08,28.578793897147808,80.7150716368715,Stable,0,2022-10-08
2022-06-12,27.18412647541039,83.73692814553475,Stable,0,2022-06-12
2021-08-14,26.68732887847864,84.72423391455045,Stable,0,2021-08-14
2022-01-25,29.308415594882582,87.38669882419553,Stable,0,2022-01-25
2021-07-18,28.75263046271351,86.98216205595308,Stable,0,2021-07-18
2022-02-25,28.103140647902745,87.84006902873327,Stable,0,2022-02-25
2021-01-03,29.16752809413403,82.67718631614895,Stable,0,2021-01-03
2023-03-06,29.38387354638462,85.38811116563275,Stable,0,2023-03-06
2023-10-01,26.460585431477504,87.80164393066,Stable,0,2023-10-01
2023-01-11,26.46863601276737,81.6780595354872,Stable,0,2023-01-11
2021-09-30,26.784042927834008,87.84961689471827,Stable,0,2021-09-30
2023-09-24,30.132759071212227,81.94942615904219,Stable,0,2023-09-24
2022-04-03,29.809416190564427,83.12303429764941,Stable,0,2022-04-03
2023-03-12,26.337270929658377,86.10633894269992,Stable,0,2023-03-12
2021-08-25,26.59604364555272,83.42984819975369,Stable,0,2021-08-25
2023-12-18,30.21908784607036,85.86575087956427,Stable,0,2023-12-18
2021-04-05,28.734223705221403,80.34781837116427,Stable,0,2021-04-05
2023-01-07,26.984127916979695,87.47865413581499,Stable,0,2023-01-07
2022-11-17,28.01312113407852,83.68941104215213,Stable,0,2022-11-17
2023-01-20,29.40572534707964,82.2500288416248,Stable,0,2023-01-20
2021-05-16,28.34407135252898,81.06597389595797,Stable,0,2021-05-16
2021-07-01,26.5081780053154,81.89554114617381,Stable,0,2021-07-01
2022-01-04,27.422946104678253,85.00366328320888,Stable,0,2022-01-04
2023-12-04,28.622801031815712,80.55071441291354,Stable,0,2023-12-04
2023-03-16,27.331774301821227,85.62195355722709,Stable,0,2023-03-16
2022-10-27,28.616463589109685,80.08723125571794,Stable,0,2022-10-27
2022-02-13,27.27326752712123,85.44654380687008,Stable,0,2022-02-13
2021-07-22,29.40992596047149,84.1783203368237,Stable,0,2021-07-22
2021-12-10,26.687953996383214,82.31830096618144,Stable,0,2021-12-10
2022-12-06,26.321724894009996,81.58864947022707,Stable,0,2022-12-06
2023-08-28,27.32877335263694,86.35523220017569,Stable,0,2023-08-28
2021-02-11,30.17677819122103,80.53572725729646,Stable,0,2021-02-11
2021-10-14,27.22993658960065,81.82510752576019,Stable,0,2021-10-14
2022-06-24,30.438024091754187,83.92993247804672,Stable,0,2022-06-24
2023-04-26,28.408826781440972,86.03467148409096,Stable,0,2023-04-26
2022-11-08,27.108425916845356,83.56875936979627,Stable,0,2022-11-08
2022-11-18,27.07825838766313,87.1001110618142,Stable,0,2022-11-18
2023-03-16,28.5809893754176,83.63084213052777,Stable,0,2023-03-16
2021-11-15,28.45307420413467,87.89401247351667,Stable,0,2021-11-15
2023-06-12,27.465184835018977,87.76310001546575,Stable,0,2023-06-12
2022-06-03,30.236199068176035,81.43399670452123,Stable,0,2022-06-03
2023-09-01,29.044574621491797,80.52265241169378,Stable,0,2023-09-01
2021-12-31,29.780884391613498,80.98721456400006,Stable,0,2021-12-31
2022-02-14,28.49036012423489,86.27063070159072,Stable,0,2022-02-14
2023-03-12,29.595693132518026,87.62505377852499,Stable,0,2023-03-12
2022-08-15,27.449979859496526,85.64718588947373,Stable,0,2022-08-15
2021-06-22,29.136195505486626,86.03138128292548,Stable,0,2021-06-22
2021-03-20,30.004168839826455,84.32691917568289,Stable,0,2021-03-20
2021-10-31,27.07917018699648,85.18010275179905,Stable,0,2021-10-31
2021-04-05,28.193047434022223,82.72572411669718,Stable,0,2021-04-05
2021-03-07,27.440595100189356,82.27179621405222,Stable,0,2021-03-07
2023-03-03,29.681216622265595,85.0745898116992,Stable,0,2023-03-03
2021-11-12,29.2780048284373,87.230618816422,Stable,0,2021-11-12
2022-03-25,29.693951326919,80.34426242613061,Stable,0,2022-03-25
2023-02-27,26.960702102616544,80.31796966629268,Stable,0,2023-02-27
2023-07-03,28.11624682634284,86.65345873398691,Stable,0,2023-07-03
2022-12-21,28.72924988626675,84.38658062009783,Stable,0,2022-12-21
2023-05-04,26.376929617595653,81.59875510012002,Stable,0,2023-05-04
2021-03-27,27.298612280471236,84.69192060574183,Stable,0,2021-03-27
2021-03-16,27.901572602716776,86.68572460091025,Stable,0,2021-03-16
2021-12-13,28.5884727622119,82.10854651476922,Stable,0,2021-12-13
2023-01-19,28.775848331448906,85.42214689201174,Stable,0,2023-01-19
2021-03-01,30.342552972313804,86.80743328478869,Stable,0,2021-03-01
2021-01-02,27.946825872090457,86.68337236661779,Stable,0,2021-01-02
2022-06-18,27.666654611176806,80.04858546004675,Stable,0,2022-06-18
2022-08-10,29.50152196909817,87.1990268884083,Stable,0,2022-08-10
2022-06-11,28.133466862832083,84.60718762145864,Stable,0,2022-06-11
2021-07-09,26.759441447663956,86.25810710978963,Stable,0,2021-07-09
2022-05-17,28.619609138281653,88.05716596564525,Stable,0,2022-05-17
2021-02-02,27.981025663731415,81.69602313863359,Stable,0,2021-02-02
2023-06-11,29.703098542032087,85.92127310198208,Stable,0,2023-06-11
2023-07-18,26.686546442512256,87.54729500282198,Stable,0,2023-07-18
2022-07-18,27.103239693008263,82.42626143847896,Stable,0,2022-07-18
2023-12-28,26.784274375297105,85.34385335982142,Stable,0,2023-12-28
2021-03-30,28.837456117540626,86.15774549154054,Stable,0,2021-03-30
2022-01-19,30.467861617315513,87.02081329135298,Stable,0,2022-01-19
2023-09-25,28.819603994289142,80.80049405802632,Stable,0,2023-09-25
2021-03-08,26.727225762917463,87.38244351453677,Stable,0,2021-03-08
2022-04-05,30.064207212298733,81.3591293447296,Stable,0,2022-04-05
2023-07-28,27.87047587322306,80.00089831760566,Stable,0,2023-07-28
2021-10-20,30.3396955267797,86.5803853936055,Stable,0,2021-10-20
2021-12-02,30.19117912273214,86.85419510003844,Stable,0,2021-12-02
2023-02-06,30.24723891703336,82.30476798729482,Stable,0,2023-02-06
2022-09-18,30.397076287673844,85.16602486846024,Stable,0,2022-09-18
2021-09-05,27.324354425160344,83.15152481563844,Stable,0,2021-09-05
2023-10-24,28.07197164954455,83.25974335315412,Stable,0,2023-10-24
2023-03-27,26.41421895612978,81.07998469863279,Stable,0,2023-03-27
2022-09-07,29.439144336972692,87.44176447829335,Stable,0,2022-09-07
2021-02-05,30.20634024736451,87.455387242308,Stable,0,2021-02-05
2021-12-27,29.05819925748899,83.90223512096493,Stable,0,2021-12-27
2022-10-23,29.239071436042263,87.50789732628483,Stable,0,2022-10-23
2023-08-06,28.558429083085464,87.29429598455582,Stable,0,2023-08-06
2023-09-04,30.253989365807204,83.5502944598612,Stable,0,2023-09-04
2022-04-12,30.308787311419092,84.02506381611062,Stable,0,2022-04-12
2021-06-02,27.786757139310964,87.83452649539429,Stable,0,2021-06-02
2023-01-01,29.172147250815677,84.77238453464443,Stable,0,2023-01-01
2023-03-16,27.254476442167075,84.66918522233071,Stable,0,2023-03-16
2023-07-01,30.07538826824789,83.58286960596129,Stable,0,2023-07-01
2022-05-05,29.031076197332983,85.90459285406169,Stable,0,2022-05-05
2023-12-03,26.79719958954614,84.32861748225076,Stable,0,2023-12-03
2021-05-24,29.22195451344396,82.18355020541509,Stable,0,2021-05-24
2022-04-06,27.90064592629796,81.56976871858603,Stable,0,2022-04-06
2021-01-19,27.00951418836868,85.2953133935632,Stable,0,2021-01-19
2023-02-08,27.984119340964455,84.26784243014151,Stable,0,2023-02-08
2022-11-26,29.55077012784971,81.37211790322576,Stable,0,2022-11-26
2022-10-15,27.16716605439404,85.65084287851435,Stable,0,2022-10-15
2021-09-22,30.09024712477022,85.30995908621944,Stable,0,2021-09-22
2022-01-25,27.64306516247073,81.46453030165465,Stable,0,2022-01-25
2023-10-04,28.839365545247254,84.76388659634469,Stable,0,2023-10-04
2021-08-25,27.713004668361172,83.51519875197984,Stable,0,2021-08-25
2021-05-20,29.44773166744241,80.64248527059233,Stable,0,2021-05-20
2023-11-19,26.5495893494285,81.07986130543667,Stable,0,2023-11-19
2022-08-28,29.407261511117017,82.00444031784869,Stable,0,2022-08-28
2023-10-04,29.671967343833806,87.8751702357006,Stable,0,2023-10-04
2023-07-24,27.93222163331281,81.54502660626969,Stable,0,2023-07-24
2022-10-08,28.276408217662993,86.01696355457042,Stable,0,2022-10-08
2021-12-19,27.91941205841595,84.6936572424852,Stable,0,2021-12-19
2022-09-18,28.753232936915595,80.0105676344245,Stable,0,2022-09-18
2023-04-12,27.294538643372142,85.48546091802638,Stable,0,2023-04-12
2021-04-21,27.29721244694109,85.05456496559754,Stable,0,2021-04-21
2021-12-02,28.002416601497107,80.9722507047571,Stable,0,2021-12-02
2022-11-17,29.623105484845773,83.54995730002177,Stable,0,2022-11-17
2023-09-22,30.45527776182407,80.30653308792135,Stable,0,2023-09-22
2022-04-12,28.209400836626745,82.31631914701293,Stable,0,2022-04-12
2021-12-15,26.421093554094895,86.96137456826686,Stable,0,2021-12-15
2023-07-01,28.337557748570266,84.8627809125429,Stable,0,2023-07-01
2021-01-05,29.604793562586092,80.91885912040827,Stable,0,2021-01-05
2021-11-16,29.889267134474355,88.08417143735436,Stable,0,2021-11-16
2021-10-15,29.05269034862952,82.543684767722,Stable,0,2021-10-15
2023-08-25,28.162643143727124,86.53076685625871,Stable,0,2023-08-25
2022-01-08,27.734179914765168,88.23165938606421,Stable,0,2022-01-08
2022-08-11,26.808205227012532,80.99158919184842,Stable,0,2022-08-11
2021-02-22,30.299169892910584,86.39771593018084,Stable,0,2021-02-22
2021-02-10,26.344957639151232,86.64811950321456,Stable,0,2021-02-10
2021-09-30,27.398461457003425,84.47780793495835,Stable,0,2021-09-30
2022-02-25,27.304945423105774,83.53978652354168,Stable,0,2022-02-25
2021-10-03,29.884562284445877,81.36341582381817,Stable,0,2021-10-03
2021-01-02,29.981913156277457,83.64038341131426,Stable,0,2021-01-02
2022-02-10,28.54370354933113,86.42423413550131,Stable,0,2022-02-10
2021-04-24,28.560277720133005,84.20626097001337,Stable,0,2021-04-24
2021-08-29,28.13030406147535,82.08031804423214,Stable,0,2021-08-29
2021-02-15,30.332951879052484,82.50741392824597,Stable,0,2021-02-15
2022-09-24,27.06250112594745,87.6997605457012,Stable,0,2022-09-24
2022-02-05,28.050469853815496,88.28819182330592,Stable,0,2022-02-05
2023-01-09,29.63536312338644,81.0377030940254,Stable,0,2023-01-09
2023-08-31,30.1682040720948,86.93054730315751,Stable,0,2023-08-31
2023-04-21,26.490885059034596,83.01014693583168,Stable,0,2023-04-21
2021-11-21,26.59839456960316,85.60175162879459,Stable,0,2021-11-21
2023-04-02,30.41163780543505,87.36000140706345,Stable,0,2023-04-02
2022-12-03,28.981989386348157,80.8605075841981,Stable,0,2022-12-03
2021-09-26,28.599463862926807,85.12306764414515,Stable,0,2021-09-26
2022-01-29,30.389981150897597,85.8533434570375,Stable,0,2022-01-29
2023-10-22,30.20448873378511,88.2541294449357,Stable,0,2023-10-22
2023-11-26,28.749225845161615,80.61837125093597,Stable,0,2023-11-26
2023-08-10,27.387590871782123,83.64264247169304,Stable,0,2023-08-10
2023-08-13,28.322787494351168,87.56554374706387,Stable,0,2023-08-13
2023-12-11,26.494774962396637,84.0981684511985,Stable,0,2023-12-11
2022-07-06,26.95362418065019,85.24878980291214,Stable,0,2022-07-06
2022-06-13,27.914244724666087,88.02924430119758,Stable,0,2022-06-13
2021-07-28,28.10088896463359,80.50473569049974,Stable,0,2021-07-28
2021-12-16,29.036002941818964,88.01647304514688,Stable,0,2021-12-16
2021-05-04,28.72206577747625,87.33744799262291,Stable,0,2021-05-04
2021-11-15,29.394130735543538,80.8394938618827,Stable,0,2021-11-15
2021-03-02,28.37433055328198,87.6296008887044,Stable,0,2021-03-02
2022-10-23,26.93663135129686,84.17041132155977,Stable,0,2022-10-23
2021-04-17,30.322810500858495,85.13720576599188,Stable,0,2021-04-17
2021-10-09,26.31651314234256,85.39805256793971,Stable,0,2021-10-09
2023-05-17,27.161376001302237,84.36342728489218,Stable,0,2023-05-17
2021-06-22,26.441839035648936,80.87922109677741,Stable,0,2021-06-22
2023-01-13,30.420230091635375,83.4367654336708,Stable,0,2023-01-13
2022-04-13,26.34606225438512,85.60097972011619,Stable,0,2022-04-13
2022-05-23,27.658559110450287,84.90435606770858,Stable,0,2022-05-23
2022-01-28,29.90387046191463,83.2401312925863,Stable,0,2022-01-28
2022-07-05,28.801976941500868,86.04538496899728,Stable,0,2022-07-05
2022-09-01,28.037698506259268,81.9588012278696,Stable,0,2022-09-01
2021-01-03,29.797650809523812,87.64564584545953,Stable,0,2021-01-03
2023-09-15,26.40533200110404,83.4920635300681,Stable,0,2023-09-15
2023-11-08,28.86519730113911,86.72533957580319,Stable,0,2023-11-08
2023-01-10,28.47330286527432,85.60315129261116,Stable,0,2023-01-10
2023-04-24,27.28033356241968,86.27383997204353,Stable,0,2023-04-24
2023-07-16,27.47058608423822,85.83690033927525,Stable,0,2023-07-16
2021-04-27,29.51250329060883,83.41424996154393,Stable,0,2021-04-27
2023-12-11,28.00778327815043,80.69490975419811,Stable,0,2023-12-11
2022-02-28,27.30508823687586,88.125985668635,Stable,0,2022-02-28
2023-02-20,28.951325056565917,83.25669439245935,Stable,0,2023-02-20
2021-12-16,29.87735276626342,84.45778879365623,Stable,0,2021-12-16
2022-10-02,26.44986217341117,82.00791921893814,Stable,0,2022-10-02
2023-03-03,28.35097657053681,81.68110571089854,Stable,0,2023-03-03
2021-02-19,26.809143268341277,86.05772109545283,Stable,0,2021-02-19
2023-06-30,27.27361572645823,83.01727565360699,Stable,0,2023-06-30
2021-02-01,27.472384149254484,83.59360562803549,Stable,0,2021-02-01
2021-12-16,28.586539098010963,81.93171444376418,Stable,0,2021-12-16
2021-03-25,26.65121328710719,80.21227650529934,Stable,0,2021-03-25
2021-10-07,27.67652249989224,81.30524651072332,Stable,0,2021-10-07
2023-01-26,30.044380817222457,80.22944063848493,Stable,0,2023-01-26
2023-01-13,30.29234509608848,84.97625612420221,Stable,0,2023-01-13
2021-06-11,28.30003435013388,87.10856914147195,Stable,0,2021-06-11
2023-07-26,28.034186253528215,81.93540671531606,Stable,0,2023-07-26
2021-11-07,27.12322242093004,87.2082058025903,Stable,0,2021-11-07
2023-08-22,26.5453032172399,81.32455104461577,Stable,0,2023-08-22
2023-03-20,30.33275401907086,86.4353170089432,Stable,0,2023-03-20
2022-10-15,28.8026970762704,87.53531822234906,Stable,0,2022-10-15
2021-02-13,28.818494954540945,81.09469970987979,Stable,0,2021-02-13
2021-10-01,27.670963695247657,81.53507808111861,Stable,0,2021-10-01
2021-05-05,29.73886049911426,82.08459638543317,Stable,0,2021-05-05
2022-01-25,30.06369446233975,87.53506258721646,Stable,0,2022-01-25
2021-04-17,26.54702950583859,87.68169305994422,Stable,0,2021-04-17
2023-07-31,28.482349290093577,80.99455451552325,Stable,0,2023-07-31
2023-03-08,27.199114323948816,84.5327465795512,Stable,0,2023-03-08
2023-10-07,29.714669036902183,82.37329558106218,Stable,0,2023-10-07
2023-04-19,29.500241511873025,86.00449099397306,Stable,0,2023-04-19
2023-01-23,29.324738359314185,85.90013737019162,Stable,0,2023-01-23
2023-11-26,27.31890818130869,81.12069575598146,Stable,0,2023-11-26
2022-05-11,26.810952237999555,82.27397898718104,Stable,0,2022-05-11
2021-02-25,26.801082497635967,86.77775808266931,Stable,0,2021-02-25
2022-04-14,28.412137717793,86.70044831212442,Stable,0,2022-04-14
2023-02-22,27.973895222944066,80.2723039310996,Stable,0,2023-02-22
2022-10-20,26.431746865654148,80.53338613268869,Stable,0,2022-10-20
2021-12-18,28.770458699718507,80.25919128474027,Stable,0,2021-12-18
2023-09-08,29.116789883830435,84.18670888036216,Stable,0,2023-09-08
2023-05-12,27.05098696200877,85.31090296637099,Stable,0,2023-05-12
2023-01-23,29.98010161856358,84.76642263611798,Stable,0,2023-01-23
2021-09-04,27.993507140023674,82.99963327916308,Stable,0,2021-09-04
2021-10-30,28.49491904437288,85.89555892825466,Stable,0,2021-10-30
2021-08-27,28.163190037394372,83.62427278589101,Stable,0,2021-08-27
2022-10-25,30.066303762111534,81.52188228003816,Stable,0,2022-10-25
2023-04-09,27.24384685947635,84.59738355512204,Stable,0,2023-04-09
2023-07-07,29.97607900813132,83.7116057512865,Stable,0,2023-07-07
2021-04-24,28.116943618254492,85.87192963616656,Stable,0,2021-04-24
2022-12-20,30.137111699182977,80.637310760026,Stable,0,2022-12-20
2022-05-20,27.70311210902262,85.43519849899889,Stable,0,2022-05-20
2023-12-10,27.75459605284645,88.23411198211627,Stable,0,2023-12-10
2023-08-20,27.565698802219657,86.45282161005721,Stable,0,2023-08-20
2021-11-18,27.957235918845623,85.23959003319996,Stable,0,2021-11-18
2022-06-27,28.165425500042243,86.94330485828559,Stable,0,2022-06-27
2023-02-06,29.320223449094183,86.4830326036314,Stable,0,2023-02-06
2021-11-17,29.23052049337615,87.880364171761,Stable,0,2021-11-17
2022-12-03,26.471482790777493,88.2066974055399,Stable,0,2022-12-03
2021-12-09,30.132649166597353,81.45955652265876,Stable,0,2021-12-09
2022-06-08,28.18776144160329,82.31851506826109,Stable,0,2022-06-08
2023-07-20,28.114811644690448,83.67839994095567,Stable,0,2023-07-20
2023-05-22,28.943391287960907,83.85455956423891,Stable,0,2023-05-22
2021-08-04,29.367482162750868,86.69720517836372,Stable,0,2021-08-04
2021-05-11,26.824688070295476,86.23265862478178,Stable,0,2021-05-11
2021-10-27,26.98265279998272,81.95073172290617,Stable,0,2021-10-27
2022-10-29,29.825642919160764,80.22025939894989,Stable,0,2022-10-29
2023-09-14,29.3945021518471,81.94865170821691,Stable,0,2023-09-14
2023-02-16,27.357615540122552,83.38371502785819,Stable,0,2023-02-16
2023-12-20,26.73024134171113,87.34088312104011,Stable,0,2023-12-20
2021-11-30,28.667374683477792,85.37860304045822,Stable,0,2021-11-30
2022-03-07,29.946968888806246,84.23215520813977,Stable,0,2022-03-07
2022-08-19,28.69451158247809,87.20471858338688,Stable,0,2022-08-19
2021-08-22,30.470164674506027,83.95052380784833,Stable,0,2021-08-22
2022-06-09,29.92764732222117,80.6461763732649,Stable,0,2022-06-09
2023-07-01,29.391047185824323,85.58470656862352,Stable,0,2023-07-01
2021-07-16,27.13652674274569,88.0254250457087,Stable,0,2021-07-16
2021-06-14,27.18869309921958,80.30225829037077,Stable,0,2021-06-14
2023-07-27,28.821014538592223,84.472528443124,Stable,0,2023-07-27
2021-05-19,29.093583456566183,80.9675214904776,Stable,0,2021-05-19
2023-07-12,28.530517070278425,82.54608519259457,Stable,0,2023-07-12
2022-06-07,28.625977791508024,80.89422400382654,Stable,0,2022-06-07
2022-04-09,28.868955419837512,82.13655482362672,Stable,0,2022-04-09
2023-03-23,28.418720081060197,80.58156526675178,Stable,0,2023-03-23
2022-05-21,28.4121713138159,86.37030299133905,Stable,0,2022-05-21
2023-10-21,28.418211525052097,86.43660474045917,Stable,0,2023-10-21
2021-09-06,29.12249711219649,84.75457835750923,Stable,0,2021-09-06
2023-02-19,27.503368403567915,80.79315675734803,Stable,0,2023-02-19
2022-06-23,28.77064486950561,80.87413400280225,Stable,0,2022-06-23
2023-03-09,28.644569379921627,84.03728721716202,Stable,0,2023-03-09
2021-09-27,27.45028373848928,86.54522067255729,Stable,0,2021-09-27
2023-12-15,28.3028639197414,85.9286212542861,Stable,0,2023-12-15
2023-06-11,27.62891905764371,87.16266984422838,Stable,0,2023-06-11
2021-12-22,27.75503034264505,84.83625109250757,Stable,0,2021-12-22
2023-06-03,29.7509536659984,85.48352519774895,Stable,0,2023-06-03
2021-10-08,27.54051981927262,82.63809298740553,Stable,0,2021-10-08
2021-05-17,30.08908006274624,83.40277994951646,Stable,0,2021-05-17
2021-10-20,27.07737236967352,87.01800176822871,Stable,0,2021-10-20
2022-10-14,27.995062534373652,85.2802199261623,Stable,0,2022-10-14
2023-12-31,28.719483220949854,87.98989973038957,Stable,0,2023-12-31
2021-12-22,27.632562160948144,82.31899214071277,Stable,0,2021-12-22
2022-05-02,28.261046394997425,80.19767181845074,Stable,0,2022-05-02
2021-04-29,30.396140361968953,85.04212555637149,Stable,0,2021-04-29
2022-11-27,27.994386989163235,81.58232692726061,Stable,0,2022-11-27
2023-07-08,29.790662066098424,80.76370655704494,Stable,0,2023-07-08
2023-05-11,29.365790748304057,86.63158388370519,Stable,0,2023-05-11
2023-03-20,29.243684948766088,84.25015674791908,Stable,0,2023-03-20
2022-12-22,28.439243118002835,86.29247898327324,Stable,0,2022-12-22
2023-04-01,27.58654915121556,87.04293328961515,Stable,0,2023-04-01
2021-04-12,29.988579236824258,84.92356177957508,Stable,0,2021-04-12
2023-07-17,28.62602927228301,84.79854171708206,Stable,0,2023-07-17
2021-01-10,29.519202443977345,83.87079220036007,Stable,0,2021-01-10
2021-12-30,27.952962038524394,83.71327212526482,Stable,0,2021-12-30
2022-09-22,27.93996313807189,86.19695596690221,Stable,0,2022-09-22
2022-05-21,30.40129714124784,85.32112300634286,Stable,0,2022-05-21
2022-05-03,29.255566201183505,80.79430831234806,Stable,0,2022-05-03
2022-08-16,27.41869512757519,84.83497209021503,Stable,0,2022-08-16
2023-05-17,30.03425644425021,82.134023639513,Stable,0,2023-05-17
2021-03-21,27.95306565704275,87.27225175366456,Stable,0,2021-03-21
2023-02-16,28.31051851519228,81.0492572049133,Stable,0,2023-02-16
2023-08-11,28.240535236469345,87.75123295034398,Stable,0,2023-08-11
2021-03-09,28.966539572121725,83.46273846863843,Stable,0,2021-03-09
2023-04-17,29.537935664357637,80.37510420045668,Stable,0,2023-04-17
2022-10-16,28.96516423603101,80.63070953765641,Stable,0,2022-10-16
2022-05-13,28.802323108929052,88.10219302789359,Stable,0,2022-05-13
2023-01-20,29.240078513580816,85.12144926737189,Stable,0,2023-01-20
2023-06-30,26.56167588347121,80.15615137536226,Stable,0,2023-06-30
2022-07-15,27.5963963226362,80.27374994646077,Stable,0,2022-07-15
2022-08-02,29.59992697656345,81.53456274410577,Stable,0,2022-08-02
2022-11-24,30.261881165965345,80.52209579885483,Stable,0,2022-11-24
2022-01-04,28.47733290041771,87.64127487206345,Stable,0,2022-01-04
2021-01-06,29.752256429348947,83.53240706319839,Stable,0,2021-01-06
2023-09-10,29.621159457586447,87.84884554036962,Stable,0,2023-09-10
2023-04-02,28.93968803812701,81.79511805373639,Stable,0,2023-04-02
2021-07-06,28.606325849207696,81.64858102811041,Stable,0,2021-07-06
2023-10-17,29.331168194069935,86.39446747120179,Stable,0,2023-10-17
2021-08-19,28.776793633798775,86.8333669190181,Stable,0,2021-08-19
2023-05-06,28.30796151461869,82.04654314301108,Stable,0,2023-05-06
2022-10-01,30.00382394844193,83.4925129500008,Stable,0,2022-10-01
2022-07-03,30.022182151433665,87.08435554775274,Stable,0,2022-07-03
2022-03-04,29.883695471841055,85.0144204203135,Stable,0,2022-03-04
2021-06-23,27.756314042370303,84.57698199696281,Stable,0,2021-06-23
2021-04-27,28.22098286818868,80.34356683721042,Stable,0,2021-04-27
2022-02-14,29.8781853637197,84.8727560371712,Stable,0,2022-02-14
2021-04-07,27.32294938528758,80.67188340380017,Stable,0,2021-04-07
2022-09-10,28.70909759515946,86.56474359221549,Stable,0,2022-09-10
2021-12-28,27.73841000001171,84.55116495490867,Stable,0,2021-12-28
2021-11-30,27.23633404447445,88.21606158452964,Stable,0,2021-11-30
2022-07-06,26.761894693887,84.97447051544822,Stable,0,2022-07-06
2023-08-10,29.416013597284433,86.88050212702602,Stable,0,2023-08-10
2022-04-06,26.852193560810687,80.13672151165291,Stable,0,2022-04-06
2023-11-27,27.766289709419127,87.69928008598006,Stable,0,2023-11-27
2021-10-29,30.265421563673605,83.88919861027037,Stable,0,2021-10-29
2022-10-29,26.54769031421962,83.83710194349963,Stable,0,2022-10-29
2022-11-12,29.32633340337543,86.86407492184516,Stable,0,2022-11-12
2022-05-07,29.36888064842552,87.09494115205032,Stable,0,2022-05-07
2023-04-17,26.788811716379232,88.17535700049298,Stable,0,2023-04-17
2022-06-07,27.299188536842525,80.80576995634513,Stable,0,2022-06-07
2023-03-21,28.198465489386873,83.76264410079294,Stable,0,2023-03-21
2023-05-09,30.355335320310708,84.84710967100445,Stable,0,2023-05-09
2022-06-29,28.316433741141775,82.08257482925191,Stable,0,2022-06-29
2022-05-27,27.04806670226398,81.10812701742277,Stable,0,2022-05-27
2021-05-07,26.796894917553317,86.8323719002529,Stable,0,2021-05-07
2023-08-13,28.58051757862078,87.54477101571888,Stable,0,2023-08-13
2022-03-29,27.453985334445193,80.41060424106581,Stable,0,2022-03-29
2021-12-25,29.126923765576016,83.57093541084278,Stable,0,2021-12-25
2022-06-15,29.46253196331356,80.97367648582198,Stable,0,2022-06-15
2023-11-23,29.979084031402376,85.26057069596592,Stable,0,2023-11-23
2021-09-09,27.013027352723416,86.30689805541627,Stable,0,2021-09-09
2023-02-27,26.634040585024955,81.76233802723226,Stable,0,2023-02-27
2022-01-03,28.63684653392708,83.40825315838191,Stable,0,2022-01-03
2021-08-13,26.92887126844874,82.88226758795601,Stable,0,2021-08-13
2023-05-10,28.971940439223573,81.14599731139634,Stable,0,2023-05-10
2021-09-04,27.151114923910253,87.58734033841776,Stable,0,2021-09-04
2022-03-15,29.43565607381877,87.78828609239129,Stable,0,2022-03-15
2022-06-21,27.689217620965195,87.16474414782498,Stable,0,2022-06-21
2023-03-03,27.99211224673159,82.51897353058101,Stable,0,2023-03-03
2021-01-24,28.10970375237643,81.62462949249226,Stable,0,2021-01-24
2022-02-16,29.68539893378823,80.64080909442517,Stable,0,2022-02-16
2021-04-16,26.8307903804828,83.24759331907066,Stable,0,2021-04-16
2022-07-08,27.87221634928095,84.7452191406171,Stable,0,2022-07-08
2021-01-25,28.51878530597916,80.36987373161006,Stable,0,2021-01-25
2021-10-16,29.873442348443792,81.6481804386743,Stable,0,2021-10-16
2021-12-14,29.672236543343345,86.81866424849318,Stable,0,2021-12-14
2023-02-28,26.946895827523225,80.00030269028169,Stable,0,2023-02-28
2021-01-14,26.568487555579715,86.01599015687371,Stable,0,2021-01-14
2021-05-12,26.91383299335074,87.72893997381439,Stable,0,2021-05-12
2023-05-09,27.678973113047828,88.12470719877267,Stable,0,2023-05-09
2023-09-04,26.777269966739425,80.99900334041503,Stable,0,2023-09-04
2022-01-13,29.809987197399405,85.61271668800609,Stable,0,2022-01-13
2022-07-08,29.161722128221,84.09647978058508,Stable,0,2022-07-08
2022-05-14,28.116131688084,85.03765800806893,Stable,0,2022-05-14
2022-03-18,29.622018129186586,81.45855668351315,Stable,0,2022-03-18
2022-02-20,28.02510723260569,80.53543037714333,Stable,0,2022-02-20
2021-10-24,29.771917271750524,83.20545619444444,Stable,0,2021-10-24
2022-09-08,27.158648690565407,86.54430760307817,Stable,0,2022-09-08
2022-07-22,28.160245229300905,85.03884414200083,Stable,0,2022-07-22
2021-02-09,28.60502558136512,81.69306909134853,Stable,0,2021-02-09
2021-09-07,26.7281998926594,85.46132155632434,Stable,0,2021-09-07
2023-02-26,27.382873039760128,86.25513539018885,Stable,0,2023-02-26
2023-05-15,28.57551126866795,88.20621084048176,Stable,0,2023-05-15
2023-08-29,29.987203923108904,82.03817317494013,Stable,0,2023-08-29
2021-04-29,27.383581022150423,87.21984005504552,Stable,0,2021-04-29
2022-10-21,30.40889260906585,88.23507294057889,Stable,0,2022-10-21
2022-03-22,28.25773108045686,81.39821251881636,Stable,0,2022-03-22
2021-10-09,29.354147050807725,83.9140301702877,Stable,0,2021-10-09
2021-01-01,29.848512530922857,80.45413401455569,Stable,0,2021-01-01
2021-08-01,29.51590576084954,80.31517151337309,Stable,0,2021-08-01
2023-03-31,26.38945677769887,84.05707569904237,Stable,0,2023-03-31
2021-02-08,29.144695557323004,87.02534347631274,Stable,0,2021-02-08
2023-11-27,29.60079412456932,82.13223993704456,Stable,0,2023-11-27
2022-11-01,27.75062470766645,80.13138291045716,Stable,0,2022-11-01
2022-12-29,26.65338643575062,82.49047413733403,Stable,0,2022-12-29
2021-08-15,28.552612993515304,82.09761769468007,Stable,0,2021-08-15
2022-09-10,26.85745344049564,80.07980806836224,Stable,0,2022-09-10
2023-07-25,27.815608461867775,82.95868279263172,Stable,0,2023-07-25
2021-09-27,26.93795852667064,81.43240449623592,Stable,0,2021-09-27
2021-07-05,26.525796175098964,83.5675749076745,Stable,0,2021-07-05
2023-04-01,30.435790808353943,84.38995985325005,Stable,0,2023-04-01
2023-10-11,27.130555355825543,81.7825638808383,Stable,0,2023-10-11
2022-10-03,28.57357530288651,83.78117711370571,Stable,0,2022-10-03
2023-10-25,29.986594842581088,85.81674481724329,Stable,0,2023-10-25
2023-03-23,29.933739159300917,88.00632141555587,Stable,0,2023-03-23
2022-10-30,29.667454778879577,87.67331948408454,Stable,0,2022-10-30
2023-11-27,30.177089752958913,84.4790088299638,Stable,0,2023-11-27
2022-08-02,28.879406005433708,80.10605952017117,Stable,0,2022-08-02
2023-12-18,28.833306221007597,88.239016412544,Stable,0,2023-12-18
2023-11-27,27.53019214397592,87.53873230607168,Stable,0,2023-11-27
2023-04-23,26.686969064886316,81.0555422503715,Stable,0,2023-04-23
2022-11-24,26.61775770797729,85.54279870487525,Stable,0,2022-11-24
2021-02-20,28.560442377642264,84.2554868749455,Stable,0,2021-02-20
2022-09-15,29.08380568015928,86.75151959139292,Stable,0,2022-09-15
2023-09-03,29.327001527320924,83.29622582075402,Stable,0,2023-09-03
2021-04-15,27.17782323835832,80.61204795103617,Stable,0,2021-04-15
2023-12-06,30.0671481632008,80.93681830210963,Stable,0,2023-12-06
2022-09-02,26.649305937645376,85.59388345965232,Stable,0,2022-09-02
2021-10-29,30.099102822575695,85.49759179953594,Stable,0,2021-10-29
2021-01-21,26.909399656065315,86.89681088055283,Stable,0,2021-01-21
2021-03-04,27.513488777405907,84.98529351374263,Stable,0,2021-03-04
2021-08-11,30.22482993234078,81.51071783158054,Stable,0,2021-08-11
2023-04-11,28.326625688131777,82.56736846146457,Stable,0,2023-04-11
2023-02-22,27.14841965050606,81.17607665563882,Stable,0,2023-02-22
2023-09-03,29.048261763762145,86.58576736200185,Stable,0,2023-09-03
2023-01-07,29.721137325689075,88.00966040434007,Stable,0,2023-01-07
2022-05-12,29.21141730092303,80.13077044165544,Stable,0,2022-05-12
2021-03-17,28.332656555674948,87.9491043632417,Stable,0,2021-03-17
2023-01-09,27.77574673995686,84.28757749766689,Stable,0,2023-01-09
2022-07-17,26.393065919203657,88.22126062592683,Stable,0,2022-07-17
2023-06-27,27.640848351221237,84.20165386831845,Stable,0,2023-06-27
2022-07-11,27.179733318623516,85.68636915414739,Stable,0,2022-07-11
2021-10-25,27.566095656901993,82.5165094671285,Stable,0,2021-10-25
2022-05-17,28.319039864952742,85.02135046319745,Stable,0,2022-05-17
2022-06-24,26.509214011871777,82.25006561983528,Stable,0,2022-06-24
2023-08-07,28.636460140339096,83.89730574945662,Stable,0,2023-08-07
2023-01-28,26.69297581128601,85.55305232431374,Stable,0,2023-01-28
2021-08-20,27.927086746723703,84.83816814614153,Stable,0,2021-08-20
2021-10-31,27.40043324643108,88.15304602228426,Stable,0,2021-10-31
2022-03-20,29.437785262458178,86.64779248219514,Stable,0,2022-03-20
2021-08-30,29.040192477166908,82.1000754969194,Stable,0,2021-08-30
2023-12-13,28.239898457131364,83.35820730897204,Stable,0,2023-12-13
2021-03-29,27.769777232271487,82.71277684397235,Stable,0,2021-03-29
2021-08-12,29.317423383781712,85.83303817308744,Stable,0,2021-08-12
2023-04-24,29.78494766326101,83.74002247389433,Stable,0,2023-04-24
2022-10-15,27.300183985230092,81.99049903646318,Stable,0,2022-10-15
2023-08-31,28.404672403026023,86.43524312153859,Stable,0,2023-08-31
2021-09-22,26.8031225649506,81.35149754529799,Stable,0,2021-09-22
2023-09-26,27.245547136388893,82.83780849430444,Stable,0,2023-09-26
2021-10-13,29.04370322898616,87.41147205405227,Stable,0,2021-10-13
2023-07-11,26.48905996979152,80.03682374838505,Stable,0,2023-07-11
2022-02-19,29.552483094524028,84.85887997218,Stable,0,2022-02-19
2021-09-09,29.91818529314904,80.00738059250779,Stable,0,2021-09-09
2023-01-03,26.46095459632983,81.79125820915309,Stable,0,2023-01-03
2023-06-06,29.166854348249153,83.06204980971962,Stable,0,2023-06-06
2022-12-09,27.864745617525823,82.9932959964584,Stable,0,2022-12-09
2022-10-03,27.88855617525358,81.5828554373193,Stable,0,2022-10-03
2021-02-04,27.163538396669683,80.26907524496758,Stable,0,2021-02-04
2022-05-11,28.448604592250263,85.32005453291924,Stable,0,2022-05-11
2022-07-07,26.958678505433276,84.12171886712059,Stable,0,2022-07-07
2023-04-20,29.82013940437762,87.73826207930504,Stable,0,2023-04-20
2023-08-06,26.33286457561891,80.70724721431289,Stable,0,2023-08-06
2023-03-13,29.02892950620961,82.20841398532133,Stable,0,2023-03-13
2021-06-22,27.873689202804233,86.92907828436407,Stable,0,2021-06-22
2021-09-10,28.745331521395496,86.26139158860508,Stable,0,2021-09-10
2022-10-13,27.03667500107159,82.03333993458483,Stable,0,2022-10-13
2022-04-29,30.090895981606003,84.23645041637313,Stable,0,2022-04-29
2021-03-03,29.93954343470559,87.07275157859587,Stable,0,2021-03-03
2022-12-12,26.51802683304049,82.27869161192818,Stable,0,2022-12-12
2023-05-02,27.84058176818655,84.92816913790345,Stable,0,2023-05-02
2023-08-02,30.096924135514307,81.25771282492123,Stable,0,2023-08-02
2021-10-16,27.22906310801332,87.52596804669463,Stable,0,2021-10-16
2023-09-08,26.543883175179896,81.49289630762412,Stable,0,2023-09-08
2021-07-29,28.801674107143885,81.63817990690087,Stable,0,2021-07-29
2023-12-24,30.338005769709824,80.09879459535345,Stable,0,2023-12-24
2022-12-16,26.5089484904067,85.53495290496669,Stable,0,2022-12-16
2023-03-07,27.084433579667017,80.21700063160561,Stable,0,2023-03-07
2022-06-09,28.417982033543044,80.8209889240708,Stable,0,2022-06-09
2021-11-18,28.93085735563225,85.29788624530252,Stable,0,2021-11-18
2021-12-06,30.051509400680203,86.3722397325019,Stable,0,2021-12-06
2023-02-26,28.01968054930448,80.97884516312197,Stable,0,2023-02-26
2022-12-19,29.12935905532428,86.83065542148768,Stable,0,2022-12-19
2021-07-20,29.161730662632937,86.60497669437318,Stable,0,2021-07-20
2022-08-15,29.3706408582305,85.81199929164788,Stable,0,2022-08-15
2021-11-04,27.905503845271173,83.40396069943029,Stable,0,2021-11-04
2022-10-22,27.190391550651427,80.59610090647199,Stable,0,2022-10-22
2022-01-18,30.250881671828633,81.8081438687291,Stable,0,2022-01-18
2021-12-03,28.94640239782661,82.3374114770511,Stable,0,2021-12-03
2023-08-23,29.691508583980276,85.99890453311374,Stable,0,2023-08-23
2023-03-03,26.382504530771055,87.26055009982872,Stable,0,2023-03-03
2021-11-14,28.51767411136842,85.1303102543693,Stable,0,2021-11-14
2022-05-10,27.84869463333484,86.71708987125268,Stable,0,2022-05-10
2023-12-08,29.24049316721288,81.32173158115125,Stable,0,2023-12-08
2023-12-25,29.931347509695033,81.28605076553455,Stable,0,2023-12-25
2023-03-16,30.090352423220896,87.06993434626314,Stable,0,2023-03-16
2023-10-09,27.313999385793444,80.18361473484148,Stable,0,2023-10-09
2023-09-28,28.053260361032777,82.15981458044953,Stable,0,2023-09-28
2022-09-06,29.2211367698463,88.0675418512179,Stable,0,2022-09-06
2022-01-03,26.59568428035393,86.20342723269898,Stable,0,2022-01-03
2023-06-16,27.900339099625185,81.61898417641252,Stable,0,2023-06-16
2022-10-24,26.85304658013908,82.17471264249357,Stable,0,2022-10-24
2021-06-15,28.7738918779821,84.90466439016485,Stable,0,2021-06-15
2021-05-17,27.77839483373307,85.77580997346924,Stable,0,2021-05-17
2023-12-21,29.767319956688155,85.8051288883913,Stable,0,2023-12-21
2021-05-25,27.836339549919117,84.42270146734279,Stable,0,2021-05-25
2021-02-05,27.912043429263345,87.26852286662061,Stable,0,2021-02-05
2022-08-01,27.664309889298835,81.1259280200428,Stable,0,2022-08-01
2022-01-01,29.70031669675759,81.1490193407347,Stable,0,2022-01-01
2021-03-27,30.2297407041099,80.601289439518,Stable,0,2021-03-27
2022-06-07,29.760829910791553,87.7273842425957,Stable,0,2022-06-07
2023-09-26,27.325210527422133,86.11237504465792,Stable,0,2023-09-26
2022-10-21,28.55894348915239,88.16653763954687,Stable,0,2022-10-21
2022-03-24,28.041229958442216,85.37938997467485,Stable,0,2022-03-24
2023-02-25,27.69631723319164,80.95933198073514,Stable,0,2023-02-25
2023-03-26,27.03592592685508,80.61832344197168,Stable,0,2023-03-26
2023-12-20,28.760230219979825,83.03995544957466,Stable,0,2023-12-20
2023-09-26,28.80381087190368,84.29626780450954,Stable,0,2023-09-26
2022-09-27,26.710280531348907,82.60322049546025,Stable,0,2022-09-27
2023-01-16,29.42873567701359,86.33785851053602,Stable,0,2023-01-16
2022-01-21,27.161022129860665,80.55887460322548,Stable,0,2022-01-21
2023-01-22,28.759615741929032,83.61679073838808,Stable,0,2023-01-22
2023-03-11,29.094249489286163,81.7066869255688,Stable,0,2023-03-11
2023-01-08,27.837832280306763,83.69841968884612,Stable,0,2023-01-08
2021-04-20,26.71277405761762,83.51206585099315,Stable,0,2021-04-20
2022-12-03,27.248856445238008,87.33871672860393,Stable,0,2022-12-03
2022-03-12,26.583486878205893,85.39876960185615,Stable,0,2022-03-12
2022-03-13,29.86579812510993,86.81209393930389,Stable,0,2022-03-13
2022-05-28,30.29301136492086,83.85356506060275,Stable,0,2022-05-28
2022-09-03,28.649955555154044,82.31662666758756,Stable,0,2022-09-03
2021-05-09,29.90826234933934,85.56585557339244,Stable,0,2021-05-09
2021-12-29,29.01175463366357,84.38657691169148,Stable,0,2021-12-29
2022-01-18,29.089559910694472,86.69255516870973,Stable,0,2022-01-18
2021-01-21,28.609075045203344,85.17048529837402,Stable,0,2021-01-21
2021-08-25,28.36450582590544,85.6280295232739,Stable,0,2021-08-25
2023-09-20,30.318629351252113,80.24666924440355,Stable,0,2023-09-20
2023-10-04,29.726912133687645,81.10120894102207,Stable,0,2023-10-04
2023-06-11,30.00542625894751,80.70758206590206,Stable,0,2023-06-11
2023-11-30,29.605814250050717,85.10699735376521,Stable,0,2023-11-30
2023-05-10,28.712456050329397,81.8820987367295,Stable,0,2023-05-10
2022-06-02,28.752669733625183,85.63409096090382,Stable,0,2022-06-02
2022-07-03,26.941391623724673,80.37078578625776,Stable,0,2022-07-03
2023-04-04,28.876896063054083,84.32294511028267,Stable,0,2023-04-04
2022-08-01,26.46944387274553,81.12609491987934,Stable,0,2022-08-01
2023-11-18,27.740203869065656,84.15965888044869,Stable,0,2023-11-18
2022-07-31,29.776667477388376,83.66168324749353,Stable,0,2022-07-31
2021-05-25,27.329116711320996,87.48715027636428,Stable,0,2021-05-25
2023-08-21,28.463004095955903,87.97023939132944,Stable,0,2023-08-21
2022-12-24,27.32468597532038,84.14128605449541,Stable,0,2022-12-24
2021-07-13,27.837440846797527,81.30757481730524,Stable,0,2021-07-13
2023-04-09,27.012634245294567,87.11386523237023,Stable,0,2023-04-09
2021-11-30,27.479354062255176,84.97508582301057,Stable,0,2021-11-30
2023-05-30,28.845045463467816,83.61607800490826,Stable,0,2023-05-30
2023-05-06,29.975673097487793,80.04473846939628,Stable,0,2023-05-06
2021-07-29,28.74563091797824,82.60779318751403,Stable,0,2021-07-29
2022-02-08,28.87204497017566,82.5952410531601,Stable,0,2022-02-08
2021-04-25,29.593554123441475,82.53337779070641,Stable,0,2021-04-25
2022-05-21,29.6704802256792,86.02300133789174,Stable,0,2022-05-21
2021-11-07,27.650195306920356,87.6857152574446,Stable,0,2021-11-07
2021-09-25,29.337899291830063,86.66448760465406,Stable,0,2021-09-25
2022-09-29,30.066557750539936,87.60368947439102,Stable,0,2022-09-29
2021-02-28,30.29904672461776,80.61859785236402,Stable,0,2021-02-28
2021-12-25,29.65314422953901,82.61929623873124,Stable,0,2021-12-25
2021-06-21,29.15383077753304,84.29547230302363,Stable,0,2021-06-21
2021-04-17,27.30600751848689,86.33783278590722,Stable,0,2021-04-17
2023-03-12,30.262600417243327,80.02984432290772,Stable,0,2023-03-12
2022-08-31,29.98112589480992,82.70035480562322,Stable,0,2022-08-31
2021-09-13,29.20129879648319,87.64542436947086,Stable,0,2021-09-13
2022-01-23,27.292538784041646,83.21393380319878,Stable,0,2022-01-23
2021-03-25,27.609029681853617,85.8753851610114,Stable,0,2021-03-25
2022-03-08,29.717369710952333,81.35900583686278,Stable,0,2022-03-08
2023-10-18,27.916103066543005,84.8627410781905,Stable,0,2023-10-18
2021-01-15,29.091267961693735,83.30204118211878,Stable,0,2021-01-15
2022-02-06,27.65662415026062,85.7857745451701,Stable,0,2022-02-06
2023-04-10,28.586188567103097,82.48612315702962,Stable,0,2023-04-10
2023-03-24,28.816524787978388,87.25662594641008,Stable,0,2023-03-24
2023-02-04,28.089738664050227,87.48003787774316,Stable,0,2023-02-04
2021-05-10,30.198103398247447,88.25738710392278,Stable,0,2021-05-10
2023-12-13,27.86668180864464,86.12611244520328,Stable,0,2023-12-13
2023-03-28,29.648868162027988,84.0617460790574,Stable,0,2023-03-28
2023-03-16,28.34169065838541,85.67173166367446,Stable,0,2023-03-16
2022-01-16,26.47942993626658,84.93330982574395,Stable,0,2022-01-16
2022-12-04,29.42690763445676,85.27983575631646,Stable,0,2022-12-04
2021-02-19,30.21461944919495,81.0855567962255,Stable,0,2021-02-19
2023-11-23,27.04216289748559,82.39566887545514,Stable,0,2023-11-23
2023-07-28,26.93225834417909,87.32508883453526,Stable,0,2023-07-28
2021-07-14,28.76229109050056,82.61908353765284,Stable,0,2021-07-14
2021-11-26,27.793456017552923,84.7128991098577,Stable,0,2021-11-26
2022-02-05,28.2935179369379,83.92938784479853,Stable,0,2022-02-05
2023-05-08,28.51367488629862,85.51122682938232,Stable,0,2023-05-08
2023-10-06,28.20940834966101,85.91843443744202,Stable,0,2023-10-06
2021-07-22,30.425403896113856,86.26296243048465,Stable,0,2021-07-22
2022-12-27,26.55393510432861,83.60830405828456,Stable,0,2022-12-27
2021-11-25,29.064584798714943,86.66101770590663,Stable,0,2021-11-25
2022-02-14,28.009926500678887,87.12360429074776,Stable,0,2022-02-14
2022-07-10,28.714571112999487,85.260540960177,Stable,0,2022-07-10
2023-12-03,26.308233410370622,80.91487465819134,Stable,0,2023-12-03
2023-07-24,29.488903474587417,81.91740278836258,Stable,0,2023-07-24
2022-02-18,30.47379692088147,82.7849161105635,Stable,0,2022-02-18
2022-12-04,26.341191080902163,84.59179659990784,Stable,0,2022-12-04
2023-05-22,27.871641977099145,86.50868308443486,Stable,0,2023-05-22
2021-07-31,28.10039689215965,86.85338768767996,Stable,0,2021-07-31
2022-10-27,28.403505570430543,84.62742419572305,Stable,0,2022-10-27
2023-01-02,30.2892599495276,82.12570408656326,Stable,0,2023-01-02
2021-06-21,29.820981056883294,83.23507091208832,Stable,0,2021-06-21
2021-08-29,27.442748977322065,88.21933615982803,Stable,0,2021-08-29
2021-05-01,29.54495148828542,81.82648736171856,Stable,0,2021-05-01
2023-07-29,28.272944882328986,82.69161855611213,Stable,0,2023-07-29
2021-05-24,28.59310075569857,85.00564221869041,Stable,0,2021-05-24
2023-02-09,28.203891481170643,83.03332099606821,Stable,0,2023-02-09
2023-12-12,30.27196148023292,86.18849862927551,Stable,0,2023-12-12
2023-01-22,29.959425215847393,88.0805747591759,Stable,0,2023-01-22
2022-10-18,29.93289771569904,85.88747422812767,Stable,0,2022-10-18
2022-05-04,28.06471781393354,82.93242770894462,Stable,0,2022-05-04
2023-12-03,28.7597788945844,81.06860828735437,Stable,0,2023-12-03
2021-11-20,28.275753262464473,83.97580586765663,Stable,0,2021-11-20
2021-03-10,29.843065064382852,86.31268729605493,Stable,0,2021-03-10
2023-04-22,29.475535734663435,82.85216428790808,Stable,0,2023-04-22
2023-03-07,28.612001244556975,81.34294015506764,Stable,0,2023-03-07
2022-04-30,29.783225529951174,80.43747648405902,Stable,0,2022-04-30
2022-10-02,27.839019762390564,80.48031214144586,Stable,0,2022-10-02
2023-09-26,27.221556990887628,87.53752864466283,Stable,0,2023-09-26
2023-09-18,28.537910548382435,81.74785892821544,Stable,0,2023-09-18
2023-05-06,30.22572800868812,87.70912768892795,Stable,0,2023-05-06
2022-07-09,29.59821780191228,82.57915159879657,Stable,0,2022-07-09
2023-08-21,30.157412538543017,81.76147301646724,Stable,0,2023-08-21
2021-01-03,28.35792261162805,83.98251528667964,Stable,0,2021-01-03
2021-09-30,26.75870525954955,80.44891858704725,Stable,0,2021-09-30
2022-09-28,26.53277960440321,88.08017643948898,Stable,0,2022-09-28
2022-06-02,27.32540227450909,86.74399011431827,Stable,0,2022-06-02
2021-06-25,27.26287614881521,84.73603088338446,Stable,0,2021-06-25
2022-01-09,27.364386628424995,81.71209604631392,Stable,0,2022-01-09
2022-11-15,26.776805645629643,81.68227616142471,Stable,0,2022-11-15
2022-10-11,26.53228358373467,88.04907053764911,Stable,0,2022-10-11
2023-03-09,27.335447010575077,82.71179818873307,Stable,0,2023-03-09
2021-03-07,30.183764559772417,83.05074395002617,Stable,0,2021-03-07
2023-03-15,30.203200184435197,80.94105741917303,Stable,0,2023-03-15
2023-12-14,26.752371427083364,86.62303548424555,Stable,0,2023-12-14
2022-10-26,28.7881882188932,82.74965117828364,Stable,0,2022-10-26
2022-12-10,28.85134557354904,86.20372570977085,Stable,0,2022-12-10
2022-09-13,26.507590672271736,86.23976274223075,Stable,0,2022-09-13
2023-04-15,27.806549033304776,87.91448752793772,Stable,0,2023-04-15
2021-06-10,30.172868804492605,80.95174400076611,Stable,0,2021-06-10
2023-01-09,28.035099588314505,87.66022149813372,Stable,0,2023-01-09
2023-09-04,28.03688659531919,84.78290517707718,Stable,0,2023-09-04
2021-11-02,27.15615565964393,81.27225483789964,Stable,0,2021-11-02
2022-10-25,27.69520946981637,88.14945993796113,Stable,0,2022-10-25
2023-10-24,28.7276610088272,83.94537450183016,Stable,0,2023-10-24
2022-08-16,27.949814413232097,81.55409374879494,Stable,0,2022-08-16
2023-12-23,26.817137132377347,83.00343223544323,Stable,0,2023-12-23
2023-04-23,27.228363092133748,82.10693268637064,Stable,0,2023-04-23
2022-11-28,27.54518778028172,81.99856042146273,Stable,0,2022-11-28
2022-02-23,26.948881629900807,86.6531245676613,Stable,0,2022-02-23
2023-07-16,27.75753656108622,87.00135465664717,Stable,0,2023-07-16
2023-09-03,28.858035674395033,84.26984485393685,Stable,0,2023-09-03
2021-09-08,28.687465870487145,85.40709661715617,Stable,0,2021-09-08
2022-09-22,27.134464463825605,86.32614701051331,Stable,0,2022-09-22
2021-07-30,28.57349406231063,82.2868285618772,Stable,0,2021-07-30
2022-05-01,30.064215841318816,80.22263357725573,Stable,0,2022-05-01
2021-02-04,30.47742917208454,85.01071514734669,Stable,0,2021-02-04
2021-07-24,28.81824921678382,87.39061182171783,Stable,0,2021-07-24
2022-07-11,28.04542467140141,80.75762135861808,Stable,0,2022-07-11
2023-08-09,28.59396419190333,87.87922282962424,Stable,0,2023-08-09
2023-10-08,30.39675835228468,84.66710160829504,Stable,0,2023-10-08
2022-06-17,27.470908051856576,86.75101646079068,Stable,0,2022-06-17
2023-09-25,26.66504907715503,82.6364169140928,Stable,0,2023-09-25
2022-10-29,29.962860129423618,80.78757056865383,Stable,0,2022-10-29
2022-02-08,28.08581377037796,81.36750645096646,Stable,0,2022-02-08
2022-06-06,29.543057675416986,86.797818209387,Stable,0,2022-06-06
2023-04-05,28.910488912613708,83.25188687871602,Stable,0,2023-04-05
2021-07-23,28.473696645291117,84.40613343133234,Stable,0,2021-07-23
2021-05-09,29.17128106796041,80.96249871105755,Stable,0,2021-05-09
2023-06-17,27.94231262286785,85.76406122069142,Stable,0,2023-06-17
2021-07-22,26.95838890093011,82.923674658828,Stable,0,2021-07-22
2021-11-13,28.511316895726143,85.71218022000852,Stable,0,2021-11-13
2021-10-03,29.339001721606337,82.98800584035492,Stable,0,2021-10-03
2023-10-09,28.82518998005469,80.87305158977269,Stable,0,2023-10-09
2023-03-28,27.393447887216812,86.64579261769003,Stable,0,2023-03-28
2021-06-10,29.803746119432795,86.00922593395933,Stable,0,2021-06-10
2023-04-29,29.82150692129572,85.70852834981822,Stable,0,2023-04-29
2021-12-10,29.368141505357936,80.21101559663515,Stable,0,2021-12-10
2022-04-27,29.193370027952177,83.71819250352455,Stable,0,2022-04-27
2021-11-07,26.91942019481615,84.41796623580517,Stable,0,2021-11-07
2022-06-21,26.99760475419844,88.2651646727372,Stable,0,2022-06-21
2023-09-14,28.486965325914287,84.54178130225067,Stable,0,2023-09-14
2023-11-21,28.068290011690284,81.55370350023819,Stable,0,2023-11-21
2023-01-28,27.43829302443058,80.05257050073854,Stable,0,2023-01-28
2022-12-27,27.15899268646346,86.71205063792425,Stable,0,2022-12-27
2023-09-08,28.89167305787692,81.36517008637509,Stable,0,2023-09-08
2022-03-18,28.28453943215573,86.82820009091668,Stable,0,2022-03-18
2023-10-17,26.772975815490828,84.85770063482805,Stable,0,2023-10-17
2021-12-10,28.0653200101106,87.08291715473115,Stable,0,2021-12-10
2021-02-08,27.221536083099338,83.78892556174246,Stable,0,2021-02-08
2021-08-01,28.782938018444476,83.13029113298737,Stable,0,2021-08-01
2022-08-31,28.981756520843724,88.22989314978246,Stable,0,2022-08-31
2023-05-27,27.618721745996915,82.83956886811966,Stable,0,2023-05-27
2021-04-19,26.966721346934165,83.41762920076764,Stable,0,2021-04-19
2021-11-27,28.911779199086336,80.19494146052646,Stable,0,2021-11-27
2022-01-15,30.28664325759919,83.62968585591769,Stable,0,2022-01-15
2022-10-21,29.85902834304162,82.20850024142368,Stable,0,2022-10-21
2022-11-28,28.683147099298836,86.8780270363971,Stable,0,2022-11-28
2023-04-08,26.525631426206928,87.17757746534734,Stable,0,2023-04-08
2022-02-11,26.41062499586096,87.06320142134454,Stable,0,2022-02-11
2022-08-24,29.58438672059096,85.7654912142448,Stable,0,2022-08-24
2022-03-31,29.292645437912046,84.41345532769216,Stable,0,2022-03-31
2023-03-05,26.412950158525565,83.17016980306937,Stable,0,2023-03-05
2023-08-23,29.89191394428181,87.8638297467506,Stable,0,2023-08-23
2021-07-27,28.801024093015485,83.55282699963007,Stable,0,2021-07-27
2021-06-26,26.971784590322436,84.84567351618554,Stable,0,2021-06-26
2023-06-02,30.44789245792061,86.9685449623549,Stable,0,2023-06-02
2022-12-04,27.73356002862,83.15892629798893,Stable,0,2022-12-04
2021-02-13,26.696677756688768,83.93951857547421,Stable,0,2021-02-13
2022-04-30,28.059883371256262,86.32259947174103,Stable,0,2022-04-30
2022-03-11,28.969224823093565,85.72034267525278,Stable,0,2022-03-11
2022-01-10,29.967707667220026,85.66795818101717,Stable,0,2022-01-10
2023-11-09,28.16389948496272,86.91810589363364,Stable,0,2023-11-09
2023-06-20,30.19974749729373,85.26170506602627,Stable,0,2023-06-20
2023-11-17,27.045451947236124,84.19300480632073,Stable,0,2023-11-17
2023-10-27,27.510393454980463,83.13796757793384,Stable,0,2023-10-27
2022-01-28,27.372041261525737,82.71624324476103,Stable,0,2022-01-28
2022-10-06,29.411843149916557,80.66610075946723,Stable,0,2022-10-06
2023-06-25,28.73261152712636,83.96469324267534,Stable,0,2023-06-25
2022-01-23,26.812375160000514,82.36313111348086,Stable,0,2022-01-23
2021-03-23,26.36477829713454,80.27349708868877,Stable,0,2021-03-23
2023-03-18,29.759884611861203,82.68601109130181,Stable,0,2023-03-18
2021-07-12,28.919309291893228,80.1184649519698,Stable,0,2021-07-12
2022-09-19,27.393950978428517,80.30530840275094,Stable,0,2022-09-19
2023-05-24,29.744807555369757,83.3003703543246,Stable,0,2023-05-24
2022-08-26,26.821728645721148,84.27459738643468,Stable,0,2022-08-26
2021-07-03,30.09929115089211,81.61756862389842,Stable,0,2021-07-03
2021-11-14,27.135323027895513,85.67782645478762,Stable,0,2021-11-14
2021-04-30,28.707902008995525,80.63537820100954,Stable,0,2021-04-30
2021-11-28,27.32103813594693,83.29161308879178,Stable,0,2021-11-28
2022-09-15,26.714611597514775,80.33834879334246,Stable,0,2022-09-15
2023-09-18,30.2855933580557,87.97300789288767,Stable,0,2023-09-18
2021-07-09,28.005841737077414,81.41327977408508,Stable,0,2021-07-09
2021-10-18,27.564704304235075,85.9374762572798,Stable,0,2021-10-18
2023-05-02,26.8708666037559,84.85764744687215,Stable,0,2023-05-02
2021-07-12,26.944644061592054,85.35775539568947,Stable,0,2021-07-12
2023-01-07,28.17065692909135,81.64184329134362,Stable,0,2023-01-07
2021-07-19,29.49195076099649,88.2876007117606,Stable,0,2021-07-19
2021-03-29,29.789909797095792,82.56654471570964,Stable,0,2021-03-29
2022-11-02,26.413486351806775,81.64550812539888,Stable,0,2022-11-02
2021-06-23,28.92190453651055,87.16373743611454,Stable,0,2021-06-23
2021-05-29,30.173576192648305,87.07873978577105,Stable,0,2021-05-29
2022-07-09,26.4053713926226,83.5606030855595,Stable,0,2022-07-09
2023-09-26,27.12111557961645,83.81003198599115,Stable,0,2023-09-26
2021-11-25,26.76347075092634,85.0918363926168,Stable,0,2021-11-25
2021-01-14,29.265399609261493,81.42968750373777,Stable,0,2021-01-14
2023-08-23,26.955438289547796,82.70730323656146,Stable,0,2023-08-23
2023-02-28,28.261772439106956,85.73657310225946,Stable,0,2023-02-28
2021-03-05,29.551612274285592,82.90450262098197,Stable,0,2021-03-05
2021-04-23,28.51147277886973,81.9597543699807,Stable,0,2021-04-23
2022-10-20,27.41624920378786,84.89148698977438,Stable,0,2022-10-20
2021-07-18,27.470553595165978,86.59707886052452,Stable,0,2021-07-18
2021-06-30,27.352675886660148,83.77618071968959,Stable,0,2021-06-30
2023-06-15,28.733874296902577,86.10231483575961,Stable,0,2023-06-15
2023-06-20,29.12961587033447,86.5869228404697,Stable,0,2023-06-20
2022-10-13,29.51114143702592,81.65008776000118,Stable,0,2022-10-13
2023-03-09,27.84973096781965,85.68490044790568,Stable,0,2023-03-09
2022-07-04,29.65617354453568,80.96652713206421,Stable,0,2022-07-04
2023-11-21,27.47834562133229,85.0276988018351,Stable,0,2023-11-21
2021-04-12,30.420374309792187,82.60060091958702,Stable,0,2021-04-12
2021-01-11,27.063739564959107,86.99485405676958,Stable,0,2021-01-11
2023-08-21,28.279852988220828,86.6754366489153,Stable,0,2023-08-21
2023-11-24,29.299948096573367,82.81108827935591,Stable,0,2023-11-24
2022-03-29,29.635749689463648,81.60047098644378,Stable,0,2022-03-29
2022-05-05,26.492579468201097,87.46256482209947,Stable,0,2022-05-05
2022-03-06,30.26189875116359,81.35150926339237,Stable,0,2022-03-06
2022-10-14,26.865619461292248,88.02559001871545,Stable,0,2022-10-14
2022-04-19,28.07508253442225,85.12146072389307,Stable,0,2022-04-19
2022-09-25,29.601395172507807,81.71838987447356,Stable,0,2022-09-25
2022-03-31,27.111319910056373,85.00517330450778,Stable,0,2022-03-31
2023-08-15,28.390369324188796,82.20299877464356,Stable,0,2023-08-15
2022-06-21,28.621151481790037,81.97161189930767,Stable,0,2022-06-21
2022-12-17,29.399562957868156,82.66685116485495,Stable,0,2022-12-17
2023-04-13,28.539448544629103,83.30080614154707,Stable,0,2023-04-13
2023-01-09,27.388572399856216,82.63536325977421,Stable,0,2023-01-09
2023-02-10,26.588022818331822,80.34306713836688,Stable,0,2023-02-10
2023-06-20,30.292759715278688,83.13544321598458,Stable,0,2023-06-20
2022-06-01,28.364420564528505,87.25794527722609,Stable,0,2022-06-01
2021-09-28,28.86029935735913,83.71415737818566,Stable,0,2021-09-28
2023-12-27,29.742807835969188,80.8550674741748,Stable,0,2023-12-27
2023-05-17,30.17806968563601,87.14821563469958,Stable,0,2023-05-17
2022-04-17,26.945015343638403,85.12793332006119,Stable,0,2022-04-17
2021-09-05,27.142198437287437,83.797233060909,Stable,0,2021-09-05
2022-10-31,28.63459902206978,87.79927296661123,Stable,0,2022-10-31
2021-12-11,27.140256410515853,81.47065773037063,Stable,0,2021-12-11
2023-04-20,28.606931862713463,88.17333048772251,Stable,0,2023-04-20
2022-05-14,27.756452680529705,81.25758117124424,Stable,0,2022-05-14
2023-01-27,30.011856673787257,84.85176766226026,Stable,0,2023-01-27
2021-12-13,29.61964323334916,83.67888276734077,Stable,0,2021-12-13
2022-03-08,27.94098196690864,85.08791724476397,Stable,0,2022-03-08
2022-09-15,28.25235795333161,86.03884337142215,Stable,0,2022-09-15
2021-08-24,27.5635697969887,83.60415083690685,Stable,0,2021-08-24
2023-12-13,28.43706637725568,87.38768844956198,Stable,0,2023-12-13
2022-04-18,30.039386987690776,87.85490043689718,Stable,0,2022-04-18
2022-04-22,29.8382142978215,80.52724330245954,Stable,0,2022-04-22
2023-12-14,27.942053171204343,83.89080688030624,Stable,0,2023-12-14
2021-03-08,29.55111549834155,87.20165591363403,Stable,0,2021-03-08
2023-07-19,28.11404982149746,81.32675286259017,Stable,0,2023-07-19
2021-05-15,26.631361989242123,83.12280446074294,Stable,0,2021-05-15
2023-09-13,27.6406074579259,84.053856989946,Stable,0,2023-09-13
2023-03-23,27.249542128138003,84.76511840479671,Stable,0,2023-03-23
2021-10-16,28.078514986473536,81.78616993609799,Stable,0,2021-10-16
2023-10-29,28.47356559943419,87.59807184292421,Stable,0,2023-10-29
2022-04-03,27.42657806975105,81.42674135994272,Stable,0,2022-04-03
2023-07-20,26.646583787457992,84.60731388833162,Stable,0,2023-07-20
2021-03-20,26.41679969357671,85.57225029591521,Stable,0,2021-03-20
2023-09-21,26.47239239218068,85.60068276589554,Stable,0,2023-09-21
2023-07-01,30.452570931544145,83.45571457328455,Stable,0,2023-07-01
2023-05-08,27.812246317957793,80.66229220036325,Stable,0,2023-05-08
2023-01-24,29.016637241047167,84.68622966116357,Stable,0,2023-01-24
2022-06-15,27.235002273846955,86.54176470952069,Stable,0,2022-06-15
2023-09-20,27.76039783549218,80.58197597676688,Stable,0,2023-09-20
2023-10-06,30.088241945660876,86.95443883312177,Stable,0,2023-10-06
2023-09-17,27.362804358289463,82.22534425719623,Stable,0,2023-09-17
2021-01-31,27.903739884035108,81.75536482342963,Stable,0,2021-01-31
2021-04-07,29.959694273135092,86.33035728175776,Stable,0,2021-04-07
2022-01-30,27.502380491698514,86.02101434409153,Stable,0,2022-01-30
2023-05-14,27.175484281481385,84.16623687112694,Stable,0,2023-05-14
2022-12-13,30.00629369894457,85.06518209270531,Stable,0,2022-12-13
2022-10-14,29.3752539507766,86.50198736246043,Stable,0,2022-10-14
2021-07-02,27.995079101508992,81.27601089412107,Stable,0,2021-07-02
2023-05-08,27.831521153484942,86.19727727418646,Stable,0,2023-05-08
2021-04-26,29.405802710634404,85.2587860169172,Stable,0,2021-04-26
2022-06-28,26.483845297261027,82.42342902926252,Stable,0,2022-06-28
2021-09-15,26.62287177081664,85.02372737089188,Stable,0,2021-09-15
2023-06-21,29.04285023900612,86.16157044379638,Stable,0,2023-06-21
2022-05-05,27.545079966507984,87.90949113752009,Stable,0,2022-05-05
2023-01-02,29.571664367881883,82.58329641163441,Stable,0,2023-01-02
2021-09-12,26.600837547357443,85.8224833666761,Stable,0,2021-09-12
2021-03-25,28.017503597207725,86.18157187537717,Stable,0,2021-03-25
2021-04-03,28.657990677974357,80.36775753749507,Stable,0,2021-04-03
2022-02-22,29.047625180300667,80.49739300539312,Stable,0,2022-02-22
2022-08-05,29.55855039397076,84.5444431872366,Stable,0,2022-08-05
2022-06-16,29.45789945606658,84.39162851215086,Stable,0,2022-06-16
2021-09-27,30.040719184363795,85.12246824638875,Stable,0,2021-09-27
2023-07-20,28.846510795222695,80.17937977434619,Stable,0,2023-07-20
2022-08-25,26.864904595830325,86.16257569922863,Stable,0,2022-08-25
2023-07-01,29.952947573048725,83.97743079456704,Stable,0,2023-07-01
2021-10-05,29.107487859565104,84.5920643737764,Stable,0,2021-10-05
2022-09-28,28.147325834507065,86.10248135324707,Stable,0,2022-09-28
2022-08-19,28.188533934502107,82.12602271819381,Stable,0,2022-08-19
2023-07-02,27.740489393000445,82.00987932522925,Stable,0,2023-07-02
2021-05-02,29.658326500096976,84.18230231022764,Stable,0,2021-05-02
2021-05-16,27.74115326073038,87.08222785038892,Stable,0,2021-05-16
2023-10-25,29.157527937020493,85.70787062858574,Stable,0,2023-10-25
2022-11-09,27.741372887034785,83.64229808389214,Stable,0,2022-11-09
2022-09-16,28.63913804318629,81.59779703783708,Stable,0,2022-09-16
2022-08-27,28.43892545285443,81.46098116125873,Stable,0,2022-08-27
2022-07-07,27.380158913771165,81.5253525951782,Stable,0,2022-07-07
2023-12-07,27.017910787767992,84.6112449470021,Stable,0,2023-12-07
2023-09-21,26.47417247716354,80.32459805759609,Stable,0,2023-09-21
2022-04-18,26.398702961281646,85.92220108086215,Stable,0,2022-04-18
2021-10-05,27.81593789523567,88.244508134827,Stable,0,2021-10-05
2022-06-18,27.282772656550467,81.43982974699964,Stable,0,2022-06-18
2022-01-07,28.177677717209978,83.35182169063421,Stable,0,2022-01-07
2022-03-26,26.320149283941134,83.42260056810393,Stable,0,2022-03-26
2023-01-26,29.52990113798478,81.05004203406301,Stable,0,2023-01-26
2022-03-17,29.237888998205076,86.35485480491803,Stable,0,2022-03-17
2022-02-08,28.51316869619064,85.70589812135317,Stable,0,2022-02-08
2021-08-01,27.863739547659794,87.51513819861394,Stable,0,2021-08-01
2023-02-20,28.066828550436615,82.02853700785603,Stable,0,2023-02-20
2021-10-11,30.299846800896553,80.70041627994888,Stable,0,2021-10-11
2021-08-18,26.54152371796783,88.2402983399657,Stable,0,2021-08-18
2023-06-25,27.954667919832396,81.45285545633617,Stable,0,2023-06-25
2023-07-24,27.57583988852471,87.82535331891651,Stable,0,2023-07-24
2021-01-27,29.5304807945839,82.95421908513919,Stable,0,2021-01-27
2022-02-03,26.747647130706504,88.27068279104665,Stable,0,2022-02-03
2021-02-26,29.147138323479247,81.81676619942131,Stable,0,2021-02-26
2022-04-15,30.386677323938027,82.41300733851905,Stable,0,2022-04-15
2021-02-10,28.192629150308992,86.64845737710154,Stable,0,2021-02-10
2022-02-08,26.871231259528884,84.01206333322052,Stable,0,2022-02-08
2021-12-22,30.47211307577294,80.80856378232382,Stable,0,2021-12-22
2023-10-14,27.07440146112327,83.86511968045403,Stable,0,2023-10-14
2021-12-03,28.44801936596319,87.47478605855707,Stable,0,2021-12-03
2023-08-22,26.90684249729866,86.67520500353636,Stable,0,2023-08-22
2021-02-09,28.34291276198742,87.31367142497565,Stable,0,2021-02-09
2023-10-28,26.665878513781426,82.40485264295641,Stable,0,2023-10-28
2023-02-06,27.90819559863768,82.76230777735806,Stable,0,2023-02-06
2023-11-28,26.911769626760655,81.14003375126528,Stable,0,2023-11-28
2023-03-29,26.732877029290268,81.52609230368634,Stable,0,2023-03-29
2021-10-04,30.36981463486911,86.0917719890115,Stable,0,2021-10-04
2023-11-23,27.098004252602244,81.47018035762932,Stable,0,2023-11-23
2023-10-29,28.732488721381856,86.15818671328599,Stable,0,2023-10-29
2023-10-14,27.35612258436366,85.318709548768,Stable,0,2023-10-14
2023-10-16,27.25940816041235,86.91841915649127,Stable,0,2023-10-16
2023-02-14,29.93492212889722,81.23702444794006,Stable,0,2023-02-14
2022-06-14,27.32371973294376,83.31784349263457,Stable,0,2022-06-14
2022-07-12,30.356799732035658,86.24701183821365,Stable,0,2022-07-12
2022-03-11,27.505471566613902,80.22375436353256,Stable,0,2022-03-11
2022-09-06,28.856023984115712,84.79076574490955,Stable,0,2022-09-06
2023-07-22,29.78970193412947,80.15949094759524,Stable,0,2023-07-22
2023-03-20,27.23086942745956,81.32697872102737,Stable,0,2023-03-20
2021-06-25,28.85299906741232,83.29760399188515,Stable,0,2021-06-25
2023-08-19,27.649660525203032,82.76500244773175,Stable,0,2023-08-19
2021-05-08,26.6420375827203,83.51321603124435,Stable,0,2021-05-08
2022-01-17,30.03688477514544,85.85756706399566,Stable,0,2022-01-17
2023-11-16,30.065596700207603,85.65327172390418,Stable,0,2023-11-16
2022-01-10,28.6966984877224,81.91188910286769,Stable,0,2022-01-10
2021-02-06,26.91306881364283,80.313620905416,Stable,0,2021-02-06
2022-08-19,28.565543844746664,87.94354475982021,Stable,0,2022-08-19
2023-06-02,28.98242129876067,87.3268123837277,Stable,0,2023-06-02
2021-06-21,28.621980548049084,84.67133527320587,Stable,0,2021-06-21
2023-05-03,28.83712593144823,86.99559033318135,Stable,0,2023-05-03
2021-12-01,30.335047441323937,84.87123208128848,Stable,0,2021-12-01
2022-05-20,27.60894318879247,80.81834891070913,Stable,0,2022-05-20
2021-07-23,27.97336570717481,86.93134190886963,Stable,0,2021-07-23
2022-07-08,28.966971196725936,87.93496074042618,Stable,0,2022-07-08
2023-05-06,29.38352916852946,85.55629722368391,Stable,0,2023-05-06
2023-08-29,27.141798624120405,82.68623342756565,Stable,0,2023-08-29
2023-08-21,26.58157505951835,83.41554127567872,Stable,0,2023-08-21
2023-07-01,27.543539372545823,85.42293525523118,Stable,0,2023-07-01
2023-07-11,28.809951062611283,87.46498543425334,Stable,0,2023-07-11
2021-11-02,28.307427761476276,86.46214951389379,Stable,0,2021-11-02
2021-12-20,29.28956265632025,81.5554034093606,Stable,0,2021-12-20
2023-01-03,29.681136930443397,80.02325156773854,Stable,0,2023-01-03
2022-07-06,28.636401111499,87.28143854152371,Stable,0,2022-07-06
2023-12-27,26.43949235725019,88.27217104508674,Stable,0,2023-12-27
2021-08-04,27.90983621212194,83.45171035942836,Stable,0,2021-08-04
2022-08-17,27.48898805287436,83.27763680425946,Stable,0,2022-08-17
2021-08-17,26.82902569044146,86.74089852076278,Stable,0,2021-08-17
2021-03-24,29.011606391365305,84.6007910236639,Stable,0,2021-03-24
2022-07-12,27.58603915562375,81.36510181633916,Stable,0,2022-07-12
2023-09-15,28.819869601451767,81.02233307950846,Stable,0,2023-09-15
2023-01-24,27.568950784110104,87.45294332239447,Stable,0,2023-01-24
2023-03-03,29.455667198760647,81.63306147108918,Stable,0,2023-03-03
2023-12-10,28.531708635664195,84.71472034934077,Stable,0,2023-12-10
2023-05-12,28.53500036745217,87.1921672580059,Stable,0,2023-05-12
2021-04-23,29.889929950680497,81.65867216344715,Stable,0,2021-04-23
2022-03-04,30.07724008025195,83.25136412086793,Stable,0,2022-03-04
2022-06-22,27.548790404374177,82.29476655158751,Stable,0,2022-06-22
2022-07-07,27.402135895533096,85.20765228440024,Stable,0,2022-07-07
2023-05-28,28.32319378098559,81.27251254985312,Stable,0,2023-05-28
2021-09-14,27.197495613567284,80.31292364616155,Stable,0,2021-09-14
2023-12-31,27.98187293873655,87.93042161762084,Stable,0,2023-12-31
2021-07-29,29.84153555501183,85.71400122388864,Stable,0,2021-07-29
2021-08-08,29.425156521178017,87.66526338835524,Stable,0,2021-08-08
2021-02-10,29.34895434399856,87.98006421073792,Stable,0,2021-02-10
2021-05-08,29.390047737589807,88.28566851735962,Stable,0,2021-05-08
2021-03-14,30.247094204507704,86.99877343422696,Stable,0,2021-03-14
2023-03-08,26.66447260217737,80.27622846390653,Stable,0,2023-03-08
2023-06-25,29.115064855124142,80.37764161576494,Stable,0,2023-06-25
2021-06-30,27.31900165550097,81.57532284648963,Stable,0,2021-06-30
2021-05-04,27.113774966375683,83.31563280546324,Stable,0,2021-05-04
2023-03-06,26.956487701370893,85.64095384536253,Stable,0,2023-03-06
2021-06-05,27.997928888044935,87.51952429533895,Stable,0,2021-06-05
2022-01-06,28.931330858143227,80.20828215061776,Stable,0,2022-01-06
2022-11-23,26.39273511631571,84.4361684590039,Stable,0,2022-11-23
2023-03-18,29.628541183555456,86.2805916424764,Stable,0,2023-03-18
2022-11-05,26.889369484491127,82.64398909685616,Stable,0,2022-11-05
2021-11-19,27.64121578517128,84.11606899284551,Stable,0,2021-11-19
2021-01-17,29.17906664317896,80.978432875786,Stable,0,2021-01-17
2021-01-27,27.90534445528192,81.41557501332213,Stable,0,2021-01-27
2023-12-23,28.430510616758006,82.3560734134985,Stable,0,2023-12-23
2023-01-14,29.26399492345671,87.03410316631242,Stable,0,2023-01-14
2023-10-23,29.878731407010545,82.91427426843855,Stable,0,2023-10-23
2023-11-03,29.1338172757047,83.62087916063228,Stable,0,2023-11-03
2023-12-31,26.907866349887033,86.47476818266796,Stable,0,2023-12-31
2021-01-18,29.92082988866892,85.80509011507004,Stable,0,2021-01-18
2022-10-08,29.31699084517372,81.54587539910462,Stable,0,2022-10-08
2021-11-22,29.191305692889692,81.07733739026216,Stable,0,2021-11-22
2023-03-02,26.98222919734891,84.78786296016254,Stable,0,2023-03-02
2022-10-04,26.74954620903168,83.32357006859235,Stable,0,2022-10-04
2023-11-02,28.27628397962167,86.7340024136681,Stable,0,2023-11-02
2022-12-02,26.460578700396585,85.23115042462128,Stable,0,2022-12-02
2022-06-20,26.552013150897167,82.45790990044489,Stable,0,2022-06-20
2023-08-26,28.049293971350213,85.32857438073214,Stable,0,2023-08-26
2021-06-23,28.8540005429253,80.77922779000603,Stable,0,2021-06-23
2023-06-23,28.68156780223145,87.55002250189209,Stable,0,2023-06-23
2021-01-10,29.310877477782064,85.61839554824512,Stable,0,2021-01-10
2021-05-19,28.184007737867297,83.09233416847458,Stable,0,2021-05-19
2021-03-03,27.556529574069486,80.18074795647006,Stable,0,2021-03-03
2023-08-25,28.638616164455172,85.5860444515834,Stable,0,2023-08-25
2023-06-29,30.082183046609515,80.77508241044589,Stable,0,2023-06-29
2022-02-09,28.29344575777725,84.58766224983601,Stable,0,2022-02-09
2021-01-25,27.199873405580956,84.69737050500846,Stable,0,2021-01-25
2021-01-31,27.94997590507048,87.5187178684327,Stable,0,2021-01-31
2021-06-30,28.59941223947773,82.12772332518414,Stable,0,2021-06-30
2022-10-24,26.839090434827433,80.51643941035175,Stable,0,2022-10-24
2022-04-14,27.53195581700235,85.71399814053737,Stable,0,2022-04-14
2023-12-18,26.892685993026483,88.2311033763807,Stable,0,2023-12-18
2021-05-02,29.029853523919066,80.83363445632908,Stable,0,2021-05-02
2023-03-17,26.61875768042396,83.75628701231702,Stable,0,2023-03-17
2023-11-02,29.003450733554978,86.29885698123022,Stable,0,2023-11-02
2022-08-08,27.26425363373192,83.25483633253153,Stable,0,2022-08-08
2023-12-21,29.707398672363556,87.88805466361005,Stable,0,2023-12-21
2022-03-17,26.669004085526776,80.06023189898814,Stable,0,2022-03-17
2021-11-01,27.31564969822,82.35779394167736,Stable,0,2021-11-01
2021-02-17,27.504739752523196,80.29998086713205,Stable,0,2021-02-17
2022-07-20,26.758481669208727,84.34200465619321,Stable,0,2022-07-20
2021-03-12,30.13938130713029,80.51567313906713,Stable,0,2021-03-12
2023-08-31,27.7781263263494,86.75823547287085,Stable,0,2023-08-31
2022-08-15,29.382013843821035,81.30517719547717,Stable,0,2022-08-15
2022-01-08,29.618714592255113,82.30906408267347,Stable,0,2022-01-08
2022-11-20,29.78523155306584,84.06969544047287,Stable,0,2022-11-20
2021-10-03,27.94440410343424,88.23707957735725,Stable,0,2021-10-03
2023-11-07,28.83238773753169,87.41565596177816,Stable,0,2023-11-07
2023-08-30,26.62085707688049,85.53772207009808,Stable,0,2023-08-30
2022-01-17,28.69997209947507,81.49575483609868,Stable,0,2022-01-17
2023-08-26,29.33491871782298,82.62818939311957,Stable,0,2023-08-26
2021-04-28,29.65662072476802,84.52279622520291,Stable,0,2021-04-28
2022-12-01,27.40252421553476,87.75102367909169,Stable,0,2022-12-01
2022-05-07,29.31045213048742,86.18975822427372,Stable,0,2022-05-07
2022-08-09,27.34688873235007,83.83226358317052,Stable,0,2022-08-09
2022-07-02,26.434193708464893,85.46413938669284,Stable,0,2022-07-02
2023-02-07,29.046294103991865,82.80633446728146,Stable,0,2023-02-07
2021-06-23,27.937089318578813,80.99266695261434,Stable,0,2021-06-23
2022-01-21,29.134775751100104,81.67596129554589,Stable,0,2022-01-21
2023-12-16,30.022184506380743,83.22940494315887,Stable,0,2023-12-16
2023-09-01,26.816483727519017,85.44397542040521,Stable,0,2023-09-01
2023-08-12,27.76640029008799,82.0727820886667,Stable,0,2023-08-12
2021-09-13,29.15379877494159,80.73045892289419,Stable,0,2021-09-13
2022-12-25,28.106678537662948,81.8998054334868,Stable,0,2022-12-25
2021-10-02,29.980000277051403,81.48864697229071,Stable,0,2021-10-02
2022-04-07,26.54607281723663,82.43653063232637,Stable,0,2022-04-07
2022-09-02,26.950080269980845,84.59144745035894,Stable,0,2022-09-02
2021-03-07,26.803025419280473,82.62256771023159,Stable,0,2021-03-07
2022-04-14,28.950705705557315,84.11431628637193,Stable,0,2022-04-14
2023-04-19,29.286894311432217,81.7330871971235,Stable,0,2023-04-19
2023-09-25,28.299282702672865,84.58168957521546,Stable,0,2023-09-25
2021-08-04,28.350433731888256,80.50002866057604,Stable,0,2021-08-04
2021-09-23,30.474119716110856,85.81789498096857,Stable,0,2021-09-23
2023-09-02,27.312902872146665,82.7066222195925,Stable,0,2023-09-02
2022-12-21,27.08252746718532,80.40187054795986,Stable,0,2022-12-21
2022-02-01,29.519360875896066,83.37597171575288,Stable,0,2022-02-01
2023-01-07,29.0811447701064,85.12509288105134,Stable,0,2023-01-07
2023-11-08,29.39550925668754,87.74614044935865,Stable,0,2023-11-08
2023-05-23,30.317228232973704,82.20410071196136,Stable,0,2023-05-23
2021-12-22,29.215394147948626,88.13273916369432,Stable,0,2021-12-22
2021-10-07,30.277352014668363,80.94525444609891,Stable,0,2021-10-07
2022-12-23,30.258771081644117,81.76256685789556,Stable,0,2022-12-23
2022-03-17,26.61005909313668,85.8169573833732,Stable,0,2022-03-17
2022-09-20,29.481030145781222,85.67907766344939,Stable,0,2022-09-20
2021-03-23,26.307691572363833,85.87935827868105,Stable,0,2021-03-23
2023-06-08,29.08538270543392,83.70233071676037,Stable,0,2023-06-08
2021-01-07,28.335558471360994,83.22546845212032,Stable,0,2021-01-07
2021-07-07,27.568870028414135,83.0206508428557,Stable,0,2021-07-07
2022-10-15,26.65742991844912,85.83736154308521,Stable,0,2022-10-15
2022-03-02,29.3899515272983,83.50937126240675,Stable,0,2022-03-02
2023-07-27,28.20599819584788,86.22912579241675,Stable,0,2023-07-27
2022-04-14,26.736032723845128,83.13021136433042,Stable,0,2022-04-14
2022-07-07,30.16946262549609,82.77958652583322,Stable,0,2022-07-07
2021-06-20,26.519828345986795,80.21777526331267,Stable,0,2021-06-20
2021-01-12,27.330797037044803,81.21595247621286,Stable,0,2021-01-12
2021-06-25,27.38989280544049,80.94046025630682,Stable,0,2021-06-25
2023-03-03,26.698016043626104,85.95441773689302,Stable,0,2023-03-03
2022-06-22,29.501392024802453,83.43303786179257,Stable,0,2022-06-22
2023-02-21,26.53243574180327,88.06198296640272,Stable,0,2023-02-21
2023-02-12,29.520983060465543,80.59942508859477,Stable,0,2023-02-12
2021-02-22,27.96391341292663,88.12617346068365,Stable,0,2021-02-22
2022-11-25,27.519098651171376,85.39953146936422,Stable,0,2022-11-25
2021-08-25,29.06065517311215,86.23026384434809,Stable,0,2021-08-25
2023-08-04,30.476043633257493,87.43769093647109,Stable,0,2023-08-04
2021-05-01,27.37132596990101,84.81146644413174,Stable,0,2021-05-01
2023-12-20,28.82416361037614,80.14826446496582,Stable,0,2023-12-20
2021-01-05,29.99049669539395,83.79107516133166,Stable,0,2021-01-05
2023-11-19,30.126748650028677,83.89021077528652,Stable,0,2023-11-19
2021-03-29,29.600126983401843,82.6693139221968,Stable,0,2021-03-29
2023-04-22,30.167852107952015,81.68355022189438,Stable,0,2023-04-22
2021-10-02,29.66871884068086,86.71846444340359,Stable,0,2021-10-02
2023-11-21,30.19351723639471,85.17425396103775,Stable,0,2023-11-21
2022-07-24,29.20773508509849,81.32648185272912,Stable,0,2022-07-24
2021-11-17,29.695767382508812,81.84337068971934,Stable,0,2021-11-17
2022-04-09,26.354035263904343,84.88804199426424,Stable,0,2022-04-09
2021-07-03,28.0967921113526,82.88374895887725,Stable,0,2021-07-03
2021-04-14,29.854107579332947,84.38120235048768,Stable,0,2021-04-14
2022-08-15,30.38848755550493,83.44881416354042,Stable,0,2022-08-15
2022-11-14,27.57374761777312,87.65496846165735,Stable,0,2022-11-14
2021-03-05,26.865464528059213,83.0835140581851,Stable,0,2021-03-05
2022-06-10,28.258824858828447,84.38428265965705,Stable,0,2022-06-10
2022-04-07,27.041339615768926,84.75552861016088,Stable,0,2022-04-07
2023-04-07,27.40143041636994,80.64720194589036,Stable,0,2023-04-07
2022-06-07,29.51493001268726,82.30685731854197,Stable,0,2022-06-07
2023-01-23,29.301723191016784,82.63326226626356,Stable,0,2023-01-23
2023-08-25,29.41011917625074,84.92781447000826,Stable,0,2023-08-25
2022-06-25,28.086969909529852,82.83682588512899,Stable,0,2022-06-25
2021-07-27,29.862240203179336,80.96525051509317,Stable,0,2021-07-27
2023-05-09,27.376882680580824,86.91372308570068,Stable,0,2023-05-09
2022-07-31,29.534572861055754,83.0376055648803,Stable,0,2022-07-31
2021-11-09,27.50450010862085,83.47453684820744,Stable,0,2021-11-09
2023-01-11,28.986566791921597,88.01304269365119,Stable,0,2023-01-11
2021-10-11,30.0975761135056,80.64985351514942,Stable,0,2021-10-11
2023-08-15,27.81196170289134,88.16744489162211,Stable,0,2023-08-15
2021-03-27,26.619573360808193,88.05129675286618,Stable,0,2021-03-27
2023-05-16,29.69108989567085,80.57239397731328,Stable,0,2023-05-16
2023-12-22,28.16753775609852,85.03086985909242,Stable,0,2023-12-22
2022-09-17,30.49650031601271,87.79196979640372,Stable,0,2022-09-17
2023-01-04,29.77442711770891,85.00346485951445,Stable,0,2023-01-04
2023-05-24,28.273888256673953,86.68586796717885,Stable,0,2023-05-24
2022-05-04,30.175599349410763,84.12520420160293,Stable,0,2022-05-04
2021-01-13,29.47255920912221,87.50836067298162,Stable,0,2021-01-13
2023-07-23,29.53661869296632,80.1753921199027,Stable,0,2023-07-23
2023-08-10,29.672488897211288,85.34590423904558,Stable,0,2023-08-10
2023-04-30,28.417690814124622,85.511039364211,Stable,0,2023-04-30
2023-10-04,28.024189964893516,88.11920370902813,Stable,0,2023-10-04
2021-02-16,27.95727561593447,83.01634107877786,Stable,0,2021-02-16
2023-11-07,28.17967580548524,83.57812397754775,Stable,0,2023-11-07
2022-11-18,27.668341277013624,87.83702382231424,Stable,0,2022-11-18
2022-03-24,29.956529331576142,85.21869948247648,Stable,0,2022-03-24
2022-08-16,30.145137872200618,87.21074944015135,Stable,0,2022-08-16
2022-10-14,28.31707452137532,86.7862286455511,Stable,0,2022-10-14
2021-05-01,27.551049303734164,85.51206301321919,Stable,0,2021-05-01
2023-05-21,30.006283475574214,80.59219678016164,Stable,0,2023-05-21
2023-03-04,29.0006567495425,88.28214040941886,Stable,0,2023-03-04
2022-07-14,28.573391371424712,84.40945151145795,Stable,0,2022-07-14
2023-10-06,28.203769181388864,86.1270588326724,Stable,0,2023-10-06
2021-06-04,26.772599133051063,84.85268345410579,Stable,0,2021-06-04
2022-06-07,30.42887493133253,80.73113993921297,Stable,0,2022-06-07
2022-11-07,27.69138701271127,86.42953975181736,Stable,0,2022-11-07
2023-10-18,28.178965733433536,85.00992512021045,Stable,0,2023-10-18
2022-01-05,27.41148225904919,81.01143692809273,Stable,0,2022-01-05
2023-02-07,29.723713305571852,84.0238246777667,Stable,0,2023-02-07
2021-11-20,28.276232749684176,81.72999968893247,Stable,0,2021-11-20
2023-05-02,27.617955678475248,80.77067722036566,Stable,0,2023-05-02
2023-08-09,27.4876705805922,84.20077449840045,Stable,0,2023-08-09
2021-02-02,30.35376656501235,86.965996130592,Stable,0,2021-02-02
2022-10-14,26.70190895892384,81.72927722150555,Stable,0,2022-10-14
2021-04-01,29.191655638008775,81.68100610737734,Stable,0,2021-04-01
2023-09-24,28.342511800331135,82.64130346097413,Stable,0,2023-09-24
2021-02-20,29.75071005393732,80.71608109490487,Stable,0,2021-02-20
2021-05-09,29.21109959853464,87.641858818597,Stable,0,2021-05-09
2021-05-17,29.40345785476881,81.95993226021606,Stable,0,2021-05-17
2023-08-22,28.5258712688253,80.43628508615696,Stable,0,2023-08-22
2022-10-24,27.052929155296184,86.35772344490944,Stable,0,2022-10-24
2023-12-30,26.52647425457035,80.59472800140938,Stable,0,2023-12-30
2021-05-22,28.664873342963144,80.98744843596165,Stable,0,2021-05-22
2022-09-11,26.469803853108836,85.38402468952023,Stable,0,2022-09-11
2023-09-05,30.25756029108333,84.37397273222705,Stable,0,2023-09-05
2023-07-24,28.34608802340867,88.29426308582052,Stable,0,2023-07-24
2022-05-09,27.035696140799125,84.25578333230354,Stable,0,2022-05-09
2022-11-24,29.628892566895132,86.91920204366579,Stable,0,2022-11-24
2022-08-13,29.25339596409873,82.62619222944812,Stable,0,2022-08-13
2021-07-06,26.64239894580511,82.09205808586049,Stable,0,2021-07-06
2021-02-05,26.539719405635516,84.47014862292745,Stable,0,2021-02-05
2021-09-05,27.858543804914195,85.20294774015751,Stable,0,2021-09-05
2021-09-03,29.04860462402659,85.94190674417877,Stable,0,2021-09-03
2022-07-09,26.73853573539263,85.47478425303302,Stable,0,2022-07-09
2021-02-27,29.668870865579045,82.62631678075111,Stable,0,2021-02-27
2023-11-03,29.79373242953227,86.73243417913953,Stable,0,2023-11-03
2023-07-07,28.333978498863623,85.19638523663977,Stable,0,2023-07-07
2023-12-13,27.21612067793444,81.73095661679416,Stable,0,2023-12-13
2021-12-02,29.523780506180504,83.69208554511658,Stable,0,2021-12-02
2022-02-01,29.538929279165774,80.9326039968831,Stable,0,2022-02-01
2022-12-29,29.99124270395197,85.35196792336696,Stable,0,2022-12-29
2022-12-01,30.101223270344843,81.64603578428874,Stable,0,2022-12-01
2022-06-09,29.942613163780063,82.2957208053616,Stable,0,2022-06-09
2023-01-13,30.41491877955451,82.67238832595739,Stable,0,2023-01-13
2021-08-01,27.576335432634888,84.96195703084402,Stable,0,2021-08-01
2021-05-16,26.727354803518008,82.55149803895166,Stable,0,2021-05-16
2021-06-26,29.14922094934997,83.39157554010747,Stable,0,2021-06-26
2023-06-26,28.22254129164001,86.48874624237139,Stable,0,2023-06-26
2022-11-14,26.860634262303893,87.4719283458854,Stable,0,2022-11-14
2022-05-26,26.420370344478624,87.42232930908655,Stable,0,2022-05-26
2022-10-31,26.96326699335097,82.05669247846019,Stable,0,2022-10-31
2021-06-09,30.461880689381076,80.90715000751824,Stable,0,2021-06-09
2022-05-27,27.992102406607373,86.79731448616981,Stable,0,2022-05-27
2021-10-07,27.824330883979087,88.18342395068501,Stable,0,2021-10-07
2022-05-06,27.809106192692063,86.67973678752725,Stable,0,2022-05-06
2022-07-18,26.564449469984236,82.26035028684811,Stable,0,2022-07-18
2023-08-31,27.466585949855233,83.38550268896604,Stable,0,2023-08-31
2023-11-21,29.979809123431288,81.77664157858031,Stable,0,2023-11-21
2022-03-26,26.969764321298307,83.19591535411409,Stable,0,2022-03-26
2021-11-28,27.26535034072906,86.65774605007827,Stable,0,2021-11-28
2021-10-08,26.89636475962747,84.72225587110283,Stable,0,2021-10-08
2023-05-27,30.22351027251077,80.5549675678364,Stable,0,2023-05-27
2022-06-01,28.464429892843913,85.58685745885337,Stable,0,2022-06-01
2021-06-13,28.1596897393542,87.48235168330416,Stable,0,2021-06-13
2021-11-28,26.495199873977324,82.0001445896819,Stable,0,2021-11-28
2021-09-19,27.787903084907096,81.82975244715139,Stable,0,2021-09-19
2021-11-04,28.256313894679707,86.31409568678758,Stable,0,2021-11-04
2023-08-25,28.622084225495357,85.98304664902832,Stable,0,2023-08-25
2023-03-31,30.086220991647014,87.54439965242561,Stable,0,2023-03-31
2021-03-22,28.502720888321942,80.40334344745402,Stable,0,2021-03-22
2022-11-26,29.5362643833024,83.60717052263766,Stable,0,2022-11-26
2023-09-15,27.61664071588182,80.1279512689138,Stable,0,2023-09-15
2021-05-18,30.216442808000124,81.78997406818254,Stable,0,2021-05-18
2023-04-28,28.975325646684865,86.04469177949167,Stable,0,2023-04-28
2023-03-14,27.256262463871614,85.03554731725649,Stable,0,2023-03-14
2021-03-08,29.62942666964937,87.19524300781535,Stable,0,2021-03-08
2023-08-29,27.70739609214354,81.2212658107056,Stable,0,2023-08-29
2023-02-20,27.3011223433006,87.62458344207967,Stable,0,2023-02-20
2022-05-23,26.8956534068473,82.41143514899937,Stable,0,2022-05-23
2022-06-30,29.295821825094983,83.9373572651204,Stable,0,2022-06-30
2023-01-18,29.981135917256797,87.20256937589687,Stable,0,2023-01-18
2021-03-08,30.107825770188857,83.79032918309503,Stable,0,2021-03-08
2022-07-24,27.30421176754226,85.10349576525523,Stable,0,2022-07-24
2023-01-15,30.488742667469342,85.52663790154948,Stable,0,2023-01-15
2022-10-11,28.865003625213635,84.56102089259586,Stable,0,2022-10-11
2023-10-22,28.676432894448848,86.4367329649879,Stable,0,2023-10-22
2023-07-19,26.492650648305673,86.65293661178961,Stable,0,2023-07-19
2023-03-03,27.39978768970303,82.65718374572567,Stable,0,2023-03-03
2021-04-28,30.418850163851943,82.00175962457662,Stable,0,2021-04-28
2022-07-07,27.465046218059147,80.43751069857726,Stable,0,2022-07-07
2022-06-26,28.60360876441266,81.35156137312482,Stable,0,2022-06-26
2021-05-24,26.811468006455392,80.40463245956276,Stable,0,2021-05-24
2023-09-25,26.915706570897797,88.21599207113525,Stable,0,2023-09-25
2022-04-28,28.18631579753224,84.26943720478491,Stable,0,2022-04-28
2021-05-01,28.57978089816841,88.07722654790203,Stable,0,2021-05-01
2023-04-20,29.278598001926532,84.96104874116783,Stable,0,2023-04-20
2021-07-14,26.42491774081365,87.76223063337864,Stable,0,2021-07-14
2021-02-13,30.39816487083678,86.28331993540154,Stable,0,2021-02-13
2022-04-24,30.02883599510868,81.40608038185512,Stable,0,2022-04-24
2021-06-19,27.630346648110457,80.8991494627695,Stable,0,2021-06-19
2022-03-26,29.594090341974347,81.30974347226095,Stable,0,2022-03-26
2023-05-09,26.95232436040173,84.49518668851559,Stable,0,2023-05-09
2022-12-12,26.754774538061373,84.85898799946553,Stable,0,2022-12-12
2023-12-03,29.68448460588602,83.605160283853,Stable,0,2023-12-03
2023-03-30,28.0470105848747,84.41872470710538,Stable,0,2023-03-30
2022-10-16,26.867487988001752,87.70036223539084,Stable,0,2022-10-16
2023-02-25,28.535942837828827,81.53830162663219,Stable,0,2023-02-25
2022-07-08,29.64074145695049,82.07358086457786,Stable,0,2022-07-08
2022-10-31,26.87562146671386,86.85814127362127,Stable,0,2022-10-31
2022-09-14,30.4228707920292,80.53371370454374,Stable,0,2022-09-14
2021-12-27,27.949483750006426,85.52724927408158,Stable,0,2021-12-27
2021-08-10,26.544526241665224,82.42845760774384,Stable,0,2021-08-10
2023-06-18,27.60483752263471,87.8682940843763,Stable,0,2023-06-18
2023-05-18,26.62393562884771,82.45030874588407,Stable,0,2023-05-18
2023-10-21,27.815852661917035,86.73293483979347,Stable,0,2023-10-21
2023-02-03,29.606666306253175,86.81149112300507,Stable,0,2023-02-03
2023-06-12,29.846739807299805,82.74720566216966,Stable,0,2023-06-12
2021-06-15,27.819673678598026,82.36578132381558,Stable,0,2021-06-15
2021-05-22,27.29872217172495,86.00738434638413,Stable,0,2021-05-22
2022-06-21,28.81877245270638,86.85718527434709,Stable,0,2022-06-21
2021-10-10,30.257323566797965,85.42675896753394,Stable,0,2021-10-10
2022-09-18,26.679386334384112,84.0319950283026,Stable,0,2022-09-18
2023-12-02,27.653358589172537,87.9622811519854,Stable,0,2023-12-02
2021-02-20,28.3094065201676,86.4363200441376,Stable,0,2021-02-20
2021-06-09,26.432665914868014,84.96909135448558,Stable,0,2021-06-09
2023-03-05,27.464237606831325,84.85304366872504,Stable,0,2023-03-05
2023-09-05,27.223922621728153,84.68371938158074,Stable,0,2023-09-05
2023-02-18,26.589468905627935,83.36118755230737,Stable,0,2023-02-18
2021-03-26,27.176925998633024,86.26864143815986,Stable,0,2021-03-26
2021-09-19,27.329251586411043,86.34784939246191,Stable,0,2021-09-19
2022-11-29,29.24055596616079,87.44524779351201,Stable,0,2022-11-29
2022-04-27,28.02335351871637,87.14421388191859,Stable,0,2022-04-27
2022-11-23,28.601719890519853,88.12378830636578,Stable,0,2022-11-23
2021-10-28,29.471219847670557,86.98781601466462,Stable,0,2021-10-28
2022-05-30,26.51806952920024,86.64246854652156,Stable,0,2022-05-30
2022-06-08,30.25435919863592,80.17687547750538,Stable,0,2022-06-08
2021-12-06,29.536668505642872,81.67534038128198,Stable,0,2021-12-06
2022-10-08,26.584461995799956,85.61320076664217,Stable,0,2022-10-08
2022-12-30,28.721002314578747,82.78006426794533,Stable,0,2022-12-30
2023-10-04,29.835720460108423,81.97554962452087,Stable,0,2023-10-04
2022-01-24,29.15126679232653,84.66593067066546,Stable,0,2022-01-24
2023-09-25,26.341887703980095,81.77436466337294,Stable,0,2023-09-25
2022-02-17,27.44239878645084,83.80204304718364,Stable,0,2022-02-17
2023-12-26,27.54193538396893,86.86133981599465,Stable,0,2023-12-26
2023-06-11,29.247932681685853,84.16653054334645,Stable,0,2023-06-11
2023-11-20,28.041956081471476,83.41054220014946,Stable,0,2023-11-20
2021-05-21,29.017040286404303,80.1399317345008,Stable,0,2021-05-21
2022-06-21,27.531156453423577,84.26651020153693,Stable,0,2022-06-21
2021-09-01,28.85056584419443,85.46200251378328,Stable,0,2021-09-01
2021-11-05,28.13861971005035,82.9225042871603,Stable,0,2021-11-05
2021-05-21,28.041147584095505,83.55260795930653,Stable,0,2021-05-21
2021-08-14,30.42996451774947,81.62989752600981,Stable,0,2021-08-14
2023-10-19,28.29978473568276,85.89915666627348,Stable,0,2023-10-19
2022-03-20,28.27480386541719,82.93764830301326,Stable,0,2022-03-20
2022-01-12,26.525566297798115,86.69496375637885,Stable,0,2022-01-12
2023-09-29,26.80609481925563,85.93755042837974,Stable,0,2023-09-29
2021-11-21,30.21813895623631,85.26067996259806,Stable,0,2021-11-21
2022-10-22,28.962276737388184,88.20226580943775,Stable,0,2022-10-22
2022-12-15,26.336714549560867,87.69793294162533,Stable,0,2022-12-15
2021-05-23,28.78398151329707,83.61669609958969,Stable,0,2021-05-23
2023-06-26,28.834437109271366,82.3294948007202,Stable,0,2023-06-26
2022-03-02,27.187833893697277,84.8299150068696,Stable,0,2022-03-02
2022-08-05,26.38643825357757,87.56245483357002,Stable,0,2022-08-05
2021-08-27,30.353140820925905,82.2795433673695,Stable,0,2021-08-27
2022-08-19,29.841202945133556,84.54211264736992,Stable,0,2022-08-19
2022-03-29,27.246767772930543,81.01363315119008,Stable,0,2022-03-29
2022-09-25,27.22619941693976,82.23477635266029,Stable,0,2022-09-25
2022-05-22,27.70218458302575,87.1919128278899,Stable,0,2022-05-22
2022-08-18,26.41625462495241,82.02534792256056,Stable,0,2022-08-18
2023-08-10,29.710325299329156,85.10669753721628,Stable,0,2023-08-10
2022-06-16,30.298307142127225,86.90507915698554,Stable,0,2022-06-16
2022-11-19,29.64736784125457,82.84669899134616,Stable,0,2022-11-19
2022-08-11,30.433007474552905,81.99698448580962,Stable,0,2022-08-11
2021-06-16,26.90386808205329,81.26621838934571,Stable,0,2021-06-16
2022-09-28,26.378820835180687,86.38152013966203,Stable,0,2022-09-28
2022-05-31,29.68051512760673,80.60402978499418,Stable,0,2022-05-31
2023-05-10,26.44823796510948,82.65130587612809,Stable,0,2023-05-10
2023-12-21,26.409886160525513,85.69175371502403,Stable,0,2023-12-21
2021-12-26,28.939328517305448,83.99067233600735,Stable,0,2021-12-26
2023-01-29,30.40423357608408,81.8159662400461,Stable,0,2023-01-29
2022-01-18,30.216248525749275,83.11656798636528,Stable,0,2022-01-18
2022-06-05,27.06189132798068,85.38988140820696,Stable,0,2022-06-05
2021-01-13,27.67018276658705,80.48133679825969,Stable,0,2021-01-13
2022-09-27,27.36386085144636,81.08077880460404,Stable,0,2022-09-27
2021-08-07,28.80489971174236,84.72363369025948,Stable,0,2021-08-07
2023-12-01,27.702715987054397,81.70899222564655,Stable,0,2023-12-01
2021-03-13,27.186141191625183,82.54926817694424,Stable,0,2021-03-13
2022-06-27,30.374519733739444,80.6935267077101,Stable,0,2022-06-27
2023-09-11,30.470547547419827,80.67030074777843,Stable,0,2023-09-11
2023-03-01,27.89967345305079,83.8240589659708,Stable,0,2023-03-01
2021-03-26,26.386244419092133,81.01394620876317,Stable,0,2021-03-26
2021-06-17,27.103020525815772,84.0296058048184,Stable,0,2021-06-17
2022-03-15,27.6824820083013,81.30064905734822,Stable,0,2022-03-15
2021-11-27,27.119016192227416,84.50392550387775,Stable,0,2021-11-27
2023-06-13,28.94400193192201,85.05317583265928,Stable,0,2023-06-13
2021-02-14,29.024303889958393,82.88821627643877,Stable,0,2021-02-14
2023-06-12,30.425141334051855,84.64276376836314,Stable,0,2023-06-12
2021-11-11,28.731345209771817,85.78743762824277,Stable,0,2021-11-11
2023-07-26,28.12602366784775,81.72253546788197,Stable,0,2023-07-26
2021-11-13,27.058612800739432,82.4648301565195,Stable,0,2021-11-13
2021-02-08,29.658139707978,82.47537436700631,Stable,0,2021-02-08
2021-02-12,28.167976844473937,86.66654686748312,Stable,0,2021-02-12
2023-12-25,26.49042138842587,86.96073552003568,Stable,0,2023-12-25
2021-09-04,28.13097448245025,86.86793750056123,Stable,0,2021-09-04
2021-11-30,29.237884552519876,87.33872026343606,Stable,0,2021-11-30
2023-02-27,26.461237842650945,80.26203492459551,Stable,0,2023-02-27
2022-07-02,27.229487147099153,85.79446631346786,Stable,0,2022-07-02
2023-08-08,27.887632334686245,86.92853805913552,Stable,0,2023-08-08
2021-01-19,29.391115880623808,83.37309826905819,Stable,0,2021-01-19
2022-02-08,29.887219711771532,81.9473266492084,Stable,0,2022-02-08
2021-02-18,27.708606758880048,85.52518622829352,Stable,0,2021-02-18
2023-11-26,28.55692426260141,83.35125347116893,Stable,0,2023-11-26
2021-03-20,28.33186306936722,80.43433879198565,Stable,0,2021-03-20
2021-11-05,27.423711378772044,81.29597252591101,Stable,0,2021-11-05
2021-02-10,26.344008311302694,82.2519436936502,Stable,0,2021-02-10
2022-09-28,28.155797748603774,82.93214603584963,Stable,0,2022-09-28
2023-02-03,27.132056508986253,85.65640228774363,Stable,0,2023-02-03
2023-04-11,27.3618585379302,88.06281360169805,Stable,0,2023-04-11
2022-06-07,28.705386202563023,86.33492975664743,Stable,0,2022-06-07
2022-10-29,28.963236596361433,87.86313168512092,Stable,0,2022-10-29
2021-12-11,28.692620272551775,83.96145271181712,Stable,0,2021-12-11
2021-02-22,29.17866081460721,84.79978565005021,Stable,0,2021-02-22
2022-07-31,30.437327640683502,82.79044925073045,Stable,0,2022-07-31
2021-05-14,27.74175902347853,85.27437367137867,Stable,0,2021-05-14
2022-07-05,26.965052784216624,86.77035632364267,Stable,0,2022-07-05
2022-08-31,28.03022368767448,83.44074397639547,Stable,0,2022-08-31
2023-09-20,29.870536955959818,87.20860834094563,Stable,0,2023-09-20
2023-01-31,28.96958388809265,82.50745621102313,Stable,0,2023-01-31
2023-10-16,27.749311344948495,83.05965254861438,Stable,0,2023-10-16
2023-11-24,27.408507769561407,83.27293486205257,Stable,0,2023-11-24
2023-02-23,26.67290678483726,80.570110492485,Stable,0,2023-02-23
2022-02-06,29.29411135202859,84.91760259620987,Stable,0,2022-02-06
2021-05-12,30.288990141528352,85.08240512828671,Stable,0,2021-05-12
2021-11-02,28.85495154861144,88.14485546958174,Stable,0,2021-11-02
2021-06-09,27.00668494677599,80.34718895117568,Stable,0,2021-06-09
2022-09-09,29.929746846058848,86.06079705773743,Stable,0,2022-09-09
2021-02-19,29.8063106297075,84.34190938546722,Stable,0,2021-02-19
2021-11-09,29.275472540459536,81.90603299125631,Stable,0,2021-11-09
2023-07-30,30.374589748099815,85.56242998404723,Stable,0,2023-07-30
2022-11-04,28.263738376230418,80.40793690704625,Stable,0,2022-11-04
2023-06-02,27.798201694348062,83.47802259490074,Stable,0,2023-06-02
2023-05-18,27.895425167906737,82.32837909394253,Stable,0,2023-05-18
2023-02-16,29.304572268539054,81.33464494550631,Stable,0,2023-02-16
2022-12-31,27.47626667740251,82.0639396117122,Stable,0,2022-12-31
2022-06-18,28.814509845684768,83.31044431755552,Stable,0,2022-06-18
2023-06-10,26.617996926228297,84.80106365744238,Stable,0,2023-06-10
2022-10-09,26.906911283902534,85.84909472114161,Stable,0,2022-10-09
2021-12-22,26.890523708060016,88.04341013059184,Stable,0,2021-12-22
2021-01-17,28.307333673511813,85.27644713015827,Stable,0,2021-01-17
2021-10-15,27.64869308992493,86.9747731288965,Stable,0,2021-10-15
2022-12-09,26.40410594736356,82.81596164063758,Stable,0,2022-12-09
2022-11-01,27.59961780033169,83.46657160965799,Stable,0,2022-11-01
2022-05-25,29.043874616619643,87.9065503338003,Stable,0,2022-05-25
2023-03-01,30.04910838935476,82.73090180112732,Stable,0,2023-03-01
2022-07-27,29.274304054878677,87.87006996397712,Stable,0,2022-07-27
2021-06-27,29.481971603115095,84.73885955684197,Stable,0,2021-06-27
2021-12-01,26.980463125793896,84.28573998488089,Stable,0,2021-12-01
2023-02-23,26.752079515232342,87.99095608503126,Stable,0,2023-02-23
2021-07-20,28.547470952829386,83.85810537340106,Stable,0,2021-07-20
2022-03-31,27.217188872215942,82.87929554783611,Stable,0,2022-03-31
2021-02-28,29.40077606488034,81.8234353903053,Stable,0,2021-02-28
2023-05-25,29.21647208690245,87.0762864988451,Stable,0,2023-05-25
2023-08-12,27.185301335895513,83.98182625176673,Stable,0,2023-08-12
2023-12-06,28.40164857475951,83.95355901232105,Stable,0,2023-12-06
2022-11-18,29.19426537860135,82.77749622522032,Stable,0,2022-11-18
2021-12-26,28.28942549385148,87.32489977497299,Stable,0,2021-12-26
2021-07-03,27.091299297712077,83.04852905217726,Stable,0,2021-07-03
2022-08-04,26.769912358409737,84.19345891387933,Stable,0,2022-08-04
2021-01-31,27.208747548426945,87.34795705485035,Stable,0,2021-01-31
2022-07-23,26.630869208509377,85.10554079046523,Stable,0,2022-07-23
2021-07-03,27.854005605196633,84.42346414750004,Stable,0,2021-07-03
2022-09-06,29.366695349334805,80.39659498078103,Stable,0,2022-09-06
2022-08-24,29.099021163781625,87.32650916004138,Stable,0,2022-08-24
2022-06-22,28.472102649921133,85.36191758618001,Stable,0,2022-06-22
2022-01-07,29.442268871252125,80.71325441633958,Stable,0,2022-01-07
2021-02-08,26.65025563221291,87.39342307132013,Stable,0,2021-02-08
2022-02-04,30.305244857032136,84.09941499964175,Stable,0,2022-02-04
2022-09-29,29.481258196666538,83.6174197411494,Stable,0,2022-09-29
2023-08-01,28.82490377112285,81.9842071886685,Stable,0,2023-08-01
2022-07-18,27.956698016767692,84.16746068095536,Stable,0,2022-07-18
2023-07-09,26.404881450695957,84.49267110247278,Stable,0,2023-07-09
2022-03-20,28.99028036159679,84.56191552369903,Stable,0,2022-03-20
2022-10-13,27.10878698475527,82.82908345349796,Stable,0,2022-10-13
2023-12-16,27.60331694052235,87.84121537369046,Stable,0,2023-12-16
2022-12-09,30.067793004618473,84.27923136889943,Stable,0,2022-12-09
2021-09-17,29.344860163470468,84.12083209255353,Stable,0,2021-09-17
2021-05-08,29.941942473782017,82.64327675752591,Stable,0,2021-05-08
2023-05-18,28.841045382337857,87.45878183159172,Stable,0,2023-05-18
2023-07-07,27.517631815044147,83.67228412521513,Stable,0,2023-07-07
2021-08-28,27.670575334149476,86.71392786186841,Stable,0,2021-08-28
2022-08-06,27.939405142755383,87.97168265501806,Stable,0,2022-08-06
2023-03-05,29.37823804239804,84.45438332983005,Stable,0,2023-03-05
2022-07-19,30.19736112596935,85.10035393201665,Stable,0,2022-07-19
2023-12-14,26.41464591110176,83.85074993736819,Stable,0,2023-12-14
2022-05-23,30.043818418865037,86.78061976113904,Stable,0,2022-05-23
2021-12-01,26.494251741970395,85.60725594491572,Stable,0,2021-12-01
2023-11-11,27.200016134117007,87.21877218975433,Stable,0,2023-11-11
2022-02-28,26.89961691582136,86.48230999024074,Stable,0,2022-02-28
2022-04-03,28.102190514121133,83.56353098642515,Stable,0,2022-04-03
2022-05-25,29.913577443431972,86.01963300391341,Stable,0,2022-05-25
2022-02-18,27.466045233377432,80.02288773736076,Stable,0,2022-02-18
2023-08-28,27.273057072261675,86.31239136264905,Stable,0,2023-08-28
2023-03-05,27.437929425490445,82.33509459677525,Stable,0,2023-03-05
2022-04-18,27.975228510498457,80.86786412153558,Stable,0,2022-04-18
2022-03-21,27.367222882557407,80.38496937511151,Stable,0,2022-03-21
2023-02-10,27.405164399035108,84.56290359307899,Stable,0,2023-02-10
2023-12-18,26.34956971371384,80.80979739390465,Stable,0,2023-12-18
2021-12-10,29.88360542606439,84.77814273193091,Stable,0,2021-12-10
2022-11-13,28.38206587083498,81.30424165976459,Stable,0,2022-11-13
2022-08-16,28.589764790153986,80.40833629046475,Stable,0,2022-08-16
2023-04-10,26.56178488254325,85.5189170232661,Stable,0,2023-04-10
2023-10-26,27.123495044062384,80.21717331706088,Stable,0,2023-10-26
2021-11-16,26.79781376015119,82.45655553034504,Stable,0,2021-11-16
2022-01-03,30.230733712821667,83.33950573874985,Stable,0,2022-01-03
2023-03-13,29.80517025566088,88.12017000473764,Stable,0,2023-03-13
2021-12-10,30.47478366727254,82.24642408527973,Stable,0,2021-12-10
2023-07-07,26.415734871149372,86.60475835200509,Stable,0,2023-07-07
2021-09-27,30.212959706476777,85.99270894422703,Stable,0,2021-09-27
2022-11-01,28.7353113550864,83.6358942094521,Stable,0,2022-11-01
2022-10-22,29.13723605762426,83.33719975913334,Stable,0,2022-10-22
2023-10-27,29.61772410374449,81.04885905694235,Stable,0,2023-10-27
2021-02-15,26.79058708431136,83.08394321954243,Stable,0,2021-02-15
2022-02-14,28.937712689435656,83.31124282144243,Stable,0,2022-02-14
2022-06-17,30.362452783266995,83.80485541292386,Stable,0,2022-06-17
2021-02-25,30.205636047106253,80.56223646945892,Stable,0,2021-02-25
2021-12-15,27.328542739091993,88.10147656578955,Stable,0,2021-12-15
2021-09-04,28.0606238268699,84.09068162314244,Stable,0,2021-09-04
2021-09-09,28.482828824977013,81.47792911650139,Stable,0,2021-09-09
2022-07-17,28.773170306044943,81.76899462885362,Stable,0,2022-07-17
2023-10-26,29.63000782480273,82.52013774908424,Stable,0,2023-10-26
2023-10-02,29.79318144822472,80.72817237156559,Stable,0,2023-10-02
2022-06-23,30.203633318713155,81.09880322699608,Stable,0,2022-06-23
2023-06-21,28.30903194353371,82.0712572771745,Stable,0,2023-06-21
2022-05-19,28.96779217312853,88.04473519733315,Stable,0,2022-05-19
2023-07-14,28.633558280363097,86.16762560000015,Stable,0,2023-07-14
2022-01-27,28.994604174357644,80.28182050219661,Stable,0,2022-01-27
2022-10-14,28.525839814375303,84.82550922630223,Stable,0,2022-10-14
2021-10-24,27.73006333047949,80.20979508387045,Stable,0,2021-10-24
2022-05-15,26.427319664231305,85.14278237135971,Stable,0,2022-05-15
2021-05-05,29.532126819857915,88.2660520110307,Stable,0,2021-05-05
2021-10-01,28.1728608121019,86.25521309968538,Stable,0,2021-10-01
2022-10-13,29.242799467715503,87.98395911810454,Stable,0,2022-10-13
2023-12-06,29.392464899069623,83.57741351153831,Stable,0,2023-12-06
2021-11-21,28.104003060122448,86.77276713192867,Stable,0,2021-11-21
2021-05-08,29.697185847297472,82.04851697584223,Stable,0,2021-05-08
2023-12-14,30.040907191086777,85.08739595780864,Stable,0,2023-12-14
2022-03-19,28.066097574451224,87.30254446070485,Stable,0,2022-03-19
2021-05-29,29.97420521828567,86.50512163241916,Stable,0,2021-05-29
2023-07-05,27.937082752320475,85.30878439925547,Stable,0,2023-07-05
2021-12-23,30.483515878391316,86.91463395446112,Stable,0,2021-12-23
2023-03-31,29.04025309682946,88.1823703582755,Stable,0,2023-03-31
2022-07-03,28.138746059464214,81.5771282333039,Stable,0,2022-07-03
2023-01-26,27.341058707067138,80.1314759693428,Stable,0,2023-01-26
2022-03-26,28.321040174705423,82.48491458234815,Stable,0,2022-03-26
2021-01-23,30.326778541445357,80.79915321331117,Stable,0,2021-01-23
2023-08-28,26.44428762720897,87.02413031105753,Stable,0,2023-08-28
2022-08-20,27.67601195333647,84.69203625714113,Stable,0,2022-08-20
2022-11-05,26.91356200247778,82.43774119823492,Stable,0,2022-11-05
2021-06-25,28.339548990830856,86.54882109655225,Stable,0,2021-06-25
2021-03-26,27.065386232257303,87.67775679653462,Stable,0,2021-03-26
2021-10-10,27.33067939790747,82.00431168029003,Stable,0,2021-10-10
2021-05-08,27.000425962680197,80.72268003912706,Stable,0,2021-05-08
2023-11-28,30.41788221673275,85.73208019534964,Stable,0,2023-11-28
2022-12-14,28.91134017621859,84.49918940423174,Stable,0,2022-12-14
2022-03-12,29.053747988523956,87.37959528622532,Stable,0,2022-03-12
2021-11-09,27.44423317254634,83.72033757361744,Stable,0,2021-11-09
2021-07-11,27.24456739923111,80.29238879160877,Stable,0,2021-07-11
2021-11-06,27.27482508244248,82.3127926052162,Stable,0,2021-11-06
2021-08-18,29.463259190400773,84.28389785174538,Stable,0,2021-08-18
2021-06-14,28.407385114633797,82.01512301149455,Stable,0,2021-06-14
2023-08-23,29.313014772528756,83.56589258861693,Stable,0,2023-08-23
2022-12-02,28.44209571224097,84.31743086949999,Stable,0,2022-12-02
2023-12-26,29.47204292242831,88.05404884486323,Stable,0,2023-12-26
2021-09-15,29.69231449869956,88.12618277118605,Stable,0,2021-09-15
2023-08-27,27.781290189031385,85.5357650375424,Stable,0,2023-08-27
2022-09-02,29.218796574857123,82.02474648519105,Stable,0,2022-09-02
2022-04-25,27.1678291251188,81.84197256763684,Stable,0,2022-04-25
2021-07-26,27.13032734678578,87.91871233882705,Stable,0,2021-07-26
2021-05-30,28.292326431771155,86.89775186064035,Stable,0,2021-05-30
2021-02-15,27.162228185199844,83.93262586082132,Stable,0,2021-02-15
2022-07-18,28.58172614577849,88.07173907087892,Stable,0,2022-07-18
2023-03-15,26.53220076305995,87.51512306918117,Stable,0,2023-03-15
2021-07-02,29.76398431629937,86.46009142904983,Stable,0,2021-07-02
2023-09-01,28.753003671838485,85.60508579896688,Stable,0,2023-09-01
2021-07-07,27.316583592218823,84.08368628110516,Stable,0,2021-07-07
2022-03-02,30.243427697293953,82.90654281267797,Stable,0,2022-03-02
2022-03-26,27.710294910091086,85.7756155852501,Stable,0,2022-03-26
2021-03-08,27.10483798786463,86.29986838378704,Stable,0,2021-03-08
2022-10-19,26.593303961832373,87.07451841530177,Stable,0,2022-10-19
2023-07-25,26.83446478219889,85.65424873767597,Stable,0,2023-07-25
2022-10-09,28.58914308047776,84.68209844454637,Stable,0,2022-10-09
2021-11-16,26.67112104160416,87.2417038165971,Stable,0,2021-11-16
2022-02-05,28.929024284824223,84.28638607993673,Stable,0,2022-02-05
2021-12-31,28.548472774978137,80.71721488511346,Stable,0,2021-12-31
2023-03-03,27.272372559240303,80.90933911235761,Stable,0,2023-03-03
2022-04-01,27.28753107059084,87.26252285592503,Stable,0,2022-04-01
2021-04-15,26.45023062206381,87.90809226659087,Stable,0,2021-04-15
2022-03-03,26.688232914224855,80.30443095083399,Stable,0,2022-03-03
2022-04-10,29.89582075129257,82.29537717252691,Stable,0,2022-04-10
2021-12-12,30.2421207105329,86.3474631625038,Stable,0,2021-12-12
2021-05-06,30.161336930902152,87.98568353098358,Stable,0,2021-05-06
2021-04-22,29.773664266467723,80.22218683399983,Stable,0,2021-04-22
2023-08-29,27.728522266974736,80.9946447870636,Stable,0,2023-08-29
2023-03-31,28.602171055585043,85.54564980386742,Stable,0,2023-03-31
2021-04-17,28.701342376294825,83.13887230707923,Stable,0,2021-04-17
2022-11-13,27.25624667897924,85.19352712794206,Stable,0,2022-11-13
2021-06-03,29.003695901323987,81.99351977342643,Stable,0,2021-06-03
2022-07-18,27.947449337370436,81.98436996970818,Stable,0,2022-07-18
2022-04-24,29.46197123918755,84.32303790150223,Stable,0,2022-04-24
2023-12-19,27.651431736869984,81.32795312666775,Stable,0,2023-12-19
2021-12-13,27.0390244265911,86.32032740234744,Stable,0,2021-12-13
2023-05-29,27.89345214096908,86.77394940332654,Stable,0,2023-05-29
2021-11-14,29.541518248740477,82.9777754095327,Stable,0,2021-11-14
2022-12-27,30.31176688718267,87.54550157861264,Stable,0,2022-12-27
2023-12-12,28.081169776073015,86.31694745982232,Stable,0,2023-12-12
2023-12-03,28.741716869692667,87.85096545733101,Stable,0,2023-12-03
2021-06-14,26.52540234213539,80.0916306710028,Stable,0,2021-06-14
2022-03-04,27.203302670255596,84.48345056824311,Stable,0,2022-03-04
2023-12-14,28.580473709910123,86.73621014536356,Stable,0,2023-12-14
2023-10-13,29.86106982969234,82.53113619751502,Stable,0,2023-10-13
2022-07-12,28.10370150670503,87.45436820996824,Stable,0,2022-07-12
2022-08-05,30.266900699271183,87.68241719131925,Stable,0,2022-08-05
2021-06-18,28.044801082392052,84.9818481804989,Stable,0,2021-06-18
2022-12-09,28.930879425654247,86.7525587133648,Stable,0,2022-12-09
2021-10-18,26.598780882993147,81.11713924972604,Stable,0,2021-10-18
2021-07-13,28.109372595004803,80.37595801384074,Stable,0,2021-07-13
2022-09-23,28.723394832298283,80.24494520122698,Stable,0,2022-09-23
2022-01-28,27.444768702483103,86.62172897143031,Stable,0,2022-01-28
2022-02-04,26.50213454076403,80.91528476226924,Stable,0,2022-02-04
2022-12-17,27.97409932811293,81.31807301372511,Stable,0,2022-12-17
2022-06-25,28.493873461843716,81.13395864429904,Stable,0,2022-06-25
2022-06-21,29.354908031529007,85.26306660089105,Stable,0,2022-06-21
2022-01-21,28.615830379889147,81.02031965066345,Stable,0,2022-01-21
2021-10-16,28.900570031382223,85.53802284563008,Stable,0,2021-10-16
2022-12-10,29.269808892599222,85.72818248987643,Stable,0,2022-12-10
2022-12-18,27.47512228307924,83.33322369060608,Stable,0,2022-12-18
2022-04-04,29.865899062867697,84.94546647413696,Stable,0,2022-04-04
2023-04-21,29.129833720735412,84.172076638757,Stable,0,2023-04-21
2021-10-19,27.66526792264703,85.72869616929505,Stable,0,2021-10-19
2021-02-25,30.24357152464276,88.23529276341131,Stable,0,2021-02-25
2021-07-08,27.223779363153884,83.0931612898922,Stable,0,2021-07-08
2021-07-15,27.2227997739067,83.92413124508992,Stable,0,2021-07-15
2022-07-26,29.76740630292556,85.12036198464627,Stable,0,2022-07-26
2023-05-10,29.361491916358744,88.11892126824712,Stable,0,2023-05-10
2022-07-18,27.75106496076652,81.99688264064591,Stable,0,2022-07-18
2021-01-08,30.096682114178652,81.36484263723973,Stable,0,2021-01-08
2023-11-05,26.912276012347732,81.11408940545223,Stable,0,2023-11-05
2021-09-17,27.155397404486667,81.10749212837494,Stable,0,2021-09-17
2022-10-11,27.795306764085858,87.64055841974518,Stable,0,2022-10-11
2023-10-19,28.29779261518748,85.97616420099465,Stable,0,2023-10-19
2022-05-25,29.728370778588683,81.44362374901975,Stable,0,2022-05-25
2023-04-05,27.46312003903846,81.33437855094972,Stable,0,2023-04-05
2022-10-21,26.87960476601438,86.37205694906065,Stable,0,2022-10-21
2022-10-30,28.127609286500515,80.41911703379066,Stable,0,2022-10-30
2022-12-19,30.243687529169947,84.96552996498934,Stable,0,2022-12-19
2023-04-22,28.361579835145335,83.17352133268791,Stable,0,2023-04-22
2021-05-18,30.364679917444207,80.43278418428967,Stable,0,2021-05-18
2021-06-16,27.14400986234101,85.91397281397423,Stable,0,2021-06-16
2022-11-26,29.253068212262068,87.59984453889034,Stable,0,2022-11-26
2021-11-06,27.36073216456015,87.07483612952154,Stable,0,2021-11-06
2023-08-26,27.863782875424334,84.9675067505277,Stable,0,2023-08-26
2021-10-02,29.997982495846653,87.93059021950334,Stable,0,2021-10-02
2023-05-01,27.252371831368222,84.80670016556797,Stable,0,2023-05-01
2022-01-21,29.57570330410526,81.92192019168809,Stable,0,2022-01-21
2021-06-05,29.121853909409587,80.99182487334674,Stable,0,2021-06-05
2021-09-22,28.68510845929445,80.86864117381694,Stable,0,2021-09-22
2021-09-30,29.314385439393924,81.08528359725715,Stable,0,2021-09-30
2021-07-05,26.7324743791905,80.90698758876235,Stable,0,2021-07-05
2023-07-29,28.834326068190236,83.6761385988147,Stable,0,2023-07-29
2021-06-13,28.59260386403348,83.2340699983547,Stable,0,2021-06-13
2023-08-04,30.27131814352287,84.76264888657319,Stable,0,2023-08-04
2023-01-21,30.40261708576947,83.88096271794095,Stable,0,2023-01-21
2021-02-10,29.047712642069232,84.60728684677606,Stable,0,2021-02-10
2023-07-26,27.987737373169185,80.11472208412974,Stable,0,2023-07-26
2021-06-23,30.090533289968604,87.7329447716725,Stable,0,2021-06-23
2021-10-13,27.567230392554976,83.09105976138153,Stable,0,2021-10-13
2022-01-16,26.894272441509315,82.65185618259291,Stable,0,2022-01-16
2023-07-05,26.68318870811651,86.17167634561193,Stable,0,2023-07-05
2022-10-22,29.603376334898456,86.42981847411573,Stable,0,2022-10-22
2022-01-01,28.181975184875583,86.20900360029462,Stable,0,2022-01-01
2022-10-12,29.533982523242955,87.45934922901928,Stable,0,2022-10-12
2022-10-10,29.95222916701669,87.59659842978145,Stable,0,2022-10-10
2021-11-22,29.5988961374915,81.20336936817496,Stable,0,2021-11-22
2021-07-21,29.013024343254568,81.23550736488428,Stable,0,2021-07-21
2023-11-06,27.465323471865485,81.7396798961748,Stable,0,2023-11-06
2021-03-02,27.01173707093551,84.63908649780467,Stable,0,2021-03-02
2021-04-13,28.91739829164259,85.91332536649469,Stable,0,2021-04-13
2023-03-15,28.021221535172224,86.28104115179964,Stable,0,2023-03-15
2023-11-11,28.71473188156852,84.85226653721584,Stable,0,2023-11-11
2021-11-14,30.26049132270552,82.90958129932564,Stable,0,2021-11-14
2023-01-27,30.201218785917547,80.25853768526572,Stable,0,2023-01-27
2023-02-20,30.05444410050207,87.57851272827864,Stable,0,2023-02-20
2022-12-26,27.51023345022423,85.81202488525606,Stable,0,2022-12-26
2021-02-01,29.27368102569886,83.62219707192851,Stable,0,2021-02-01
2021-05-05,30.39684926349883,83.33628380149523,Stable,0,2021-05-05
2021-05-27,26.74602484074514,84.8259648188837,Stable,0,2021-05-27
2023-02-17,26.975108047822367,80.2645054419571,Stable,0,2023-02-17
2021-11-02,28.878616390428142,85.9885074181059,Stable,0,2021-11-02
2022-01-16,29.64824421952233,81.21059179314011,Stable,0,2022-01-16
2022-09-06,27.308882484799696,84.03971409317839,Stable,0,2022-09-06
2021-06-19,29.260202455003466,82.06522818376216,Stable,0,2021-06-19
2023-06-12,27.164889518657574,80.32874004991008,Stable,0,2023-06-12
2021-10-14,27.496400971366743,87.90543175654216,Stable,0,2021-10-14
2022-09-15,26.32712986023322,82.01382441425073,Stable,0,2022-09-15
2021-01-19,26.559182581648976,80.05698253233851,Stable,0,2021-01-19
2021-04-25,29.58338065811469,86.70859067886262,Stable,0,2021-04-25
2021-06-01,29.929420868905463,81.7578516360625,Stable,0,2021-06-01
2023-06-02,27.45138962828895,81.92402132494213,Stable,0,2023-06-02
2023-03-04,27.67048803396883,86.04492259379057,Stable,0,2023-03-04
2022-09-13,29.601427034076107,87.1796066398973,Stable,0,2022-09-13
2021-11-26,28.484040657711898,85.69414521333223,Stable,0,2021-11-26
2022-11-05,27.95529276263074,84.62579622964132,Stable,0,2022-11-05
2021-05-05,30.227871530499627,80.41233491900128,Stable,0,2021-05-05
2022-11-19,29.412517940533675,81.92951555413877,Stable,0,2022-11-19
2022-12-02,26.73304465715783,86.77311829576338,Stable,0,2022-12-02
2021-03-07,27.423669670412217,82.62091500246866,Stable,0,2021-03-07
2021-12-08,29.67728332658191,82.04447914242323,Stable,0,2021-12-08
2021-06-15,30.10831255968207,80.5706256026071,Stable,0,2021-06-15
2023-12-11,27.735239964469905,80.21198085715943,Stable,0,2023-12-11
2022-06-28,28.743979387747626,87.33215708428773,Stable,0,2022-06-28
2022-03-05,29.51312299139512,86.2277256610496,Stable,0,2022-03-05
2023-07-17,30.079330843046208,80.07982945866398,Stable,0,2023-07-17
2022-03-25,29.264277102385897,87.03161234090246,Stable,0,2022-03-25
2022-01-28,28.60819225036318,84.74738334862508,Stable,0,2022-01-28
2023-07-01,27.846759467874072,82.71268324969746,Stable,0,2023-07-01
2021-04-30,29.436602673707544,87.92609442125352,Stable,0,2021-04-30
2021-11-27,26.546209662652753,83.00946562023645,Stable,0,2021-11-27
2023-07-08,26.569201386591992,81.52749731146535,Stable,0,2023-07-08
2022-05-13,27.20940625155792,83.81606039873508,Stable,0,2022-05-13
2022-04-29,27.73116923950644,83.68943186494083,Stable,0,2022-04-29
2021-07-28,30.023622724819948,80.52090421369623,Stable,0,2021-07-28
2022-09-27,29.123819216275997,81.13449477657997,Stable,0,2022-09-27
2022-01-09,27.279669442491993,81.32884792448817,Stable,0,2022-01-09
2023-11-19,28.621965192486527,82.80052094655667,Stable,0,2023-11-19
2023-11-08,28.45117922090646,81.30168848135945,Stable,0,2023-11-08
2021-10-14,29.77718336402745,86.80470734145695,Stable,0,2021-10-14
2021-08-03,29.505353754818515,80.6961846394284,Stable,0,2021-08-03
2021-06-09,27.698070887546866,83.38309497133281,Stable,0,2021-06-09
2023-01-23,27.129609288269176,87.00336986229446,Stable,0,2023-01-23
2021-02-22,27.288290464883765,84.30797361129234,Stable,0,2021-02-22
2021-12-17,27.9129837605199,84.49025303802851,Stable,0,2021-12-17
2022-12-15,28.22307084065363,83.7401508832259,Stable,0,2022-12-15
2023-11-23,26.842731241196528,85.6597723848,Stable,0,2023-11-23
2021-04-10,28.486686829466674,83.7536823353345,Stable,0,2021-04-10
2021-08-20,26.88135613212907,84.54326851640467,Stable,0,2021-08-20
2021-08-31,27.92855475691602,86.10811193355882,Stable,0,2021-08-31
2023-09-17,26.751413286667784,81.61185029218976,Stable,0,2023-09-17
2023-07-23,30.38380164414194,85.40310611862749,Stable,0,2023-07-23
2023-07-03,28.70336429328816,85.29270459604949,Stable,0,2023-07-03
2022-11-02,29.093835460022277,86.28897674013876,Stable,0,2022-11-02
2021-08-26,26.73477259828159,80.31608995013772,Stable,0,2021-08-26
2022-08-29,26.782255541730365,88.00034591043158,Stable,0,2022-08-29
2021-06-19,28.310387123202304,82.4266250388361,Stable,0,2021-06-19
2022-12-27,28.96091117127176,87.08413023913361,Stable,0,2022-12-27
2021-01-22,29.356148729727867,81.93663721544647,Stable,0,2021-01-22
2022-05-02,28.319811942686364,83.67643659997373,Stable,0,2022-05-02
2022-05-31,30.378772937032373,87.96207993518865,Stable,0,2022-05-31
2021-06-18,26.79025230815125,81.34687605074824,Stable,0,2021-06-18
2022-09-22,28.333851838632807,80.40261018270755,Stable,0,2022-09-22
2023-07-03,27.965440248255483,86.00184963780222,Stable,0,2023-07-03
2021-01-25,28.940574231351313,82.97365480177751,Stable,0,2021-01-25
2022-08-03,30.33068793626196,83.38059304284558,Stable,0,2022-08-03
2022-06-02,28.217851917177533,82.92870777847851,Stable,0,2022-06-02
2021-03-12,28.2816296446116,87.02838130250646,Stable,0,2021-03-12
2022-01-18,29.625271463849653,82.29327920148945,Stable,0,2022-01-18
2021-06-18,30.361624545463073,80.004896994385,Stable,0,2021-06-18
2023-06-30,26.376344510819127,81.89717060344452,Stable,0,2023-06-30
2022-07-27,27.978890620795436,82.26783639549252,Stable,0,2022-07-27
2021-03-09,30.433949836850857,80.21105643179199,Stable,0,2021-03-09
2021-03-10,29.495958668426216,83.643243293568,Stable,0,2021-03-10
2021-04-23,26.44811759856398,84.2778190389266,Stable,0,2021-04-23
2021-10-17,28.067508995088623,86.18987817719918,Stable,0,2021-10-17
2023-08-20,28.12410870359915,86.40256453545798,Stable,0,2023-08-20
2022-11-27,26.664961875373955,86.48291697846416,Stable,0,2022-11-27
2021-09-19,28.074465572757973,84.53441489649681,Stable,0,2021-09-19
2022-11-10,29.547795997599515,81.62170557168461,Stable,0,2022-11-10
2021-05-17,27.832684866063172,86.07702205039061,Stable,0,2021-05-17
2022-07-01,29.84063659799676,80.36068774647912,Stable,0,2022-07-01
2022-07-30,27.30236313356792,87.96080194390188,Stable,0,2022-07-30
2021-03-24,27.761020175399384,82.52977925668817,Stable,0,2021-03-24
2022-10-22,28.58312256747332,87.31822368185273,Stable,0,2022-10-22
2022-10-05,29.090609146076005,83.11240766949003,Stable,0,2022-10-05
2021-01-05,29.73475096750727,82.67207616425652,Stable,0,2021-01-05
2023-03-27,27.292791827634943,83.04932504737523,Stable,0,2023-03-27
2022-06-30,28.581628248951265,86.10078851038273,Stable,0,2022-06-30
2022-02-07,30.42511704704411,84.51218576146441,Stable,0,2022-02-07
2021-06-01,28.980908523941995,85.36201833920052,Stable,0,2021-06-01
2022-02-26,26.60723081292796,85.65027429874237,Stable,0,2022-02-26
2022-08-14,28.143127631334146,81.46823756752826,Stable,0,2022-08-14
2022-08-29,26.554291903587103,80.6734691859904,Stable,0,2022-08-29
2023-08-24,28.986519941181744,87.63643119002558,Stable,0,2023-08-24
2023-05-10,29.53782579266457,82.22181249523113,Stable,0,2023-05-10
2023-08-09,29.73648715016765,80.22079414300799,Stable,0,2023-08-09
2022-06-24,27.750752560324965,86.99094306059351,Stable,0,2022-06-24
2023-12-02,26.87261453787817,88.184918503595,Stable,0,2023-12-02
2021-02-17,30.315968811294088,81.52273401946877,Stable,0,2021-02-17
2021-07-19,29.077964856012557,81.00822920466523,Stable,0,2021-07-19
2022-11-15,28.822867993220157,86.72958908479879,Stable,0,2022-11-15
2022-04-15,30.3618026037405,81.28579081759679,Stable,0,2022-04-15
2022-05-08,30.010200795229785,86.1230788534592,Stable,0,2022-05-08
2023-03-30,28.108920491943344,84.64383970850754,Stable,0,2023-03-30
2023-03-12,29.570886467131228,87.52360389472526,Stable,0,2023-03-12
2022-02-20,26.351432941119057,88.14006678585152,Stable,0,2022-02-20
2022-12-14,29.92314414127261,85.28095318890945,Stable,0,2022-12-14
2023-05-28,26.360813148390676,81.20897558926796,Stable,0,2023-05-28
2021-10-07,28.424421197136898,83.59808007597927,Stable,0,2021-10-07
2022-09-05,27.39189873518005,82.01971867685995,Stable,0,2022-09-05
2022-07-27,27.40902678918934,82.22587031902869,Stable,0,2022-07-27
2021-01-06,26.67477817194208,80.49638448511072,Stable,0,2021-01-06
2023-01-26,26.464617207593893,86.1500601328368,Stable,0,2023-01-26
2022-09-09,29.45562413820566,87.7935565951696,Stable,0,2022-09-09
2023-12-01,26.823207955006364,86.38396173446105,Stable,0,2023-12-01
2022-02-26,27.595044256125973,83.04536388930083,Stable,0,2022-02-26
2021-01-13,28.2189857781341,85.04994590730765,Stable,0,2021-01-13
2023-04-20,26.43575108234771,82.68231736755291,Stable,0,2023-04-20
2023-08-20,28.471427608952013,86.89171731616807,Stable,0,2023-08-20
2022-02-12,29.03022602282959,82.6127556377939,Stable,0,2022-02-12
2022-11-20,29.599722992575327,83.74341446462547,Stable,0,2022-11-20
2023-08-06,26.39092221148364,81.78504810643112,Stable,0,2023-08-06
2023-11-24,29.088062740911184,87.63456217590998,Stable,0,2023-11-24
2023-11-07,26.49614303299244,86.10922760698722,Stable,0,2023-11-07
2022-06-15,30.396506558980334,85.27747175958758,Stable,0,2022-06-15
2023-11-08,28.789975854683004,81.63240767925363,Stable,0,2023-11-08
2023-09-08,28.038763803513906,84.68876758005578,Stable,0,2023-09-08
2022-01-11,27.192304601140226,87.5742892712269,Stable,0,2022-01-11
2022-05-19,26.783337486440924,86.90101696347143,Stable,0,2022-05-19
2021-01-03,27.97311999444985,87.84730352917553,Stable,0,2021-01-03
2022-04-30,26.758641908488872,84.27042384811672,Stable,0,2022-04-30
2021-09-07,28.36418845832473,84.46111143453139,Stable,0,2021-09-07
2023-06-30,27.80788262352135,86.93392160945096,Stable,0,2023-06-30
2021-08-02,30.16958182647816,83.14512563961779,Stable,0,2021-08-02
2021-05-02,27.81169778323048,86.40642409952069,Stable,0,2021-05-02
2021-11-24,29.064258116356974,84.63432456812708,Stable,0,2021-11-24
2021-07-28,29.242503132330572,80.95508706109551,Stable,0,2021-07-28
2023-06-21,29.898268502488552,84.96091556297277,Stable,0,2023-06-21
2023-06-11,28.466401019077164,84.36101766566993,Stable,0,2023-06-11
2021-07-10,28.57468176285157,82.3671001935279,Stable,0,2021-07-10
2023-10-05,28.986910199078466,83.62985987681007,Stable,0,2023-10-05
2021-06-14,30.129446841490847,82.81628426275658,Stable,0,2021-06-14
2023-11-25,28.079734209140486,83.9579266887207,Stable,0,2023-11-25
2021-07-02,29.09589717741233,87.54992758385633,Stable,0,2021-07-02
2022-11-18,30.1214094881792,85.53858463105146,Stable,0,2022-11-18
2022-09-17,26.865587115397588,80.49850631234862,Stable,0,2022-09-17
2023-09-29,27.85761122172606,82.31273691852846,Stable,0,2023-09-29
2022-09-07,30.364583685672393,82.85049156270085,Stable,0,2022-09-07
2021-07-15,27.501922956248,82.01724547901094,Stable,0,2021-07-15
2022-08-12,26.97155729341647,80.6425294361559,Stable,0,2022-08-12
2021-04-30,28.420362875468008,87.12719332305335,Stable,0,2021-04-30
2023-06-12,29.169423736425333,85.35754501840769,Stable,0,2023-06-12
2022-11-14,28.176433849005345,81.98958373465176,Stable,0,2022-11-14
2023-03-31,28.40563264637496,83.28977005618913,Stable,0,2023-03-31
2021-09-26,26.411356265054973,81.12998864169016,Stable,0,2021-09-26
2021-05-20,27.371840341844983,86.1450321474948,Stable,0,2021-05-20
2022-01-11,27.113453512802668,84.26357969083077,Stable,0,2022-01-11
2021-01-28,27.541467014194986,85.9854890797678,Stable,0,2021-01-28
2023-05-15,27.752039797346875,83.93735157837733,Stable,0,2023-05-15
2021-02-27,30.24577486196521,84.86829764490764,Stable,0,2021-02-27
2023-10-15,29.208365084680537,84.14943763324266,Stable,0,2023-10-15
2022-01-10,28.608141697735213,81.68270514676452,Stable,0,2022-01-10
2023-11-28,27.098682953084634,87.60162056081859,Stable,0,2023-11-28
2021-05-08,27.87670924385935,81.52716613808605,Stable,0,2021-05-08
2022-09-29,30.420607494893435,83.84794239761383,Stable,0,2022-09-29
2022-09-15,29.99888174972437,82.66439524275403,Stable,0,2022-09-15
2023-10-20,27.92841152102128,82.61974943304166,Stable,0,2023-10-20
2021-06-26,28.81949053993105,84.4164647108312,Stable,0,2021-06-26
2022-07-12,27.979524788458324,83.74878409561556,Stable,0,2022-07-12
2022-10-12,26.303870242138455,85.81410786973355,Stable,0,2022-10-12
2022-02-15,27.142807829460796,86.03643459202524,Stable,0,2022-02-15
2022-12-17,27.87864667891346,84.02232581595155,Stable,0,2022-12-17
2023-07-24,28.809071399949374,82.93898580125787,Stable,0,2023-07-24
2022-12-05,29.730402299611217,85.28786955957416,Stable,0,2022-12-05
2021-04-07,28.85433217313985,86.81121221031349,Stable,0,2021-04-07
2022-05-23,29.511504743240668,84.36948527036273,Stable,0,2022-05-23
2021-06-12,28.091445710152733,80.58972767623173,Stable,0,2021-06-12
2023-10-08,29.688501961723407,80.25391032274914,Stable,0,2023-10-08
2023-02-10,29.24815929524654,84.29427527219418,Stable,0,2023-02-10
2022-01-23,30.04084508634932,86.70650988665946,Stable,0,2022-01-23
2021-04-09,28.930656675502696,83.89601444053744,Stable,0,2021-04-09
2023-03-30,28.902869449165564,84.68075498339924,Stable,0,2023-03-30
2023-11-16,28.984172346183357,81.28802114137692,Stable,0,2023-11-16
2023-09-18,27.48175421239248,88.25437225606375,Stable,0,2023-09-18
2022-11-18,30.3296421097338,80.81504967178314,Stable,0,2022-11-18
2023-11-29,27.883208904871495,82.90043376585562,Stable,0,2023-11-29
2022-10-17,29.68777229049516,80.64134728335118,Stable,0,2022-10-17
2021-12-13,29.951862349422612,84.84716726065298,Stable,0,2021-12-13
2023-07-27,29.804190374822397,81.9674648495454,Stable,0,2023-07-27
2023-12-26,29.132793808979883,80.89939960116855,Stable,0,2023-12-26
2021-04-04,29.509819336252935,88.10005126542927,Stable,0,2021-04-04
2022-03-19,26.9665543520021,84.40018059479775,Stable,0,2022-03-19
2021-06-01,27.668849497662624,84.6403031730396,Stable,0,2021-06-01
2021-07-03,27.855676471820097,80.85733149394176,Stable,0,2021-07-03
2022-02-23,30.129958942987106,80.82534643386263,Stable,0,2022-02-23
2023-10-10,28.47057931020806,81.81480106423034,Stable,0,2023-10-10
2022-06-11,28.031207780785845,80.7955476975847,Stable,0,2022-06-11
2022-07-19,27.101097260565616,80.43998107588371,Stable,0,2022-07-19
2021-02-06,27.858004945508764,86.06387588902668,Stable,0,2021-02-06
2021-01-05,28.239724085332423,81.70792023513395,Stable,0,2021-01-05
2023-08-20,27.987030071319953,81.60921338437389,Stable,0,2023-08-20
2021-12-25,29.56338003896157,84.28524662355291,Stable,0,2021-12-25
2021-04-21,27.483612134013416,84.1368818405059,Stable,0,2021-04-21
2023-12-04,26.75579880401117,81.42910885145726,Stable,0,2023-12-04
2022-11-09,26.50476234505816,85.87870255200208,Stable,0,2022-11-09
2023-04-17,29.885510538384196,87.00523648489775,Stable,0,2023-04-17
2021-09-09,26.68211551070521,81.88536457493574,Stable,0,2021-09-09
2022-12-21,28.602809474501942,80.49309166116223,Stable,0,2022-12-21
2022-07-20,30.20312154162827,85.10900369419153,Stable,0,2022-07-20
2021-11-24,27.404761380997744,85.98346055797485,Stable,0,2021-11-24
2023-12-21,30.267203628561536,82.99729819254992,Stable,0,2023-12-21
2021-12-19,28.083025786491053,87.93613829739843,Stable,0,2021-12-19
2021-05-11,26.39700665286982,87.0068056722913,Stable,0,2021-05-11
2023-04-14,27.45723074629016,86.60185665921435,Stable,0,2023-04-14
2023-04-14,30.43848897856056,83.31203547409704,Stable,0,2023-04-14
2023-05-30,30.49621741239377,84.46580934306904,Stable,0,2023-05-30
2022-03-26,28.870880085669747,84.90006891413047,Stable,0,2022-03-26
2022-03-31,27.96983257708293,85.99045100183288,Stable,0,2022-03-31
2022-05-07,29.4817811759034,82.7462502494362,Stable,0,2022-05-07
2022-07-12,30.38068360277772,82.6061894946957,Stable,0,2022-07-12
2021-07-24,26.936051460567192,83.27670860610783,Stable,0,2021-07-24
2023-02-26,27.54041886209107,81.35078778370689,Stable,0,2023-02-26
2023-02-07,26.986551707223143,80.75568758678638,Stable,0,2023-02-07
2023-01-20,28.246977522351713,83.28175209603064,Stable,0,2023-01-20
2022-01-12,26.723527657849115,81.06562342403898,Stable,0,2022-01-12
2023-04-10,29.07645062648198,87.05878268410338,Stable,0,2023-04-10
2022-07-13,29.028512365477763,85.85940561200263,Stable,0,2022-07-13
2022-10-20,27.114335997320712,81.38398499924581,Stable,0,2022-10-20
2022-03-22,27.18241050767869,84.19119530108188,Stable,0,2022-03-22
2022-12-03,28.73684775306677,81.19820314809255,Stable,0,2022-12-03
2022-04-17,27.10241070836876,85.78539858653164,Stable,0,2022-04-17
2022-11-20,26.335157765456874,84.51191414750599,Stable,0,2022-11-20
2022-07-26,28.55295266925422,87.01118733053065,Stable,0,2022-07-26
2023-12-20,28.47118618277065,80.38471984949439,Stable,0,2023-12-20
2022-06-06,28.70955739933184,85.56287580452624,Stable,0,2022-06-06
2021-12-06,27.244562672741804,85.61513267600922,Stable,0,2021-12-06
2022-07-03,28.43702342108609,82.49483491458636,Stable,0,2022-07-03
2022-03-03,28.78193972220784,84.64615839859601,Stable,0,2022-03-03
2023-04-16,30.15650884508511,87.89073660125844,Stable,0,2023-04-16
2022-05-07,30.433836132100534,81.04821876218239,Stable,0,2022-05-07
2021-12-03,26.733861541070063,87.64455405399873,Stable,0,2021-12-03
2023-04-17,29.218367117507732,86.28909309675153,Stable,0,2023-04-17
2022-10-09,28.614147886121103,82.62668661096762,Stable,0,2022-10-09
2023-12-09,27.631280174557123,80.61449417227195,Stable,0,2023-12-09
2021-12-07,26.730072427190905,86.44405114134355,Stable,0,2021-12-07
2022-06-18,29.398177898660094,80.2107372997305,Stable,0,2022-06-18
2022-08-17,29.303881283630044,87.19501570482622,Stable,0,2022-08-17
2022-03-21,28.807737058368183,86.77605864169306,Stable,0,2022-03-21
2022-04-18,28.78628696415837,81.52401403383865,Stable,0,2022-04-18
2022-10-21,27.04370704017063,85.36500406001457,Stable,0,2022-10-21
2022-04-09,27.25147775921507,87.23715496384249,Stable,0,2022-04-09
2023-12-16,26.956882809571155,86.39283617543065,Stable,0,2023-12-16
2021-03-12,28.97688070198521,85.94155862012008,Stable,0,2021-03-12
2021-08-02,28.218877493519503,83.12477941314272,Stable,0,2021-08-02
2021-01-12,26.868184207474833,85.42538418985612,Stable,0,2021-01-12
2021-10-05,28.03247211938625,80.44780804857346,Stable,0,2021-10-05
2022-11-15,28.850488745827093,86.08381204470231,Stable,0,2022-11-15
2023-12-14,30.433291744856728,83.34522227431447,Stable,0,2023-12-14
2023-08-01,28.086244883923584,88.23275609366453,Stable,0,2023-08-01
2022-12-12,28.022040067830325,82.72392211497966,Stable,0,2022-12-12
2022-06-21,27.98513542124681,85.9872339463355,Stable,0,2022-06-21
2021-12-12,26.57091962633679,82.3963991943245,Stable,0,2021-12-12
2023-01-26,29.652619250746532,84.57606200924204,Stable,0,2023-01-26
2023-12-25,29.33020441703176,86.62263466898499,Stable,0,2023-12-25
2023-06-13,26.58885058071921,84.76012067957903,Stable,0,2023-06-13
2021-04-24,28.15289918393409,82.74339353489802,Stable,0,2021-04-24
2023-02-21,29.069759136654863,80.75994633722246,Stable,0,2023-02-21
2021-10-20,27.320793660153875,82.20158742639511,Stable,0,2021-10-20
2023-07-12,28.35328564552198,84.86902016057373,Stable,0,2023-07-12
2023-03-16,27.630565204247674,82.47701126714243,Stable,0,2023-03-16
2022-01-03,29.567677041358863,88.252051241815,Stable,0,2022-01-03
2022-12-05,30.34456542753538,84.39116246464917,Stable,0,2022-12-05
2023-07-20,28.69189131289374,81.340255429139,Stable,0,2023-07-20
2023-08-29,28.371723095323937,80.79284349938838,Stable,0,2023-08-29
2021-07-29,28.577727957305186,83.38168633034606,Stable,0,2021-07-29
2021-12-28,27.594067056964743,85.0672182779068,Stable,0,2021-12-28
2022-07-10,27.821565515009944,84.30973961656322,Stable,0,2022-07-10
2021-01-15,28.377398335400233,87.41405347000986,Stable,0,2021-01-15
2023-01-11,29.34876612689285,80.00639149024238,Stable,0,2023-01-11
2021-10-05,26.983820762440985,87.37089714525673,Stable,0,2021-10-05
2021-01-05,29.874355247572396,83.18225713918393,Stable,0,2021-01-05
2021-06-04,27.008181916337296,86.16274966160829,Stable,0,2021-06-04
2021-01-08,29.754042934914555,85.77497823370724,Stable,0,2021-01-08
2022-02-24,26.707848825017123,82.01551409657029,Stable,0,2022-02-24
2022-05-02,27.000194349855608,83.59126397664271,Stable,0,2022-05-02
2022-11-29,28.45826329905732,86.18664906688085,Stable,0,2022-11-29
2022-06-22,26.315258833954857,80.16846791237862,Stable,0,2022-06-22
2023-07-19,26.94492425165024,84.82547393037788,Stable,0,2023-07-19
2023-12-04,28.880818094630467,85.68012473584349,Stable,0,2023-12-04
2021-09-30,26.427260932419227,80.11910770715645,Stable,0,2021-09-30
2021-04-14,30.43756392145917,85.89168728451195,Stable,0,2021-04-14
2022-08-19,28.920617631434904,85.09304350166802,Stable,0,2022-08-19
2022-10-02,28.92249233249837,87.53709105376298,Stable,0,2022-10-02
2021-09-10,28.96421795571661,80.15046904509332,Stable,0,2021-09-10
2023-10-11,29.673198026810187,82.84414953051972,Stable,0,2023-10-11
2021-01-28,28.292799922277187,86.87993223985639,Stable,0,2021-01-28
2023-05-05,30.047594063134287,82.23907550048213,Stable,0,2023-05-05
2023-01-24,29.892935235821547,80.31055935471096,Stable,0,2023-01-24
2021-09-11,30.41956116090409,84.31846269468376,Stable,0,2021-09-11
2021-08-21,29.786824729641346,84.69874296910642,Stable,0,2021-08-21
2022-04-01,28.488668664082248,84.48244160010617,Stable,0,2022-04-01
2022-10-31,27.10525006657057,82.50068427962086,Stable,0,2022-10-31
2022-06-08,28.7516166193923,85.69101996453963,Stable,0,2022-06-08
2022-04-16,30.444126662710246,86.46608722394184,Stable,0,2022-04-16
2021-03-26,30.46502376528236,82.9456924364604,Stable,0,2021-03-26
2021-06-16,30.351385678339884,87.44749144657905,Stable,0,2021-06-16
2022-06-15,29.528015438176183,82.96027933284097,Stable,0,2022-06-15
2023-12-26,27.009710275871377,83.58925488152586,Stable,0,2023-12-26
2021-02-14,28.15927454851897,87.14880969005328,Stable,0,2021-02-14
2021-02-18,28.011063907587538,80.0128852441526,Stable,0,2021-02-18
2022-07-15,27.747006658039854,81.46201186881679,Stable,0,2022-07-15
2022-10-21,28.74377237338089,87.0198584641479,Stable,0,2022-10-21
2022-03-10,26.966005057968545,85.12285882889313,Stable,0,2022-03-10
2022-07-02,27.885909759987246,81.93674429790316,Stable,0,2022-07-02
2023-03-04,26.63868482971676,80.56809365990453,Stable,0,2023-03-04
2022-03-17,26.86043832742477,84.63643229419661,Stable,0,2022-03-17
2022-07-25,30.209291750049076,87.1784039555336,Stable,0,2022-07-25
2023-11-30,29.32656102028145,85.54326625288247,Stable,0,2023-11-30
2021-09-02,28.76305382394084,87.77010599022854,Stable,0,2021-09-02
2022-04-30,26.471306588584987,83.69949201833658,Stable,0,2022-04-30
2021-02-22,29.79332536517653,88.21404598014522,Stable,0,2021-02-22
2022-03-18,27.41218687130447,84.9704425817749,Stable,0,2022-03-18
2023-05-18,26.65717529564105,87.38283946218968,Stable,0,2023-05-18
2022-04-19,26.42405652341172,81.39605264364872,Stable,0,2022-04-19
2022-05-21,27.37006053339421,84.2103700986933,Stable,0,2022-05-21
2023-02-09,27.735114770241395,82.98618581388465,Stable,0,2023-02-09
2021-01-20,30.258988456589176,82.27650900582455,Stable,0,2021-01-20
2022-08-27,29.300067568891095,87.8137954267966,Stable,0,2022-08-27
2021-11-24,30.185764259194094,83.76926280861271,Stable,0,2021-11-24
2022-02-01,28.265236308405026,82.34169897777306,Stable,0,2022-02-01
2023-09-08,30.46868380588044,84.40091028065513,Stable,0,2023-09-08
2021-03-09,26.32405223340115,83.49537098379238,Stable,0,2021-03-09
2023-04-29,28.72129438228806,86.71857120365696,Stable,0,2023-04-29
2022-12-16,27.977223667680224,83.96795268074136,Stable,0,2022-12-16
2021-01-13,29.36226712714802,80.07575518821456,Stable,0,2021-01-13
2022-03-06,30.040255478746943,82.69162873405783,Stable,0,2022-03-06
2021-05-31,28.800000284292313,83.5493557936125,Stable,0,2021-05-31
2023-04-05,30.021273694376873,80.82995595449808,Stable,0,2023-04-05
2021-09-21,27.922542826577835,82.82070134914026,Stable,0,2021-09-21
2022-08-02,27.329518233793905,80.44667198533628,Stable,0,2022-08-02
2021-11-08,29.8959156138947,84.53093701525286,Stable,0,2021-11-08
2022-12-07,28.586608128691175,82.15184261137722,Stable,0,2022-12-07
2022-11-05,27.03777685520066,84.25021313314785,Stable,0,2022-11-05
2022-06-29,30.273254650688777,86.5676528646472,Stable,0,2022-06-29
2021-02-27,29.086634934930256,82.01310768784217,Stable,0,2021-02-27
2021-03-19,29.51164668871102,83.7874488157186,Stable,0,2021-03-19
2021-06-25,26.561752281177572,83.91331080896802,Stable,0,2021-06-25
2021-10-28,30.265781117969524,87.38075060381576,Stable,0,2021-10-28
2023-12-31,27.309503124934235,87.00757118566672,Stable,0,2023-12-31
2021-01-14,26.937300789410862,83.22091103784567,Stable,0,2021-01-14
2022-12-30,28.6307144397486,80.71420019530078,Stable,0,2022-12-30
2021-03-09,29.09874998541852,87.17299660368867,Stable,0,2021-03-09
2023-05-08,29.24565260441079,86.63990683809988,Stable,0,2023-05-08
2021-12-07,27.57905996773515,87.06779994456802,Stable,0,2021-12-07
2023-04-01,30.123950985374268,86.350417683416,Stable,0,2023-04-01
2021-10-23,27.889812289249555,86.60764018775069,Stable,0,2021-10-23
2021-05-05,29.59699476166812,86.01514605041802,Stable,0,2021-05-05
2021-05-17,26.73004485605109,81.56947550309428,Stable,0,2021-05-17
2023-01-30,29.9486503595433,85.75329783662694,Stable,0,2023-01-30
2022-04-07,28.304056671766656,86.29596561862887,Stable,0,2022-04-07
2023-04-04,27.704789515795717,86.08713638018352,Stable,0,2023-04-04
2022-12-18,28.596071761176933,81.36729799852912,Stable,0,2022-12-18
2022-11-14,30.295568946623803,82.22194041069064,Stable,0,2022-11-14
2022-10-31,30.327304881565315,84.92276526028195,Stable,0,2022-10-31
2023-10-01,27.56889568015746,86.32388685141535,Stable,0,2023-10-01
2021-02-07,29.99346404628024,82.36613901335416,Stable,0,2021-02-07
2021-07-21,28.734502934545347,86.72566434627063,Stable,0,2021-07-21
2023-06-14,29.234300250104273,85.4486277179514,Stable,0,2023-06-14
2023-09-11,26.865151820018685,87.84248025498655,Stable,0,2023-09-11
2023-10-20,27.021084024562327,80.43030693843032,Stable,0,2023-10-20
2023-01-04,28.195420848413622,81.03802670244289,Stable,0,2023-01-04
2021-03-22,30.10156913326227,84.03521621904963,Stable,0,2021-03-22
2021-07-29,28.92643202040483,81.90980795733542,Stable,0,2021-07-29
2023-09-08,28.872894827027,81.69720519165965,Stable,0,2023-09-08
2022-07-22,28.80776573451579,80.03377019061153,Stable,0,2022-07-22
2022-06-08,28.404032088175462,84.55452573177968,Stable,0,2022-06-08
2021-06-11,26.402377744213133,82.97585590158192,Stable,0,2021-06-11
2022-04-19,28.324388679756183,80.8062115299932,Stable,0,2022-04-19
2022-12-31,27.4022081496901,80.76389423093357,Stable,0,2022-12-31
2022-02-06,27.664778537639084,82.15330617201415,Stable,0,2022-02-06
2023-07-25,29.72185151380846,86.62027872655719,Stable,0,2023-07-25
2022-12-05,27.557491263831853,85.42605678521613,Stable,0,2022-12-05
2023-02-11,27.604519688270205,84.39758463831242,Stable,0,2023-02-11
2021-02-12,27.22810060455788,82.19509292166626,Stable,0,2021-02-12
2022-09-03,30.158631590883243,82.49995161469799,Stable,0,2022-09-03
2022-04-25,26.40780022994642,85.62066849696438,Stable,0,2022-04-25
2022-03-13,28.403309334490125,82.57341424900744,Stable,0,2022-03-13
2022-11-24,28.65961588158292,80.3340730189794,Stable,0,2022-11-24
2022-01-30,26.37792992324121,84.53521523911759,Stable,0,2022-01-30
2023-04-03,30.083735308847757,88.11666155254711,Stable,0,2023-04-03
2023-03-31,30.0945446624678,80.23040776737689,Stable,0,2023-03-31
2023-12-09,28.215660659433457,85.83882406012506,Stable,0,2023-12-09
2023-02-19,30.45638751802306,82.22197375002429,Stable,0,2023-02-19
2023-02-17,30.072814370351445,87.28241299674184,Stable,0,2023-02-17
2022-12-24,26.740095728411823,86.69343312725373,Stable,0,2022-12-24
2022-11-11,30.272891565461233,82.08570219746049,Stable,0,2022-11-11
2021-03-26,29.171515681239413,84.82422823072697,Stable,0,2021-03-26
2023-02-19,30.332474617019088,80.79010288685238,Stable,0,2023-02-19
2022-03-22,27.71877784617982,84.37610040041588,Stable,0,2022-03-22
2023-02-22,26.786505131697787,80.43847556186934,Stable,0,2023-02-22
2021-07-20,26.444265488270567,85.35985597685047,Stable,0,2021-07-20
2023-08-06,27.740024390702736,83.51172128656968,Stable,0,2023-08-06
2021-09-28,28.175823597967756,83.77039038218733,Stable,0,2021-09-28
2023-01-27,26.96783131169053,85.36216103122864,Stable,0,2023-01-27
2022-04-11,30.282890510906473,87.39503865337187,Stable,0,2022-04-11
2023-02-07,29.43020014418057,82.070679006516,Stable,0,2023-02-07
2021-07-13,27.514525341425248,87.34969632328472,Stable,0,2021-07-13
2021-01-29,29.01098622858401,83.21794014698422,Stable,0,2021-01-29
2021-06-02,29.878361792041417,87.37095846422928,Stable,0,2021-06-02
2022-12-16,27.089901049510424,81.60195333363312,Stable,0,2022-12-16
2023-10-18,26.92146035481428,86.76330294029181,Stable,0,2023-10-18
2023-06-05,28.681674849567553,83.39062167474447,Stable,0,2023-06-05
2021-05-18,30.34519723586435,82.87298438105367,Stable,0,2021-05-18
2021-06-24,26.83705529246034,80.18274280447622,Stable,0,2021-06-24
2022-02-18,27.681596984239093,83.2155264858246,Stable,0,2022-02-18
2022-07-11,27.91522633290574,86.76391316957806,Stable,0,2022-07-11
2022-10-24,26.776948670839257,86.44917858840017,Stable,0,2022-10-24
2022-07-02,28.88843750090495,85.93789438977768,Stable,0,2022-07-02
2022-06-24,30.3253759096392,84.50752356655889,Stable,0,2022-06-24
2023-06-01,28.17617734575928,81.91139112620003,Stable,0,2023-06-01
2022-11-29,29.830488654437772,80.22966820723164,Stable,0,2022-11-29
2021-04-18,28.82888081914964,83.66289411732231,Stable,0,2021-04-18
2021-10-16,30.194445799046367,83.21849319799352,Stable,0,2021-10-16
2022-07-19,29.375414941332025,81.43051724077824,Stable,0,2022-07-19
2021-05-29,29.9200778694239,83.61535146894272,Stable,0,2021-05-29
2021-08-05,28.88368043288359,82.58429125303176,Stable,0,2021-08-05
2022-05-13,29.387236560736863,82.55517599516445,Stable,0,2022-05-13
2022-05-28,28.03031950788408,82.19656371014135,Stable,0,2022-05-28
2023-11-08,28.658490897042267,85.87392760233085,Stable,0,2023-11-08
2023-04-03,27.46309810993503,88.2765711393018,Stable,0,2023-04-03
2023-06-12,30.34201699152756,81.65385395909797,Stable,0,2023-06-12
2021-12-06,29.800636747543688,83.3345161864939,Stable,0,2021-12-06
2022-11-06,28.354234369636213,82.93244870057589,Stable,0,2022-11-06
2022-09-22,26.579097815985374,85.29706917208867,Stable,0,2022-09-22
2022-05-24,29.770198453989952,88.03050106174865,Stable,0,2022-05-24
2021-08-28,27.821604005997887,87.47459830882657,Stable,0,2021-08-28
2021-11-02,28.442997911565357,86.07082610286876,Stable,0,2021-11-02
2023-10-10,28.436614219341124,83.93247568747759,Stable,0,2023-10-10
2022-06-30,27.10011241615152,82.12816279861228,Stable,0,2022-06-30
2022-04-29,26.430739436928523,81.7246557842004,Stable,0,2022-04-29
2023-07-02,28.099485621676717,87.49636463486658,Stable,0,2023-07-02
2023-11-06,27.00070859927724,82.9058342614375,Stable,0,2023-11-06
2021-09-02,28.59598029711075,84.70800329036534,Stable,0,2021-09-02
2021-01-15,29.00018927723381,85.35690774139407,Stable,0,2021-01-15
2023-01-14,27.957837292754277,82.28134478068375,Stable,0,2023-01-14
2022-02-13,27.997783810477568,86.74620187388119,Stable,0,2022-02-13
2021-01-26,27.48551050614567,80.26444341303235,Stable,0,2021-01-26
2023-08-15,27.927512465178452,80.60014119600052,Stable,0,2023-08-15
2023-05-16,29.725046019902862,80.30184993973882,Stable,0,2023-05-16
2021-02-16,29.88069039584927,86.65592913823696,Stable,0,2021-02-16
2022-11-22,29.858200673300782,85.06311844482123,Stable,0,2022-11-22
2021-06-23,29.62791882305855,84.20225793569348,Stable,0,2021-06-23
2022-07-27,28.694080607935145,82.53959726663825,Stable,0,2022-07-27
2023-05-30,28.238128480687696,80.14773265371728,Stable,0,2023-05-30
2021-07-03,27.085259820907023,87.27236920970901,Stable,0,2021-07-03
2021-05-13,30.491831198949328,87.80124070991153,Stable,0,2021-05-13
2021-10-09,28.09063208576263,80.11769050100396,Stable,0,2021-10-09
2023-03-06,27.835381327776485,82.49581443582787,Stable,0,2023-03-06
2021-05-19,28.259165010623303,86.52485394943692,Stable,0,2021-05-19
2022-06-22,28.75788377434898,85.53254786884146,Stable,0,2022-06-22
2021-05-28,29.649558455556463,87.85763919721109,Stable,0,2021-05-28
2023-02-22,30.105584046559972,80.26003496414225,Stable,0,2023-02-22
2022-10-02,26.70408074840127,81.60118811982802,Stable,0,2022-10-02
2023-07-26,29.020008723730363,84.08471591933167,Stable,0,2023-07-26
2023-12-29,30.12922626520069,87.7962491523799,Stable,0,2023-12-29
2021-02-12,27.86431525618171,83.37639151603622,Stable,0,2021-02-12
2022-09-30,27.955087155788647,83.69959347591556,Stable,0,2022-09-30
2022-06-06,27.309476067040546,81.70820156952897,Stable,0,2022-06-06
2021-10-15,29.286291768587205,84.51938761952552,Stable,0,2021-10-15
2022-12-06,28.61368745990174,86.29906135937537,Stable,0,2022-12-06
2021-12-21,28.71357976959677,82.51267199624041,Stable,0,2021-12-21
2021-07-22,30.31736021524576,85.21155068701239,Stable,0,2021-07-22
2023-04-30,27.307364485884264,84.08850468561778,Stable,0,2023-04-30
2021-03-05,26.77191252676211,84.85688581378052,Stable,0,2021-03-05
2023-01-16,30.440630937854113,86.74906818287876,Stable,0,2023-01-16
2023-04-23,30.28941516236982,86.85203260272259,Stable,0,2023-04-23
2022-05-28,29.78170668457737,84.0818229059556,Stable,0,2022-05-28
2022-08-03,26.34693434508662,86.70311927951809,Stable,0,2022-08-03
2022-02-06,30.38552494919314,81.16058541047778,Stable,0,2022-02-06
2022-05-20,29.28540808129175,83.64196134165265,Stable,0,2022-05-20
2023-04-18,27.839780527097687,85.00965858120236,Stable,0,2023-04-18
2022-12-28,29.181951275454793,85.62817798427082,Stable,0,2022-12-28
2023-08-17,26.36550166443484,84.7974040999741,Stable,0,2023-08-17
2022-02-27,26.30649709615698,84.15932013359688,Stable,0,2022-02-27
2022-03-06,28.802679746298896,84.64873682188254,Stable,0,2022-03-06
2021-02-13,26.339680494315395,83.79077177590518,Stable,0,2021-02-13
2022-09-10,27.80391267308522,84.97272530277661,Stable,0,2022-09-10
2022-01-01,27.53394843014763,86.31115821315275,Stable,0,2022-01-01
2021-12-24,26.70204656147551,80.16823373972423,Stable,0,2021-12-24
2023-09-05,27.35607791309728,81.11125416488895,Stable,0,2023-09-05
2022-10-17,27.0016392276166,81.77513385161085,Stable,0,2022-10-17
2022-09-28,27.29734394174975,83.6098321068435,Stable,0,2022-09-28
2022-07-13,30.39366765619903,87.26697803331673,Stable,0,2022-07-13
2023-12-25,29.951255810900733,83.35741680310741,Stable,0,2023-12-25
2023-02-07,26.368480075600697,84.25249451229253,Stable,0,2023-02-07
2021-01-14,27.43410938307406,85.75142180017873,Stable,0,2021-01-14
2023-06-13,27.17736250289153,87.50460713427331,Stable,0,2023-06-13
2021-09-15,29.987986475313622,81.25371789807053,Stable,0,2021-09-15
2023-03-23,26.9141754259243,86.07385420028464,Stable,0,2023-03-23
2021-10-28,30.285651548422603,86.96541228020996,Stable,0,2021-10-28
2021-08-22,30.28715368784711,83.52102038429798,Stable,0,2021-08-22
2021-05-21,28.311611095491383,81.47178915215957,Stable,0,2021-05-21
2023-06-23,28.627407931789055,82.26834172313433,Stable,0,2023-06-23
2021-12-10,28.209816361380337,84.42606909232997,Stable,0,2021-12-10
2022-10-16,30.48078871989886,82.61774568942097,Stable,0,2022-10-16
2022-12-09,27.76575096626831,84.30776552274875,Stable,0,2022-12-09
2021-11-17,26.52511044536517,83.06280984776707,Stable,0,2021-11-17
2023-02-09,30.15810954017258,81.18438040121232,Stable,0,2023-02-09
2023-08-12,27.096406300397035,84.08808023352522,Stable,0,2023-08-12
2023-06-19,28.863073624641014,83.71486203151666,Stable,0,2023-06-19
2022-01-12,28.407806903369156,83.10392062940097,Stable,0,2022-01-12
2023-04-08,29.60290107542268,84.73476612462986,Stable,0,2023-04-08
2023-09-20,26.618726666018425,81.96340235739589,Stable,0,2023-09-20
2023-09-18,28.21475742423975,84.19084202758513,Stable,0,2023-09-18
2023-05-28,30.114051015332667,83.33845270277155,Stable,0,2023-05-28
2021-08-25,27.181921146247117,84.08443857604958,Stable,0,2021-08-25
2023-06-03,28.0045526881654,82.90024514087608,Stable,0,2023-06-03
2023-12-22,30.41529997808716,84.8227405855956,Stable,0,2023-12-22
2022-09-01,27.55885112732831,81.7049755555411,Stable,0,2022-09-01
2022-10-04,28.959729192942778,85.10515715782213,Stable,0,2022-10-04
2021-06-04,30.4257123365616,81.75143570299393,Stable,0,2021-06-04
2022-10-11,28.07380504825332,83.90593394136624,Stable,0,2022-10-11
2022-12-30,28.371820252461816,80.22777222377817,Stable,0,2022-12-30
2023-10-28,28.86129100387491,86.0393821671187,Stable,0,2023-10-28
2021-05-09,27.306931658877257,81.69952295255798,Stable,0,2021-05-09
2023-12-23,27.485507428026615,86.94000189552088,Stable,0,2023-12-23
2022-12-15,27.900460756005486,83.97416391608529,Stable,0,2022-12-15
2021-07-09,28.09950017855622,83.25889886629459,Stable,0,2021-07-09
2021-04-28,29.4990553252352,80.55182258377833,Stable,0,2021-04-28
2023-06-02,29.551075125388344,85.5016858860088,Stable,0,2023-06-02
2022-09-01,26.90432932370668,81.3986566233599,Stable,0,2022-09-01
2021-10-01,29.74968114655416,84.07372847616608,Stable,0,2021-10-01
2021-02-17,27.91728191415404,82.44920176470278,Stable,0,2021-02-17
2022-01-21,29.4217413776761,80.6463253236574,Stable,0,2022-01-21
2022-01-07,29.02482990663069,83.85386669719104,Stable,0,2022-01-07
2022-06-14,29.00826489383449,87.28441044329894,Stable,0,2022-06-14
2023-09-30,27.46770035274439,80.27542166005627,Stable,0,2023-09-30
2021-01-06,26.823010331398248,86.32297606275442,Stable,0,2021-01-06
2021-06-25,29.869738860655005,81.34754361712042,Stable,0,2021-06-25
2021-08-13,30.13302830792778,84.62918515832389,Stable,0,2021-08-13
2022-08-06,26.70698861031493,87.65366472448817,Stable,0,2022-08-06
2021-04-04,26.621502124780346,85.5091637811299,Stable,0,2021-04-04
2021-12-21,28.11221185003501,87.20716511829902,Stable,0,2021-12-21
2022-02-10,27.134601023242293,84.43734306454662,Stable,0,2022-02-10
2022-01-23,27.068259915861734,80.47895059469643,Stable,0,2022-01-23
2023-05-28,28.652183201539824,84.85069857122636,Stable,0,2023-05-28
2021-04-20,26.45554523667598,85.03700976829415,Stable,0,2021-04-20
2022-02-12,27.483092395861355,80.95713433946493,Stable,0,2022-02-12
2021-11-19,29.827552159502112,80.70568770175021,Stable,0,2021-11-19
2021-04-08,28.46984693232452,83.83441528732854,Stable,0,2021-04-08
2023-11-28,28.62629835398702,81.92879678348153,Stable,0,2023-11-28
2023-09-23,26.78558157929207,80.12961183800898,Stable,0,2023-09-23
2023-10-31,28.205238591517062,83.7564116130616,Stable,0,2023-10-31
2021-06-29,27.82210369535184,80.64831037301856,Stable,0,2021-06-29
2023-08-03,28.603183422565113,80.81853111439652,Stable,0,2023-08-03
2022-07-17,28.27307864674922,85.41427967594639,Stable,0,2022-07-17
2022-06-22,28.46229621191779,84.09072546059552,Stable,0,2022-06-22
2021-06-27,30.036601288836252,84.55558724778133,Stable,0,2021-06-27
2023-12-28,27.820292076253555,85.25101280046393,Stable,0,2023-12-28
2023-04-03,26.485532501204656,86.26142514696423,Stable,0,2023-04-03
2022-07-13,28.262163451313008,80.27485699794255,Stable,0,2022-07-13
2023-02-12,29.69822045668371,83.74007271640902,Stable,0,2023-02-12
2021-06-09,27.74522117446281,81.6065483792465,Stable,0,2021-06-09
2022-11-19,29.88799672986692,83.11133400699187,Stable,0,2022-11-19
2022-06-11,27.17583073677793,80.06860182235658,Stable,0,2022-06-11
2021-02-16,30.015290046322352,82.06175133832342,Stable,0,2021-02-16
2022-07-31,29.82472718406963,87.21490230016515,Stable,0,2022-07-31
2023-05-12,27.037368483386928,84.86242841814574,Stable,0,2023-05-12
2022-07-31,27.38911524055738,84.77982999689776,Stable,0,2022-07-31
2021-04-24,27.24913919327005,87.75564671068081,Stable,0,2021-04-24
2021-08-13,30.233169252622407,82.90066573663944,Stable,0,2021-08-13
2022-02-10,26.61973997714577,84.9360578936392,Stable,0,2022-02-10
2023-08-03,27.037940744176183,80.46215742434167,Stable,0,2023-08-03
2021-11-01,29.09537002308262,80.88224368082552,Stable,0,2021-11-01
2021-05-21,27.1652956163137,83.34856714400922,Stable,0,2021-05-21
2023-03-06,30.41492509286672,88.04600055127705,Stable,0,2023-03-06
2022-10-29,28.387443571344424,83.62932179681312,Stable,0,2022-10-29
2023-02-15,26.881951770587204,83.95654599823806,Stable,0,2023-02-15
2023-06-28,27.570117857345707,81.64937359957804,Stable,0,2023-06-28
2023-03-02,29.979662195368174,88.24591584450364,Stable,0,2023-03-02
2021-06-19,28.039263080192885,84.70839164561777,Stable,0,2021-06-19
2023-01-02,29.186473169388513,86.97794325908887,Stable,0,2023-01-02
2023-05-12,27.573725974173957,86.76388802255097,Stable,0,2023-05-12
2021-03-31,28.391252644319543,85.06557341153886,Stable,0,2021-03-31
2021-07-15,28.06687216422805,81.31507830228585,Stable,0,2021-07-15
2022-11-13,30.015027347714028,84.67050408452411,Stable,0,2022-11-13
2023-07-05,30.37265657202019,80.07433388261744,Stable,0,2023-07-05
2021-02-21,26.406441800989747,84.14597005490796,Stable,0,2021-02-21
2021-05-25,30.371064212461636,84.0044536275895,Stable,0,2021-05-25
2022-12-30,27.24849310623607,83.74330591309109,Stable,0,2022-12-30
2023-02-16,26.555541007402898,82.20604318929053,Stable,0,2023-02-16
2021-11-18,27.317552465915757,84.36209310557052,Stable,0,2021-11-18
2022-09-23,28.634401600746653,84.31082436779242,Stable,0,2022-09-23
2022-12-15,27.82702558608459,82.60616934244746,Stable,0,2022-12-15
2023-03-31,28.508614074674107,81.42649583103504,Stable,0,2023-03-31
2023-03-07,28.341362870601863,83.26564017433704,Stable,0,2023-03-07
2021-08-31,26.71650302964474,85.18770051280623,Stable,0,2021-08-31
2021-11-29,29.0517426974039,81.4620094457253,Stable,0,2021-11-29
2021-07-27,27.54372003835318,82.48753157574137,Stable,0,2021-07-27
2021-12-03,29.63716627255128,83.7452349007283,Stable,0,2021-12-03
2023-12-04,26.410718696854797,81.89268941404441,Stable,0,2023-12-04
2022-07-29,28.85512718979932,80.67514351492869,Stable,0,2022-07-29
2021-04-22,30.264961215431747,85.72780475618674,Stable,0,2021-04-22
2023-03-09,26.418257380259867,81.28903307358928,Stable,0,2023-03-09
2023-05-15,28.471078248187972,81.19631933582878,Stable,0,2023-05-15
2022-05-15,28.921418371555095,85.58184520237374,Stable,0,2022-05-15
2021-01-31,26.408556786077032,86.1893901204578,Stable,0,2021-01-31
2022-04-30,27.85557701686679,82.78641292537253,Stable,0,2022-04-30
2022-08-10,28.76698086990484,88.16701281105534,Stable,0,2022-08-10
2022-01-25,27.225992702708993,80.03075109183206,Stable,0,2022-01-25
2021-04-20,29.7234141803579,83.37309229259655,Stable,0,2021-04-20
2022-10-12,28.82358893140685,86.90550534946277,Stable,0,2022-10-12
2022-02-16,27.86646409213009,86.82723288876737,Stable,0,2022-02-16
2021-05-21,27.554657979826587,81.06190720491614,Stable,0,2021-05-21
2022-09-10,29.160559818368487,88.05080396597788,Stable,0,2022-09-10
2021-01-15,26.948863620560036,86.27088675112958,Stable,0,2021-01-15
2021-10-03,28.43981318682109,87.05506274687843,Stable,0,2021-10-03
2023-07-28,28.8649456610604,83.16161129805256,Stable,0,2023-07-28
2021-09-21,26.779451733591472,86.64675168544085,Stable,0,2021-09-21
2021-10-11,29.829912193017417,84.98433437187182,Stable,0,2021-10-11
2021-10-29,30.06161440562839,86.21731800455176,Stable,0,2021-10-29
2023-05-27,28.459697957815624,88.22731371846392,Stable,0,2023-05-27
2022-01-19,27.42073460151552,84.72552206905746,Stable,0,2022-01-19
2023-07-21,29.271187207568023,82.39776938487759,Stable,0,2023-07-21
2022-12-12,30.37853570669499,86.72019511139048,Stable,0,2022-12-12
2023-04-21,28.049088505888086,86.11511479452165,Stable,0,2023-04-21
2021-07-22,28.508938351915177,81.48114584339015,Stable,0,2021-07-22
2022-02-06,30.332663300060815,84.32982708458829,Stable,0,2022-02-06
2021-12-14,28.141013479755003,81.57267909166482,Stable,0,2021-12-14
2023-07-29,30.26052339422292,87.58676569257203,Stable,0,2023-07-29
2022-12-20,27.58769139649058,82.4941356657655,Stable,0,2022-12-20
2023-05-05,27.745717406289423,86.57581296784869,Stable,0,2023-05-05
2023-01-25,30.375817356425458,82.3607473217451,Stable,0,2023-01-25
2021-12-02,26.550043121638534,80.57932394322332,Stable,0,2021-12-02
2023-07-08,30.173576884588748,87.2536515788415,Stable,0,2023-07-08
2022-03-04,26.854446053661547,84.80213762101427,Stable,0,2022-03-04
2023-11-20,26.9803750721796,80.45301151492275,Stable,0,2023-11-20
2023-03-10,29.366118058740227,85.17719385388465,Stable,0,2023-03-10
2023-01-08,26.917547799935836,80.26796133887612,Stable,0,2023-01-08
2023-10-02,29.09626606847416,85.19198641125082,Stable,0,2023-10-02
2022-01-05,28.37035329322372,83.58020187427663,Stable,0,2022-01-05
2023-01-10,28.650320643749,83.72689386426288,Stable,0,2023-01-10
2022-07-23,27.56659445572875,85.7819517598126,Stable,0,2022-07-23
2022-05-05,29.981951888876097,87.05678475120762,Stable,0,2022-05-05
2021-08-29,27.60603047818434,80.25555422810827,Stable,0,2021-08-29
2022-01-19,29.755587741884657,81.09380117468275,Stable,0,2022-01-19
2022-01-18,27.24991418491545,81.50826199327005,Stable,0,2022-01-18
2023-10-19,27.373194117688268,85.4371624568595,Stable,0,2023-10-19
2023-11-14,28.885437721379464,87.88321200245521,Stable,0,2023-11-14
2023-06-14,27.2171800750616,88.15949409573365,Stable,0,2023-06-14
2022-02-24,27.11836721627432,88.18613014469528,Stable,0,2022-02-24
2022-08-01,29.88381901700061,83.06896095724439,Stable,0,2022-08-01
2023-09-24,28.239103132431804,85.14454830943214,Stable,0,2023-09-24
2021-05-09,29.602487024409488,86.94685452424172,Stable,0,2021-05-09
2021-12-26,28.510486244708076,84.97593303356844,Stable,0,2021-12-26
2021-05-26,30.13037617056261,85.89362847668868,Stable,0,2021-05-26
2023-08-12,27.87367639888603,88.16034638685727,Stable,0,2023-08-12
2021-02-18,26.888153000889325,84.81052511833455,Stable,0,2021-02-18
2021-04-03,28.776025296117343,88.00048524685585,Stable,0,2021-04-03
2023-06-26,28.914031967339504,81.88284768978093,Stable,0,2023-06-26
2023-08-26,29.682455663666225,85.62570707061938,Stable,0,2023-08-26
2022-07-08,28.193543329805284,83.80730755148068,Stable,0,2022-07-08
2022-05-30,30.48492257741504,88.01349612165949,Stable,0,2022-05-30
2022-11-09,29.786256918531496,80.03600500766927,Stable,0,2022-11-09
2021-03-06,29.47151101795058,84.66431866061065,Stable,0,2021-03-06
2022-10-01,28.28836594085853,82.72924005182168,Stable,0,2022-10-01
2022-06-09,29.951747709943817,88.12818426744877,Stable,0,2022-06-09
2023-03-06,28.77962802152473,82.30623862189013,Stable,0,2023-03-06
2021-08-31,30.49559361291783,83.06714724307065,Stable,0,2021-08-31
2023-11-01,29.24471723091343,87.12337498238381,Stable,0,2023-11-01
2023-05-27,29.947564166741422,80.41345186204192,Stable,0,2023-05-27
2021-07-10,28.674356702397112,82.60376171058982,Stable,0,2021-07-10
2023-01-22,26.348517719726193,85.97907443072796,Stable,0,2023-01-22
2022-11-21,29.14157071049788,86.50069476490344,Stable,0,2022-11-21
2022-12-21,27.105851211251156,86.50172528413906,Stable,0,2022-12-21
2021-12-11,28.877569412618257,87.78060078791381,Stable,0,2021-12-11
2022-05-09,26.85341908154209,87.04098905403136,Stable,0,2022-05-09
2023-02-03,28.350960251427225,85.05772297653027,Stable,0,2023-02-03
2021-01-20,28.601807790885776,83.66157030963339,Stable,0,2021-01-20
2023-10-30,28.900621544200725,81.31599196881531,Stable,0,2023-10-30
2021-09-22,27.588145210184535,86.73730005145683,Stable,0,2021-09-22
2021-07-04,28.647181634074784,87.47813606912071,Stable,0,2021-07-04
2022-12-29,27.028748563999144,84.4196306116437,Stable,0,2022-12-29
2022-08-18,29.901505654128194,87.25966468213574,Stable,0,2022-08-18
2022-10-14,26.998180685918033,80.65354665617707,Stable,0,2022-10-14
2022-10-22,30.07600585886347,85.63217420859118,Stable,0,2022-10-22
2023-07-20,30.147502832522573,86.69231894243376,Stable,0,2023-07-20
2023-01-22,28.863482778844578,83.77505369998228,Stable,0,2023-01-22
2023-04-20,27.593157195247905,84.10966813910215,Stable,0,2023-04-20
2023-02-06,28.20250964605453,82.11465809532613,Stable,0,2023-02-06
2021-07-16,28.08368550840889,81.57573864474004,Stable,0,2021-07-16
2023-03-17,27.308302881660985,82.98550464508135,Stable,0,2023-03-17
2021-06-17,29.64850860234688,86.77662809977397,Stable,0,2021-06-17
2022-08-30,28.826752845357895,80.47178105493367,Stable,0,2022-08-30
2021-09-11,27.870970850311597,80.46686812739574,Stable,0,2021-09-11
2023-07-26,26.65180884402329,83.29827352325849,Stable,0,2023-07-26
2021-04-21,29.268150177402035,85.41517035944943,Stable,0,2021-04-21
2023-09-18,26.516048021970267,80.15332691976187,Stable,0,2023-09-18
2021-11-17,27.651235194456696,80.68016977847942,Stable,0,2021-11-17
2023-05-25,30.16254472869953,81.97693545427884,Stable,0,2023-05-25
2023-02-12,27.437879617928083,80.49516003474582,Stable,0,2023-02-12
2021-10-20,27.23082594892642,80.78757477868754,Stable,0,2021-10-20
2023-07-04,26.76211292912768,84.99527840664778,Stable,0,2023-07-04
2023-06-18,29.03515847639634,87.57566529863266,Stable,0,2023-06-18
2022-08-22,27.234364492248822,88.17667452368629,Stable,0,2022-08-22
2021-04-09,30.00498434068733,82.04599584271277,Stable,0,2021-04-09
2023-02-09,26.761929811504785,87.86624813197797,Stable,0,2023-02-09
2022-05-27,29.381688636053116,81.75710754606165,Stable,0,2022-05-27
2022-04-17,26.348068533678113,84.88567197812955,Stable,0,2022-04-17
2023-09-05,26.98153899882151,86.16769249156329,Stable,0,2023-09-05
2023-12-23,28.872046073795033,87.67260514720623,Stable,0,2023-12-23
2022-11-30,29.94498362995353,83.27826178817128,Stable,0,2022-11-30
2022-12-20,29.903380463436353,87.77602322265993,Stable,0,2022-12-20
2022-08-07,28.55254470661858,85.91453980097738,Stable,0,2022-08-07
2021-01-31,30.189016096161215,86.22737043173524,Stable,0,2021-01-31
2023-05-04,29.570671640911705,86.3758648890845,Stable,0,2023-05-04
2021-10-05,26.97784403860678,86.4427564026561,Stable,0,2021-10-05
2021-08-03,27.877109106660775,82.18787873533044,Stable,0,2021-08-03
2021-11-23,26.725215873385743,81.38614669685903,Stable,0,2021-11-23
2022-01-26,27.932340713277707,80.65636627187054,Stable,0,2022-01-26
2022-08-10,30.026068104484885,81.1484579074874,Stable,0,2022-08-10
2022-06-27,29.88644281868481,84.06433382866182,Stable,0,2022-06-27
2021-03-16,27.702972124838247,85.57725275405664,Stable,0,2021-03-16
2021-04-19,27.98139916574032,82.22932468150698,Stable,0,2021-04-19
2022-07-03,26.98243987343028,80.48617020342684,Stable,0,2022-07-03
2022-07-30,28.35225892075832,80.07077539585997,Stable,0,2022-07-30
2023-09-20,26.479967309846806,82.25126652451677,Stable,0,2023-09-20
2022-05-13,29.57974206124229,85.744011909107,Stable,0,2022-05-13
2021-11-12,28.572145495043426,83.38971333780877,Stable,0,2021-11-12
2023-07-17,26.95953013249302,87.37781601435013,Stable,0,2023-07-17
2022-10-21,28.320169626756066,81.20967321872473,Stable,0,2022-10-21
2022-09-26,28.639768746765466,82.19434130080153,Stable,0,2022-09-26
2021-01-28,30.21193889256501,82.77807820067262,Stable,0,2021-01-28
2021-09-26,28.269473403174537,84.04118380469211,Stable,0,2021-09-26
2021-04-05,27.176412328265165,87.66165548854289,Stable,0,2021-04-05
2022-07-13,27.576119024837663,82.67653673032012,Stable,0,2022-07-13
2023-09-11,29.64509425952336,87.77181595209028,Stable,0,2023-09-11
2021-03-28,27.82724415092641,82.53223532280789,Stable,0,2021-03-28
2023-01-30,28.623444892299183,84.07076770043417,Stable,0,2023-01-30
2021-07-28,29.368373751378364,88.10440878146582,Stable,0,2021-07-28
2022-03-08,27.77786523814841,86.16218732753507,Stable,0,2022-03-08
2023-08-14,26.964555896248864,87.37428409577667,Stable,0,2023-08-14
2022-11-30,26.87612044165813,84.92166394591521,Stable,0,2022-11-30
2023-05-10,28.587933104942945,81.15485655681114,Stable,0,2023-05-10
2023-09-15,26.807263317009635,81.30510719636396,Stable,0,2023-09-15
2022-05-03,28.950806130392344,80.04189519828579,Stable,0,2022-05-03
2021-02-07,28.07598405765677,82.12391434159318,Stable,0,2021-02-07
2022-03-13,29.679817642994383,87.16663913451629,Stable,0,2022-03-13
2021-03-02,27.880268973943203,88.27388484143312,Stable,0,2021-03-02
2022-05-01,26.70088817067342,80.4679493880858,Stable,0,2022-05-01
2021-03-30,27.222489674126848,84.73525161434077,Stable,0,2021-03-30
2022-08-12,30.130392557315812,80.9891130929824,Stable,0,2022-08-12
2021-02-02,28.802572569748516,88.29004027168949,Stable,0,2021-02-02
2023-04-10,28.71266937880495,85.5292443585406,Stable,0,2023-04-10
2023-02-24,28.46926259801501,85.71359556849634,Stable,0,2023-02-24
2021-02-24,29.55286220434778,84.44976468881741,Stable,0,2021-02-24
2022-06-20,28.336475106473017,81.59498918697953,Stable,0,2022-06-20
2023-08-19,29.813806019814848,88.17021808939226,Stable,0,2023-08-19
2022-05-12,27.14678074625448,83.5386184793712,Stable,0,2022-05-12
2022-08-05,27.15446425270016,82.43950277720148,Stable,0,2022-08-05
2022-04-13,28.411079877587248,87.8451031044011,Stable,0,2022-04-13
2021-06-06,29.557304192020016,86.4263614107152,Stable,0,2021-06-06
2021-03-28,29.853780492149777,82.5629126281936,Stable,0,2021-03-28
2021-11-23,28.836218120516985,87.97254053355061,Stable,0,2021-11-23
2023-12-14,28.870006197876364,83.78406991758844,Stable,0,2023-12-14
2021-08-18,28.066635759503654,80.91389881033045,Stable,0,2021-08-18
2022-06-18,30.339103767929505,80.65392500177217,Stable,0,2022-06-18
2022-05-02,26.41242761154069,84.19570719838211,Stable,0,2022-05-02
2021-11-24,26.845951353606463,88.16762590288967,Stable,0,2021-11-24
2021-11-20,30.219094282999997,87.38321368233298,Stable,0,2021-11-20
2023-10-11,29.210012950062065,82.06851246701426,Stable,0,2023-10-11
2023-05-25,29.18762978208536,83.17188812871633,Stable,0,2023-05-25
2022-12-23,30.24592292847386,87.61043000980929,Stable,0,2022-12-23
2023-03-16,28.919914862413258,80.13777634450295,Stable,0,2023-03-16
2022-05-21,28.092738773605408,86.62091796421299,Stable,0,2022-05-21
2022-06-23,26.97940709593488,85.12181289876234,Stable,0,2022-06-23
2022-11-13,26.70022051287801,85.53516804087998,Stable,0,2022-11-13
2023-03-03,27.249785681898004,83.32626964746918,Stable,0,2023-03-03
2022-06-16,30.45817493535089,83.09133761221688,Stable,0,2022-06-16
2022-08-04,30.14746504056146,87.66560632106139,Stable,0,2022-08-04
2021-01-15,28.376673939870397,84.27119088252753,Stable,0,2021-01-15
2021-11-13,27.05331016368237,86.09543074662007,Stable,0,2021-11-13
2021-04-30,28.48833163677871,81.51043100065402,Stable,0,2021-04-30
2021-01-30,29.988137335652272,84.46416640158893,Stable,0,2021-01-30
2021-04-30,28.684983204179268,86.1369023619657,Stable,0,2021-04-30
2021-01-15,27.48477183979162,85.47509890785275,Stable,0,2021-01-15
2023-07-24,27.37036930700221,82.52279661217614,Stable,0,2023-07-24
2023-01-07,30.471871887664456,87.87377294702978,Stable,0,2023-01-07
2022-10-31,26.48450748118578,82.88531415870403,Stable,0,2022-10-31
2021-05-30,28.006835123436208,85.15625441762273,Stable,0,2021-05-30
2022-09-27,28.211218528417213,81.04102653624516,Stable,0,2022-09-27
2021-06-14,29.471068110089153,85.64681808540819,Stable,0,2021-06-14
2021-05-04,26.833523511590197,83.00115975571983,Stable,0,2021-05-04
2022-01-12,30.235496936434153,84.98459847871865,Stable,0,2022-01-12
2023-01-13,28.116145671268175,84.28946086375835,Stable,0,2023-01-13
2021-06-22,29.729919099997883,83.15818793828919,Stable,0,2021-06-22
2023-10-28,30.159989562922934,84.31094415609371,Stable,0,2023-10-28
2021-08-02,28.03931706469002,87.85969185370979,Stable,0,2021-08-02
2022-07-28,26.8203450236281,82.67075360801606,Stable,0,2022-07-28
2022-05-29,28.571299066112424,82.3284089358564,Stable,0,2022-05-29
2021-09-25,30.39309399565748,85.28921102677114,Stable,0,2021-09-25
2023-04-03,26.777140632783585,80.06676304554557,Stable,0,2023-04-03
2021-03-05,28.821641732800693,86.8285663695923,Stable,0,2021-03-05
2022-11-19,27.20742362358154,87.69238512129118,Stable,0,2022-11-19
2022-03-11,28.93353860962314,82.73473093251361,Stable,0,2022-03-11
2022-02-03,29.636715040328756,82.445551902854,Stable,0,2022-02-03
2021-09-30,26.855788653996544,86.3434666831416,Stable,0,2021-09-30
2021-11-22,27.409571140358015,82.31379649582357,Stable,0,2021-11-22
2022-02-27,26.70060892524924,85.23355274597294,Stable,0,2022-02-27
2022-10-16,26.664352524972166,85.76493399486533,Stable,0,2022-10-16
2021-01-12,29.18121852321673,83.03410289925456,Stable,0,2021-01-12
2022-03-22,26.61389995108369,85.81246819373224,Stable,0,2022-03-22
2022-11-29,27.330615524737805,83.55050822400366,Stable,0,2022-11-29
2021-12-07,26.790602028116005,85.52893697598422,Stable,0,2021-12-07
2023-05-30,29.15102853129388,80.21275175603408,Stable,0,2023-05-30
2022-05-11,30.28322562966573,87.13346249266144,Stable,0,2022-05-11
2021-09-09,28.36511261790156,84.62373693764476,Stable,0,2021-09-09
2022-06-13,27.08661606991945,83.87298426592712,Stable,0,2022-06-13
2022-02-03,27.19339188674947,82.10437925355659,Stable,0,2022-02-03
2023-08-16,28.473823736010353,84.9540914568859,Stable,0,2023-08-16
2023-11-10,29.795133914770243,82.32075306142046,Stable,0,2023-11-10
2022-09-24,28.326058021755703,81.00392818813172,Stable,0,2022-09-24
2021-12-16,27.60684857384611,84.37671608197455,Stable,0,2021-12-16
2021-03-15,30.41635842230202,82.48033699309816,Stable,0,2021-03-15
2021-12-05,28.564333765822735,84.32292491840586,Stable,0,2021-12-05
2021-11-08,26.37719102552109,83.98866808788871,Stable,0,2021-11-08
2021-04-12,29.468470776987353,85.06026962677167,Stable,0,2021-04-12
2022-05-16,26.753040973273,82.2812351935969,Stable,0,2022-05-16
2023-02-13,27.641552326224748,82.16631030143799,Stable,0,2023-02-13
2021-03-18,28.387541711386007,88.02428082580028,Stable,0,2021-03-18
2022-01-13,28.813738724473374,83.77875992831049,Stable,0,2022-01-13
2022-04-29,26.85768408622498,85.81403616497491,Stable,0,2022-04-29
2022-04-10,30.424213013200372,83.66789763358918,Stable,0,2022-04-10
2021-06-13,26.403297373578493,88.08673122327792,Stable,0,2021-06-13
2022-04-05,27.67417177994157,87.82360561412997,Stable,0,2022-04-05
2023-02-23,29.745528102674054,82.68871478262162,Stable,0,2023-02-23
2021-02-01,29.336501220087904,83.72311758610701,Stable,0,2021-02-01
2021-06-27,29.03606617238412,88.08004458074669,Stable,0,2021-06-27
2023-05-13,29.034621805751655,83.36642963028146,Stable,0,2023-05-13
2021-02-26,27.80846332008981,87.39765887903258,Stable,0,2021-02-26
2022-09-15,29.581849521810337,82.9511353887426,Stable,0,2022-09-15
2022-11-24,29.98217676904128,86.63865749334003,Stable,0,2022-11-24
2023-07-28,27.99527975834391,85.50350632004768,Stable,0,2023-07-28
2023-06-15,28.782825972709222,84.10365426527981,Stable,0,2023-06-15
2022-06-03,29.48692410181865,86.54295417205836,Stable,0,2022-06-03
2022-03-15,27.679766853922615,82.58577060896272,Stable,0,2022-03-15
2022-01-13,27.63818592831077,80.90414836481591,Stable,0,2022-01-13
2023-09-28,26.669858857131786,83.52866666900462,Stable,0,2023-09-28
2023-11-13,26.906614892847603,81.59067453456043,Stable,0,2023-11-13
2022-07-13,26.695716560040143,84.52114728361381,Stable,0,2022-07-13
2022-07-22,28.24461946176107,84.24492243557476,Stable,0,2022-07-22
2021-08-23,29.413954738971235,85.5748359460228,Stable,0,2021-08-23
2023-10-14,26.88189727585008,86.47153530953247,Stable,0,2023-10-14
2022-03-24,27.2350312780141,87.16778071517273,Stable,0,2022-03-24
2022-10-14,28.36002999953817,85.54547498517263,Stable,0,2022-10-14
2023-04-10,28.71621662344925,86.6244114386066,Stable,0,2023-04-10
2022-03-27,29.69894010490645,84.64732899475726,Stable,0,2022-03-27
2022-05-12,28.604789598937224,85.20110725598549,Stable,0,2022-05-12
2021-04-07,28.47087566335267,88.06461372124147,Stable,0,2021-04-07
2022-02-12,27.841941480370902,86.14492589347803,Stable,0,2022-02-12
2021-12-08,29.781687553886453,81.82478785554886,Stable,0,2021-12-08
2023-09-11,27.88543234229324,80.26339830455159,Stable,0,2023-09-11
2021-03-12,27.94610065483689,86.26997949984695,Stable,0,2021-03-12
2022-08-16,27.79864723865908,86.47797222540332,Stable,0,2022-08-16
2023-09-13,26.31246078374441,84.04947887447418,Stable,0,2023-09-13
2021-09-13,27.79123543921498,80.9886052860453,Stable,0,2021-09-13
2023-05-27,30.07055574013952,86.15658245049856,Stable,0,2023-05-27
2022-10-28,29.2406934691224,84.02593216713736,Stable,0,2022-10-28
2023-07-07,29.382602563681893,83.92896659856243,Stable,0,2023-07-07
2021-11-03,27.804461859545853,81.85094804464163,Stable,0,2021-11-03
2021-10-18,27.265372582958797,80.95162709357595,Stable,0,2021-10-18
2021-07-31,29.709537243197897,85.73221112125127,Stable,0,2021-07-31
2023-09-22,29.03433589622078,80.47655856967842,Stable,0,2023-09-22
2023-07-22,29.160180165322057,80.2264648860806,Stable,0,2023-07-22
2021-05-10,28.42768774219748,86.22577163705122,Stable,0,2021-05-10
2023-09-01,27.132167784683944,81.05879741756316,Stable,0,2023-09-01
2022-04-09,28.690913719368105,84.5094774800303,Stable,0,2022-04-09
2021-07-26,27.873718844553995,84.05749045647117,Stable,0,2021-07-26
2022-06-25,28.354176039223898,84.0723709375328,Stable,0,2022-06-25
2022-01-08,28.86480394519411,83.47097832936174,Stable,0,2022-01-08
2021-10-30,30.333960794122117,84.76472243074811,Stable,0,2021-10-30
2021-06-20,30.089198979877327,85.36566007669141,Stable,0,2021-06-20
2021-04-01,26.927115581371893,88.05277874741516,Stable,0,2021-04-01
2021-03-26,29.04315358451449,85.67387085795737,Stable,0,2021-03-26
2022-10-27,28.92633853263234,85.93949550519025,Stable,0,2022-10-27
2021-09-01,27.219335505624823,81.28852055285338,Stable,0,2021-09-01
2023-01-27,28.391238053366266,82.44505328221577,Stable,0,2023-01-27
2022-04-20,28.56575020907225,81.81142028401317,Stable,0,2022-04-20
2022-04-09,30.376358761311483,85.22544305531238,Stable,0,2022-04-09
2021-09-25,29.644135616978467,85.75919739799565,Stable,0,2021-09-25
2021-11-29,29.582796565274624,85.34951489220813,Stable,0,2021-11-29
2022-01-28,27.705159674905268,81.41293839068118,Stable,0,2022-01-28
2023-03-19,29.372216747570295,83.4727883818154,Stable,0,2023-03-19
2023-07-11,26.97427158190908,86.02083522834147,Stable,0,2023-07-11
2023-06-25,28.56568161470117,83.4973210518393,Stable,0,2023-06-25
2023-11-06,26.90198886014057,82.92670647879685,Stable,0,2023-11-06
2021-12-13,28.745906594247547,82.25103114778979,Stable,0,2021-12-13
2023-09-09,29.54297983267068,88.01169373804969,Stable,0,2023-09-09
2022-11-12,28.833703973799555,81.27047383311022,Stable,0,2022-11-12
2022-05-05,30.22780641789797,83.46892894467146,Stable,0,2022-05-05
2021-08-08,26.57882818062441,87.81634884051446,Stable,0,2021-08-08
2021-11-10,30.23109963620601,88.29904514090966,Stable,0,2021-11-10
2022-03-28,29.506848903651296,81.4572617844771,Stable,0,2022-03-28
2023-05-14,27.828865791177883,87.4984924210421,Stable,0,2023-05-14
2023-09-14,30.34305837860779,88.11574416690061,Stable,0,2023-09-14
2022-03-14,29.211073839909997,80.33364215888105,Stable,0,2022-03-14
2022-09-10,29.294769095320245,81.13077498337805,Stable,0,2022-09-10
2022-10-12,26.968283118343816,83.55781702165702,Stable,0,2022-10-12
2023-04-25,27.785265614144933,82.42963164642603,Stable,0,2023-04-25
2022-08-27,27.26872924724379,85.38381999989467,Stable,0,2022-08-27
2021-01-25,30.205378836512995,82.8728407719713,Stable,0,2021-01-25
2022-05-10,29.21996166390904,87.74400988773928,Stable,0,2022-05-10
2021-01-12,26.782165493043436,85.36762629566157,Stable,0,2021-01-12
2023-01-20,26.608846448630253,82.61293570431548,Stable,0,2023-01-20
2022-01-12,28.199527614142365,83.35078888925115,Stable,0,2022-01-12
2023-01-05,27.510022983516816,85.77741865743312,Stable,0,2023-01-05
2022-07-24,28.223300847847785,87.31802003255504,Stable,0,2022-07-24
2021-08-20,27.4310113622443,86.46444407163634,Stable,0,2021-08-20
2023-10-23,29.704268940143695,84.46108884745368,Stable,0,2023-10-23
2022-04-26,29.722723172768404,81.80036808854105,Stable,0,2022-04-26
2021-03-28,29.414648622533207,80.41212009276542,Stable,0,2021-03-28
2021-06-20,28.462034776285893,82.82653869971463,Stable,0,2021-06-20
2022-11-10,29.267591823934083,84.64159530903989,Stable,0,2022-11-10
2023-10-22,28.670262561103627,85.41332433711489,Stable,0,2023-10-22
2023-09-12,29.68753341481864,83.3044270093445,Stable,0,2023-09-12
2023-03-13,27.06122359600234,82.73284659334428,Stable,0,2023-03-13
2021-04-29,28.658575204331637,83.27757141963019,Stable,0,2021-04-29
2021-06-16,28.447162321923894,84.3391637488978,Stable,0,2021-06-16
2023-11-17,29.50759097536928,81.829712981246,Stable,0,2023-11-17
2022-03-27,30.06937777641141,82.81083656863633,Stable,0,2022-03-27
2021-04-08,28.146515029703114,82.7170689874019,Stable,0,2021-04-08
2021-10-11,26.489579908285872,85.50365764019568,Stable,0,2021-10-11
2021-11-12,27.17569202552151,83.18030741573465,Stable,0,2021-11-12
2022-09-05,27.97425508612992,83.2390879261459,Stable,0,2022-09-05
2021-08-05,28.471091294410854,81.89067114968032,Stable,0,2021-08-05
2022-01-29,29.602327330816586,82.30944730496391,Stable,0,2022-01-29
2021-12-06,30.220898584475677,80.26865249143387,Stable,0,2021-12-06
2022-08-20,27.66958183757372,84.33913608553914,Stable,0,2022-08-20
2022-11-27,28.14852529300109,84.91457025992254,Stable,0,2022-11-27
2022-03-22,29.839536600000276,80.91170256394147,Stable,0,2022-03-22
2023-07-10,29.67206667031055,84.58255196094652,Stable,0,2023-07-10
2021-10-29,26.456769677404285,85.98399362169513,Stable,0,2021-10-29
2022-01-06,29.335260436119466,82.45196018411178,Stable,0,2022-01-06
2022-10-29,29.765198977719045,84.23819175959652,Stable,0,2022-10-29
2022-10-07,29.04235552090856,84.0046175492975,Stable,0,2022-10-07
2022-08-26,26.79750162964008,80.66476409905445,Stable,0,2022-08-26
2022-08-15,26.663991355836785,81.36072757256413,Stable,0,2022-08-15
2021-04-21,27.25159831935852,86.18653164090645,Stable,0,2021-04-21
2021-08-19,29.29101359119095,82.26575820747487,Stable,0,2021-08-19
2021-09-14,28.137280926745344,81.38196281162155,Stable,0,2021-09-14
2021-05-05,26.50438436347531,82.7874829895127,Stable,0,2021-05-05
2022-11-15,26.878288184400812,81.60984677554444,Stable,0,2022-11-15
2021-01-27,28.501091698031143,83.85532232604575,Stable,0,2021-01-27
2022-01-31,26.69316234967829,86.84603302517031,Stable,0,2022-01-31
2022-11-20,27.89003063162341,83.17420771933048,Stable,0,2022-11-20
2021-10-27,27.900823502119035,84.74547834145261,Stable,0,2021-10-27
2023-06-20,26.677720527179435,87.48164124211864,Stable,0,2023-06-20
2021-09-05,28.10559264741025,83.36993803750613,Stable,0,2021-09-05
2023-10-14,27.939148951717964,86.91417274313747,Stable,0,2023-10-14
2021-12-06,26.784251860915504,80.74958576285628,Stable,0,2021-12-06
2022-01-23,27.73605085769169,86.42606233065506,Stable,0,2022-01-23
2021-12-27,27.9074578829332,86.16724377818045,Stable,0,2021-12-27
2021-02-16,29.22400232983295,80.79137546602904,Stable,0,2021-02-16
2022-02-25,30.010325252612503,80.47506492586432,Stable,0,2022-02-25
2023-02-12,29.0577466635369,83.86603534509825,Stable,0,2023-02-12
2023-03-13,29.475401183642116,81.66770053160266,Stable,0,2023-03-13
2021-03-04,26.92338990485524,86.74516281778641,Stable,0,2021-03-04
2022-08-13,30.415358478417204,84.95495256125828,Stable,0,2022-08-13
2023-08-30,26.375130736620378,86.13672530851315,Stable,0,2023-08-30
2021-03-16,28.380688372869564,82.58594656023317,Stable,0,2021-03-16
2023-08-13,27.443990243565455,88.12417333990498,Stable,0,2023-08-13
2021-04-28,28.419401849245553,87.84561569730927,Stable,0,2021-04-28
2023-10-24,28.582284431754243,80.84344369636692,Stable,0,2023-10-24
2023-08-27,30.394431918582313,81.5956444046833,Stable,0,2023-08-27
2022-05-05,27.781205167448352,82.64354062011081,Stable,0,2022-05-05
2021-08-23,29.65220635529981,86.23278555890913,Stable,0,2021-08-23
2023-05-30,27.221555276669186,82.91323358538202,Stable,0,2023-05-30
2022-04-29,30.421751383798696,82.482947492214,Stable,0,2022-04-29
2021-12-15,28.58952829882346,80.23280394408098,Stable,0,2021-12-15
2021-08-07,26.36140898245772,81.4677740545978,Stable,0,2021-08-07
2021-02-08,26.9091979787514,84.13183123290047,Stable,0,2021-02-08
2021-01-24,26.66481045077683,86.01119712242829,Stable,0,2021-01-24
2022-02-22,26.518253033944575,86.17809114561507,Stable,0,2022-02-22
2021-11-09,29.004486995305086,81.25781522177296,Stable,0,2021-11-09
2022-02-14,28.29538014827286,82.62205134440237,Stable,0,2022-02-14
2021-01-31,27.454959561781607,82.30002663440943,Stable,0,2021-01-31
2023-02-07,28.012384355981823,87.5023355572363,Stable,0,2023-02-07
2022-06-19,30.01599857285153,80.07791673370033,Stable,0,2022-06-19
2021-06-13,30.043884402083883,80.80429429983515,Stable,0,2021-06-13
2021-08-15,26.473230591335785,87.68745654256507,Stable,0,2021-08-15
2022-12-26,27.74551688969299,86.33396434077521,Stable,0,2022-12-26
2021-06-24,26.545285064930912,85.91905302529764,Stable,0,2021-06-24
2023-04-14,30.028751865754728,81.40958487348294,Stable,0,2023-04-14
2022-07-02,26.843891741660844,84.8096286756552,Stable,0,2022-07-02
2023-06-12,29.99510636931456,80.83491900335109,Stable,0,2023-06-12
2022-08-11,28.28572352229017,86.21396129722955,Stable,0,2022-08-11
2023-10-19,29.02496626893022,80.17193069649502,Stable,0,2023-10-19
2021-01-29,28.875646103905694,85.19584350863775,Stable,0,2021-01-29
2023-10-08,29.158352955645064,80.2004303127246,Stable,0,2023-10-08
2022-01-02,30.497604126378786,82.43738208674361,Stable,0,2022-01-02
2023-05-12,29.903112584605513,82.98619917731072,Stable,0,2023-05-12
2022-06-21,27.111078878785797,84.78829976519165,Stable,0,2022-06-21
2021-11-24,26.598229456283555,85.67845931723782,Stable,0,2021-11-24
2022-09-05,27.5224119225849,85.76409791369394,Stable,0,2022-09-05
2022-10-28,26.70324971377218,83.94961720158454,Stable,0,2022-10-28
2021-10-11,28.51017558902723,83.25279116391113,Stable,0,2021-10-11
2021-01-02,30.42152329572541,85.41503150113611,Stable,0,2021-01-02
2021-03-22,29.60083794103229,80.54348484279478,Stable,0,2021-03-22
2021-02-05,28.14887954878033,86.14209379976293,Stable,0,2021-02-05
2021-03-12,30.382987054089,86.89608965754313,Stable,0,2021-03-12
2023-05-07,28.435586861658713,86.54674330408133,Stable,0,2023-05-07
2021-11-18,27.25401599525442,85.11472729720313,Stable,0,2021-11-18
2021-03-03,26.527956705790473,86.02497647795514,Stable,0,2021-03-03
2023-08-26,27.57746554132219,80.36296824278543,Stable,0,2023-08-26
2022-09-29,28.817264508849473,83.82549629435647,Stable,0,2022-09-29
2023-12-26,26.488238986563243,85.28438715520915,Stable,0,2023-12-26
2022-02-26,28.162117299149244,85.46891123409644,Stable,0,2022-02-26
2023-02-20,28.625761890641375,87.91131949002757,Stable,0,2023-02-20
2022-07-31,28.621586090932546,80.70323358563107,Stable,0,2022-07-31
2023-10-18,29.625525294431615,84.7973194969289,Stable,0,2023-10-18
2023-03-09,28.001247114356858,82.26646340851352,Stable,0,2023-03-09
2023-08-31,29.532138740422067,80.87058454569637,Stable,0,2023-08-31
2023-05-13,26.473022601710383,86.13659824384145,Stable,0,2023-05-13
2023-04-30,26.474659744121624,82.60173010444633,Stable,0,2023-04-30
2023-06-19,27.34233634735248,80.17535528474441,Stable,0,2023-06-19
2021-06-09,26.42053507964808,83.15527001172318,Stable,0,2021-06-09
2022-06-18,29.887091888468344,80.74962112314549,Stable,0,2022-06-18
2023-04-14,26.357031103863665,82.7742993217569,Stable,0,2023-04-14
2022-11-11,29.886817162224848,82.60344793332187,Stable,0,2022-11-11
2022-07-07,29.825786940264287,84.0953845513998,Stable,0,2022-07-07
2022-07-12,28.9319280004098,86.47143572483726,Stable,0,2022-07-12
2021-10-14,26.999082251843134,82.57996732912756,Stable,0,2021-10-14
2023-05-02,29.60559154390105,81.94170678321179,Stable,0,2023-05-02
2022-11-26,30.483834384590295,88.20243386029458,Stable,0,2022-11-26
2021-04-11,27.800540021061625,88.24847178407138,Stable,0,2021-04-11
2023-01-16,30.15502570168929,82.8881816708681,Stable,0,2023-01-16
2022-10-06,28.383957702748603,83.91700704571628,Stable,0,2022-10-06
2021-04-11,26.76163473879458,82.28267666758516,Stable,0,2021-04-11
2021-05-13,28.46320669231106,84.07177625621277,Stable,0,2021-05-13
2023-06-20,29.190717085953285,84.01056345618349,Stable,0,2023-06-20
2022-05-06,26.94006586914887,84.09990202301914,Stable,0,2022-05-06
2023-04-21,30.152629582857905,86.64111653693537,Stable,0,2023-04-21
2022-10-05,27.345947214429057,82.98008526099574,Stable,0,2022-10-05
2021-05-01,27.03548746415224,81.27522922700817,Stable,0,2021-05-01
2022-10-02,30.26987549502778,87.29938216701666,Stable,0,2022-10-02
2022-03-19,30.087604630923927,84.76757280869913,Stable,0,2022-03-19
2023-02-05,28.67166632774885,81.61238196447377,Stable,0,2023-02-05
2023-05-25,26.53618938350658,80.45078947720133,Stable,0,2023-05-25
2023-06-27,27.182310389121582,85.03361509376795,Stable,0,2023-06-27
2022-02-20,29.093160266392736,83.82881336604049,Stable,0,2022-02-20
2021-05-01,28.18007399927794,81.83826205099236,Stable,0,2021-05-01
2022-11-17,26.685286593949087,81.28430560938615,Stable,0,2022-11-17
2023-02-15,26.55270631264969,87.29310634176213,Stable,0,2023-02-15
2022-06-24,26.752644964121146,84.75611751106517,Stable,0,2022-06-24
2021-08-16,29.97078204688473,86.10335381210186,Stable,0,2021-08-16
2021-10-27,29.52592377181252,83.02524982060511,Stable,0,2021-10-27
2021-09-16,29.863460169262588,87.08714304790382,Stable,0,2021-09-16
2021-04-08,28.617125719973693,83.7110049845978,Stable,0,2021-04-08
2021-11-04,26.859410360703425,80.53224735544555,Stable,0,2021-11-04
2023-06-12,28.173454420507703,85.5120675645678,Stable,0,2023-06-12
2022-04-09,28.46357884621503,82.24776004217935,Stable,0,2022-04-09
2023-10-16,27.671263982434468,81.212755415707,Stable,0,2023-10-16
2022-04-20,28.515986827853027,82.77778894620651,Stable,0,2022-04-20
2023-10-23,30.49085938170824,86.6394620244184,Stable,0,2023-10-23
2023-09-07,26.82446808880968,81.95546060147183,Stable,0,2023-09-07
2023-09-29,27.835836134866053,81.10767834647311,Stable,0,2023-09-29
2023-02-06,29.63140734725304,84.9634659858433,Stable,0,2023-02-06
2023-01-12,30.292326712553443,87.21670319361087,Stable,0,2023-01-12
2021-10-24,29.132989916788443,86.15752633920071,Stable,0,2021-10-24
2023-07-10,26.845971945125054,85.89137395535559,Stable,0,2023-07-10
2021-08-17,29.09099897778337,86.76859403902047,Stable,0,2021-08-17
2021-06-10,27.478361656350984,85.708335748383,Stable,0,2021-06-10
2021-03-25,29.39647202976989,85.06064342068208,Stable,0,2021-03-25
2021-11-17,30.11909604790582,82.5670173107983,Stable,0,2021-11-17
2021-01-07,26.51235091118243,84.73957145182781,Stable,0,2021-01-07
2022-10-23,30.216430192324676,80.86428149248127,Stable,0,2022-10-23
2021-06-04,29.96145425527323,80.45245494416852,Stable,0,2021-06-04
2023-01-24,28.76608263176394,83.73521073133884,Stable,0,2023-01-24
2022-08-14,30.411845454178152,82.42370675419033,Stable,0,2022-08-14
2023-05-14,27.161907605183288,85.24276613245277,Stable,0,2023-05-14
2021-07-14,27.559197281214693,84.38892625252437,Stable,0,2021-07-14
2022-08-29,28.433803364307355,81.6597724061332,Stable,0,2022-08-29
2022-01-28,26.630542025065715,88.25252657876183,Stable,0,2022-01-28
2021-07-11,28.42207260491293,81.96780584470444,Stable,0,2021-07-11
2021-08-05,28.237247865721997,86.54738990298848,Stable,0,2021-08-05
2022-03-11,26.871296136848,86.79194845310695,Stable,0,2022-03-11
2021-10-07,26.81088713728145,82.51976707526994,Stable,0,2021-10-07
2022-09-03,29.531447739057427,81.75746536125362,Stable,0,2022-09-03
2021-08-06,29.63366897607836,83.59210073967004,Stable,0,2021-08-06
2023-01-20,29.134723232005715,87.15248008711563,Stable,0,2023-01-20
2022-06-24,29.310204848725025,81.23457874791919,Stable,0,2022-06-24
2021-03-01,29.723232531612098,80.19220589070203,Stable,0,2021-03-01
2023-08-15,29.30963847600217,83.60322752314973,Stable,0,2023-08-15
2022-05-04,27.628143988331587,87.73577548395873,Stable,0,2022-05-04
2023-11-30,28.64788362865716,85.8259979407797,Stable,0,2023-11-30
2021-05-26,27.16494603551439,83.381467451735,Stable,0,2021-05-26
2023-03-09,28.259470990810343,86.3363747386108,Stable,0,2023-03-09
2021-01-24,27.808267641744568,83.86790500771328,Stable,0,2021-01-24
2023-08-12,30.449862692244,83.69545592885125,Stable,0,2023-08-12
2021-01-18,27.464168291715893,81.16042334020682,Stable,0,2021-01-18
2021-11-03,27.15853542460287,84.70873338893323,Stable,0,2021-11-03
2023-02-02,29.776882760424087,87.10055490792428,Stable,0,2023-02-02
2021-04-20,26.71785421429943,86.29748534285736,Stable,0,2021-04-20
2023-11-23,30.008396165307644,81.59167589959674,Stable,0,2023-11-23
2021-11-04,26.965253491973765,84.06594542787117,Stable,0,2021-11-04
2022-06-18,30.10460515030549,82.26586052630506,Stable,0,2022-06-18
2023-09-20,29.88851843397034,80.23518014986301,Stable,0,2023-09-20
2021-08-03,28.01780105921757,82.48942210133048,Stable,0,2021-08-03
2021-02-28,28.175729354728738,83.7569995885694,Stable,0,2021-02-28
2022-01-10,28.24369794993615,84.2924253437851,Stable,0,2022-01-10
2023-04-20,28.184542052721778,87.80807437270137,Stable,0,2023-04-20
2023-05-20,26.886455078158495,84.55145757913746,Stable,0,2023-05-20
2021-07-13,28.49597462077839,81.48353059544289,Stable,0,2021-07-13
2021-09-20,26.44061416140699,86.23867734759052,Stable,0,2021-09-20
2023-09-04,27.671409160008547,86.74037442051863,Stable,0,2023-09-04
2023-08-18,27.74051790697623,86.87460141852956,Stable,0,2023-08-18
2022-01-08,28.08647462073607,81.29440395805571,Stable,0,2022-01-08
2022-05-31,28.198297469984418,80.55301745344342,Stable,0,2022-05-31
2022-10-25,26.847639114997197,84.21655647647066,Stable,0,2022-10-25
2023-01-14,30.31484078888149,85.19789147130841,Stable,0,2023-01-14
2022-01-06,27.395705941974004,87.55807348258595,Stable,0,2022-01-06
2023-04-08,27.17445857894618,84.5964534438984,Stable,0,2023-04-08
2021-09-20,26.60600002677153,85.89449300950744,Stable,0,2021-09-20
2022-10-17,29.70529382217051,86.71664466388832,Stable,0,2022-10-17
2021-10-19,26.727541855884816,88.18619873606174,Stable,0,2021-10-19
2023-01-17,27.58823873242339,83.91508877938749,Stable,0,2023-01-17
2021-01-16,28.920713990633008,81.80693839558917,Stable,0,2021-01-16
2022-11-05,30.457103960674704,84.40980892855487,Stable,0,2022-11-05
2023-09-05,26.999599270204108,83.90313903135231,Stable,0,2023-09-05
2021-12-27,28.053099064944224,86.72941284859729,Stable,0,2021-12-27
2022-01-17,28.060210001514456,80.34430503610359,Stable,0,2022-01-17
2023-04-06,27.87044792004047,86.55251004383982,Stable,0,2023-04-06
2022-01-27,28.230143709776037,86.05965043571878,Stable,0,2022-01-27
2023-04-23,28.45700835953497,85.22569382806515,Stable,0,2023-04-23
2021-07-15,29.598239114690923,82.72223140206592,Stable,0,2021-07-15
2021-12-21,29.64277145919148,83.45103185477586,Stable,0,2021-12-21
2022-09-07,28.613555098365683,85.483376352583,Stable,0,2022-09-07
2021-09-19,28.703217309404938,84.51055182182017,Stable,0,2021-09-19
2021-07-03,26.646486641762383,81.08129285790741,Stable,0,2021-07-03
2022-12-23,27.68137403724736,86.91786318163598,Stable,0,2022-12-23
2022-07-25,29.043016597402964,84.21118701366605,Stable,0,2022-07-25
2021-12-17,30.18435994895417,84.53866146849175,Stable,0,2021-12-17
2021-09-20,28.715532333428246,84.13210471164379,Stable,0,2021-09-20
2021-05-08,27.879397503467743,87.97065448519515,Stable,0,2021-05-08
2022-02-16,27.03941124435836,80.9241687817383,Stable,0,2022-02-16
2023-01-17,27.692105430062615,83.88508126243511,Stable,0,2023-01-17
2021-07-27,29.234163918924956,82.05102068009278,Stable,0,2021-07-27
2021-07-15,28.000602223580213,81.23585717285535,Stable,0,2021-07-15
2022-06-07,28.817952647550328,83.51584055492287,Stable,0,2022-06-07
2021-07-19,26.33999130680617,84.02171441590131,Stable,0,2021-07-19
2023-07-15,28.729311363450226,87.6519439974998,Stable,0,2023-07-15
2021-08-21,28.38117550371459,82.1908026016585,Stable,0,2021-08-21
2023-06-06,28.12342924295096,84.45598305036489,Stable,0,2023-06-06
2021-08-09,27.78619057301029,86.71859489302456,Stable,0,2021-08-09
2021-12-11,29.099350378419366,80.82571158980753,Stable,0,2021-12-11
2022-08-13,29.757521207151324,82.4965999835192,Stable,0,2022-08-13
2022-09-01,29.59546528366494,85.78730226900865,Stable,0,2022-09-01
2021-01-31,28.542490588812623,85.14900868731426,Stable,0,2021-01-31
2021-09-26,28.02864313062779,82.74692616930912,Stable,0,2021-09-26
2023-01-06,30.405900428719622,81.03192115212498,Stable,0,2023-01-06
2021-07-08,30.280171043393683,87.9539560748073,Stable,0,2021-07-08
2023-12-21,29.914630851893165,82.15589147304394,Stable,0,2023-12-21
2022-04-28,27.792242738142697,82.59096183731114,Stable,0,2022-04-28
2023-02-17,27.6162858627172,86.19921678753855,Stable,0,2023-02-17
2022-11-16,28.205605398141024,80.71612465992756,Stable,0,2022-11-16
2023-11-11,26.993766279570277,82.99848906090037,Stable,0,2023-11-11
2023-04-22,27.653919784708343,82.17685233109276,Stable,0,2023-04-22
2023-04-19,27.65719685996049,87.92505731153761,Stable,0,2023-04-19
2023-11-25,30.466859243401583,87.60830048131275,Stable,0,2023-11-25
2023-11-25,29.269079358971513,87.82477301718735,Stable,0,2023-11-25
2022-04-18,26.481975457221836,81.60507452030274,Stable,0,2022-04-18
2021-10-05,27.849889501734967,86.89121818789161,Stable,0,2021-10-05
2023-05-29,29.937503183338304,87.31565031797638,Stable,0,2023-05-29
2023-09-15,29.275778403867697,85.03783302818833,Stable,0,2023-09-15
2023-04-20,29.122757472478018,85.4231861322783,Stable,0,2023-04-20
2023-11-30,30.24768709592287,85.71039588891702,Stable,0,2023-11-30
2022-08-18,28.235265992890216,86.21164300432152,Stable,0,2022-08-18
2021-02-21,27.01386020505861,87.05407626406067,Stable,0,2021-02-21
2022-09-09,28.070524664776656,84.29587213383539,Stable,0,2022-09-09
2021-08-12,30.161510118927858,82.27133315253377,Stable,0,2021-08-12
2021-06-21,28.077132726955533,87.88511211493909,Stable,0,2021-06-21
2023-05-18,26.5019821494498,82.69321261210665,Stable,0,2023-05-18
2023-04-15,26.4009627255962,82.8997035996184,Stable,0,2023-04-15
2023-10-22,28.138069635088947,87.98738287130351,Stable,0,2023-10-22
2022-11-22,28.79385104549884,81.29167302362245,Stable,0,2022-11-22
2022-04-19,27.154207369003053,84.7192066615731,Stable,0,2022-04-19
2023-08-29,28.742866652113953,86.0468293914522,Stable,0,2023-08-29
2022-12-20,27.61006569077672,84.05508836895261,Stable,0,2022-12-20
2021-08-02,27.283568997997172,85.49625674500912,Stable,0,2021-08-02
2021-05-16,26.953614500142105,82.54685864455062,Stable,0,2021-05-16
2021-11-18,29.96951682392839,80.13376917733227,Stable,0,2021-11-18
2022-09-24,29.712595820375935,88.23258173925167,Stable,0,2022-09-24
2023-07-31,29.624542002033973,86.50960765046726,Stable,0,2023-07-31
2022-03-04,27.963089242296952,85.74624055421005,Stable,0,2022-03-04
2021-05-14,30.35861307489527,80.90674538539386,Stable,0,2021-05-14
2022-02-09,29.66599882883311,80.1676186588455,Stable,0,2022-02-09
2021-03-03,26.75920358647324,83.25924016900271,Stable,0,2021-03-03
2021-01-21,28.000702163308716,84.45003581938212,Stable,0,2021-01-21
2023-11-09,27.995865048412966,86.36458936020614,Stable,0,2023-11-09
2021-08-27,26.95551879457254,85.8488884063671,Stable,0,2021-08-27
2021-11-22,29.938675683732693,86.32351989215937,Stable,0,2021-11-22
2023-09-26,29.28749229838367,84.84260072213932,Stable,0,2023-09-26
2023-12-01,28.622838617447194,85.76010639753284,Stable,0,2023-12-01
2023-06-17,27.081005827881533,88.01807742316723,Stable,0,2023-06-17
2021-05-15,28.65896974005382,86.71224557331271,Stable,0,2021-05-15
2023-08-19,28.45337200624738,80.46151893252564,Stable,0,2023-08-19
2023-03-01,26.9440093709233,82.37248673136928,Stable,0,2023-03-01
2021-10-02,27.242083118133053,87.16076041632238,Stable,0,2021-10-02
2022-03-22,27.111441711191897,85.32986914680473,Stable,0,2022-03-22
2022-12-02,29.55618444782425,85.65618127221403,Stable,0,2022-12-02
2023-08-17,28.211914131308003,80.47334452157845,Stable,0,2023-08-17
2021-12-29,29.292824011774293,80.96137237968115,Stable,0,2021-12-29
2023-04-10,28.57142221464748,80.90147118121878,Stable,0,2023-04-10
2023-10-15,26.600282608376492,86.184470080639,Stable,0,2023-10-15
2022-09-19,28.225423879123316,80.06567231809997,Stable,0,2022-09-19
2022-08-25,29.696996379725245,83.68082059058682,Stable,0,2022-08-25
2023-07-24,28.070188928278796,84.4841917126923,Stable,0,2023-07-24
2023-05-09,29.566462289689408,81.91541327580697,Stable,0,2023-05-09
2022-08-06,28.57233662087551,80.75055929756414,Stable,0,2022-08-06
2022-05-06,29.129663136135132,83.7506701503009,Stable,0,2022-05-06
2022-11-28,26.948436836390236,80.08174675931247,Stable,0,2022-11-28
2022-12-09,29.169847004486705,87.5642191471104,Stable,0,2022-12-09
2021-01-30,28.65491601155374,83.7393312943782,Stable,0,2021-01-30
2021-05-02,29.95495043922964,83.78082806263573,Stable,0,2021-05-02
2021-06-28,29.173101599894256,84.00481487141002,Stable,0,2021-06-28
2023-06-16,27.16546713153309,86.91501971751943,Stable,0,2023-06-16
2022-03-22,30.040711994103813,87.8918580428279,Stable,0,2022-03-22
2022-02-24,27.693121642785133,80.73190191706207,Stable,0,2022-02-24
2021-03-10,29.689599583054097,87.62315130359242,Stable,0,2021-03-10
2022-11-04,29.024530652049307,80.90304128261621,Stable,0,2022-11-04
2023-07-26,26.94108635250746,81.90444484958282,Stable,0,2023-07-26
2021-07-05,29.645586178650163,86.18435777168906,Stable,0,2021-07-05
2021-04-15,26.63893322896335,80.14855085134793,Stable,0,2021-04-15
2022-07-23,28.401868311308547,87.3303484639366,Stable,0,2022-07-23
2022-06-30,26.598646564649588,80.84568413812356,Stable,0,2022-06-30
2023-10-10,29.56475983705735,86.25200465489608,Stable,0,2023-10-10
2023-07-26,27.49361448373639,85.13594928197693,Stable,0,2023-07-26
2022-09-04,29.021608263458283,84.01577663242767,Stable,0,2022-09-04
2023-12-01,28.908819326300097,86.92713082257134,Stable,0,2023-12-01
2022-04-07,28.615669583118432,80.72354832784757,Stable,0,2022-04-07
2023-09-25,26.78832645389527,82.3409841544945,Stable,0,2023-09-25
2023-05-19,28.761072026658137,80.16221605602763,Stable,0,2023-05-19
2021-05-01,26.966156883792657,84.40022358754766,Stable,0,2021-05-01
2022-01-05,29.948231139959557,84.04361908824711,Stable,0,2022-01-05
2022-04-02,29.470334091567956,84.74228326032765,Stable,0,2022-04-02
2021-11-24,30.011576071005003,83.14231195199875,Stable,0,2021-11-24
2021-06-24,28.05633956273928,85.2058316270145,Stable,0,2021-06-24
2021-07-28,28.164110049059893,84.96283303769425,Stable,0,2021-07-28
2022-04-25,28.71083499256342,87.98179978371897,Stable,0,2022-04-25
2021-02-05,27.938793191197696,80.55598555865993,Stable,0,2021-02-05
2022-10-07,27.14028448968691,84.38478555235342,Stable,0,2022-10-07
2022-11-04,29.144855620122105,80.88126076746322,Stable,0,2022-11-04
2023-08-08,30.303638916235332,87.77777168295107,Stable,0,2023-08-08
2021-08-12,28.282184334546276,83.8439360168728,Stable,0,2021-08-12
2021-10-23,26.740206816011387,82.63951546697902,Stable,0,2021-10-23
2022-11-11,29.33134067965125,85.14181042001421,Stable,0,2022-11-11
2023-08-23,28.848994498346705,86.35922801629026,Stable,0,2023-08-23
2022-12-25,27.51587610987659,86.17445464039308,Stable,0,2022-12-25
2021-07-06,28.697669035256833,80.88782626511053,Stable,0,2021-07-06
2021-05-28,29.37174174528614,85.7801992021727,Stable,0,2021-05-28
2023-03-02,29.159247037476344,88.0187805929016,Stable,0,2023-03-02
2022-03-15,28.107621007052607,85.60875063909201,Stable,0,2022-03-15
2023-12-31,26.350151918924055,80.65246088497221,Stable,0,2023-12-31
2021-02-12,28.08812663201572,82.58588093894018,Stable,0,2021-02-12
2022-02-20,30.038974962870743,80.31739686281226,Stable,0,2022-02-20
2023-08-28,27.65592434416757,86.38068741288848,Stable,0,2023-08-28
2023-06-05,27.32640139368321,84.93741470427949,Stable,0,2023-06-05
2021-12-11,28.668271452478628,83.10803866311086,Stable,0,2021-12-11
2021-08-02,26.596057109853668,85.58109240961923,Stable,0,2021-08-02
2021-11-26,27.994003050113445,84.41572042671372,Stable,0,2021-11-26
2021-08-09,29.507440664250705,86.22948453594007,Stable,0,2021-08-09
2022-12-14,29.85215748971496,81.74611504396582,Stable,0,2022-12-14
2022-06-02,30.03198531948184,86.13834553779826,Stable,0,2022-06-02
2023-09-08,28.34993582379713,80.08415454209718,Stable,0,2023-09-08
2022-08-05,28.337961350672707,81.10575534302394,Stable,0,2022-08-05
2022-11-04,26.999188209101312,83.46975527828418,Stable,0,2022-11-04
2023-10-16,27.564215593291095,86.66296622691259,Stable,0,2023-10-16
2022-09-18,27.77895032273968,85.66558952567965,Stable,0,2022-09-18
2022-01-15,28.48525312403458,81.22771647834425,Stable,0,2022-01-15
2022-09-22,28.585479595337468,82.1884299324473,Stable,0,2022-09-22
2021-08-24,28.407731197094034,82.89038475754734,Stable,0,2021-08-24
2023-02-16,28.91688732411174,81.72698387123206,Stable,0,2023-02-16
2022-10-09,29.61624658642731,84.7448830027127,Stable,0,2022-10-09
2021-05-25,29.58497670878975,86.53239364545425,Stable,0,2021-05-25
2022-04-19,26.328367160092792,86.75698554829913,Stable,0,2022-04-19
2021-09-03,28.476469111632053,85.82864604525079,Stable,0,2021-09-03
2022-03-18,30.0666216410525,85.58220109954698,Stable,0,2022-03-18
2023-05-08,26.359212227333273,81.04472349397666,Stable,0,2023-05-08
2022-02-13,29.914458603224656,82.94324425606996,Stable,0,2022-02-13
2023-12-06,27.443887786861815,82.2276491173848,Stable,0,2023-12-06
2021-10-24,27.898007892438994,84.98979310094876,Stable,0,2021-10-24
2021-12-06,27.97744448760996,85.74842859815162,Stable,0,2021-12-06
2022-06-30,28.09280909634013,85.49111395522706,Stable,0,2022-06-30
2023-07-31,28.047512579134565,87.46392780422507,Stable,0,2023-07-31
2022-06-09,29.63152636576829,82.29013621742145,Stable,0,2022-06-09
2022-03-29,30.47634484457456,86.57141315795504,Stable,0,2022-03-29
2021-12-20,29.822808401243815,86.27301142338054,Stable,0,2021-12-20
2021-11-20,26.6363001576675,87.75237447194704,Stable,0,2021-11-20
2022-12-09,28.968803336417672,83.40119740878445,Stable,0,2022-12-09
2023-08-18,29.497324908303774,88.18781193071143,Stable,0,2023-08-18
2021-01-18,29.007562873540635,85.6189200442449,Stable,0,2021-01-18
2023-06-15,26.59326819788243,86.04703838455829,Stable,0,2023-06-15
2021-07-03,29.10446553334198,80.33604730507217,Stable,0,2021-07-03
2022-06-24,30.171790986960648,81.43756199856382,Stable,0,2022-06-24
2023-07-27,29.384052734151684,84.56878516620635,Stable,0,2023-07-27
2021-11-09,30.048065980774744,87.86328863717719,Stable,0,2021-11-09
2022-07-09,30.436122402604852,85.40660453545067,Stable,0,2022-07-09
2022-09-22,29.009112774182988,83.93322235125599,Stable,0,2022-09-22
2021-06-14,30.08238275522322,80.3946320669237,Stable,0,2021-06-14
2021-08-20,28.51617442293042,84.10696521506375,Stable,0,2021-08-20
2023-08-08,30.447732843156395,82.51949835616784,Stable,0,2023-08-08
2021-03-04,28.163190973215016,80.74403759152987,Stable,0,2021-03-04
2021-02-25,26.615789117233323,85.77102676054298,Stable,0,2021-02-25
2021-05-18,28.23864446881629,82.43260947309622,Stable,0,2021-05-18
2021-06-04,27.999956644388146,84.01582048741052,Stable,0,2021-06-04
2021-07-12,28.941902971539623,85.33833922152357,Stable,0,2021-07-12
2022-02-24,28.258430388582173,87.45180496874812,Stable,0,2022-02-24
2021-09-07,27.048887443797867,83.3737149598135,Stable,0,2021-09-07
2023-06-26,27.659099155346244,87.15311592634201,Stable,0,2023-06-26
2022-08-10,27.53476742448775,86.18206468361606,Stable,0,2022-08-10
2022-01-13,30.204179765750627,86.72515682598166,Stable,0,2022-01-13
2023-08-13,27.045349792023018,81.36060993397811,Stable,0,2023-08-13
2021-08-27,28.032572597688848,82.2906502798444,Stable,0,2021-08-27
2021-12-25,28.651942989427404,84.56582445652909,Stable,0,2021-12-25
2023-07-02,29.5353139789136,83.09030283985824,Stable,0,2023-07-02
2023-09-02,29.559818865085827,80.81188986289723,Stable,0,2023-09-02
2021-11-13,30.321510783474707,83.11545176455425,Stable,0,2021-11-13
2022-07-30,30.162344590827285,80.70038223462589,Stable,0,2022-07-30
2023-04-22,28.80278161408716,85.68217334047958,Stable,0,2023-04-22
2023-03-14,29.765051646228333,81.20094549633146,Stable,0,2023-03-14
2021-01-22,29.969091012859867,83.94226757103458,Stable,0,2021-01-22
2022-12-05,27.43895359023154,82.52712736718875,Stable,0,2022-12-05
2022-07-13,30.355172241132056,86.6892251032028,Stable,0,2022-07-13
2023-07-13,27.9110204064194,83.01338925223409,Stable,0,2023-07-13
2023-11-25,28.647891039870228,83.54340098406168,Stable,0,2023-11-25
2023-01-03,27.5489925202618,80.21961361621958,Stable,0,2023-01-03
2022-09-10,27.061378307157607,86.59686565962978,Stable,0,2022-09-10
2022-05-03,28.40081683154785,84.74843850429484,Stable,0,2022-05-03
2021-02-06,27.217768997989225,81.34376615172549,Stable,0,2021-02-06
2021-12-28,27.59146550315225,87.16122756442032,Stable,0,2021-12-28
2022-04-12,26.401828777292643,80.75191804583415,Stable,0,2022-04-12
2022-04-04,29.812778920429263,81.14626598450684,Stable,0,2022-04-04
2021-03-14,27.570444559069102,87.42549574382805,Stable,0,2021-03-14
2022-04-20,30.175005180761403,84.33963773901895,Stable,0,2022-04-20
2022-09-05,30.33976678543043,84.27110865740589,Stable,0,2022-09-05
2021-07-07,27.56255850188743,83.73571509401415,Stable,0,2021-07-07
2021-01-09,30.225656423690555,88.0103649563165,Stable,0,2021-01-09
2022-02-27,27.847230156459577,83.47949315818306,Stable,0,2022-02-27
2022-11-19,29.495736644386874,84.08705810777911,Stable,0,2022-11-19
2022-12-09,29.599685444646383,83.77568277892792,Stable,0,2022-12-09
2023-07-29,29.234320444303325,82.93683496206269,Stable,0,2023-07-29
2022-09-07,29.705729057665557,80.87089294961942,Stable,0,2022-09-07
2022-11-05,27.901903302026568,80.14072834966844,Stable,0,2022-11-05
2022-02-16,29.410699071270898,84.20783586386324,Stable,0,2022-02-16
2023-05-15,27.99712736227455,87.4281084769126,Stable,0,2023-05-15
2022-04-03,26.893992396514182,87.24689971700698,Stable,0,2022-04-03
2021-02-09,26.38177392783166,80.82264395386203,Stable,0,2021-02-09
2022-06-04,26.43777168342218,81.06638208447262,Stable,0,2022-06-04
2021-04-14,28.26169132782487,80.43892311396398,Stable,0,2021-04-14
2022-12-11,26.668485026868325,82.81442555066148,Stable,0,2022-12-11
2021-01-03,30.315164825734147,87.92846413675957,Stable,0,2021-01-03
2021-01-20,29.69974113455868,82.31277735947891,Stable,0,2021-01-20
2023-08-01,29.42788391318364,84.15882780766731,Stable,0,2023-08-01
2023-02-05,27.78606115236799,83.73601136086117,Stable,0,2023-02-05
2023-09-21,27.4848784379827,80.42537610571449,Stable,0,2023-09-21
2023-10-08,27.36792858121806,87.25767867072067,Stable,0,2023-10-08
2023-04-26,26.361180665082244,82.9096622131241,Stable,0,2023-04-26
2022-03-16,30.310145611849748,84.97021119010589,Stable,0,2022-03-16
2021-05-09,30.266785287216827,85.681964469616,Stable,0,2021-05-09
2021-07-30,30.315939700718864,83.76160800584007,Stable,0,2021-07-30
2022-02-18,27.79063435024572,83.67609364534522,Stable,0,2022-02-18
2023-05-27,30.196153147527717,84.3542346339647,Stable,0,2023-05-27
2022-08-16,30.4945766870699,82.76464947726866,Stable,0,2022-08-16
2022-03-01,29.139611570205783,86.1606184317486,Stable,0,2022-03-01
2023-02-17,29.70529704208589,86.200610058886,Stable,0,2023-02-17
2022-09-21,27.96058226189932,83.80881434794182,Stable,0,2022-09-21
2021-05-18,26.356496899187288,82.29015024054263,Stable,0,2021-05-18
2023-09-02,29.74916322482886,86.11121456250858,Stable,0,2023-09-02
2023-06-18,30.046382197154003,86.06450900455252,Stable,0,2023-06-18
2021-03-23,29.094628898258616,86.85625577263825,Stable,0,2021-03-23
2021-01-26,29.279740178272256,85.75357977285576,Stable,0,2021-01-26
2023-06-26,28.231016861612616,86.96028301303383,Stable,0,2023-06-26
2023-11-17,29.742340634834843,87.33156131784146,Stable,0,2023-11-17
2021-10-25,28.219003063845857,86.86406423158766,Stable,0,2021-10-25
2023-02-22,28.94855197185203,85.21687252496089,Stable,0,2023-02-22
2023-09-27,29.984873668447452,80.25706470228924,Stable,0,2023-09-27
2022-07-30,29.36780883287123,87.06421647902653,Stable,0,2022-07-30
2021-10-25,27.43839965930298,84.59967114712092,Stable,0,2021-10-25
2023-07-06,26.645037101980197,83.38001020901972,Stable,0,2023-07-06
2021-07-16,29.083511155650108,88.18040915670034,Stable,0,2021-07-16
2022-05-12,29.06255324782385,87.8283108024223,Stable,0,2022-05-12
2022-10-14,27.415111888396865,87.65444904325189,Stable,0,2022-10-14
2021-03-13,29.07449452942195,84.73413102627035,Stable,0,2021-03-13
2022-09-08,27.957868417182848,85.35062524822553,Stable,0,2022-09-08
2022-11-12,27.758639505671567,80.38650002380516,Stable,0,2022-11-12
2022-05-28,30.49114190380421,88.17074063036333,Stable,0,2022-05-28
2023-10-27,27.866860638710573,82.14671599395432,Stable,0,2023-10-27
2023-02-10,27.68818460233321,83.42953922627926,Stable,0,2023-02-10
2021-01-30,29.257386200018914,82.09663279858783,Stable,0,2021-01-30
2021-05-31,28.058433518177218,83.18773744574739,Stable,0,2021-05-31
2023-08-14,26.758147786192623,80.85851868123629,Stable,0,2023-08-14
2022-12-26,28.58021589679913,85.47705192458369,Stable,0,2022-12-26
2022-02-15,30.23238962731624,80.68889076705108,Stable,0,2022-02-15
2023-09-19,28.961349986398087,88.04341477472056,Stable,0,2023-09-19
2023-08-23,27.03538550306915,85.56509794939039,Stable,0,2023-08-23
2021-04-12,28.7394216469081,84.14808994297152,Stable,0,2021-04-12
2023-07-22,26.360063860980382,82.72283009690788,Stable,0,2023-07-22
2022-06-02,26.76608130994841,80.59130411323085,Stable,0,2022-06-02
2021-05-30,29.99963807754676,82.6133827206699,Stable,0,2021-05-30
2023-02-09,28.745773922850564,86.34364766375028,Stable,0,2023-02-09
2023-04-10,28.85075204138372,87.10073250756398,Stable,0,2023-04-10
2023-01-11,30.285829346919424,86.30451575892113,Stable,0,2023-01-11
2021-11-30,26.79135481147762,81.36678612890869,Stable,0,2021-11-30
2021-05-02,28.571335311711675,87.5495203804481,Stable,0,2021-05-02
2021-12-01,28.433730757456033,81.40920401797116,Stable,0,2021-12-01
2023-07-24,28.491987377778155,87.08672397382294,Stable,0,2023-07-24
2023-11-01,27.944666922566547,85.96114042739647,Stable,0,2023-11-01
2023-06-02,27.275290973842377,87.89305338596235,Stable,0,2023-06-02
2021-08-16,27.825791367861537,84.84945633520746,Stable,0,2021-08-16
2023-05-04,29.43762996832775,84.94038241479386,Stable,0,2023-05-04
2023-02-16,26.92502962540164,86.81949178501164,Stable,0,2023-02-16
2021-04-01,30.213867856168147,85.95534773446802,Stable,0,2021-04-01
2022-11-28,30.243678506566745,85.83239731002625,Stable,0,2022-11-28
2023-09-13,28.056074448222976,83.25695879855309,Stable,0,2023-09-13
2022-09-05,27.07354783987406,85.00233718228105,Stable,0,2022-09-05
2021-05-06,30.253547259327295,87.7547476265339,Stable,0,2021-05-06
2021-09-04,27.398400165773637,86.14631616464065,Stable,0,2021-09-04
2021-09-15,27.693422651081093,83.43050742905119,Stable,0,2021-09-15
2021-09-30,30.205175708021613,83.96446440267438,Stable,0,2021-09-30
2022-08-11,27.596119378881635,84.42171514275319,Stable,0,2022-08-11
2021-05-28,26.49992857886009,81.7905718597237,Stable,0,2021-05-28
2021-10-24,28.157045109980867,82.25297128009021,Stable,0,2021-10-24
2021-12-12,30.219046515103233,87.04472481910317,Stable,0,2021-12-12
2022-04-21,30.06773183223188,81.11039490835591,Stable,0,2022-04-21
2021-08-02,30.338024428343807,85.75800438160024,Stable,0,2021-08-02
2021-08-05,30.247251141835388,80.20409807201847,Stable,0,2021-08-05
2023-05-24,27.940368201366393,88.1235687375515,Stable,0,2023-05-24
2021-11-22,29.354592000269623,81.62548720494127,Stable,0,2021-11-22
2021-10-21,27.70053373625035,80.84084881445887,Stable,0,2021-10-21
2021-11-13,29.40315435231875,84.6944223345815,Stable,0,2021-11-13
2023-10-25,27.7406371062488,85.90843009311062,Stable,0,2023-10-25
2021-12-22,28.23841175376292,85.63817027645804,Stable,0,2021-12-22
2022-04-07,28.644714183690713,85.9892289192648,Stable,0,2022-04-07
2021-10-29,30.38625118067718,82.47534728989251,Stable,0,2021-10-29
2022-12-21,27.9843444,83.7685296,Forest Fire,1,2022-12-21
2022-12-21,28.350913281612986,87.5352101462486,Stable,0,2022-12-21
2022-12-21,29.34048306821892,82.13846801088279,Stable,0,2022-12-21
2022-12-21,27.18701056218147,85.55541428652248,Stable,0,2022-12-21
2022-12-21,28.006568603333474,85.57182404964959,Stable,0,2022-12-21
2022-12-21,29.332124482411608,82.26400378389773,Stable,0,2022-12-21
2022-11-01,27.1270572,85.3810871,Forest Fire,1,2022-11-01
2022-11-01,29.726368594046495,86.99986675448335,Stable,0,2022-11-01
2022-11-01,28.034553243702774,83.22321568534367,Stable,0,2022-11-01
2022-11-01,28.88052244801197,80.53205608142075,Stable,0,2022-11-01
2022-11-01,29.913158990155345,84.76399613513273,Stable,0,2022-11-01
2022-11-01,27.75091794605936,87.61310717469614,Stable,0,2022-11-01
2022-06-26,28.2048538,81.3455485,Forest Fire,1,2022-06-26
2022-06-26,29.355355518221415,83.9606693125581,Stable,0,2022-06-26
2022-06-26,26.363564182497917,86.33885620539787,Stable,0,2022-06-26
2022-06-26,27.044170586377135,85.55450814254257,Stable,0,2022-06-26
2022-06-26,26.652565409501157,81.1788039897412,Stable,0,2022-06-26
2022-06-26,29.322581090729585,81.31331152650014,Stable,0,2022-06-26
2022-06-19,29.3031521,82.1501085,Forest Fire,1,2022-06-19
2022-06-19,27.5393953315724,81.90115714358053,Stable,0,2022-06-19
2022-06-19,29.13694332220915,86.26337234074012,Stable,0,2022-06-19
2022-06-19,28.846594196874047,85.82149311300746,Stable,0,2022-06-19
2022-06-19,28.074485932861656,81.79957841792361,Stable,0,2022-06-19
2022-06-19,27.985124316171355,83.1575874037387,Stable,0,2022-06-19
2022-06-18,28.4068256,82.1675807,Forest Fire,1,2022-06-18
2022-06-18,30.20104539113042,87.62269710092137,Stable,0,2022-06-18
2022-06-18,27.827507841107572,82.84637221244132,Stable,0,2022-06-18
2022-06-18,29.927198088126712,82.22134263209307,Stable,0,2022-06-18
2022-06-18,29.794149420576534,87.36360959840813,Stable,0,2022-06-18
2022-06-18,28.253944836765623,84.60759180709162,Stable,0,2022-06-18
2022-06-12,28.9769829,81.2246906,Forest Fire,1,2022-06-12
2022-06-12,28.270810558757205,85.44183016870053,Stable,0,2022-06-12
2022-06-12,29.82519355022512,80.20592387624053,Stable,0,2022-06-12
2022-06-12,30.400143947426777,86.4926247314084,Stable,0,2022-06-12
2022-06-12,26.51470006201042,87.47681945666407,Stable,0,2022-06-12
2022-06-12,27.70711726319972,83.09824268257746,Stable,0,2022-06-12
2022-06-08,28.6394558,82.5517807,Forest Fire,1,2022-06-08
2022-06-08,26.789429810822188,87.32845444710516,Stable,0,2022-06-08
2022-06-08,28.508180760814717,86.03781198351747,Stable,0,2022-06-08
2022-06-08,29.503726896533337,87.83290882823547,Stable,0,2022-06-08
2022-06-08,30.296548325273424,83.28704628569292,Stable,0,2022-06-08
2022-06-08,28.241318298047503,83.40326215370207,Stable,0,2022-06-08
2022-06-02,26.9825083,87.3451034,Forest Fire,1,2022-06-02
2022-06-02,29.83768968921204,85.07720472041308,Stable,0,2022-06-02
2022-06-02,29.429389386021494,82.17913334574975,Stable,0,2022-06-02
2022-06-02,27.415350894444245,80.80614468831968,Stable,0,2022-06-02
2022-06-02,28.087844397821975,84.03454126357279,Stable,0,2022-06-02
2022-06-02,27.401169505025766,81.5128971634748,Stable,0,2022-06-02
2022-05-24,27.022131,87.4031366,Forest Fire,1,2022-05-24
2022-05-24,28.750510272703373,85.11568962132121,Stable,0,2022-05-24
2022-05-24,28.098710777443205,87.33556179201479,Stable,0,2022-05-24
2022-05-24,28.674205391067368,80.71088868860136,Stable,0,2022-05-24
2022-05-24,28.568644695562636,85.85597778016403,Stable,0,2022-05-24
2022-05-24,27.88926425656315,83.68181108183336,Stable,0,2022-05-24
2022-05-20,26.9825083,87.3451034,Forest Fire,1,2022-05-20
2022-05-20,28.255461835158712,83.63234398493374,Stable,0,2022-05-20
2022-05-20,29.49225941792437,81.85131233868226,Stable,0,2022-05-20
2022-05-20,30.36498693955098,80.81385521773464,Stable,0,2022-05-20
2022-05-20,28.723852087791293,80.57853242486081,Stable,0,2022-05-20
2022-05-20,28.812465140714735,88.15493663478038,Stable,0,2022-05-20
2022-05-20,28.032859,82.9021693,Forest Fire,1,2022-05-20
2022-05-20,26.775956169353048,80.29658593975749,Stable,0,2022-05-20
2022-05-20,26.87410609883827,80.66595898337022,Stable,0,2022-05-20
2022-05-20,27.084071643853314,86.82210348806724,Stable,0,2022-05-20
2022-05-20,28.069709653132104,86.56056061269851,Stable,0,2022-05-20
2022-05-20,29.821201160951546,83.67557770317865,Stable,0,2022-05-20
2022-05-12,28.5507325,84.2423535,Forest Fire,1,2022-05-12
2022-05-12,29.12166384873004,85.03427169151371,Stable,0,2022-05-12
2022-05-12,29.18882269931281,86.60724698578018,Stable,0,2022-05-12
2022-05-12,26.889940515264268,81.10336738866702,Stable,0,2022-05-12
2022-05-12,26.40263255982036,81.64886755825877,Stable,0,2022-05-12
2022-05-12,28.13560697076867,85.84123996601856,Stable,0,2022-05-12
2022-05-10,27.1229312,87.1453288,Forest Fire,1,2022-05-10
2022-05-10,27.04636552699973,87.7368281939341,Stable,0,2022-05-10
2022-05-10,28.168914521438055,80.06553183787763,Stable,0,2022-05-10
2022-05-10,30.38657263987331,82.30385117724609,Stable,0,2022-05-10
2022-05-10,27.41451770029523,87.26973388999643,Stable,0,2022-05-10
2022-05-10,27.6017445847488,85.47354138760451,Stable,0,2022-05-10
2022-05-01,28.1319035,82.6947379,Forest Fire,1,2022-05-01
2022-05-01,29.754577404931435,82.6287819781539,Stable,0,2022-05-01
2022-05-01,29.29256989274275,82.7172867391212,Stable,0,2022-05-01
2022-05-01,30.181353153604523,87.51248060891511,Stable,0,2022-05-01
2022-05-01,29.64471816504269,80.25923246513285,Stable,0,2022-05-01
2022-05-01,30.155923894585527,86.44556586667366,Stable,0,2022-05-01
2022-05-01,28.2579868,82.7389803,Forest Fire,1,2022-05-01
2022-05-01,29.08182030946397,83.57592261042797,Stable,0,2022-05-01
2022-05-01,28.04761841122934,81.37435361893564,Stable,0,2022-05-01
2022-05-01,27.740798508169313,80.79507536957664,Stable,0,2022-05-01
2022-05-01,29.765604474336136,83.48747019669031,Stable,0,2022-05-01
2022-05-01,29.640936202727445,86.33571371172475,Stable,0,2022-05-01
2022-04-27,28.0735265,82.9182622,Forest Fire,1,2022-04-27
2022-04-27,28.651580480183146,83.46912789433013,Stable,0,2022-04-27
2022-04-27,29.50253053912056,86.2473790648912,Stable,0,2022-04-27
2022-04-27,27.354831724845383,86.22874592987274,Stable,0,2022-04-27
2022-04-27,27.10691085490819,81.96104194152403,Stable,0,2022-04-27
2022-04-27,29.886421182214484,82.11409859672271,Stable,0,2022-04-27
2022-04-27,28.1275303,82.8494422,Forest Fire,1,2022-04-27
2022-04-27,29.329572426878073,85.76606288441822,Stable,0,2022-04-27
2022-04-27,29.39921888242382,83.29452464550097,Stable,0,2022-04-27
2022-04-27,28.885872296646795,86.98287624605005,Stable,0,2022-04-27
2022-04-27,26.44313280811303,83.15711006405587,Stable,0,2022-04-27
2022-04-27,29.869137284332886,82.60488618907551,Stable,0,2022-04-27
2022-04-27,27.7441108,85.3209226,Forest Fire,1,2022-04-27
2022-04-27,26.436401358859356,87.050950202711,Stable,0,2022-04-27
2022-04-27,26.959274059589024,80.34042169131831,Stable,0,2022-04-27
2022-04-27,27.945877328561735,87.49127241123014,Stable,0,2022-04-27
2022-04-27,29.629644049374075,87.90634934819009,Stable,0,2022-04-27
2022-04-27,29.366054144681648,87.07389428559276,Stable,0,2022-04-27
2022-04-27,28.1275303,82.8494422,Forest Fire,1,2022-04-27
2022-04-27,26.606449764831716,83.72976079234215,Stable,0,2022-04-27
2022-04-27,30.263746566396495,81.23207263495485,Stable,0,2022-04-27
2022-04-27,27.21320426989979,81.09422009942638,Stable,0,2022-04-27
2022-04-27,26.404313003980334,84.90145589004187,Stable,0,2022-04-27
2022-04-27,29.54141289967224,86.07607424151165,Stable,0,2022-04-27
2022-04-27,27.9646263,83.0586617,Forest Fire,1,2022-04-27
2022-04-27,30.190944101062087,86.0035660502899,Stable,0,2022-04-27
2022-04-27,26.862385939923616,84.71941173110702,Stable,0,2022-04-27
2022-04-27,27.855936468745828,81.17923080506704,Stable,0,2022-04-27
2022-04-27,30.012524365678196,87.3074283849094,Stable,0,2022-04-27
2022-04-27,28.54583202758724,85.41719487344108,Stable,0,2022-04-27
2022-04-27,27.7174824,85.2693125,Forest Fire,1,2022-04-27
2022-04-27,26.558473121498203,80.59678474455878,Stable,0,2022-04-27
2022-04-27,26.629190660881875,85.66280260493996,Stable,0,2022-04-27
2022-04-27,27.74583910620757,83.80148150349524,Stable,0,2022-04-27
2022-04-27,28.33497773023153,87.6251436571612,Stable,0,2022-04-27
2022-04-27,29.954956862271064,84.46650795571503,Stable,0,2022-04-27
2022-04-27,27.1490811,87.5944603,Forest Fire,1,2022-04-27
2022-04-27,29.229783250565426,85.92080804143353,Stable,0,2022-04-27
2022-04-27,28.919530384657033,83.67767860251972,Stable,0,2022-04-27
2022-04-27,28.12366388905422,86.25891791659541,Stable,0,2022-04-27
2022-04-27,30.396916418705157,85.57889372197704,Stable,0,2022-04-27
2022-04-27,27.63434086916299,84.0062874969687,Stable,0,2022-04-27
2022-04-26,28.5453997,81.9436431,Forest Fire,1,2022-04-26
2022-04-26,27.91050900588641,84.9547995912583,Stable,0,2022-04-26
2022-04-26,28.97968245875805,80.60636079280076,Stable,0,2022-04-26
2022-04-26,28.38119468643862,80.96272481364574,Stable,0,2022-04-26
2022-04-26,28.745584261484773,81.95982669205347,Stable,0,2022-04-26
2022-04-26,29.69549730722285,87.83815929480096,Stable,0,2022-04-26
2022-04-26,27.4277211,86.713777,Forest Fire,1,2022-04-26
2022-04-26,27.550441192140287,83.86491301418513,Stable,0,2022-04-26
2022-04-26,27.69219283389384,80.0830350441297,Stable,0,2022-04-26
2022-04-26,29.285118119074745,80.4820764417697,Stable,0,2022-04-26
2022-04-26,26.964114031553027,84.80176453440939,Stable,0,2022-04-26
2022-04-26,29.39380751071609,87.25438615778616,Stable,0,2022-04-26
2022-04-26,28.4709269,81.6770364,Forest Fire,1,2022-04-26
2022-04-26,26.65595544231306,81.8446214994173,Stable,0,2022-04-26
2022-04-26,29.77695554494099,81.17294320269166,Stable,0,2022-04-26
2022-04-26,28.011050101145244,83.98181539990082,Stable,0,2022-04-26
2022-04-26,26.36093210428225,86.64394343053614,Stable,0,2022-04-26
2022-04-26,29.00393837679739,84.17237513974926,Stable,0,2022-04-26
2022-04-26,27.7262875,85.3759059,Forest Fire,1,2022-04-26
2022-04-26,30.103375158578434,81.84972705113661,Stable,0,2022-04-26
2022-04-26,27.984893550893663,81.0708137217322,Stable,0,2022-04-26
2022-04-26,28.83288836583265,81.81905413014145,Stable,0,2022-04-26
2022-04-26,29.723407031244633,82.30254945525972,Stable,0,2022-04-26
2022-04-26,29.951265695024503,84.02153182810818,Stable,0,2022-04-26
2022-04-26,27.7815062,85.3594518,Forest Fire,1,2022-04-26
2022-04-26,26.444970669138264,84.01260963003433,Stable,0,2022-04-26
2022-04-26,28.93058461253785,82.96347596121429,Stable,0,2022-04-26
2022-04-26,27.117417145017047,80.86135907266237,Stable,0,2022-04-26
2022-04-26,28.337755421325387,87.0354967664347,Stable,0,2022-04-26
2022-04-26,27.18392874694842,87.86395972938918,Stable,0,2022-04-26
2022-04-25,28.1486858,82.9840841,Forest Fire,1,2022-04-25
2022-04-25,28.2139612350698,86.58420932712879,Stable,0,2022-04-25
2022-04-25,28.731188328323903,85.55682086283602,Stable,0,2022-04-25
2022-04-25,29.74504076733423,87.46312351958015,Stable,0,2022-04-25
2022-04-25,26.381958948114985,85.4346664095127,Stable,0,2022-04-25
2022-04-25,29.134866442216307,81.55267493728302,Stable,0,2022-04-25
2022-04-25,27.5225725,86.6893182,Forest Fire,1,2022-04-25
2022-04-25,30.027174526661113,80.85073346239476,Stable,0,2022-04-25
2022-04-25,29.30337266322018,82.08590887893423,Stable,0,2022-04-25
2022-04-25,28.740804535347134,84.75007265240264,Stable,0,2022-04-25
2022-04-25,28.09367584914167,86.5182458521423,Stable,0,2022-04-25
2022-04-25,28.64136471801224,86.37322893895552,Stable,0,2022-04-25
2022-04-25,29.0239458,81.4788235,Forest Fire,1,2022-04-25
2022-04-25,27.197769783499623,82.92394221538392,Stable,0,2022-04-25
2022-04-25,29.14296914548921,86.36533589721662,Stable,0,2022-04-25
2022-04-25,27.45491938285251,83.65856160279199,Stable,0,2022-04-25
2022-04-25,27.092264091907087,86.72528080178873,Stable,0,2022-04-25
2022-04-25,26.718390135813134,83.70339591470409,Stable,0,2022-04-25
2022-04-25,27.7815062,85.3594518,Forest Fire,1,2022-04-25
2022-04-25,26.616038170952898,84.51839599015932,Stable,0,2022-04-25
2022-04-25,30.24921496756408,85.36587080271795,Stable,0,2022-04-25
2022-04-25,26.862825579228783,80.71766057492988,Stable,0,2022-04-25
2022-04-25,27.410579889424515,84.93865785076805,Stable,0,2022-04-25
2022-04-25,30.09196133555646,80.12540971187735,Stable,0,2022-04-25
2022-04-24,28.3361048,81.2689895,Forest Fire,1,2022-04-24
2022-04-24,27.47438336617451,80.93404531803309,Stable,0,2022-04-24
2022-04-24,26.70015214114067,81.84494069613132,Stable,0,2022-04-24
2022-04-24,27.1013406651359,84.50575012555959,Stable,0,2022-04-24
2022-04-24,29.19872481277172,81.20795340242495,Stable,0,2022-04-24
2022-04-24,28.522280594142263,85.0015668935713,Stable,0,2022-04-24
2022-04-24,28.0735265,82.9182622,Forest Fire,1,2022-04-24
2022-04-24,27.293406781915717,86.74704563503715,Stable,0,2022-04-24
2022-04-24,29.20272338147597,83.75674062392244,Stable,0,2022-04-24
2022-04-24,29.99298500722809,85.53420463059668,Stable,0,2022-04-24
2022-04-24,26.47797097785104,85.63090711991806,Stable,0,2022-04-24
2022-04-24,28.755551287041563,86.91311010285442,Stable,0,2022-04-24
2022-04-24,27.8268287,82.3555524,Forest Fire,1,2022-04-24
2022-04-24,28.790223891713328,84.39677214148725,Stable,0,2022-04-24
2022-04-24,30.262968363904633,84.02047100881582,Stable,0,2022-04-24
2022-04-24,27.57679678448623,88.017692970114,Stable,0,2022-04-24
2022-04-24,27.05048575010616,80.19108537262517,Stable,0,2022-04-24
2022-04-24,27.989610529949143,81.64803892052159,Stable,0,2022-04-24
2022-04-24,27.7815062,85.3594518,Forest Fire,1,2022-04-24
2022-04-24,27.371200769216216,81.86511114544824,Stable,0,2022-04-24
2022-04-24,26.71645456021822,80.2641251646534,Stable,0,2022-04-24
2022-04-24,28.91668924601762,88.030342663937,Stable,0,2022-04-24
2022-04-24,26.507399823542503,86.02429305384427,Stable,0,2022-04-24
2022-04-24,29.513760692976703,80.53325605392237,Stable,0,2022-04-24
2022-04-24,27.0972229,86.7939178,Forest Fire,1,2022-04-24
2022-04-24,30.2005315166284,87.08916131560328,Stable,0,2022-04-24
2022-04-24,28.02596289251759,81.70861091074201,Stable,0,2022-04-24
2022-04-24,27.169606785539717,82.71459201851422,Stable,0,2022-04-24
2022-04-24,29.708931012915553,87.9071577987592,Stable,0,2022-04-24
2022-04-24,27.22590771423948,80.7435565454312,Stable,0,2022-04-24
2022-04-24,27.4277211,86.713777,Forest Fire,1,2022-04-24
2022-04-24,28.57004379565727,80.11587119545729,Stable,0,2022-04-24
2022-04-24,28.496121307777607,86.5590659607848,Stable,0,2022-04-24
2022-04-24,28.16231288112282,86.78894016968098,Stable,0,2022-04-24
2022-04-24,26.813722756546365,85.04154021986054,Stable,0,2022-04-24
2022-04-24,27.230640219973896,81.9599523079492,Stable,0,2022-04-24
2022-04-23,28.032859,82.9021693,Forest Fire,1,2022-04-23
2022-04-23,27.300145980824837,81.22093265232014,Stable,0,2022-04-23
2022-04-23,27.775568895551967,82.28941228914017,Stable,0,2022-04-23
2022-04-23,27.353564947638276,88.19416544255071,Stable,0,2022-04-23
2022-04-23,28.32386890175507,82.58048494632038,Stable,0,2022-04-23
2022-04-23,26.968777961229037,84.87929357126751,Stable,0,2022-04-23
2022-04-23,28.2654122,81.5400016,Forest Fire,1,2022-04-23
2022-04-23,27.653489030336853,83.1752826579029,Stable,0,2022-04-23
2022-04-23,29.495799463017033,83.881687925571,Stable,0,2022-04-23
2022-04-23,29.614977644366796,82.152095952867,Stable,0,2022-04-23
2022-04-23,29.11942924246447,82.6610543585665,Stable,0,2022-04-23
2022-04-23,26.826136771467617,84.12505773109469,Stable,0,2022-04-23
2022-04-21,28.8776184,81.7394918,Forest Fire,1,2022-04-21
2022-04-21,29.14950788886138,84.66127008599723,Stable,0,2022-04-21
2022-04-21,26.368530948404334,84.264189891086,Stable,0,2022-04-21
2022-04-21,28.261510211775548,83.48963522541631,Stable,0,2022-04-21
2022-04-21,29.14199511351631,86.55366541713579,Stable,0,2022-04-21
2022-04-21,30.18749877913126,83.065606013465,Stable,0,2022-04-21
2022-04-19,28.2678013,83.2509541,Forest Fire,1,2022-04-19
2022-04-19,27.44756754847827,80.57571652509085,Stable,0,2022-04-19
2022-04-19,26.846917508035155,85.55325282376012,Stable,0,2022-04-19
2022-04-19,29.304903426430307,87.79496228469333,Stable,0,2022-04-19
2022-04-19,27.656897945233755,86.48694368385357,Stable,0,2022-04-19
2022-04-19,29.341201482757793,87.03239833127775,Stable,0,2022-04-19
2022-04-19,28.0471039,82.7718348,Forest Fire,1,2022-04-19
2022-04-19,28.07880417435464,87.5573093671047,Stable,0,2022-04-19
2022-04-19,28.460154998877552,86.11100907914059,Stable,0,2022-04-19
2022-04-19,27.907931866012746,83.28795158005529,Stable,0,2022-04-19
2022-04-19,28.384214037409187,86.82881519563243,Stable,0,2022-04-19
2022-04-19,27.33161232321073,80.84029989310037,Stable,0,2022-04-19
2022-04-19,28.1518335,81.4776062,Forest Fire,1,2022-04-19
2022-04-19,28.200518013040064,80.3011075060617,Stable,0,2022-04-19
2022-04-19,29.819395110691104,81.2173515255695,Stable,0,2022-04-19
2022-04-19,28.539060961082708,81.37411086652835,Stable,0,2022-04-19
2022-04-19,26.50943543109106,85.60870103618409,Stable,0,2022-04-19
2022-04-19,27.220071500882305,84.61222656452877,Stable,0,2022-04-19
2022-04-18,27.022131,87.4031366,Forest Fire,1,2022-04-18
2022-04-18,27.616624026649813,80.30862281769583,Stable,0,2022-04-18
2022-04-18,27.29377977544625,84.88527958426404,Stable,0,2022-04-18
2022-04-18,28.006888584205313,84.63520127529125,Stable,0,2022-04-18
2022-04-18,29.003513694260945,84.54863521941014,Stable,0,2022-04-18
2022-04-18,28.734112096354043,86.89002326256984,Stable,0,2022-04-18
2022-04-18,29.0998839,80.6732153,Forest Fire,1,2022-04-18
2022-04-18,26.90267048029856,80.93318806090451,Stable,0,2022-04-18
2022-04-18,28.71989514369326,84.42834191962119,Stable,0,2022-04-18
2022-04-18,28.90738439470774,83.85779228000501,Stable,0,2022-04-18
2022-04-18,28.457330703680157,80.21025408260759,Stable,0,2022-04-18
2022-04-18,26.472391614380395,82.4128987931398,Stable,0,2022-04-18
2022-04-18,27.1879842,87.0498443,Forest Fire,1,2022-04-18
2022-04-18,27.302508776628557,86.44131200272822,Stable,0,2022-04-18
2022-04-18,28.942506275796067,80.06936564360616,Stable,0,2022-04-18
2022-04-18,28.518668217601466,83.89224140358147,Stable,0,2022-04-18
2022-04-18,26.67797773780234,80.37969433629856,Stable,0,2022-04-18
2022-04-18,27.430702183311713,82.27230196212336,Stable,0,2022-04-18
2022-04-18,27.3331594,86.2908902,Forest Fire,1,2022-04-18
2022-04-18,27.75581094687074,84.38151596946697,Stable,0,2022-04-18
2022-04-18,28.912375968810963,82.21144789863362,Stable,0,2022-04-18
2022-04-18,26.97522466317576,84.01986353330285,Stable,0,2022-04-18
2022-04-18,27.320505389242076,81.65471764921313,Stable,0,2022-04-18
2022-04-18,29.180659849242232,81.47166278659576,Stable,0,2022-04-18
2022-04-17,27.0589568,87.4503131,Forest Fire,1,2022-04-17
2022-04-17,28.378236948523725,84.68735113063686,Stable,0,2022-04-17
2022-04-17,26.376184383429344,83.06454593334456,Stable,0,2022-04-17
2022-04-17,28.64247135596245,81.89987658649024,Stable,0,2022-04-17
2022-04-17,30.137228348113226,87.62193050674662,Stable,0,2022-04-17
2022-04-17,30.188553740922504,82.72667857867994,Stable,0,2022-04-17
2022-04-17,27.7352668,85.309135,Forest Fire,1,2022-04-17
2022-04-17,28.90926298198756,87.17053822100641,Stable,0,2022-04-17
2022-04-17,29.73762314972725,85.63576884429321,Stable,0,2022-04-17
2022-04-17,27.726512876627563,86.15424285595932,Stable,0,2022-04-17
2022-04-17,29.70946694235171,81.233805415403,Stable,0,2022-04-17
2022-04-17,27.33757344992332,83.190904877432,Stable,0,2022-04-17
2022-04-17,27.0815175,87.0299353,Forest Fire,1,2022-04-17
2022-04-17,26.6870988966231,82.54466988328494,Stable,0,2022-04-17
2022-04-17,29.38098729416307,88.00056171300051,Stable,0,2022-04-17
2022-04-17,26.87804710475761,87.52576164359489,Stable,0,2022-04-17
2022-04-17,30.210317426889667,85.9385752730341,Stable,0,2022-04-17
2022-04-17,28.656676500170875,83.11166273757071,Stable,0,2022-04-17
2022-04-17,27.2144488,85.0117808,Forest Fire,1,2022-04-17
2022-04-17,30.27679835541769,85.53282790530525,Stable,0,2022-04-17
2022-04-17,27.919933827774248,84.03917480755432,Stable,0,2022-04-17
2022-04-17,27.40444974408874,86.36593375648579,Stable,0,2022-04-17
2022-04-17,27.675420855866044,80.33337769597328,Stable,0,2022-04-17
2022-04-17,27.10137312043564,83.99497956014565,Stable,0,2022-04-17
2022-04-16,27.1490811,87.5944603,Forest Fire,1,2022-04-16
2022-04-16,26.770330312163537,86.0589817952948,Stable,0,2022-04-16
2022-04-16,28.193066074904433,86.24672347612655,Stable,0,2022-04-16
2022-04-16,30.265635992685777,83.76500829843822,Stable,0,2022-04-16
2022-04-16,29.188812430227287,84.14314875704525,Stable,0,2022-04-16
2022-04-16,28.080330806508183,80.42834278727757,Stable,0,2022-04-16
2022-04-15,28.266657,82.808739,Forest Fire,1,2022-04-15
2022-04-15,26.360319253792152,83.1778975609275,Stable,0,2022-04-15
2022-04-15,27.14297962277994,84.12524492443983,Stable,0,2022-04-15
2022-04-15,28.37149002869414,87.13668271240059,Stable,0,2022-04-15
2022-04-15,28.7647726719863,80.49021736590863,Stable,0,2022-04-15
2022-04-15,28.600718969278574,82.98747595123835,Stable,0,2022-04-15
2022-04-15,27.6675536,85.4034057,Forest Fire,1,2022-04-15
2022-04-15,27.513598629076384,84.24792468602443,Stable,0,2022-04-15
2022-04-15,26.370665316251237,88.09055506182084,Stable,0,2022-04-15
2022-04-15,29.12346150222036,88.11684832786169,Stable,0,2022-04-15
2022-04-15,26.483181123263893,81.11746587067974,Stable,0,2022-04-15
2022-04-15,30.048870806258105,86.57767138403783,Stable,0,2022-04-15
2022-04-15,27.0351548,86.8454052,Forest Fire,1,2022-04-15
2022-04-15,30.156013597014443,83.36218669003644,Stable,0,2022-04-15
2022-04-15,27.145928697613304,84.42099811530285,Stable,0,2022-04-15
2022-04-15,29.693529665062307,81.45253763086235,Stable,0,2022-04-15
2022-04-15,27.669491845946343,85.90690835931365,Stable,0,2022-04-15
2022-04-15,27.527709028700524,87.0828222919999,Stable,0,2022-04-15
2022-04-09,28.5282679,81.119298,Forest Fire,1,2022-04-09
2022-04-09,29.64704098261517,80.45588754585206,Stable,0,2022-04-09
2022-04-09,29.153472154915747,87.8266331430874,Stable,0,2022-04-09
2022-04-09,27.31918044120996,83.18354935500727,Stable,0,2022-04-09
2022-04-09,26.699904973241413,86.67628112028851,Stable,0,2022-04-09
2022-04-09,26.38039576975347,83.89329063061106,Stable,0,2022-04-09
2022-04-06,28.1275303,82.8494422,Forest Fire,1,2022-04-06
2022-04-06,29.216626197715517,86.55843268877042,Stable,0,2022-04-06
2022-04-06,28.761534438727924,86.22595467172944,Stable,0,2022-04-06
2022-04-06,29.05585923096856,87.8946933314835,Stable,0,2022-04-06
2022-04-06,26.3926465409184,88.18873757660457,Stable,0,2022-04-06
2022-04-06,30.40124653383056,85.80274396850871,Stable,0,2022-04-06
2022-04-05,27.6765635,85.3166069,Forest Fire,1,2022-04-05
2022-04-05,26.525702752136876,82.19615278216058,Stable,0,2022-04-05
2022-04-05,30.117665488096435,81.6368999782865,Stable,0,2022-04-05
2022-04-05,28.85030298823517,80.70060782048323,Stable,0,2022-04-05
2022-04-05,29.944018801537567,80.17124105654561,Stable,0,2022-04-05
2022-04-05,28.8340674559831,85.61405432513114,Stable,0,2022-04-05
2022-04-05,27.2119455,86.4655248,Forest Fire,1,2022-04-05
2022-04-05,28.35855730925936,88.15454100013027,Stable,0,2022-04-05
2022-04-05,28.91453349971595,81.71814741363609,Stable,0,2022-04-05
2022-04-05,27.788109520925907,84.3909856009915,Stable,0,2022-04-05
2022-04-05,28.092099491678443,81.18983671569252,Stable,0,2022-04-05
2022-04-05,28.039798725988035,85.71204005393014,Stable,0,2022-04-05
2022-04-04,28.1023045,81.6622794,Forest Fire,1,2022-04-04
2022-04-04,29.799481397880463,84.55014396342641,Stable,0,2022-04-04
2022-04-04,27.56688218455136,85.04747804599243,Stable,0,2022-04-04
2022-04-04,27.51343441063447,87.88210802085061,Stable,0,2022-04-04
2022-04-04,30.187534044791672,81.2190608243282,Stable,0,2022-04-04
2022-04-04,29.682112004509097,83.63552254577438,Stable,0,2022-04-04
2022-04-04,28.032859,82.9021693,Forest Fire,1,2022-04-04
2022-04-04,26.62861803576931,87.25149171363378,Stable,0,2022-04-04
2022-04-04,30.296716357592334,84.97611279504154,Stable,0,2022-04-04
2022-04-04,28.704419337705495,83.53804136505873,Stable,0,2022-04-04
2022-04-04,29.73558866073729,83.82252977224258,Stable,0,2022-04-04
2022-04-04,27.20965123166345,86.98386672058356,Stable,0,2022-04-04
2022-04-04,27.7352668,85.309135,Forest Fire,1,2022-04-04
2022-04-04,28.09475031426472,86.59034713794016,Stable,0,2022-04-04
2022-04-04,26.779555895978955,82.02779353959288,Stable,0,2022-04-04
2022-04-04,28.292263992164617,82.55440217655196,Stable,0,2022-04-04
2022-04-04,26.897548807644572,84.98137682855267,Stable,0,2022-04-04
2022-04-04,26.826914915215585,86.56880918690433,Stable,0,2022-04-04
2022-03-30,29.1865729,81.9839161,Forest Fire,1,2022-03-30
2022-03-30,28.036170743898396,84.64114662355816,Stable,0,2022-03-30
2022-03-30,29.339263773998425,85.70282518538795,Stable,0,2022-03-30
2022-03-30,29.695353618857173,83.98570829353075,Stable,0,2022-03-30
2022-03-30,26.439576773783543,82.9194289554102,Stable,0,2022-03-30
2022-03-30,27.444860911654192,86.48809728620387,Stable,0,2022-03-30
2022-03-28,26.962807,86.3705031,Forest Fire,1,2022-03-28
2022-03-28,29.14972883310468,82.73784236763284,Stable,0,2022-03-28
2022-03-28,29.65098125551996,81.13776866446022,Stable,0,2022-03-28
2022-03-28,30.252233859999293,87.40476402609173,Stable,0,2022-03-28
2022-03-28,26.90332687543623,82.7809251904076,Stable,0,2022-03-28
2022-03-28,30.280169865035113,80.75079913983578,Stable,0,2022-03-28
2022-03-27,27.1743038,87.0934775,Forest Fire,1,2022-03-27
2022-03-27,27.97253208717572,85.77455701207823,Stable,0,2022-03-27
2022-03-27,28.53228054286565,80.37533415127803,Stable,0,2022-03-27
2022-03-27,28.885851410521045,87.1109973671574,Stable,0,2022-03-27
2022-03-27,29.261774515284024,82.5409395847625,Stable,0,2022-03-27
2022-03-27,26.857912586347016,84.32186146393417,Stable,0,2022-03-27
2022-03-27,27.1200086,87.5364049,Forest Fire,1,2022-03-27
2022-03-27,29.536153563598408,85.01960920703176,Stable,0,2022-03-27
2022-03-27,28.745683897494196,84.20389226077094,Stable,0,2022-03-27
2022-03-27,29.516944219067668,81.0789095961449,Stable,0,2022-03-27
2022-03-27,30.354952038441393,81.04457897292832,Stable,0,2022-03-27
2022-03-27,26.579784224783253,85.45079606052255,Stable,0,2022-03-27
2022-03-26,27.1490811,87.5944603,Forest Fire,1,2022-03-26
2022-03-26,29.858267668685176,80.65009133932294,Stable,0,2022-03-26
2022-03-26,29.420698999293357,83.44102773110649,Stable,0,2022-03-26
2022-03-26,27.24723983857883,87.37654717681784,Stable,0,2022-03-26
2022-03-26,27.23397645775605,87.41126680179491,Stable,0,2022-03-26
2022-03-26,29.301692501068132,87.00309074655719,Stable,0,2022-03-26
2022-03-26,26.8304301,86.2524757,Forest Fire,1,2022-03-26
2022-03-26,26.692570193482005,87.05134651640748,Stable,0,2022-03-26
2022-03-26,29.67602096616839,84.43023773895601,Stable,0,2022-03-26
2022-03-26,29.644749106256203,83.0500449015906,Stable,0,2022-03-26
2022-03-26,27.543466461103847,83.95455602855048,Stable,0,2022-03-26
2022-03-26,27.278043938752468,80.5795837117287,Stable,0,2022-03-26
2022-03-25,27.3188786,86.6176882,Forest Fire,1,2022-03-25
2022-03-25,26.729874587066178,80.50643278590543,Stable,0,2022-03-25
2022-03-25,27.873851676357255,81.15737814625369,Stable,0,2022-03-25
2022-03-25,27.710440754043407,85.04118472638346,Stable,0,2022-03-25
2022-03-25,29.27984072227407,84.2293272970159,Stable,0,2022-03-25
2022-03-25,27.92166105181293,84.22596858460653,Stable,0,2022-03-25
2022-03-25,28.1319035,82.6947379,Forest Fire,1,2022-03-25
2022-03-25,29.637825342523932,82.27326582687023,Stable,0,2022-03-25
2022-03-25,27.938674221864215,80.51863509886917,Stable,0,2022-03-25
2022-03-25,27.742672893400204,81.2987964270106,Stable,0,2022-03-25
2022-03-25,30.305739291244773,84.62683331084703,Stable,0,2022-03-25
2022-03-25,28.32621455697946,86.45763636065706,Stable,0,2022-03-25
2022-03-20,27.975697,83.127113,Forest Fire,1,2022-03-20
2022-03-20,29.111812355014003,80.09274318536893,Stable,0,2022-03-20
2022-03-20,27.680846327780916,84.2037543125223,Stable,0,2022-03-20
2022-03-20,28.25607249115238,82.26061653648745,Stable,0,2022-03-20
2022-03-20,26.37780409050547,87.96331190161449,Stable,0,2022-03-20
2022-03-20,28.303072252472617,85.38638447034815,Stable,0,2022-03-20
2022-03-18,29.3031521,82.1501085,Forest Fire,1,2022-03-18
2022-03-18,27.546044160634573,85.89664522887783,Stable,0,2022-03-18
2022-03-18,26.84407951147779,83.61020758376691,Stable,0,2022-03-18
2022-03-18,26.739013427044227,80.77400630463251,Stable,0,2022-03-18
2022-03-18,29.34577702591741,85.16014835859028,Stable,0,2022-03-18
2022-03-18,26.952265583973254,81.15627651694712,Stable,0,2022-03-18
2022-03-18,27.1335945,87.3323685,Forest Fire,1,2022-03-18
2022-03-18,30.30871127055996,81.66000567064019,Stable,0,2022-03-18
2022-03-18,27.816140831630424,84.8915884504061,Stable,0,2022-03-18
2022-03-18,28.61266398387476,87.91301235567535,Stable,0,2022-03-18
2022-03-18,30.097136455004577,86.61883194500588,Stable,0,2022-03-18
2022-03-18,29.113935457702308,85.79541828226373,Stable,0,2022-03-18
2022-03-17,27.1200086,87.5364049,Forest Fire,1,2022-03-17
2022-03-17,26.826325108725225,82.92322030204448,Stable,0,2022-03-17
2022-03-17,28.077925710530582,82.01027497519115,Stable,0,2022-03-17
2022-03-17,26.82453135616072,82.4338817200506,Stable,0,2022-03-17
2022-03-17,28.64686119712388,84.59454135929559,Stable,0,2022-03-17
2022-03-17,28.389347805256815,84.36100956343799,Stable,0,2022-03-17
2022-03-16,26.6650146,87.7011507,Forest Fire,1,2022-03-16
2022-03-16,27.72917828436977,82.60937378582085,Stable,0,2022-03-16
2022-03-16,30.40913684893884,87.80663692923349,Stable,0,2022-03-16
2022-03-16,28.291035554611565,82.8494552108701,Stable,0,2022-03-16
2022-03-16,27.588236163985457,81.59721015711197,Stable,0,2022-03-16
2022-03-16,27.11261953030834,84.98979988279692,Stable,0,2022-03-16
2022-03-15,27.6889272,85.2422926,Forest Fire,1,2022-03-15
2022-03-15,29.10153874791079,86.8728236618325,Stable,0,2022-03-15
2022-03-15,26.696650860746388,81.16958189993484,Stable,0,2022-03-15
2022-03-15,29.28458453908679,88.04573783086566,Stable,0,2022-03-15
2022-03-15,28.16291083807318,81.28620802295544,Stable,0,2022-03-15
2022-03-15,29.553473107380416,86.85918204466547,Stable,0,2022-03-15
2022-03-14,27.7352668,85.309135,Forest Fire,1,2022-03-14
2022-03-14,28.244414689629508,82.75358640684753,Stable,0,2022-03-14
2022-03-14,27.03975914060627,85.97919544497019,Stable,0,2022-03-14
2022-03-14,27.231351908945555,87.9977379414372,Stable,0,2022-03-14
2022-03-14,28.8005357497704,81.06164583603541,Stable,0,2022-03-14
2022-03-14,28.309557734943212,85.1658036923431,Stable,0,2022-03-14
2022-03-13,28.433657,83.8022522,Forest Fire,1,2022-03-13
2022-03-13,28.105838385949543,80.98201578174702,Stable,0,2022-03-13
2022-03-13,30.00019881875682,85.88508139415775,Stable,0,2022-03-13
2022-03-13,29.423390627263174,80.3960299141471,Stable,0,2022-03-13
2022-03-13,28.63978573968449,81.90984881100462,Stable,0,2022-03-13
2022-03-13,26.943076635034025,87.18595959973143,Stable,0,2022-03-13
2022-03-12,27.3569583,86.4257935,Forest Fire,1,2022-03-12
2022-03-12,27.522905596798186,86.45712699509576,Stable,0,2022-03-12
2022-03-12,29.250485441456444,85.04400718421473,Stable,0,2022-03-12
2022-03-12,29.989165059973644,85.03842030099769,Stable,0,2022-03-12
2022-03-12,27.77850477642497,83.81326858893327,Stable,0,2022-03-12
2022-03-12,29.481910674844567,82.94428103190806,Stable,0,2022-03-12
2022-03-12,27.5880347,85.3278463,Forest Fire,1,2022-03-12
2022-03-12,29.418795493629883,86.28544140262991,Stable,0,2022-03-12
2022-03-12,29.05138038214925,82.3798854170661,Stable,0,2022-03-12
2022-03-12,26.749019193900352,87.17295615742646,Stable,0,2022-03-12
2022-03-12,27.41128334308974,85.72383340525471,Stable,0,2022-03-12
2022-03-12,27.747785501861745,83.47053436142691,Stable,0,2022-03-12
2022-03-09,28.07071,85.1825768,Forest Fire,1,2022-03-09
2022-03-09,28.074641976438684,84.41677890536369,Stable,0,2022-03-09
2022-03-09,28.27053077027413,84.2860114006088,Stable,0,2022-03-09
2022-03-09,27.227331567429538,84.30420837457106,Stable,0,2022-03-09
2022-03-09,29.86483427646503,80.0653574420695,Stable,0,2022-03-09
2022-03-09,29.73957415296341,84.15443930356172,Stable,0,2022-03-09
2022-01-31,27.7262537,86.7812043,Forest Fire,1,2022-01-31
2022-01-31,26.885718174411583,81.05235453041443,Stable,0,2022-01-31
2022-01-31,28.007761103387637,86.32314067295448,Stable,0,2022-01-31
2022-01-31,30.2586070053635,86.47163338366217,Stable,0,2022-01-31
2022-01-31,29.222192999669584,87.49404361610875,Stable,0,2022-01-31
2022-01-31,29.249647952891713,82.69656983418892,Stable,0,2022-01-31
2022-01-31,27.7262537,86.7812043,Forest Fire,1,2022-01-31
2022-01-31,27.07608654104143,81.1874454595811,Stable,0,2022-01-31
2022-01-31,28.672626704360933,87.38259069052326,Stable,0,2022-01-31
2022-01-31,29.95151455948838,83.2946862921207,Stable,0,2022-01-31
2022-01-31,28.339319169797687,87.4000488776088,Stable,0,2022-01-31
2022-01-31,27.284662403583013,85.00097542406795,Stable,0,2022-01-31
2021-12-23,27.6529554,86.8978779,Forest Fire,1,2021-12-23
2021-12-23,27.23562618894166,81.01641898310739,Stable,0,2021-12-23
2021-12-23,26.370610873375835,86.80012994117509,Stable,0,2021-12-23
2021-12-23,28.484527578439224,85.52606803816695,Stable,0,2021-12-23
2021-12-23,29.478547994641943,83.84674499859088,Stable,0,2021-12-23
2021-12-23,29.85076723009265,85.95320895067253,Stable,0,2021-12-23
2021-12-17,29.2749998,81.6445362,Forest Fire,1,2021-12-17
2021-12-17,29.120556756366415,81.19813655215782,Stable,0,2021-12-17
2021-12-17,26.53343413501047,87.87958445924521,Stable,0,2021-12-17
2021-12-17,30.333299136476672,83.64524561979805,Stable,0,2021-12-17
2021-12-17,27.40572865904557,84.15011287623503,Stable,0,2021-12-17
2021-12-17,29.135685102807297,86.30784771435168,Stable,0,2021-12-17
2021-05-22,27.317984,86.501404,Forest Fire,1,2021-05-22
2021-05-22,28.529966104659795,81.6357367928366,Stable,0,2021-05-22
2021-05-22,28.853605954304353,84.82172063762447,Stable,0,2021-05-22
2021-05-22,29.327292245043704,86.3755961662461,Stable,0,2021-05-22
2021-05-22,28.988145822933028,85.54721064547844,Stable,0,2021-05-22
2021-05-22,27.347309616451337,84.85680579147439,Stable,0,2021-05-22
2021-05-16,28.0668837,83.0726843,Forest Fire,1,2021-05-16
2021-05-16,29.25812232298347,82.76291330440536,Stable,0,2021-05-16
2021-05-16,27.083695618121055,83.27133374456326,Stable,0,2021-05-16
2021-05-16,28.880414473682087,83.00863646237707,Stable,0,2021-05-16
2021-05-16,30.20507928463451,80.81365582548297,Stable,0,2021-05-16
2021-05-16,29.101056398902628,84.11335303512473,Stable,0,2021-05-16
2021-05-16,27.2119455,86.4655248,Forest Fire,1,2021-05-16
2021-05-16,27.480902481678257,83.91520085131997,Stable,0,2021-05-16
2021-05-16,28.679842995412308,82.51845425832977,Stable,0,2021-05-16
2021-05-16,28.337137060846104,85.60365159387533,Stable,0,2021-05-16
2021-05-16,27.476707039718796,87.40538397401836,Stable,0,2021-05-16
2021-05-16,27.34641281023204,87.80146420110731,Stable,0,2021-05-16
2021-05-02,28.3881105,82.1664467,Forest Fire,1,2021-05-02
2021-05-02,29.786013389112263,83.4537993536271,Stable,0,2021-05-02
2021-05-02,27.44765328014034,80.2348572467104,Stable,0,2021-05-02
2021-05-02,30.095503448701763,82.79179177010191,Stable,0,2021-05-02
2021-05-02,29.04763477598686,87.52230822885772,Stable,0,2021-05-02
2021-05-02,26.3876648612602,82.39391324010288,Stable,0,2021-05-02
2021-05-01,28.2234031,83.9907404,Forest Fire,1,2021-05-01
2021-05-01,28.331095020865657,85.01720349314994,Stable,0,2021-05-01
2021-05-01,26.646125670098375,86.91065305438951,Stable,0,2021-05-01
2021-05-01,26.96454590708187,87.61901627065672,Stable,0,2021-05-01
2021-05-01,28.58833047149967,82.91915932421135,Stable,0,2021-05-01
2021-05-01,28.00239029771924,86.76642814086493,Stable,0,2021-05-01
2021-04-29,28.2234031,83.9907404,Forest Fire,1,2021-04-29
2021-04-29,27.574149953797544,87.03930513349621,Stable,0,2021-04-29
2021-04-29,28.993463812700192,82.36732669024681,Stable,0,2021-04-29
2021-04-29,28.559622939677983,82.4648569899147,Stable,0,2021-04-29
2021-04-29,29.748967824598044,81.17855401139597,Stable,0,2021-04-29
2021-04-29,26.98850847894025,85.42582135839297,Stable,0,2021-04-29
2021-04-29,28.2234031,83.9907404,Forest Fire,1,2021-04-29
2021-04-29,26.35593628716792,85.2682792284011,Stable,0,2021-04-29
2021-04-29,27.20537500510452,83.89432778171359,Stable,0,2021-04-29
2021-04-29,28.006559484111634,81.61370147315228,Stable,0,2021-04-29
2021-04-29,29.957934673915325,84.20995382611615,Stable,0,2021-04-29
2021-04-29,30.363510313287605,80.93446873009331,Stable,0,2021-04-29
2021-04-29,28.2234031,83.9907404,Forest Fire,1,2021-04-29
2021-04-29,28.72748657357896,84.12143420137315,Stable,0,2021-04-29
2021-04-29,26.83227043843484,86.13909013826425,Stable,0,2021-04-29
2021-04-29,29.83370739409269,81.17249583132062,Stable,0,2021-04-29
2021-04-29,28.14866060468704,81.30051929737164,Stable,0,2021-04-29
2021-04-29,28.577454281634058,82.97840945055587,Stable,0,2021-04-29
2021-04-28,27.2119455,86.4655248,Forest Fire,1,2021-04-28
2021-04-28,29.1548042278866,87.52573209991783,Stable,0,2021-04-28
2021-04-28,27.64139118275834,84.75689924798098,Stable,0,2021-04-28
2021-04-28,28.318061755786484,87.88515992433125,Stable,0,2021-04-28
2021-04-28,29.973815385354403,81.76438709172645,Stable,0,2021-04-28
2021-04-28,27.84291728388458,85.54926018639627,Stable,0,2021-04-28
2021-04-28,28.0735265,82.9182622,Forest Fire,1,2021-04-28
2021-04-28,26.40319343332496,84.22972749325139,Stable,0,2021-04-28
2021-04-28,28.386399193869572,83.77702634954572,Stable,0,2021-04-28
2021-04-28,26.495172168103956,84.86469472147162,Stable,0,2021-04-28
2021-04-28,30.112983878228075,87.52355795683815,Stable,0,2021-04-28
2021-04-28,27.221878520907975,85.97852596413226,Stable,0,2021-04-28
2021-04-28,27.7815062,85.3594518,Forest Fire,1,2021-04-28
2021-04-28,27.358325651698056,80.05989484876406,Stable,0,2021-04-28
2021-04-28,29.33369634558079,84.1506693434017,Stable,0,2021-04-28
2021-04-28,28.78196458370884,83.25011678327702,Stable,0,2021-04-28
2021-04-28,26.60537620733083,84.26504721708713,Stable,0,2021-04-28
2021-04-28,30.008154607846304,80.4574232870187,Stable,0,2021-04-28
2021-04-28,27.6468087,85.619863,Forest Fire,1,2021-04-28
2021-04-28,29.13669956171681,82.29481126331078,Stable,0,2021-04-28
2021-04-28,28.431333882044157,82.5797737597502,Stable,0,2021-04-28
2021-04-28,28.282104245633647,84.36646140373256,Stable,0,2021-04-28
2021-04-28,28.742455879951414,85.88390963197001,Stable,0,2021-04-28
2021-04-28,27.15233906363954,84.94968964749381,Stable,0,2021-04-28
2021-04-27,28.2234031,83.9907404,Forest Fire,1,2021-04-27
2021-04-27,29.576905935253865,87.4042189167565,Stable,0,2021-04-27
2021-04-27,28.20653712802715,84.35834310313234,Stable,0,2021-04-27
2021-04-27,26.786026350192905,82.73093372863677,Stable,0,2021-04-27
2021-04-27,27.894126361232505,84.93644960244255,Stable,0,2021-04-27
2021-04-27,28.454841457325383,87.82712113047694,Stable,0,2021-04-27
2021-04-27,28.4709269,81.6770364,Forest Fire,1,2021-04-27
2021-04-27,28.65617389642167,84.99942339251432,Stable,0,2021-04-27
2021-04-27,26.989610821809805,85.98262745090014,Stable,0,2021-04-27
2021-04-27,28.59699602602325,87.846468092509,Stable,0,2021-04-27
2021-04-27,28.63471118114304,86.06464955123712,Stable,0,2021-04-27
2021-04-27,28.761257139159557,85.12371203858132,Stable,0,2021-04-27
2021-04-27,28.81092,80.55275,Forest Fire,1,2021-04-27
2021-04-27,29.98843307967285,80.68243372400548,Stable,0,2021-04-27
2021-04-27,28.116715586923885,82.2782428087883,Stable,0,2021-04-27
2021-04-27,26.975061807217376,86.14639699888814,Stable,0,2021-04-27
2021-04-27,29.12465182135006,87.79057375618451,Stable,0,2021-04-27
2021-04-27,30.128191168067328,82.35400293857403,Stable,0,2021-04-27
2021-04-27,29.5439361,80.4171965,Forest Fire,1,2021-04-27
2021-04-27,26.856870552405297,86.84966163473425,Stable,0,2021-04-27
2021-04-27,28.30938533015695,85.840755288603,Stable,0,2021-04-27
2021-04-27,27.262767046668237,83.47583192831614,Stable,0,2021-04-27
2021-04-27,28.144834624596463,86.87692702186008,Stable,0,2021-04-27
2021-04-27,28.07666388797628,81.10604505212925,Stable,0,2021-04-27
2021-04-27,28.292775,82.4831073,Forest Fire,1,2021-04-27
2021-04-27,28.639905433954183,81.2717092752696,Stable,0,2021-04-27
2021-04-27,27.848884205797155,85.41052513179551,Stable,0,2021-04-27
2021-04-27,27.978594514892983,86.78852211585348,Stable,0,2021-04-27
2021-04-27,27.058938229678738,85.52782056355763,Stable,0,2021-04-27
2021-04-27,29.198388176263386,81.5479285088988,Stable,0,2021-04-27
2021-04-27,27.2847187,86.3797338,Forest Fire,1,2021-04-27
2021-04-27,28.25763561369023,86.75261704338206,Stable,0,2021-04-27
2021-04-27,28.79517067303663,84.88263920289225,Stable,0,2021-04-27
2021-04-27,29.84657721893809,82.69079035610683,Stable,0,2021-04-27
2021-04-27,28.948720273905018,86.57124316635998,Stable,0,2021-04-27
2021-04-27,28.392516928859287,84.36316770914993,Stable,0,2021-04-27
2021-04-26,28.2234031,83.9907404,Forest Fire,1,2021-04-26
2021-04-26,26.793486535746176,84.74425552703573,Stable,0,2021-04-26
2021-04-26,26.97885615201506,81.9614973669901,Stable,0,2021-04-26
2021-04-26,28.983263519075955,83.03340780984598,Stable,0,2021-04-26
2021-04-26,30.038438703240622,80.53471299635083,Stable,0,2021-04-26
2021-04-26,29.158962852652856,88.02291317596892,Stable,0,2021-04-26
2021-04-26,27.2119455,86.4655248,Forest Fire,1,2021-04-26
2021-04-26,30.175131379062453,83.4458103884654,Stable,0,2021-04-26
2021-04-26,29.75284501226191,88.05180819211215,Stable,0,2021-04-26
2021-04-26,26.612823237925653,86.04274112839272,Stable,0,2021-04-26
2021-04-26,29.972209176832894,84.0297986559516,Stable,0,2021-04-26
2021-04-26,27.291694498871447,84.59891289887969,Stable,0,2021-04-26
2021-04-26,28.6901724,80.9514169,Forest Fire,1,2021-04-26
2021-04-26,28.31754005386576,83.36550490433801,Stable,0,2021-04-26
2021-04-26,29.46163617140632,87.21860206730766,Stable,0,2021-04-26
2021-04-26,27.750903308581087,82.77689365484758,Stable,0,2021-04-26
2021-04-26,26.803948016645997,83.30538273302089,Stable,0,2021-04-26
2021-04-26,26.839857010074972,82.03220286612489,Stable,0,2021-04-26
2021-04-26,27.3569583,86.4257935,Forest Fire,1,2021-04-26
2021-04-26,29.330340721370284,82.01244149160063,Stable,0,2021-04-26
2021-04-26,29.42062199083191,84.4432570673216,Stable,0,2021-04-26
2021-04-26,28.745744861678737,86.8693741002654,Stable,0,2021-04-26
2021-04-26,28.235389480872183,82.52696912004149,Stable,0,2021-04-26
2021-04-26,28.181011254829016,80.85546463510441,Stable,0,2021-04-26
2021-04-26,27.3804184,85.8747424,Forest Fire,1,2021-04-26
2021-04-26,27.56299158263696,86.53413406295887,Stable,0,2021-04-26
2021-04-26,28.27982545253406,86.57246975189065,Stable,0,2021-04-26
2021-04-26,30.04815914691655,83.9686359201403,Stable,0,2021-04-26
2021-04-26,29.826389058738535,80.76767969159964,Stable,0,2021-04-26
2021-04-26,29.614791216204917,81.98146921937479,Stable,0,2021-04-26
2021-04-25,27.3188786,86.6176882,Forest Fire,1,2021-04-25
2021-04-25,29.257702341376863,85.0394487689027,Stable,0,2021-04-25
2021-04-25,26.35564452938708,87.12114321303123,Stable,0,2021-04-25
2021-04-25,27.714455075390433,86.64203840771819,Stable,0,2021-04-25
2021-04-25,26.572953605948275,81.61760098024021,Stable,0,2021-04-25
2021-04-25,28.77304650361906,81.12576439360656,Stable,0,2021-04-25
2021-04-25,28.2234031,83.9907404,Forest Fire,1,2021-04-25
2021-04-25,30.3397060754916,83.50292342384505,Stable,0,2021-04-25
2021-04-25,27.05529377400003,84.46639136134098,Stable,0,2021-04-25
2021-04-25,26.61471192097705,82.91235040025826,Stable,0,2021-04-25
2021-04-25,27.647786277196936,86.58273082097682,Stable,0,2021-04-25
2021-04-25,30.405645500431223,84.16369430443844,Stable,0,2021-04-25
2021-04-25,27.7306618,85.4662032,Forest Fire,1,2021-04-25
2021-04-25,28.980629675542144,85.03975127689021,Stable,0,2021-04-25
2021-04-25,30.385600228156868,80.37140892698997,Stable,0,2021-04-25
2021-04-25,28.4462134260324,86.10924512001415,Stable,0,2021-04-25
2021-04-25,27.93995036692754,80.15726414606537,Stable,0,2021-04-25
2021-04-25,29.93320905506275,84.73867193212939,Stable,0,2021-04-25
2021-04-24,27.4277211,86.713777,Forest Fire,1,2021-04-24
2021-04-24,29.636668029299457,86.85855458799477,Stable,0,2021-04-24
2021-04-24,27.93240898136564,80.62428917707084,Stable,0,2021-04-24
2021-04-24,26.583321731486404,86.20146846911071,Stable,0,2021-04-24
2021-04-24,28.69344102664557,84.60610053491583,Stable,0,2021-04-24
2021-04-24,28.154583298960844,82.49283181440819,Stable,0,2021-04-24
2021-04-24,28.2234031,83.9907404,Forest Fire,1,2021-04-24
2021-04-24,28.87531394559758,84.75851246062248,Stable,0,2021-04-24
2021-04-24,27.642416240016175,84.31745703621381,Stable,0,2021-04-24
2021-04-24,30.397457227626667,86.18938312853058,Stable,0,2021-04-24
2021-04-24,27.959418205713614,82.36451380895011,Stable,0,2021-04-24
2021-04-24,26.90330947370784,83.30493729658323,Stable,0,2021-04-24
2021-04-24,27.975697,83.127113,Forest Fire,1,2021-04-24
2021-04-24,26.46301360813846,83.50935341646536,Stable,0,2021-04-24
2021-04-24,27.79205738470569,82.60202346562778,Stable,0,2021-04-24
2021-04-24,30.287050401023528,84.66415013413584,Stable,0,2021-04-24
2021-04-24,30.005439372566364,87.84435867248322,Stable,0,2021-04-24
2021-04-24,27.426997880762688,82.72110923333022,Stable,0,2021-04-24
2021-04-23,27.3734482,86.2622963,Forest Fire,1,2021-04-23
2021-04-23,27.00592443199377,83.14442741789058,Stable,0,2021-04-23
2021-04-23,29.401552917564572,81.64078021988038,Stable,0,2021-04-23
2021-04-23,29.674075459857175,82.5969781486537,Stable,0,2021-04-23
2021-04-23,29.578103927226,80.85179195852652,Stable,0,2021-04-23
2021-04-23,28.172085398430283,80.27184634997423,Stable,0,2021-04-23
2021-04-23,28.2234031,83.9907404,Forest Fire,1,2021-04-23
2021-04-23,26.984603719874713,85.3612101358145,Stable,0,2021-04-23
2021-04-23,28.954233351256292,83.547497896805,Stable,0,2021-04-23
2021-04-23,28.25160716385046,88.08981029478002,Stable,0,2021-04-23
2021-04-23,28.152528975962166,83.20901804805656,Stable,0,2021-04-23
2021-04-23,28.29573336176525,86.75658742725257,Stable,0,2021-04-23
2021-04-23,28.7494895,80.8079806,Forest Fire,1,2021-04-23
2021-04-23,28.94340181099377,84.1295995479011,Stable,0,2021-04-23
2021-04-23,29.02127885359333,86.54134384985035,Stable,0,2021-04-23
2021-04-23,26.807551945455295,83.45701307462338,Stable,0,2021-04-23
2021-04-23,28.40175177918892,87.40066228626124,Stable,0,2021-04-23
2021-04-23,29.35978371085039,87.05805420624544,Stable,0,2021-04-23
2021-04-23,28.9517267,80.252113,Forest Fire,1,2021-04-23
2021-04-23,30.12937325848561,86.90275063942788,Stable,0,2021-04-23
2021-04-23,29.172127421441004,84.88556878815255,Stable,0,2021-04-23
2021-04-23,27.112957016683858,80.63191957304679,Stable,0,2021-04-23
2021-04-23,28.86619301298328,82.74206186354675,Stable,0,2021-04-23
2021-04-23,28.55040445933351,86.30759540498518,Stable,0,2021-04-23
2021-04-23,27.6109788,85.264281,Forest Fire,1,2021-04-23
2021-04-23,30.340334835769237,83.49077447065825,Stable,0,2021-04-23
2021-04-23,28.512656666496095,84.85443109157056,Stable,0,2021-04-23
2021-04-23,30.099726926203225,82.33256026395875,Stable,0,2021-04-23
2021-04-23,29.354959844359144,82.91396058312243,Stable,0,2021-04-23
2021-04-23,27.363745807159138,81.28729342747019,Stable,0,2021-04-23
2021-04-23,27.6675536,85.4034057,Forest Fire,1,2021-04-23
2021-04-23,29.335997294414245,84.44415306051484,Stable,0,2021-04-23
2021-04-23,26.50565069208375,84.33094367552867,Stable,0,2021-04-23
2021-04-23,30.18899747572025,86.87379398850857,Stable,0,2021-04-23
2021-04-23,30.38991597395544,85.51653762213981,Stable,0,2021-04-23
2021-04-23,30.05811665234057,85.91157552143243,Stable,0,2021-04-23
2021-04-23,28.7494895,80.8079806,Forest Fire,1,2021-04-23
2021-04-23,26.903914638370157,84.47794048137074,Stable,0,2021-04-23
2021-04-23,29.531566708684792,83.79936962330476,Stable,0,2021-04-23
2021-04-23,28.16588849060241,84.89094028329156,Stable,0,2021-04-23
2021-04-23,29.929959771417913,84.4262164188435,Stable,0,2021-04-23
2021-04-23,29.67250343092017,81.58581008976974,Stable,0,2021-04-23
2021-04-20,28.266657,82.808739,Forest Fire,1,2021-04-20
2021-04-20,28.204026544420515,84.09586669253395,Stable,0,2021-04-20
2021-04-20,29.603735664085633,82.24894131508154,Stable,0,2021-04-20
2021-04-20,27.105359862970843,85.21621319738225,Stable,0,2021-04-20
2021-04-20,27.469926700951586,87.05717660251065,Stable,0,2021-04-20
2021-04-20,28.2471093318579,82.57110937488838,Stable,0,2021-04-20
2021-04-20,28.3881105,82.1664467,Forest Fire,1,2021-04-20
2021-04-20,29.032196109057196,83.93470002195653,Stable,0,2021-04-20
2021-04-20,30.15132622381449,82.24999024542336,Stable,0,2021-04-20
2021-04-20,29.337732854823372,80.88920326077456,Stable,0,2021-04-20
2021-04-20,28.20552095226953,85.87990182685564,Stable,0,2021-04-20
2021-04-20,30.37076882871709,81.76948991417164,Stable,0,2021-04-20
2021-04-20,27.3586978,87.6727257,Forest Fire,1,2021-04-20
2021-04-20,29.247123639887693,80.87642482138219,Stable,0,2021-04-20
2021-04-20,28.82030536163495,87.74399978823402,Stable,0,2021-04-20
2021-04-20,26.51732676732412,86.1802428299005,Stable,0,2021-04-20
2021-04-20,28.16498789925699,87.36068875341888,Stable,0,2021-04-20
2021-04-20,27.785132450400916,82.28871405182787,Stable,0,2021-04-20
2021-04-19,28.703304,80.567017,Forest Fire,1,2021-04-19
2021-04-19,27.835262857390997,80.36001921530264,Stable,0,2021-04-19
2021-04-19,29.177819919820283,82.06155388533165,Stable,0,2021-04-19
2021-04-19,27.179459039302127,80.08964624427038,Stable,0,2021-04-19
2021-04-19,29.366983509114213,82.28313391656756,Stable,0,2021-04-19
2021-04-19,28.19712742378277,83.3543409271244,Stable,0,2021-04-19
2021-04-19,28.5989991,80.7899523,Forest Fire,1,2021-04-19
2021-04-19,29.269779170691912,86.03534796883459,Stable,0,2021-04-19
2021-04-19,30.31627979875853,80.99080764940939,Stable,0,2021-04-19
2021-04-19,27.85400826090324,87.29940051656513,Stable,0,2021-04-19
2021-04-19,28.641149216793103,87.64579894605441,Stable,0,2021-04-19
2021-04-19,28.46546868321431,83.66206212276603,Stable,0,2021-04-19
2021-04-19,28.9728958,80.1762435,Forest Fire,1,2021-04-19
2021-04-19,27.99855972384668,81.96435245072728,Stable,0,2021-04-19
2021-04-19,28.152672488950024,84.46604352227484,Stable,0,2021-04-19
2021-04-19,27.68946647022638,84.82239902567505,Stable,0,2021-04-19
2021-04-19,27.34061733690732,80.6645441546224,Stable,0,2021-04-19
2021-04-19,30.19096835460515,80.38720556610083,Stable,0,2021-04-19
2021-04-19,27.764635,85.3008613,Forest Fire,1,2021-04-19
2021-04-19,29.87374867040138,80.13750939202674,Stable,0,2021-04-19
2021-04-19,30.21993951651677,85.02728536469452,Stable,0,2021-04-19
2021-04-19,28.216478095744993,81.47843337817561,Stable,0,2021-04-19
2021-04-19,29.404088208988625,80.25710508248125,Stable,0,2021-04-19
2021-04-19,26.40825274427381,80.15532743166155,Stable,0,2021-04-19
2021-04-17,28.2654122,81.5400016,Forest Fire,1,2021-04-17
2021-04-17,26.738470267726317,81.08618654728345,Stable,0,2021-04-17
2021-04-17,27.53072798343483,86.71915178088153,Stable,0,2021-04-17
2021-04-17,27.3174196401801,80.63595830165414,Stable,0,2021-04-17
2021-04-17,29.476425970615892,87.18108704375597,Stable,0,2021-04-17
2021-04-17,28.910996046628355,87.62644912088443,Stable,0,2021-04-17
2021-04-17,28.703304,80.567017,Forest Fire,1,2021-04-17
2021-04-17,28.99520626741449,83.54009404883851,Stable,0,2021-04-17
2021-04-17,26.439267163231456,84.32573935749947,Stable,0,2021-04-17
2021-04-17,27.71450010201007,81.22916339895231,Stable,0,2021-04-17
2021-04-17,29.722417695685063,88.02759215756127,Stable,0,2021-04-17
2021-04-17,27.558430824297467,85.65442983362782,Stable,0,2021-04-17
2021-04-16,28.703304,80.567017,Forest Fire,1,2021-04-16
2021-04-16,28.51940221610078,86.10568485029748,Stable,0,2021-04-16
2021-04-16,29.42451124487307,86.23926859369458,Stable,0,2021-04-16
2021-04-16,27.511256434641325,87.01608853547411,Stable,0,2021-04-16
2021-04-16,30.083058165806673,82.013181732374,Stable,0,2021-04-16
2021-04-16,26.82006683164316,86.7854301858418,Stable,0,2021-04-16
2021-04-16,27.0534361,85.6299701,Forest Fire,1,2021-04-16
2021-04-16,29.51844065940522,82.50754376931881,Stable,0,2021-04-16
2021-04-16,28.5701422322404,87.17644376097837,Stable,0,2021-04-16
2021-04-16,27.8400174366212,87.55028142731405,Stable,0,2021-04-16
2021-04-16,26.426839123739125,82.76020027201601,Stable,0,2021-04-16
2021-04-16,30.013686912025,87.87818558358632,Stable,0,2021-04-16
2021-04-16,28.5203016,80.9645185,Forest Fire,1,2021-04-16
2021-04-16,29.81111611500723,85.82997390010851,Stable,0,2021-04-16
2021-04-16,28.788234822189327,87.42810460504404,Stable,0,2021-04-16
2021-04-16,29.801170634950456,85.31423789352381,Stable,0,2021-04-16
2021-04-16,29.147405932485434,84.46689759736341,Stable,0,2021-04-16
2021-04-16,26.776422187415506,85.35445094731197,Stable,0,2021-04-16
2021-04-15,27.6244468,83.4619733,Forest Fire,1,2021-04-15
2021-04-15,28.931790269286857,84.40337253628992,Stable,0,2021-04-15
2021-04-15,27.802054194472692,83.39736669522226,Stable,0,2021-04-15
2021-04-15,30.216713905620523,83.29086669078822,Stable,0,2021-04-15
2021-04-15,27.18831113994797,82.34679377864308,Stable,0,2021-04-15
2021-04-15,27.212240004242087,82.80115583055411,Stable,0,2021-04-15
2021-04-15,27.0972229,86.7939178,Forest Fire,1,2021-04-15
2021-04-15,28.269966299357783,81.37582152858437,Stable,0,2021-04-15
2021-04-15,27.947213394653485,81.14601224320798,Stable,0,2021-04-15
2021-04-15,28.729499176037063,86.6281895359318,Stable,0,2021-04-15
2021-04-15,26.70016673798437,87.80518175070675,Stable,0,2021-04-15
2021-04-15,28.33946942794127,84.16927775219638,Stable,0,2021-04-15
2021-04-15,27.6075661,83.0725234,Forest Fire,1,2021-04-15
2021-04-15,26.49069364912074,85.86887425631826,Stable,0,2021-04-15
2021-04-15,30.183750307551612,84.29184841895228,Stable,0,2021-04-15
2021-04-15,27.191437194389326,81.63308923928237,Stable,0,2021-04-15
2021-04-15,29.549602078829068,85.33098499296861,Stable,0,2021-04-15
2021-04-15,28.596787978642368,85.68340416034519,Stable,0,2021-04-15
2021-04-15,27.6109788,85.264281,Forest Fire,1,2021-04-15
2021-04-15,27.125600796590128,84.07170449018038,Stable,0,2021-04-15
2021-04-15,29.262075561800977,86.44376665317586,Stable,0,2021-04-15
2021-04-15,28.623684743386676,82.510776108172,Stable,0,2021-04-15
2021-04-15,30.078249900321698,83.03749278471624,Stable,0,2021-04-15
2021-04-15,28.52321475674222,82.75297412720602,Stable,0,2021-04-15
2021-04-14,28.2234031,83.9907404,Forest Fire,1,2021-04-14
2021-04-14,29.12855694171408,87.74579698285163,Stable,0,2021-04-14
2021-04-14,27.609989506693704,81.45063880272502,Stable,0,2021-04-14
2021-04-14,27.07708032917301,88.17123022895677,Stable,0,2021-04-14
2021-04-14,27.50492587975636,80.184239836353,Stable,0,2021-04-14
2021-04-14,29.006570153915224,88.14579681939674,Stable,0,2021-04-14
2021-04-14,27.3569583,86.4257935,Forest Fire,1,2021-04-14
2021-04-14,27.96711103264276,83.61221918588811,Stable,0,2021-04-14
2021-04-14,29.764233940747005,88.066422549207,Stable,0,2021-04-14
2021-04-14,27.701991998653337,86.5507634573403,Stable,0,2021-04-14
2021-04-14,29.758018457394822,83.44895034624884,Stable,0,2021-04-14
2021-04-14,28.47313283921058,84.73901623283962,Stable,0,2021-04-14
2021-04-14,28.2234031,83.9907404,Forest Fire,1,2021-04-14
2021-04-14,29.341820128599647,86.82891951214366,Stable,0,2021-04-14
2021-04-14,28.29600572440868,88.05417412376553,Stable,0,2021-04-14
2021-04-14,30.044928411124012,82.08317964087914,Stable,0,2021-04-14
2021-04-14,28.418780192879545,83.09440945992723,Stable,0,2021-04-14
2021-04-14,27.04588890746008,87.17037257742578,Stable,0,2021-04-14
2021-04-14,27.7164593,85.4279875,Forest Fire,1,2021-04-14
2021-04-14,28.58343908217057,87.98536407285242,Stable,0,2021-04-14
2021-04-14,29.622429498230773,87.03766698683232,Stable,0,2021-04-14
2021-04-14,27.752194191345406,84.74887160470907,Stable,0,2021-04-14
2021-04-14,27.41230160454489,84.0906848433708,Stable,0,2021-04-14
2021-04-14,27.18632952919864,87.12055421112049,Stable,0,2021-04-14
2021-04-14,28.2234031,83.9907404,Forest Fire,1,2021-04-14
2021-04-14,29.1745914057423,83.31769153101816,Stable,0,2021-04-14
2021-04-14,27.56271907981849,82.20661746918552,Stable,0,2021-04-14
2021-04-14,27.388920997449716,84.0177191427058,Stable,0,2021-04-14
2021-04-14,26.820481419049827,87.2933436846084,Stable,0,2021-04-14
2021-04-14,28.88985546738529,87.70344886587151,Stable,0,2021-04-14
2021-04-14,28.2234031,83.9907404,Forest Fire,1,2021-04-14
2021-04-14,29.81961892341235,83.99068445844564,Stable,0,2021-04-14
2021-04-14,29.414438407526713,88.09958501541706,Stable,0,2021-04-14
2021-04-14,29.58648284490505,80.2681422093076,Stable,0,2021-04-14
2021-04-14,29.076570049622624,87.05351604982432,Stable,0,2021-04-14
2021-04-14,27.855262341339035,82.86377090606516,Stable,0,2021-04-14
2021-04-14,27.1200086,87.5364049,Forest Fire,1,2021-04-14
2021-04-14,26.58524446335876,86.22980894837384,Stable,0,2021-04-14
2021-04-14,27.00528360261699,82.24618279147622,Stable,0,2021-04-14
2021-04-14,27.298255650703084,88.1127490782984,Stable,0,2021-04-14
2021-04-14,28.088818889406703,86.70940102453014,Stable,0,2021-04-14
2021-04-14,29.61242004233364,85.70112217467842,Stable,0,2021-04-14
2021-04-14,28.2234031,83.9907404,Forest Fire,1,2021-04-14
2021-04-14,30.338026707421136,81.23716910795433,Stable,0,2021-04-14
2021-04-14,26.84897094814713,85.8321099537339,Stable,0,2021-04-14
2021-04-14,29.107873489231512,83.27709523534942,Stable,0,2021-04-14
2021-04-14,30.144171978646387,84.97948172397392,Stable,0,2021-04-14
2021-04-14,29.650763617527545,84.30841850632379,Stable,0,2021-04-14
2021-04-14,28.2234031,83.9907404,Forest Fire,1,2021-04-14
2021-04-14,28.255630827456542,83.03452771897327,Stable,0,2021-04-14
2021-04-14,26.369867214741127,82.51393873109733,Stable,0,2021-04-14
2021-04-14,27.612264675995007,84.51555411757784,Stable,0,2021-04-14
2021-04-14,29.44739578955892,84.70949803996078,Stable,0,2021-04-14
2021-04-14,29.20379605739864,87.81400374836993,Stable,0,2021-04-14
2021-04-14,27.3586978,87.6727257,Forest Fire,1,2021-04-14
2021-04-14,29.270506387018685,86.59345122141598,Stable,0,2021-04-14
2021-04-14,28.113998492144766,83.26856419009911,Stable,0,2021-04-14
2021-04-14,26.39245099944341,83.38581218462014,Stable,0,2021-04-14
2021-04-14,30.1411769139023,84.35001860225391,Stable,0,2021-04-14
2021-04-14,28.065449337228337,84.41969923493498,Stable,0,2021-04-14
